x1,x2,y
-4.4359429375528832,0.49468366284761522,209.37425101993097
-3.1437223425886498,-0.30612560308543291,103.02800456896007
2.9095770236374854,-1.5616480380975872,19.505335968520214
-2.010056677242031,-2.2738189170364054,100.00145373334536
-3.3702686967205882,-0.34567924735686617,105.0785487994892
1.8161453242631094,-1.1430899740956484,93.261506357078844
1.6590891347918451,2.1230787084689311,38.202230982099373
-1.7491166438602326,-4.9065087495592996,399.89475261109152
2.2463316272358664,3.401992985414763,53.023581272982909
1.1535564428465825,-3.426466467932757,206.24123099832119
4.6567998320467883,4.3733553135569174,508.44801240715185
3.4945251317654726,-4.1514705868501647,197.13405974012397
-2.3822219771926672,2.7701278972754082,9.446825528044057
4.8362368936513089,2.4646377515507334,235.92950628210343
-2.8146520346959547,-2.0086445989422401,59.27963387210184
-0.78179332735771911,1.498607844538121,109.68244231633342
0.60758778748911535,0.039578948340702524,153.017657830556
4.118546564326417,-1.4213345331485492,21.363281426943036
-1.6010344796733751,4.2673997145412343,109.72864740106847
-4.7155596997709246,-4.8091686695141869,171.5567814629957
-4.0819207453805149,2.5532401905449129,88.311358104786649
5.8169529686402655e-05,0.45391530215912557,157.37701667290943
-0.73581624543262514,-1.0982069295909085,176.19693265780262
-3.6190163985760617,-0.18724831386157259,115.66831204070584
0.49706233848487802,1.1853754496905475,117.52587787328764
2.6548196723746029,1.8005754767720026,5.8451849498198518
4.0886101708742633,1.0402701108703551,49.003167592338265
-1.913892347426688,-3.5236223796431112,130.21762818261908
0.41868943858826135,-3.5696525164356023,245.15661829016341
-1.2467473445347133,2.9471822593579047,42.422547192261021
0.55897473189133962,3.2284166878582479,71.492157826066176
0.73805332604299778,0.78957375959114984,125.21873194796723
0.90901671013861129,-1.7891348922566417,151.46112864734437
-2.6031713588974097,1.6241578163265427,55.27173768519387
1.5983167091248678,-1.0307507889718464,108.62609475063267
0.24942341417178149,-4.4660857883226095,411.39647415787607
-3.971227851840041,-4.545208045022842,93.902129367726985
-1.5952153994776301,4.0093817817084556,75.71538659447674
-2.933364050046082,1.6690980751979403,51.613887067467303
-2.8609658499877528,2.1056251312885621,29.958713785184578
0.060243331665282618,-3.2097853570315023,213.12440716035601
1.5924306082562856,3.8552295686507314,110.64357539218123
-0.21782179824536652,-2.2896688429445766,179.25802361797975
-0.59445110641318166,0.064872896806141611,169.58532150287584
2.7051592138190319,2.9060877077480693,17.828907808966573
-3.2225526830384363,0.70303214101157341,94.647514076081762
2.5577618935554769,-0.31789984508504698,41.653650351875349
2.4996087473692388,-1.9306170310371766,45.254481516452699
4.8736151417841498,1.0327407026132693,191.14575284606505
1.7047601438123561,-4.5429762233588455,395.10764478804026
-3.6926736288368973,0.22397661410011338,121.44152142199546
2.4679269758572699,1.7500487208461539,12.140242607498788
3.1569456419247448,0.074040103107385846,15.647898100432617
-3.7687058713159711,-4.4087604159885965,76.595753784422044
-1.615288355506006,3.8145437680162058,56.172155083095063
4.4894609887728567,-2.7630392538658461,67.114292808291111
0.51327972459904281,1.8943770361748058,86.582643394422632
3.7358715616669933,-1.5120807331239403,3.043005864095369
4.7706894731988463,-4.6030769548716179,410.65802023748745
4.2651793209762019,3.9930974294604269,299.60518496214127
4.0474550251235719,4.0245940652584427,263.90703940454227
4.5136921164875616,-4.9131781097908602,488.74662310752296
4.483092809093435,-1.3729423767412712,60.077730486461512
-0.79334985766186605,2.7577353257386372,57.99108415186695
-0.26245277288387303,-2.7229433963403542,186.45650167911694
3.1695354067702279,2.782774003721765,18.658686505649612
1.9015000752367994,4.3478352708911157,199.80286605299909
-1.4373287879617487,-0.47562285968855633,155.96497505848785
-0.89426428805989921,-3.7513687757013248,232.82272549063853
-2.4007884618633266,-1.7652034739900619,88.519135957572288
-3.5045441033486258,0.46525342088596933,108.89695746133683
1.0600828533701456,0.54109929136151003,119.03462234231952
4.4216561689760052,-2.0646143665072665,44.910588267366208
3.2084898329681302,-0.0055863392130479639,14.881088743730436
-0.99405500522581214,-2.6955801589002486,162.00874154847352
-1.0760353566979735,-0.76078252132635349,168.63082102307408
4.6635947599925238,-0.87629916752359271,99.932721857767177
0.57881616570067873,-2.6777251602009806,178.5886066512268
3.6709359154699737,-1.8540518380238047,0.39829421913958812
0.5453422781749282,-1.8345196663440473,166.72254235077298
-4.632111601788818,4.0415026493135429,232.29620389310966
2.2218605154574123,-3.0489993013781689,103.44930053306007
3.2235817588509406,-2.1696075981450695,8.5843458696214583
2.2436168846886515,-2.4142926777082119,71.38247475434116
4.7502403781094777,-2.3863693227000442,96.111307135878505
0.60078450278054518,2.4224350346136561,67.794879135567257
-1.8799304506250754,-0.16689813324617742,136.61825964713594
4.4663759085201598,2.2111647403812951,130.08739525543015
-1.0154513843588231,4.8558339474223207,268.3709042061397
2.2012744802046713,4.1294670233175541,154.25525320992008
-1.5036679942548798,-3.3568553428173469,153.95346786613493
2.3481489348905935,3.8995055283312077,113.91067445386948
-2.1870861113947564,-3.6361038549759677,113.35133239366185
-3.2060882971149596,4.4252783646026206,101.64982903031681
1.8538173059380094,4.8280290831346857,337.40139151092791
4.3617493964246652,-1.2884413545259683,46.336122019945883
-3.1558180719596054,0.57206627830780921,96.820280008700109
-2.2932077988889104,1.6999467859329851,57.335098452563606
3.8057756088108192,4.4924365947160005,352.20645532309481
-0.49566805321083773,0.070045195589219844,170.26509358716612
4.9203276777131109,-3.3831083267748343,184.27768534128535
0.91669175415156445,-0.75837933321033901,149.54386332883249
-0.64354273127775485,-1.5254730335915969,174.94911613065054
-2.1212647839238241,1.9829605759716431,47.332867041406232
1.1524848322715009,-1.102053455083587,137.5400869311247
3.2322144159414599,4.2463879156319813,217.10506774210805
-1.2235687265673172,-2.2285463073397622,148.23537980822135
-0.38460052963586033,-3.7668047437427017,260.00923735232954
-2.5270231474542402,-0.48489637437528454,112.33969543339637
-1.1861158140575605,4.1470145270597705,110.86934685671505
-2.3597532385545925,-3.1463822470698868,73.872738470303247
-2.802793959524565,4.7459735974039052,164.40104618181181
3.0616087975996642,3.6985985759212756,99.185139882953337
3.1963907694156504,4.167941581594782,195.55133889101225
-0.30206135545546875,-2.7141996956150285,185.58920337574722
-4.3657453596270406,-0.50352493394601705,180.57744010979602
0.99106196776865829,-2.6908174767242055,163.02560263655101
4.3041258923917542,-4.2283379218693691,241.39377708887542
-3.7950277134499029,-0.25819019195628101,124.98284705156723
-2.3755979135857057,-4.6197294860283691,242.71824234167809
-1.6478767389795443,-1.7829380425062702,131.26340999959211
3.6961809618918426,1.1678851740434553,18.429203390084634
4.1448877790039358,-0.98510865475003939,30.53987293342157
1.4131327692882145,2.1715818199587709,47.427850982315704
-1.1579477534797942,-0.65860252811045417,166.11927999986514
1.327539720104145,0.40398074247509719,108.38544967453984
-3.9015540968002718,-0.63583966574491591,123.05394781996547
2.1769064440417507,-4.574104091982317,376.58975560882345
1.0069318328874814,4.3565995311818,200.35048946249321
-2.0353333265090132,3.1458836897697608,14.517241840901542
2.3373164237252633,-0.66133453849070634,56.272086042556332
1.8328185155349068,2.4326125945295187,27.688103074018247
0.40899209478630993,1.7373727149920137,95.488511978813719
1.5270246572855513,-4.5593791534549801,409.51682570879507
3.3254623704627662,4.0111098402955925,170.68228130449253
-0.87017958660612926,-4.6276170887210055,404.58675578943962
1.5715055701258605,-4.2569225150162975,324.62443623577917
-3.7170286238686705,-2.5856885190145267,16.304106689798392
1.2882194237770106,0.38110977034285032,111.25682907248752
-0.49924351379617526,-0.68969935562649365,180.21438814589769
-1.1349805170747853,-4.8199329546922023,439.08438160315438
3.013172342814542,-2.1351910903134441,16.778430438029801
-3.4042080323384885,-0.96665498286996687,89.819751355346497
0.36343856592839341,0.094541901455238886,159.99090220391236
-1.1524400331871605,1.7830297797278396,86.967153095116998
-2.1619781553497481,2.8753030832466138,12.706604821340324
-4.587674354865805,-2.4712477889003481,87.425396398411493
1.6996312000035569,-0.39404800343100987,98.812160755333764
-0.77126256938520221,3.769770787097027,85.500741767550949
-4.7821494120170875,4.703791464956053,381.64394924044569
-1.6899619652794504,-1.8719092876670178,127.21275207467849
4.0634609767514291,4.0467994676497234,272.00006181565186
4.645692187238712,0.98720553810897282,135.76072901633938
0.10444483723206144,0.2790601035695115,161.18553676882772
0.18092745475253391,0.30960869443273165,158.78726334426543
-1.4469035149911007,3.9361683098214826,74.357309210005923
-3.8629045286800183,4.0743042135175731,96.855129301496561
-2.0276949475716388,1.5965730262847568,69.976895362723113
3.2819279243410389,4.8991400322351772,433.23109534600621
-1.6428192051578305,-3.6192601218670974,161.95399758467687
-3.7970631164009276,-0.4255872321667038,121.65082173272152
-2.772225160477388,-0.83271754519563679,99.626363719493128
-3.5066861994741538,-0.95901914444050629,92.024093042153766
4.4924650773817145,2.8939962769565852,180.26520535782907
-2.4616571299554368,3.4516903287386391,8.2305929251142427
0.71266210443595046,-1.9070563258050628,160.76440592130953
0.047158742912836615,1.0338157418639291,133.90274093876531
3.9698774391606566,-2.942220660839769,34.962006660066649
0.83173639346575357,2.1170003061880491,69.940520675368333
1.7320485491741167,-4.2919603351854425,324.09315543035672
0.1573052118224405,3.4402233697851656,81.701180309323803
-2.7038382134407408,3.8578163767737479,26.849509876731997
-3.0456436563246925,3.0046679575864879,2.6755087668523991
4.982527112792388,-2.3406636567120156,143.88335851402337
-4.2223604861092969,-4.8024786361846132,144.32378059942636
2.6768921168615156,1.4521313257035464,10.578149674185738
2.5144365121944992,-2.6719463606516776,61.058267817212801
-1.7400069235443327,3.7462095913548339,45.887758188382023
4.1036049303578732,-0.35106735796945721,37.814041904248612
-3.8452838675710463,-2.4077332814835644,27.383549763784167
-3.3892856905806599,-3.2133772886114569,7.4357603891311577
-2.2533973989869676,4.228285898919129,77.260043740692041
2.1540490642360623,-4.0966911856941426,251.83415322836009
-2.9744118781660118,2.2220983937596852,25.373044286375652
3.6874372987316271,-0.81020102107617298,10.248407105012921
-4.0400247051730336,-4.3702090172707528,65.84820500591006
-4.2878355978364695,2.3348746256535522,128.54753075525642
4.148285356684827,1.9995469491426618,68.682683222271564
-1.2311156441763145,0.37290907751342228,148.49977895750123
1.4857294946540591,-3.5450039103493518,201.95840144020229
1.786294490305135,2.3390638380433391,29.988177959408109
2.9451451805135136,1.4628243822587663,4.4125027365032521
-0.52052559394685183,-2.8989053270806333,186.50116347256218
-0.25048727381265579,-0.66640462842137715,180.97191692770247
-1.1887374859669038,0.35736081779545792,150.16466885047356
-0.73092796053184728,4.3715638822640894,166.63530578910809
-0.44858656710213918,-3.3665290010885194,215.74838686268387
-0.77467832139305237,-0.62003997591780813,176.05397395290521
-4.7334334858641336,3.7527618225711699,235.29114719758809
0.14069379124621051,-1.3021849019723346,177.52008664822512
1.3464434589531766,3.3526493746526871,65.251928833717955
1.5900333875708217,-0.41325331899302675,106.39315688983544
-4.2938635143858885,0.32427166808041186,185.42869685184331
2.5598987787068026,-4.5363363113198911,341.14184337417942
-4.7187191727694664,1.4809418145816462,253.22817650761374
0.31512940936625267,-0.60196296047399578,172.28525230312152
3.5376513064936326,0.30706445971837137,14.663663141318832
4.4096552285511486,-3.364283917552112,101.99333548361275
0.51168973951934227,-2.6791340300936834,180.49948409446785
-1.0988171074520632,4.2253057948779311,126.14293787265728
4.2961974016904989,1.5571663626973011,81.338683031962333
-2.6550096665710528,1.1543023717787264,77.086689891568284
3.4242104219178753,3.4046113912304996,81.305152030045761
-1.9761480476573419,2.3857354835970686,32.963031892781856
3.6787290102620887,0.9201286689499959,18.048237639221462
3.7881665142440486,-4.8540207769449282,416.3711080100332
1.8754259439391427,4.1144754846316793,150.68777064702272
3.4000607053990297,-2.4515366901110052,9.3848971039545592
-1.2834035328863287,-1.3579444427830731,156.18741012233892
-1.1647968674749687,-0.68432128506001,165.89482409096144
1.8579798738837319,-1.1788363723223578,90.236358597891382
0.52894821822393912,3.9524702066446498,129.54258587982457
2.9638673792469596,1.3497476463677458,5.6526961971909762
-4.6563690946194596,4.602829987384867,324.43379468300657
3.3433570299166782,-2.7401442339165643,21.400355864808571
0.13196998329241971,2.8191133787705533,67.807291418856948
3.6493805196261526,-3.4647916237588614,76.209692621354193
-4.0189896004292081,-2.753147936076616,17.583685292698043
-2.5235950340734945,-3.9836389831522814,114.48905122143313
-4.5277478297014406,-4.0235410584134916,51.723261533233057
-4.3131287278832486,2.8833945554940357,118.96112459708669
-2.1689681926648396,-2.4548201093173132,86.446807135478991
4.8449525703970746,-0.27243038791668717,153.19754561133243
-3.2878070730953382,4.5793072812237146,133.37359306546963
1.1279340044905819,-1.1817356490539801,139.04790046659616
-2.729666730871358,3.4893728309597485,5.9867358759084581
0.24460892104648835,-3.8777279784038439,288.15130368569226
-0.70860976664701347,-3.3105739201617426,201.24407032132163
-3.6521494990784031,-0.49009944641854464,111.82420584728052
4.6558575745093655,-2.9406054634145642,99.579988089168552
-3.4411950098919384,3.8105666909693596,38.28479506472847
-3.6782244250618299,-2.5847543528279906,15.981233654590902
-3.7454665986756606,-3.8236984895356958,15.649511241744621
4.8049564184667588,1.0376043710298832,173.52201707291096
-3.561380167320229,-3.3250019599703418,2.939053618968837
4.7976888661968164,-4.3196361161081702,330.09305145924696
-0.7603396083984908,-2.4736579396905034,168.98904320039284
-3.7301972966906254,1.2275687110971747,102.22442475299921
4.1542107101746844,-4.5054169981356713,307.67664385215272
-2.4342231696146182,0.28233793194113055,110.47219753037575
-0.39758228718567157,-3.1520067952091066,202.26945399097639
-0.89759523310333478,3.7359705453560981,78.432467701040082
1.1163842601911913,-1.1562305723785773,139.69918829699856
-1.1721620187164716,2.7715576792623517,47.224593662222048
0.25156499899432827,4.1804711550770026,160.73475747942928
-3.0486177959260004,-1.3863190342418061,75.605860860764167
-2.7156341770825292,3.8889779214359166,29.321545237875437
-2.4566585520250954,-0.71602481896381853,112.26664325920764
-3.3542300232361209,3.0864517793623829,11.82330280920932
3.6620047594664342,-0.1880365490499436,15.845775316236484
-1.6123316477153922,2.1910224053107434,53.085661290546533
2.6839468472459185,-0.20188539760323554,34.264671680905565
3.7501537424027944,4.9510998535213879,516.37454703124945
1.5132160514203044,-0.71974526024799079,113.61192086910077
4.8321655535296983,3.2938531352255538,320.09540176152774
0.47582047042785014,-0.62283724914241478,167.53226971941558
1.6658902386799941,0.59948234001352496,82.893562931777907
-2.6874870862579798,-2.2729335221518432,57.048489599869683
-2.1148555778671962,4.4707898377328092,122.4540256351044
1.2868203844827706,2.5664067510234769,46.699624937172892
-1.5434677476188137,-2.7682424397958556,130.41478255687775
1.2761665396395756,0.30568113717628798,113.88855943420475
4.3590782055729065,-0.90064356435941129,53.771086529673248
-1.6289588441707759,0.48618641546466179,132.21984706412874
0.6379751154361637,3.1795015106381097,69.001323351190905
-3.9806754212829722,-3.6923829134371262,8.3688122151756801
1.034326748244192,1.4704588602523527,86.032715801915685
3.4768529404170128,2.458821792942576,18.947338204440726
-3.6369803263491272,4.9784217836020179,252.08462696446048
0.84239530282122832,2.762306929959979,58.840683923151971
-3.6304919481358704,-1.3140583731701638,80.027303420298352
2.0575674029191484,-2.416081366598879,85.119319577034688
-0.28972962374936362,2.5849739534545799,69.776165980726418
4.0742766507720205,-1.0477325885020865,24.062192548768664
1.3032652758985872,2.1635854467622391,51.981328613440049
1.8355538739931934,1.2230713515509892,54.516447598670588
-2.3233731682650167,-3.0004361330710507,74.10371012888784
2.0617496785159242,4.5284708255621382,247.31904765158561
-0.62159239979110037,2.8247836087043687,60.794045348844413
-0.27924925566551639,-0.98308362710389474,181.58288016655339
0.94826091918101429,-2.8572099434405573,172.37021562350415
-3.4961598301143693,-3.0936118976098954,4.3556564716495618
-3.3401630213031299,0.55528200317116028,101.14441391257151
2.1265676857753757,-0.99374244892846342,70.922882871461042
-4.0175586155470526,-4.3283897702871714,60.218226697240461
-2.8792310308417446,0.74022553995695883,90.953231452316402
1.6382830453798043,2.8283143942417528,37.072180932827791
-2.2341159835591178,1.7892610675621947,54.196878908907991
1.4171038632857833,2.8432996881751125,44.06154773810357
-4.2598146596983106,3.9319082036669268,140.36124869241212
-0.75679918380949829,4.4037928049213519,171.69236745491426
-3.9662049281594038,-3.2219152996588769,2.6194485994874026
-0.21070297396759763,1.9867269861696197,91.091967534738274
4.9378522427532303,-2.9524006626208426,153.06723042903201
0.92031633950813063,-4.1421610916496796,327.0701223733663
2.5309516976145314,-0.75034501083183258,43.822129537577197
0.55133029249879062,2.2946524735402694,71.983283085847972
1.5172439617435423,-4.5854022134944366,418.03774018981738
-3.7189283325734737,-4.4365529902851124,82.934262192792318
-1.6863554239682212,1.4838887649063937,86.567635750410091
-1.1357858147647311,1.7652354052537769,88.316821886199449
2.5999587823738484,-0.048222469133232693,37.730594534963302
1.0454947346810748,-2.6801544445040308,159.94472486230481
-0.2406466593598342,0.34715236284881268,162.94896449366937
0.030258935619498217,-1.0150401071182955,179.61607150206333
4.1728343896217766,-3.45506778318956,91.74475457764126
-0.45490720517914518,-0.20395981956171827,175.89156200853586
4.8550544889307083,1.8100208666718833,208.10937962170632
0.60981856191449246,0.36350042006420047,144.52561806935299
1.8033581429574497,0.78535342696502841,69.452181122759839
4.5125780617487603,-1.4295620545162007,63.142097555900712
-2.8703607581804849,2.3020742966803462,21.102986465041269
-0.46118674108075197,-0.47971642066601561,179.23402479567579
2.1110769163954632,2.6613622191457775,19.883172470289765
1.5291469232051114,-4.5319772891585455,401.11694746223367
-3.1074400469739056,-1.8632813783882094,54.316962519682299
1.716364642961091,3.9584784449268149,124.64130995450151
3.7926014439806206,-1.2726804366781512,6.9776718829761259
-1.5758739933214794,-2.6525896529206436,127.12176799812909
-0.33414653142353323,1.4113190436772349,118.35447909160132
-1.2457630976225325,1.4472838490630524,101.84907965785339
0.18261529718026104,0.70987966897262744,145.06109262504506
-1.8468685644005496,4.2881630829547301,101.93575669378885
-0.28448417491274913,0.91716057575177956,141.55429051811376
-1.2287786387700201,-0.27606497772597471,161.84238296843478
-0.54310274547543536,-1.4397803487475263,177.41902704234147
3.8205964575124067,-1.3809154024945758,6.5300373156863234
-3.7485065551088343,-3.2075986081351942,0.23586115872873603
-2.6156842524728758,2.0620717050082789,33.161346592968719
4.080184843562245,-0.58732457960955031,32.239437914956127
-4.8410322906652805,-4.3024781619805381,110.640283270994
-0.71565676510556386,-4.5206305400699929,387.06373800996107
3.025291846042693,-1.1750808307197507,15.86493720979013
0.65820737459461043,1.9356102136619704,81.231892080416245
-0.29781624840528131,-1.7670816541872392,178.17411837998105
2.4901793941331682,0.71604487618754753,32.647387453151538
-0.97818585251794943,-4.6124381676991506,391.58058891550348
-2.8294977682690696,3.8445714200007721,25.238264470361223
2.6091089350521388,-1.4042283471757822,37.175658785088515
-4.5804735122855007,2.5276972991478663,183.40970734759401
1.5199716561747332,-0.20567351610370288,108.69629603841047
-0.24605485809653249,-4.3260058664187202,364.55561706471099
-1.8759962997548749,3.5424148784292946,28.998376197623443
-1.498346511434288,2.0955676610435443,61.214454366997359
2.6499095641846369,3.3301861855993913,45.847904463466442
0.1792997578524913,2.0394821465260122,86.797834694030172
-0.80529643474535817,-1.0411927255449376,174.96811359915318
-2.3944875126588916,4.093456093178343,55.573368761555237
3.7866174448645538,-1.5305013288037355,4.0273076009069246
-2.0653746182265502,4.9449000191523602,239.95104811468559
0.023258178908356797,3.3836855240648571,78.004031181382132
-3.4607780753819037,4.6089241164956611,147.44103945065177
0.57998652804729645,4.4826244619101061,225.18042803886675
3.1516346535398441,0.2591545270247515,14.950441676257318
4.5426295653200039,2.1200876228156638,142.34445253026715
-1.3140557710225416,-4.6652675240391366,375.20287492037562
-0.29940059365885752,-2.347015967069094,178.96538098705037
-1.5319645535937503,0.84573113956947754,122.05562009467707
-1.0113908154979705,-2.0070808548091188,159.48474443641953
-1.1396023544691039,3.2426643950585117,47.355965189190428
0.54837856346045744,-3.5435274291955046,240.1281907121716
0.37676696709420643,-1.0874673500750793,172.29595321975475
-2.8333376403143147,-0.29602923792689673,105.66006097548347
0.20939466067524481,4.9872807051402948,362.59931640711267
2.7637761623913573,3.9876760653963554,136.47212188714326
-0.84281201650851489,-2.457034728881351,165.73931407092698
2.7924746347883778,-0.1206533090331865,28.621574480501963
-1.5761826704524653,3.3598542497480466,33.939530558503819
1.5421632687369025,-1.8256855899327333,113.66293148573351
-0.14530025383976053,3.9100800238646087,116.28342340047132
4.4395602407738188,-3.0655190429362085,78.600844805288716
-0.84669693460033901,-0.39650015738045497,173.18212418150964
-4.8626371536389339,-1.0529964418942841,250.02509387213487
-0.32919582291561156,-3.4497631449467927,226.57572647725027
1.4457722518768854,1.7848773370974582,56.373216016775537
-4.5221899720174914,-4.5701159725904184,111.4954302225163
-2.5603574718605109,-3.2729520578750986,60.886916955195254
4.0909812792874227,3.6003615746165796,188.24460062586394
-3.4722187581458384,1.5859763575367927,70.293862582587877
4.3703306190731848,4.3891558553992009,432.6976434041668
1.7256010567754121,-0.93118684212956104,99.589149628217882
0.076835156528327175,-1.0116431397085957,178.9447483861633
-4.5144194398260176,0.6423783304308337,223.69701069037299
2.8551369144232108,-3.8153525192045818,152.81366340815197
-4.9205651551743177,-3.3460780961770702,97.860303199819
-4.379926819994969,0.44239884261035556,199.49715344153796
3.8282545423678265,-3.465127841359501,78.099937570745467
-2.6273727630932733,1.9619189042443512,37.946335190835875
4.0868410557211039,0.8221120517555871,47.573028499394255
-2.5083980302617146,3.1996160802116531,2.8066914765369635
-4.1041377307026803,0.33761576994274645,158.9951823066813
-1.5504878159351758,1.3530188151212741,97.616682873561615
-3.2073172288284244,-3.7548515007612409,35.10722800211218
1.9486541463193952,0.1532343837508332,74.975055616597999
3.3839214290731299,0.26842215369637756,13.077594534975418
-1.8715537093490937,-4.8339350752035184,362.17491564078512
2.509827944020854,-3.690283144644364,153.73037288891877
0.34166661380069652,0.9846813847000373,130.34365309387593
-4.9780452349076443,-3.9410346217401462,109.4524720780219
0.85589712362396675,2.9422328963591449,59.971978034053883
-1.9779772555589603,3.9900445436077483,57.79289044926589
0.099980600929727714,-2.6890286754698605,187.22539721080997
3.8551743342973133,-4.7741626001104622,386.86752478404486
3.9547858949722894,-4.737705959114308,376.39445582440908
3.3287936813993806,3.1718552034364631,51.405391917638809
4.4043761307089753,2.5832386167039516,137.22521117426993
-0.76639311931706544,3.5533744260117928,70.669891434458833
-3.245063265765757,2.5745966099752939,17.510345407872883
4.401162279240868,1.534019013889985,98.154467654366556
-4.4128342151135334,-1.7833712051572332,112.52531052838833
-1.1974311090516894,1.4201577757242507,104.5569379284218
-1.7257106033967293,-2.0104975952438524,122.58566410748853
1.4714740563887077,4.62353117130918,268.9098961839029
-0.3482664730167242,-2.951818127368913,193.14664724213975
2.1386131223380564,-4.0684931965862186,246.82672292596129
0.87532023267504844,0.11040703465562807,139.84591317291881
1.9688840274095885,-1.5608312095926951,82.15115334746416
-2.3693145921054048,-3.6041897743010773,93.940470765849597
-0.7692629043814927,-2.1484653739321127,167.61438959873237
-0.95854068719521557,-1.644901942633386,165.09377099141685
-0.513407896684976,4.9850661946705657,333.66609348994416
-1.1264891462363509,0.64485126863944497,142.01271801455607
-1.9843269367070477,4.5705186024217976,147.94619134741646
1.6320136009992083,-0.32213840165997354,102.68450743701828
4.4958113533094366,-0.50234203654667997,80.934499777726913
-0.6595094981361509,-2.8322980009449621,179.6201945680622
-4.0785335529915683,1.4682669632265846,130.06342209167664
2.9068490900039983,3.2183139781185854,39.688969965339389
0.20212978743671606,-4.3563755277819194,382.92087475651931
1.2720502373592213,-4.8765860176016531,529.22000212285047
-1.4178919282890527,3.6535200166442454,52.781584225369357
-3.5357119916454796,1.6509300093980217,70.934616921035698
2.7823272748004948,1.8220120502716997,2.8702476695756625
1.7113558868842915,2.1182914725919408,36.08022529937422
0.41462756377408105,-0.44594246433645068,167.89115364452519
1.7849135853878124,4.8935987095646425,359.42536926531767
2.447432674174407,-2.071701229476683,50.219454046297109
-2.6323919882445663,-2.8417066315291124,50.203318330827493
2.0646049162629332,-2.0970437062815872,78.336742977164889
3.6077089639052993,1.2286478571293795,14.069527943751821
1.5814031835679687,-1.8488154013004876,111.08259103185729
-0.27096956235611636,0.42330243785037425,160.61215387273674
4.8675949218298182,-2.8875522853754094,134.66511423702374
2.6820418356099136,-0.76417132822703771,34.83518074865961
1.5684574769225579,4.2151608886893328,170.88157738720946
-4.4832743163489805,-3.5979493144221624,32.407136853968851
0.2235419910392995,-1.0642145466241031,176.1957157260189
-1.7150463183618743,3.6520255225707672,40.78318125720871
0.27409482452167744,2.0014451224630756,87.026614667709339
2.6966809504341231,4.9709053263557728,417.97356921644132
-0.63658292756329971,-0.14110878616857558,173.27260607174938
2.1942150796584965,0.63942353111320749,50.091006067405587
1.9677040665140888,-0.78238671283243644,82.114320053059572
0.29991085916155757,3.5917843834851269,92.007304566702885
4.1592359071915794,-1.3174277723572962,26.03983871689886
-1.7626734615471911,-2.8797205692284753,116.27191636244758
-0.1144466465962104,0.19204280335755719,166.62092775399827
0.1459736128891258,-3.3513992498551839,224.51708214828153
-1.970997272823908,-0.96237360693215912,129.9660658232672
3.6479656944720791,0.088434920745114276,16.925005120935353
-4.5926279622935864,-3.9902804266937131,55.980196125048728
2.376333424478335,-0.70151153670895816,53.727277747828992
-1.6445868787121491,2.270309074258372,48.483004847205898
0.96078241476944548,-0.53747885332657486,145.73131985855696
1.3893629684966591,-1.0260216986271771,122.6976046834682
-2.9892659619666255,2.1020823228435068,31.032075392025174
-4.6920195527672481,2.4977514651033781,212.33374920351628
2.3360480444107568,-1.1229041879247315,56.013341214748408
-0.5977142927886625,-1.3419134679745142,177.2368683383333
4.4623215527070972,-0.52869207590408607,75.384411275407132
3.7078478971493247,2.9734613313834917,63.531630878409487
-0.90732407549518079,-3.2194003333146806,185.49509540119629
-0.24502617256696357,-1.0181159398237694,181.54068357934693
1.3442046095447253,-1.1728375414491508,125.7734692808455
1.3212507754819312,4.1869244186518557,166.13836984953937
-1.5544839569941651,3.1505088751819148,31.39850816369761
1.6822296302232616,1.0680153312819112,67.887934157608768
2.312287956712038,2.8734890979977648,20.46686966068139
-2.7273439913390085,-2.9143598715834105,43.460375429440575
-0.64051888888536546,-2.0450276494854385,171.59763895214442
2.9977375193542057,0.3850289216414895,17.505578518701537
-1.7563365414183552,-2.433789734533311,115.12919685726608
0.46935491994191914,-1.4451180277696323,169.18016392122678
4.9809622708546932,2.5459129593933607,287.43051450517589
-4.5615161015727104,-0.53109957944201724,213.27626758215473
4.3664709367787662,-1.28258923129275,46.992710442185981
-3.1245640847386813,1.1589620349147776,77.118583585571045
-3.8690774431112902,-0.1307452992000524,132.50357329176595
3.5121443728559818,3.81364623134656,148.74624961515389
-3.8970959048621903,2.6979429832141264,60.498716945454532
-1.4257470862354986,-0.57815138479922457,156.58677590643219
4.2284882619635216,-1.4801568047925939,29.496678313057149
3.2711091184537882,-3.7477802711011323,122.82306050283125
2.1087455279915837,2.7301129831474444,21.181124202737298
-0.02186069398625623,-0.063863793429704607,171.64777339118211
0.35197921397637977,0.60090032551310024,145.10555620481733
-3.6358884446086037,-0.25789200776019339,115.56042778960037
-1.1581753977189937,-3.5444085000222008,193.72121537455814
3.2769714086765571,-0.63237756445120397,11.842117143511819
-3.4761240179372761,1.2815261514748091,83.629339206090791
-1.8413694804376037,2.9260644375460165,22.011372091789507
-2.8861139655641668,-0.64915468489368866,100.59986226111782
-3.5839631782704977,-3.1676858785643782,2.052250408298125
3.5167001978185262,1.1307641554390635,11.1003060375294
0.35916907716602431,-2.4131121548875023,177.13623835202105
-3.9174976688544678,-3.7562840844404928,10.538659834282369
-0.0052404507793362143,2.7004437728302779,68.964636355426379
-2.6372839781748372,-4.6993791405015584,231.38433084589556
-1.946806721627441,-0.72078594934781925,133.91542375302788
-4.3619492871369863,-3.090424102541486,27.646395548339605
-1.1506645662401107,-2.7048997593356767,153.98182151854377
4.9098621499273687,0.19826468616696591,181.22921761541332
0.59638115902480049,-2.4603329022701677,171.85494376312914
4.5908611250717577,-1.7645712742185546,69.576368015978673
-0.34210068859109644,-1.7603120289618346,177.85897025910856
-0.64431523260487289,-1.6037965544529778,174.29002128166533
-4.3234625693004416,-0.89410603647225528,156.97118389944032
-2.2137797637628598,4.7145611331614887,171.26332392585377
4.6186046846031523,-4.0797041952450224,242.50656841012417
-4.4064087576485074,4.0053054352869069,175.79279239312808
4.8018671849846033,-4.3404411320000156,336.49235674274519
-2.1354628494022494,2.7498657962627417,16.092137445190545
-0.22017278753776903,3.4680004575783521,79.108972856633471
3.1285357251760608,1.61433564032472,1.7628599074847149
4.3345807297927959,-0.043251212210980938,67.084765694320652
2.1883826180778874,2.3547978800353553,15.408109466752309
-4.9126534948353839,-4.3398449732512985,125.24861245935944
2.0259707504593294,2.6336522631097949,22.012672942384331
4.256406892221106,-2.7192073270453769,40.967684435223852
-2.9042403919058692,0.34200312358827922,100.73417652894321
-2.4480309367060817,1.7362923866174835,52.086075930904485
4.8774763568565422,2.3039227357468084,237.96737150787376
-1.6502689334042104,3.9663549056534002,68.728827601799466
-2.0801651810970161,3.5482710350968603,22.083922628794802
-2.0603653586637183,-4.2553579990967467,203.08665209737725
0.62949381024862561,-1.8812135812837494,163.89163269552623
-2.0295664370403523,4.9023079898277846,229.00639341326411
-1.0371137792314054,3.8650213338234582,84.343621580237254
-4.4961346615754048,3.5046209068782606,162.41269049562038
0.85860753983319427,-2.5603512711474767,164.60443248205053
0.5320706035612659,-1.8906497251030436,167.32193947404883
2.2287655253221281,4.7971509429641195,334.27584676634211
0.77504192027864161,1.6037779920196353,90.704727727576952
3.9990520304579764,1.0907558858684521,40.28543796220648
-2.6193868746189315,-3.0538177076817359,51.820119612527854
-3.9189472658102726,-3.5595661310599302,3.7057081377720129
0.39945834993022444,2.4279770939872547,71.267101161607457
-1.6203248383681972,-1.1269091238150342,144.30606635565735
3.2368710855917122,-1.9971217937055039,6.4001184641729552
4.8680934093032935,-0.6193121015933043,148.95951611762902
-2.2140515753784213,-2.2548302565369616,86.824548740433116
-4.7327285075003562,-2.7436853888535313,92.590952736303535
1.0037184743458614,-3.1390173211643244,187.31563230407824
-0.30024764945679738,0.23969012885911933,166.31043858509312
0.17769703909274259,3.9912123465997968,131.62754421792292
0.044717490454068809,-0.25079847743287065,174.04041333444246
-1.1196930111401708,0.5153065020874612,146.8987184020431
-4.9383548875296537,-1.4110102059602374,242.38355874343296
4.6519991540463117,0.48755513867479827,128.30020644163167
-2.0198107032919363,-1.5620905233153026,115.24428723083801
-1.4024491137928004,4.207436938957569,109.7787986534815
2.1933296710057633,2.9109112676552007,24.192803971869363
-1.0938833268023958,-3.2928357338418515,179.06825743983282
-3.1545850674248035,-4.7497615325830909,187.52105662510678
-4.7952735470369729,0.98265709307167715,285.69196268089456
-3.3799606893172056,0.30607877285170115,106.34069477746284
-1.7658612361764039,-1.2812623265744634,134.71512924490096
1.2992392757919387,4.509474694543826,237.23558642432991
-2.538593397270112,3.5615492959228554,10.885592222446812
-0.70658296048123681,-1.8161924872177595,171.13754787570028
4.2155415695897425,-4.6447706548978669,357.56286676893137
-2.9634516382235732,-0.48299285979929429,101.97131522655282
3.8983568504256976,-0.68209083060939957,19.306474892366218
2.0724505819080363,2.2840606370180776,19.627993107225912
2.3740380516615547,-1.8785980913918561,53.657444822038528
-4.2138749648757887,2.9998545811464705,100.09628743009644
2.3528135659549179,3.1615432462090638,33.905457255405544
0.24193021215875277,2.9782659823354427,67.873152155703437
-3.8733289036388268,-0.43362559385813526,126.91371444502568
3.4281233737766765,1.6913008255925046,6.4759237308206234
4.1213431830487899,-2.6636667767449405,28.812941868520745
-4.4213937624139481,1.2033440950214045,194.57065366060255
-0.047389903296083169,3.7013065903778735,97.49098449477593
-3.8560727975409677,3.7237555686007155,66.716255844264012
-3.4776080958830056,3.8181706064488168,40.943757187876393
0.93439712497605054,3.4606718521154676,79.374370067311958
-4.8363679126700454,-4.4781988746929695,130.13762564132011
-1.0482292041138628,3.2468451550446815,50.499555205677432
4.3641432695688138,-4.7093372864785534,393.02142731638497
-2.127813791911076,0.57772177189762353,112.08267031222837
-1.3714538488974295,0.71837216772340717,132.27970401721652
-2.2073233698961165,0.23405495386437636,118.50434803851135
-2.914726290300194,-0.16861830771186437,104.8836821330387
3.4555357017581869,-3.8106319706068583,128.71884691930006
4.9111349934972619,-0.10713266584979664,173.63065671038191
0.56332189288253787,-1.4723647795779793,165.96765742064022
-1.2738616476431237,0.61666719406408177,139.0569314996502
-4.4662604316366341,1.0004207150333198,208.48576444012821
3.7700976240960404,-2.1461215676197858,3.0327855111342705
-4.9253897680690697,2.5719479330345809,278.83474525956564
-3.9793134867554256,-0.94428704448912448,116.89753720201162
-2.5902061868933566,4.0406719570089589,45.447373260331723
-4.0932580029537711,3.5658047973478197,89.502878113976578
-2.4573355938112504,4.3557236836594644,90.902062974782069
-1.2634535562513909,1.6287173881888171,91.93045042335541
-4.2330797816955803,0.043910981581584352,174.6204005396238
3.1379600555584428,3.0167106204897465,30.914560825475817
4.3563957954197861,-3.430940119424573,103.99317506495449
0.87234470894839067,-2.5333803788250933,163.2183856984349
-2.1207458337610046,-0.90270544860043245,123.82359126731009
-2.1315337549244653,-3.3814934918388042,102.09101769122995
1.4529945210765272,4.8625369584063112,343.72167630860406
2.0122470872923071,0.61919782451942851,61.289977912373232
2.6524631595556167,2.9581970656079868,20.402393459017329
0.68887383418068637,3.4152251171596202,79.206055084829956
4.2623063140260857,0.44868886291808519,64.435785541502426
3.5625338064415217,3.1234340640776068,63.106858843045011
-2.6712057283210275,-0.54499510202147139,107.32042215991315
-3.5282277362053409,-1.2350607263642237,81.096867217236024
2.2120688314382306,-0.085632880412804369,61.199743071636419
-0.95032227260995938,-3.6774892430667903,220.79852795207668
3.6502022685126825,-3.7109241725337183,110.52420937446405
-4.667779606207902,-2.8610642852866834,74.963904836050347
3.8618561977249843,-2.934693867943416,30.926698405829033
4.5567088966086633,-3.6518204856536745,156.0003940574166
2.2869225153641706,2.9358715941300719,23.291103712575683
4.9301553041409001,-2.5876087430939561,136.29187064398735
-2.0128277493827698,-2.0637043938899593,103.82032765425171
0.16169225894387385,-0.10164609224675125,169.28799173446825
-0.99627259496348675,-3.9929991654483481,259.17936633386904
1.9796389609380149,3.1687238098378732,40.511050096736646
2.2581309131937157,3.8506185162073745,105.91859725233209
1.1390243477163917,-1.4416735298595866,138.50306492200542
3.1783776191437099,4.738834248744169,362.01318397264311
0.35574708552301271,1.5637987324178351,104.29930277570837
-3.5496332039857421,1.4739699476555082,79.623547435515235
4.9088633851668586,-3.0642674193260482,153.92404949703945
2.7766694172448201,-2.1045299685927734,29.144426447533281
-0.75962434184842564,-0.18486532036210601,172.20875306314755
-2.0222054930837619,-1.6284779575159201,113.49757966995989
-2.5583210060801846,-1.3348991646063659,93.994714705856381
-1.3753707311057277,-3.3006437238611843,160.32800575768465
3.0780337060089575,3.6851919774407236,97.953344901209803
-1.3207694467391735,-4.9739299501492038,472.06906111098669
-4.5191339406572606,-2.489471718102096,76.387986714633143
1.7690585130212044,-2.7306740198217163,117.33691783927165
-2.0096267916340183,3.2082783107317905,15.733098013821058
2.4791012946960258,-1.6641681419343786,45.554808945760321
1.8149434314924928,-0.21193724866195396,89.11444964713732
4.2924142572174002,2.2281364625836444,98.27364914981375
-3.1878388504511248,0.63317228728846331,95.825857020746312
-0.33620955592876456,-4.0288016230064896,301.60164968948317
1.5392763609251219,-1.9538553793629587,114.73131127098506
-4.0614325527605937,0.11157042758606295,153.51632068153336
-4.3741674734605027,-1.5395250726732996,124.55096629038692
-3.1186867155519251,-1.4935137617680434,69.88016225759749
-3.9138779003205877,2.16714596173383,80.718347225935219
3.5234093407976932,-4.4270594389941724,269.00345264631744
0.45637098322392866,-3.9250228710445838,295.12083834517159
1.075340250728372,-1.983307502102249,143.84144905215175
3.7016477931860052,-1.7483483517908631,0.96821124663040503
-0.33970160377355185,2.4121316027587056,74.097191396908897
2.5439759638184132,-3.6989451783371248,152.80793091939029
-1.087960592591442,-3.5517566741713997,199.19991917384863
1.1150730758330463,0.67382472986345121,111.99156055887244
0.87109239629352153,-2.8057297941741637,173.26111417065999
-1.5290468720818855,3.6737527031852082,49.557949851163904
-0.025272833334478939,-3.8924155210701845,287.79081032464717
-2.1472481794617506,4.1697847813975191,72.82160237035157
-1.4233259049848561,-3.5164168657382833,171.55236837249731
4.2661983469726614,1.0928132636897772,71.148435486083997
-0.34424516894882906,2.3443490883464406,76.298976130172989
0.95813564577012222,-2.8809151397760333,173.13424444497002
2.3937798903059324,3.6687476955887259,80.947702706116303
4.9229345442937209,-3.8649685054922251,253.2059850949417
-0.095163302804052385,-2.1912470858592092,179.03075911437494
1.3993429552672172,4.8203790148892907,328.82794726420309
2.7030556712958242,-2.0433862974474652,32.926516411719888
-4.8225634566274538,2.2058101840713649,257.57566059809164
1.7792807984686956,-4.2755359293524986,317.19496580975988
1.6200399334512703,1.1158892860362073,69.797688277763285
-3.6581583751878854,1.030572590940972,103.73121190474284
2.1891323032555201,-4.0365287267182586,236.79653536889282
3.0872405544643566,-1.9107539899208299,11.490898446004691
3.0010258162105892,-1.8933265511457931,15.281730457932177
4.5284100628043191,-4.1378375933520557,243.44823466423185
2.121955120243201,3.9132824586394719,115.58173925341697
2.7712410465854918,0.01998102519110212,28.770623354131416
-4.9954759038859704,-0.2423875802618074,330.51507612044088
3.4770155268636174,2.5867322634362724,23.553177762201319
2.7197077859630348,-2.0908691983389516,32.430666732764621
-1.331623793205674,4.1516811961534277,105.05265838156477
4.4342189048451477,3.5092359351374451,243.18835947868027
-2.0910566935317982,4.7369282337830096,181.7281448135812
-4.1246590743817402,3.0620581814949279,85.410385582400323
3.4783587784050525,-2.1088275515576975,1.8763657395929374
-0.22926328325906731,-1.2000801221489334,181.07554781119165
-1.6462144297915291,-3.4815804883023032,150.64652393691978
-2.7886938130835901,-1.9089326043484869,64.095620700415282
-0.56408862019459338,-3.1880095440218694,199.12817341532283
-4.0368457744084623,2.9380130927639758,73.584673965114916
2.0816632818538654,-3.3826023150246551,143.54619648893853
-2.9207371768914245,-3.0211380515463659,30.774429910250717
2.7079013686850031,0.57918036563912345,25.191367901087443
-2.7120282256384245,-1.6184548863971475,78.00836400008842
-0.084129540937444958,1.0043217951172103,136.68344103753617
-4.3048111446971236,4.2125400641487261,179.40249750701003
2.1048495268747036,-0.55940082832632854,71.819524565465414
2.465852430057323,1.5663864646173087,15.572669201037794
3.2110108230677277,-2.6963770880644451,23.584116072285159
-3.6498042711233261,-1.1360061525231426,89.000768862865627
2.0714039517599918,-0.64897341317600343,74.460897928422909
1.3921965964767899,-2.7884789917585646,145.12825036457269
3.9960419526971567,4.3988298151705436,354.9274841572223
-1.2119602141929571,0.43971998666495438,146.95219500318626
-1.1317003520253226,3.2957365279260422,48.715457615834936
-2.2775492671333488,-3.2260376970720981,82.976412730164128
-2.429876252716014,4.1063457006407074,56.21640310780311
-1.2881424887661046,0.49944390155111762,142.78828363317353
0.66808228179215412,4.4532379772616917,219.44931382366602
-2.1766629149436789,3.0959530582866819,10.191408804744292
-0.61476351071579227,2.1240555915671324,81.845726272551801
2.0231831182170881,3.0688607944973505,34.452518249193012
2.1642404030249409,-1.7447165220893801,68.186448579329763
4.6311607331370013,3.8197305399372894,352.92325427726325
-4.2673742612363625,1.1732453666024352,168.1162036281479
-2.2963928925300108,-2.8536140327209925,74.949778602054025
3.6151703830052249,-3.0951332857944389,39.43029030216406
-0.048918933173513146,-2.2114788763932713,179.13812109515573
-4.3827068148465891,1.206541402562884,187.18045830052245
-4.7276252493102513,3.5820548172310502,224.19710974874977
-3.8258975414354954,1.1245484651255691,114.09526315225652
1.7874165460146143,-2.3615329221842041,103.49396201112371
-1.1163610730213502,0.23038222621659532,155.71087098022673
-4.1077083261507319,-3.3972924187775977,6.3187118786795811
3.1852342454655975,1.7453430893030486,1.3846471715226554
-4.5444155698357944,-0.50579638940486049,211.07995274393772
4.7204959462338643,0.30847455599028883,139.13555690001735
-0.7122342734868079,3.8564664523821186,95.306913111440821
4.2516725771786117,-0.30216164963455938,52.954422716594003
0.98203793828667596,-1.2578939770998723,147.21816206917384
0.631332196996234,1.9948016479930351,79.783269293167336
2.7950803052945243,3.2972620579502383,44.461162783125467
-4.5573277620311181,3.0777878743525147,169.39137780071192
-3.0883332132428829,-0.37077724244283949,102.37936209219853
2.8706253141055242,4.6318429138608259,303.64718987427113
0.53695037189429584,0.80171566512043491,132.08338925958941
0.20184519380596644,2.607537158408828,69.751250863386247
-3.1059573519938271,2.9796252623872208,4.1532855110300737
-1.8528248934447489,4.0519407012373634,69.591177741400799
-4.2466627143978428,0.79607027775622008,173.946644569927
-2.9532199202771414,-4.26086672875749,110.03216894342567
0.051880076955042043,-0.9991667307768326,179.31536762072886
-3.6597978587731594,2.8396971447312218,34.131635931682986
-1.2124590932268946,2.9076940488256824,43.912853708352067
-1.3109217477316975,-4.0862851389046018,249.03574586318521
-4.4746776011765661,-2.8471953771871537,49.481822288622752
-4.6386982116420477,1.0858642178243736,244.04172255078387
2.4854748835047555,4.8508023402213176,361.59986682658092
2.9812898303864346,4.808135130080851,372.05873965614518
-0.86683787373361643,-2.3891519394640399,164.37295250407709
-0.12382500709351518,3.0640565604401289,67.864568426144956
-4.9608725856815719,-0.59515432091124509,304.10754018848434
1.1026179932274625,-0.60023114953183043,138.4966343868615
4.8894386891371315,-0.4186210978729612,159.69533872442597
4.8696676251563922,-0.45575982485318267,153.95263465601073
3.9821096875449964,-3.5172105997444945,89.27193105068082
1.2158373556180386,2.2332580050590334,53.756727735160716
2.4504476302878375,2.1506498573175676,8.0978078267173608
-0.03979793801676923,-4.963265302868348,564.33130697259026
-3.3175467147903701,3.9954812690718722,47.893755437924334
-4.7772952620297779,-2.9237331999647189,89.615894820825162
3.3725207399277046,-4.5526077536364502,309.82915924710181
-0.030531511796368704,-3.8767868618375871,285.27417159552914
4.1108319658350094,-4.6488574166092933,352.10247170539969
1.3573398191485548,-4.7472622373984175,478.74777124865619
1.8090031113355929,-4.3251274966821436,327.94099998373326
-4.9989878351136348,3.1306957143327789,297.94411814275696
-3.072033022451405,0.014848684107643173,103.83698253625926
1.6146202674038124,-4.5464605016798671,401.0585562439561
-0.082968301254665811,-2.8914767383545463,194.41436192253994
4.0160194364302484,3.4594573063458149,154.46131877381094
4.4591726353100434,-0.21231855821280909,81.430643925386093
-0.31039893313687106,1.4654489623105507,115.73479159916756
0.76226386920477118,-4.2107993431702511,346.12090901114323
-2.4259543585310164,-4.3835332296935201,186.04983070696784
-4.2112360049648325,-4.3012573986654541,59.058676824682124
2.2894700826008094,1.9660198470253833,15.096116699357307
-1.8287321069109241,1.7860156353326389,66.250621538222617
3.6803937053300722,1.9583593605176643,20.548735418064812
3.9889421036003387,4.8469063927919773,514.71913597625451
-1.6959900717115159,-4.6836405525493072,339.33667059820692
-0.22263167361453107,4.0621104486444981,133.5323352079696
-3.0066573144372399,4.0532615638569229,45.627272122206541
1.7384126734145431,-0.64082884902753268,97.814335728615049
3.0102591917578607,-4.1385589976991737,209.53389516801656
0.39716448399953475,0.53597234522600168,146.10598673352246
-1.4060666063182365,-1.6626950045426425,146.01023658315142
-4.9454056876507133,2.2215942718151052,294.95853418936787
-2.4174730900792003,-4.9224399319174781,320.99464560454311
-3.4071558880205566,-4.9416646078359365,215.13566090986166
2.5082261382628186,0.70093391014123352,32.066728074229275
-4.4382349426465506,3.1354788590095861,142.61202352676349
-4.4187813829363494,-1.9739517162617535,99.509411237257012
2.4370104954893925,1.6137034063450511,15.721203162192523
-3.7100714109812309,4.6279506831485939,169.30842987507856
4.4202076451848065,0.9752981144590489,93.159616414237476
1.9960034000253879,1.4211518826167868,40.208183843885152
2.991446612411738,4.3110996900469019,217.59665396447227
3.1502238321247784,-2.2819244460532411,13.118802657680442
-1.0948060489759248,-4.1476327632465271,277.53210902316937
-1.4448335034525615,4.7619102425876552,219.74713016195568
1.7727530832188245,-0.30744091156316067,93.008640057011618
-1.9022770497209707,-3.1965321549098471,113.62206970073137
4.6716677088075063,2.1389129216956064,173.09681915102857
-2.368047610420287,0.58832721724085424,104.47365679828486
-3.1963439192209067,1.5330013853041544,62.125573506371126
-3.1655551200784138,-3.235898256572852,17.860885219187683
-1.9061976238183851,-1.0349925812524514,131.97061238804605
4.125099793136771,1.5304636072952382,57.239522285054257
2.488385096897499,-0.57367808570322065,46.455185174835478
-0.36983848974275624,-4.4855180453807488,398.14710194251762
1.6223230572391749,3.7961178120773642,102.49480863384503
-1.0424433997238447,3.0316721286743089,48.676228715026355
-3.5428683628437385,-0.92662187043738697,94.175502691352477
-4.2103757435265781,-0.53452751489726058,157.69809440810081
4.8754588895407167,0.29391710586261155,174.82259793426951
-0.28604746369767575,-3.4917139914815802,231.71397776969943
-1.4671805185927718,-4.5908679900390279,339.57061094064898
0.57058359422700011,3.9279967762278005,126.50978099422582
3.9261813944086494,-1.8415543372826755,6.7229183039318734
-3.72606689687401,2.2444871301621836,58.65427852149891
4.1650009654077262,-1.1335718947390201,29.584805318611814
-4.1529851851092108,-2.109051571447214,62.080488797233564
-2.8816120601447075,-2.5567463081562272,38.78137393413359
4.8994897327357272,-2.2382127180914164,124.38648144504515
-0.37057694090852067,1.5692613871789041,110.45591560149634
3.7690372102021321,-1.3185093885630157,5.7888112348947081
4.6957308620041296,-3.2788166457971433,131.73071212969393
2.0295957301648873,-0.09995954014416597,73.335873216796926
1.2523480947081644,0.19102574514155179,118.00602148940519
-3.8262397630917118,2.3328766783695452,64.66323948431949
-4.4029130551590185,-4.5147973360289866,95.632504728337793
-1.5537056103853382,-3.3097565514702172,147.27275534326157
2.7311980668567051,-0.64421105937904244,32.364013246252348
3.0471152967623851,0.2905009768171567,16.994694179535365
-3.9931431418472534,-3.7494264606135186,10.824421673705867
0.13597596001371137,3.8876421638396899,118.38113822530727
-4.2516109144190706,3.2509030981912126,107.11577956604616
-0.55195239539646579,-2.54952349042438,176.53309196677398
-1.5009021075229807,-2.811653516239593,133.9638695378745
1.3170692018219476,2.9770314213864371,49.653717349153631
-4.1497601097021937,-2.3660506426270551,45.676717005285745
3.5401296962403883,0.88821672331831891,12.993885617631223
1.3351818857587228,3.3850079200282206,67.57969108394002
-2.1036052509345406,2.967442705518768,13.102088821183944
3.1833590112715164,-4.0217132907828166,176.60066057254551
-4.5713460263940293,-0.94374269523651044,194.24173990237688
-4.6892113705707299,-3.3860128309674185,57.851135606866478
-3.6438974269947479,1.389964089610717,89.351029704225766
2.9753340569185571,-2.4758491505976838,25.806026379161892
1.8777572050377902,3.8023314513164017,100.63257268065983
1.697891999276953,0.83705627487349421,74.173244604055469
0.63283961180961867,-0.83542868263700676,162.89796226509662
-4.284173765172449,4.8185847360692176,290.6096669343911
0.44043154621541625,-0.65038009255411922,168.90664707433058
1.6115300471131135,3.1600553921434145,48.624986630770039
2.4022996145120201,-2.1474794844191161,54.412003846668149
-0.96442124749423463,0.67748134813478078,144.54900507014514
1.1450517082619838,-4.1445861001803701,319.56644105246789
4.0084148473710215,-0.7072903407323512,25.217168330637602
4.8402560999643143,4.7195601342173497,698.63480133628047
0.32828668395235017,-0.19585380316024548,166.94694811699566
-0.35240508934014958,4.8428976643274897,295.64637756766558
-4.7310054572833664,-3.0587884948721502,74.922481294186753
-3.5053476985636944,1.5079033468673853,75.572900341858826
-1.5978463537328444,-0.2719639500138733,148.67492613911736
2.7434796697721531,-3.1815596099895109,78.695037299577137
1.4681147852001359,0.48909191933229934,97.827567984594936
-0.042000193317871748,-4.0159226272419151,307.9737104232247
4.0308370725005034,-4.2070024854448436,218.04720992194166
3.1412997562164602,-2.9929732879394626,43.01907737740337
-2.6217181563105276,-0.070363721456660144,110.09666286437044
1.240373245093485,0.9233559173204986,96.978511526265393
-0.081502433308079603,-4.0760934356530401,317.96710840567368
-3.7414151375175235,4.8352192420132951,221.07953117535016
-4.7100279806886522,-4.7669262891741155,162.48196703982353
-4.2232284661162467,1.3179839340962989,156.46886923646716
0.40262554747442181,1.6176899491038803,100.8561496944791
4.1511427692343599,2.424248422112937,84.099929402437994
-2.5576886142781396,4.3045814223973426,80.515593548800354
4.7881710333093768,-0.37489502772926642,137.73168026701566
4.2219925033778871,-4.3857762223755561,276.78458016596534
-3.1952128312182482,1.8584130151570841,46.588202293905667
-1.1474944243704979,-2.6603499730030995,153.50959133137957
-0.14861182710098575,-2.4066964521130112,180.98769711160256
4.0221746247868744,-4.7971428512083403,401.53634164978462
3.7269437985972012,1.730700261830532,21.429023706810447
-1.3967603504395005,-3.4675231062843803,169.81967661715984
1.4611003315879358,-2.5659281573729844,131.76257496341358
3.8536192421660527,3.494787264730558,136.16484163009838
-0.07422298347823908,0.16329055196471742,166.98299241791003
-2.1836315125727608,2.3846816929090018,27.028443462392673
-4.990852133267774,1.0441713027647843,342.40769359289698
2.816408663267894,-3.2418335853331883,79.828939614979873
-4.4098863613842871,1.5486519146234166,181.12328943849616
3.7255894571435881,2.7786610454874356,51.792412219921765
2.974151982052371,0.92721854239059986,11.530299934914735
-0.44078722542466675,-1.1637280400116818,180.31314386765945
2.2044538049353477,2.3065354982864399,14.97355289549032
-1.4152829090833343,1.0106066778987266,118.4526684737389
-1.6484008446078886,1.1795844620096538,103.11908911707366
0.56887982812684346,-2.3558542393568782,170.61530432742722
4.8159109948632697,-2.1735773120709108,106.84217985840048
-0.016124188974427689,3.3117648392964618,74.720596074708553
-4.8981273801299441,1.688756686207876,297.34863953907296
-2.5284547567449311,3.2581611961865278,3.0010570329771671
-0.20895102145167943,-2.0870274577158856,178.27055575305417
-3.1035765961131068,0.30359445601368495,101.36082981264641
-4.4261497951622149,-3.291624266612446,28.430990785362308
-4.951171102487061,3.5706998967714387,292.52819070269345
-1.903971746092318,1.6934473809149111,68.714611870422175
-0.60703200311501959,-4.4248381029955235,370.02630353946847
-2.7641953955142768,3.4204430047872219,3.7488821143315887
-0.072846872779972038,-2.7443043431007688,188.97015053715731
3.5223411394085034,0.13563676814320491,14.345870208259704
-3.1388612238071376,0.91461446682187386,86.587818323625896
-4.1537708696949345,-1.4767364665823166,103.3355477446889
4.0828932863994787,3.6910348507722901,202.26126204006079
0.98755660577640292,2.3903553395419719,58.3728949199079
-3.097452672031844,3.0874555581221603,3.1473143899619993
-4.1700679668455312,2.2322940103026632,112.61288067581603
0.019038109376612766,4.5992452187644819,241.81328994938872
0.69830770235840411,4.4313756681921657,214.81128792518649
0.78356871883720025,0.16116845597428053,142.86933599410048
-2.9837460576099408,-1.3285196582668446,79.284333173470799
4.4084802989309537,2.4593204156579525,130.62868124830393
2.8303033836078795,2.4268261176098669,3.2741420742073668
-4.8578394204258393,-0.46573285286279287,282.717863776596
-0.78802088362158962,-3.04508612712507,182.41053346912636
3.4334095105295717,-3.8664690474796424,139.047635454382
-3.9527061598101723,-4.8823296896091186,166.07551094011225
-4.9737377666924667,-1.0855693654402181,276.6237095704289
-0.028096729171700474,-3.6706602323712456,256.75151097336351
-3.1713764199356707,-2.5377849099504495,26.032030717981637
0.12956670951046512,-3.6448131953756193,255.12148050858076
-4.3200824556354078,2.6557815762665324,124.68606594962912
-1.9952823974742282,-3.1988359587811921,105.93190344558275
-3.4385725398058038,-0.7562215725634216,97.356362248513932
-2.8694502463520877,-3.3775764179731689,40.11387243290325
3.5884159155948527,1.2641686939565302,13.153879928663576
4.5759813649439529,0.18156982976576685,108.15531412809707
0.66341566446071365,4.6840211727443997,277.99398930673573
1.0767197141175693,-1.6293607465225057,142.24456806010008
-0.43095925206504049,2.5175600490977299,70.029786971018069
1.9696788021121527,2.5262242269870239,22.9326521296124
4.8900812698197438,-1.2385987765909077,136.62072443409483
-1.5826646151559807,0.44932197253436357,134.97309339609365
2.961564732914475,-4.7535249115954361,393.14070498459103
-1.7380949400507113,3.0521093164669679,24.607755775470526
2.9429322819973738,-1.6656674182761151,17.683672691952669
1.709688282356538,0.51104662117297917,82.535415706252678
-0.91840550103723828,0.67144226031917498,145.73152830218208
3.3342703097176702,1.6678576430046421,3.9684183244077471
-4.3669139477240844,3.2785028788610688,129.16943284932404
2.2991255127925694,4.787321377172459,332.7386844852154
0.54992591803881918,-2.7952721573156856,183.91615625733718
-1.4545907016760578,4.7963377808431709,228.42056204772385
-0.9449312138738426,1.8819800680985406,87.039813349746879
-0.91160551150460911,1.0561401834838247,129.23173874017721
-2.487554689050512,0.18343386123870609,110.80063999131214
-1.2781037904038959,0.05341089688283418,155.21249060581354
-3.7734839116775336,4.4457252745113625,139.89567053927593
-0.54178742423653237,0.56291931595176514,155.09086111166212
-0.13503896468529852,2.2876262559252254,79.204901979108456
4.545258735536029,-2.04636580150901,60.960783526326821
2.7859857635453995,0.39740735494873913,24.522374473844764
2.3348724337192142,3.5334947577919653,65.219282789153795
2.4548425027853753,0.079600571171391188,44.553580165354035
0.15279991867274045,0.4603633415972741,154.61908161317024
2.0778319437105495,0.5924456256699937,57.98580805557333
2.7208023321634016,-2.1820163734132354,33.632064480350422
1.8509410245964233,-2.7662656225408462,113.18729402556033
-2.9651437579187325,0.035597527690205411,103.99783214378873
-0.13380624421031939,-4.4832044905817892,407.27494155704363
-4.7836634303288745,4.8439667215615927,416.2365756856895
-3.7796812636671406,-3.9168658265390088,21.211276937324403
0.49295624416543582,0.21656916466314691,152.83398757050631
-4.263454343098342,2.0631116746484643,134.47885042169375
-2.6390240330143153,4.1120122576541078,52.853232346561022
-0.35546170207660399,-0.99836134694016732,181.37810930151807
-4.7214681000149428,0.32600826159237783,269.89674347389121
-2.8273843670924466,3.8258399785004631,23.805203761935765
-1.0229682683103238,2.2130285781706789,69.6840340420529
-1.465903739617036,3.3578495155520631,38.067972500204107
3.6309379988290633,4.4446070155588941,312.41820786176964
-1.8892471908029367,1.1863033998972181,94.972349533054597
-1.3370357737847423,1.2181668044181393,110.87178433524122
-4.9913674217947754,-4.0058293946694681,114.61233775995153
-2.0386908804458863,0.88458287543100678,103.67645237381485
-0.80001921693979927,0.62263887412215624,149.75838790572595
-4.1924378181841186,3.4886773885593048,102.2658269759619
-1.0782699400074112,-3.240347899429497,176.88983402759928
-2.5709170646021611,4.5212158630641603,118.18436106012963
-1.8112439804695191,1.5237448310528503,80.498989137594734
3.567487922849331,-0.56425917103562639,11.049662858313171
-1.961523321232177,-0.2925006095972762,134.20972121655294
4.6531240893558969,-3.0920107892461912,109.18365730578016
0.51804628119674323,1.6512708289290785,96.554852684950362
2.955937815883841,0.64962127790406132,15.720435154808291
4.0910228752023219,-1.4687930801215248,18.77798929004544
0.74870580423736399,-1.8952319210022517,159.21647802279981
-0.41358826962519313,4.4401704277970797,192.1439584727824
1.2004134890763325,1.4123804528891046,80.843790799877894
-1.7770080930315957,-4.1853702327605324,221.056583626215
3.2541918951335411,1.4023305515613682,4.1500804677349832
-0.65256744488014196,1.1761286429773863,127.62689593693003
-0.30687397018999452,3.2606596441881948,69.504411636702486
-0.19084172468390026,1.1518414255194021,130.65790742997609
-1.8371773943909213,3.0757973404285099,21.081803727199677
-4.8452688797192565,-1.5267782944839863,210.41958727584773
-2.9992043715829921,-3.2604213719650135,28.120614899548762
-1.7090177619130249,2.3492002933260174,43.011423960284873
-3.4713238815071121,1.877564605942613,56.819116857805852
-1.9470900618978066,0.061902290710876606,131.06058944286866
0.52478351818233815,-2.826073871918712,185.9053864720434
-2.1725491534433683,2.4298295724218457,25.50698921699194
-3.3989521522172064,4.9166415351784316,219.6500404988557
2.7305576334866277,2.5561125914745597,6.1029452952110166
3.5323110179500326,3.0028991680863548,50.870808135999248
3.998267239176565,0.47718724487936903,37.543169815027497
3.798790705780851,-3.9609124847648065,156.22162151552172
4.7867228080582471,-0.01680753416616021,146.40996571054907
1.0295382855948096,-0.0095551643801456976,134.6399840756541
0.83860515812538505,1.3980850449163729,96.882855941666548
3.8406945641598345,1.2337361068213291,27.5273693862774
0.018889575698709749,3.7650171121382758,104.09695293439671
0.48819718622549502,-1.0910231183629664,168.80423777841716
0.33027444668825456,-4.2645936049111564,362.33160649335866
-3.0202670815351729,2.3168723242537457,21.837164503570364
4.5947142186679866,3.6414404495661348,306.96732918048917
1.2251287706518461,-2.4811447189990639,143.67061247013046
0.86862252819377339,-3.6860015798123,249.66705122079725
-0.81127141699803307,3.2262885473483252,57.378924392914037
-4.1712193209536998,-1.2205593641483463,120.54753350654721
3.8023466786343114,-4.8416750185019097,411.74116105765012
-2.4309411771823286,-4.6961543566315438,255.11731724570183
3.3365307455962725,-0.035765232388300205,13.420981858402712
1.8603283116476295,2.6060270205108624,27.064114119003307
3.3469655685474393,3.2870955077551667,63.325600044136131
-3.9048919639435891,-4.6764332007676437,120.39566737495772
-0.56781239651748194,2.4238964063994999,70.9881297273065
-1.6513633338776144,0.8778545118825285,116.79414489161847
3.2033288331921401,-2.1038181558227098,8.4759394666949905
2.6445298953467669,-3.8829526022579461,177.20094169119594
-3.8188025510385071,-3.5565291123178167,3.3499683706225287
-3.3744933513497095,2.4382569427615364,27.60279008333583
-4.6515071323342987,-0.7447106580350269,220.98934626470458
0.57304424092221673,-4.9236703362862189,560.6077605500343
-2.0067043841469951,2.0984631360991006,44.951503287896799
-3.7114040376977067,-1.4837902875125906,74.082175620268984
-2.472382500380836,-1.2522799477803623,100.17076700150339
-3.7711235764616706,3.1537995969607486,41.322909387702317
2.1992788957897389,-2.1290537121073712,68.832757244828812
2.1287495475241975,-0.8958200541295005,70.786893150931888
-4.0634512512757901,1.1212164111758138,140.15874227011051
1.9662434917478322,-4.4485158714111925,351.87791609626606
2.3387701620153001,-0.60567969764357077,56.090173013921529
3.3218392287482938,-4.4060742214086304,266.71023553057984
1.4158653488260322,4.2495120701453644,178.12886262599665
3.2454167068733426,-0.64576574216706728,12.378222284162913
0.62496593198724071,-3.2685848760171687,211.16309846435692
-3.0281726322991838,-3.3849677157218996,29.242091410472177
1.5155809521380492,0.58705888122607153,92.28608150111036
-2.9259352712829396,4.2017911899424156,62.846977699808285
-1.0865543619819813,3.6816408782793335,67.570288286767763
-1.9875057126194489,-4.1913669247097092,199.98158181377434
-3.0732348535625347,-3.2436539585490349,23.230017900552237
-1.730601228912291,1.3153568475092516,93.757711373612509
-0.10712152714074019,-0.70699423240252379,180.44132762799927
-0.71418192143673398,4.9541752466551632,313.88254527872141
3.7277425034928129,-3.6785839745721294,105.87424427924604
-2.3899101967099963,3.0391735057037828,5.0822130688065368
1.9198285642701194,3.9016514948900287,114.52051111937931
-2.5840822143715401,4.5586184797530684,125.42676554015365
-4.1283131611475845,-3.6915283194792239,11.774617621332649
3.8469146958656655,-4.6460200599162258,340.47186190837459
-1.471574632742449,-3.1077316292112145,144.02372975284095
1.3793764690084585,-3.1799773256604942,170.90680365890759
3.4170830465153283,0.22070668397120841,13.295510471690958
-3.2092101576569565,-1.9671683890605065,47.307699779140478
-1.0409822604804053,-0.49995396547155035,169.19963376920995
-1.0301517870813282,2.2061582407996365,69.798232459620849
-2.0215405112057994,3.8402726754912937,42.23278783547341
2.4590954806153533,4.4773427932095409,240.65265199489639
3.4884220544429549,2.6855053251146117,28.550563848533606
-3.0802193272740381,3.7716069349220938,22.284062010800735
-1.7088817451625915,0.32256147598340768,134.21675754112772
2.0076156663223372,2.0814410532345136,24.328501725009229
-4.2949154653789501,-0.51373122737708421,169.74335985172669
3.4997654486749425,-1.7539679014093581,0.43527402000154436
-0.80115727496115152,1.197030027638216,124.48100871457613
0.07834446796082517,2.0032788864974318,89.290129626772966
4.6440973299974573,3.3845637733399236,277.46251146093442
-2.1059838804964093,-1.6423042948527482,108.43006443132649
-2.4069065974651123,-2.9800065450856899,67.300979861664061
-1.7838127921387219,2.0844729967608639,52.576281937148877
-4.9872528165184509,3.1194085173259918,293.82342206027334
-2.1334944647006413,2.6130897810062006,20.022287322416034
4.279500298377954,-0.4405984866332977,53.627895432905213
-1.788329576373445,-2.5070780888029702,112.53901526151976
0.44837491308533117,4.635302383677594,261.02707042802638
-0.68963914427921846,-3.0887160653504107,188.74132358519762
-3.776473906512356,-0.48921688690390397,118.71830357276603
-3.8725875218648271,2.4000772771508405,67.056513162718218
2.6181137214538026,-3.5764717214365902,130.34426265525693
-3.4943036990698131,4.3939410291923746,109.06457147735637
4.0702809695190076,4.6487297570610355,453.34357355070296
4.0562844675413761,0.5815812446587465,43.210045577159164
0.022404752634212599,1.3167478048436108,121.25278056387205
-2.0409271842842038,-2.0931473996426626,101.41740541004008
-1.6292974489727952,-0.6168848083122711,148.36425273106326
2.1059224146927669,-0.32027787488713955,70.366770629096635
-1.1946922009549299,-3.4101304589682355,180.34856016976136
-3.4110732221293083,2.5883362761056636,24.168497443207514
-3.1937714618400204,-4.0089254880197727,57.671569800159062
-1.4383736559059308,2.6765439298722118,40.743551983336687
-3.693212932123779,-4.952946742843352,196.85375774967238
-3.2364878970000666,4.6729303535362838,151.75924677393729
1.7707736297808907,4.2239639796532629,172.33131091100793
-1.060770847280792,4.5417979949400031,186.37400402229102
1.7710785262668889,3.1411066934392604,43.806538831215278
4.2353446493188649,-4.7344186551540073,390.98144752283537
-1.2047215550001802,3.3672208771072505,48.02855572626077
0.11881693622143175,4.8576248669765771,316.95800915747174
2.6312280431074209,-2.3941554181382467,43.729516831746935
-4.8101580315437342,3.5722647828756333,247.70473332565822
-2.8535281214471322,-0.42001981935198174,104.38781807344002
-2.9861246995277382,2.9985741841447267,1.8275509935459184
2.0700891138418083,-0.94575288234796773,74.967970795832926
3.2227588722084768,-3.56432405362058,97.15120354419021
2.6754143915313042,-2.5344082764007196,45.064883958137131
2.2384692254145868,-3.4565115065406604,140.86026319619432
1.3152136266967096,0.25603316262823839,112.83122415880487
-2.0202828443834098,4.2536834913657007,89.43015446762135
0.070315932794308367,-4.7102233228231212,479.41718108763973
-4.0304657326593016,-1.0639477504943882,115.45822939156706
3.5416165886183961,-1.6500594251219076,0.55268724276055636
-3.0443419468485784,-2.0659976794471362,47.786774910635387
-1.2203203172792954,-1.8018804610126011,152.71332475290936
0.11496732825404798,-1.12982164751892,178.26776927696972
-2.3505466088686386,1.8029802081439827,50.690889537589079
-4.6264945717973189,-2.598493483102688,84.69204453177116
-0.67704816698080794,0.055427010529717435,168.84985303218332
3.9659247320508069,-2.333728411518682,11.553985158998767
2.3985018874729027,-3.4294485491870215,126.5441815282749
1.1173011801345192,1.2504445690122878,90.924805228585981
-1.8006897419572478,-4.8175981882197831,365.74018332457536
-2.6305560985439178,3.4487199656060152,5.5204167914957614
0.27051669769135867,-3.0719637330938321,203.29640250410154
3.2836302051275865,-0.54896094737946388,12.250185176758027
0.21259532215510912,-4.6405206980207847,460.68895351535292
1.6248182037078776,4.1640690346452214,160.74976406891551
2.9444705189430964,2.9817707400655413,23.806040241244094
-2.2889630835309878,2.2925198580611204,28.295549037262212
-4.8680526955305767,-4.1438963377613263,101.3021631936968
3.8364699018238611,4.8717404686275358,496.9305283080779
-1.3654489127071354,-4.9168580588772608,447.42765110018388
4.4524449972633935,4.4212946803907638,464.45480587673603
-0.21583887845293326,2.9039188390997319,66.275225154144351
-4.8561740951909815,-1.5048452693086087,214.71188819294943
-2.3052517833205135,-4.918021426607222,333.90581832195511
-2.7008869738178509,4.740052192682052,164.07249469044964
2.5784166548198559,-2.1530090078688251,42.357856121645383
-3.211921483511158,-1.6531727304650223,61.39488621283239
-1.8610024974644794,1.0971409181094476,100.10153389103662
-1.4271604853600879,4.6115827067020696,183.79033387863998
0.42215728673656638,-1.5295873853233215,170.51873880184041
3.0675212654745749,-3.4793626801888844,92.507486579437312
2.0905845431021142,-0.019420056151327358,68.306213586459577
1.1662358651297566,4.5558848657897109,248.52286494499577
-3.4221241493302177,-0.2520524751860993,107.51103539513359
-1.2718720168469262,4.0768669896172955,97.85340125916035
4.7954245261419395,4.258782158452485,518.07041249245924
-3.1354042563864519,3.0655022508661904,4.1406018734168617
2.7234897625451024,-2.8342777212331209,55.288558329352327
-0.20491300690227288,-0.44652355163092761,179.14084729942056
-1.4861732644340804,-2.8953116921004187,136.58731626574897
0.75461472324037526,-4.5331771259722196,428.52660012711476
4.53041631448591,4.9593145943518948,699.31111924801337
1.987437051137821,2.5644911542268476,22.566891044450813
-0.66095453126326387,-0.89364319560623517,178.34979569487913
-3.2743489786844875,1.6628188010662583,58.30678160607539
-2.4968965578539764,0.091537673220657645,111.87795736594774
3.1901692563327515,3.3625887351898509,62.658016510778133
-0.74206080038317435,-2.2163253383081916,168.42791400868299
2.2135513231065387,0.024847439435386143,59.813974845644182
3.7374734897188269,-4.1600813997771438,198.64630528914884
1.3074623083890362,0.39661083726659108,109.74087165278915
0.39473122639774694,3.0009975588864108,67.279069544647072
-2.3227017379431842,4.7857019785983539,185.09430641479261
3.03607995088149,4.9101557216963378,415.63358871108636
4.1450687168874634,-3.5538971213317136,102.46037471782745
3.7575962287021785,-1.4943089339771709,3.6603199839275469
3.0359179877068705,1.7516584600303116,0.80340721976574025
-0.20673969673629955,-4.2638363431148694,352.10076789372243
0.5294508982227466,3.1938283320544123,70.551297347783759
-3.735037107362964,-1.3200333991158231,83.52436479393981
-2.3809589963374038,3.044428475038405,5.241202970688037
4.2139402174693625,-1.8573717894626602,24.449810456578739
2.964052597518025,0.28995228470104717,19.320785593339032
-2.2736674152249634,-4.7636272199629142,292.28970744321083
4.8479630412807495,-1.2556240006877344,126.82888271104825
-2.8489801859807922,4.0808589214925135,47.734377663665121
3.9392951150174618,-2.8490945706789721,28.354956282844661
-2.2863628646817284,0.94700769105725779,93.670178510691898
-2.6022161627927924,-3.1233220793513676,54.072248048759533
-2.7553686821449679,4.2341405407346837,67.473623629670954
0.84994106288060589,2.9706368700204075,60.545329043897127
2.4958136446059385,-1.0063851510517781,45.566889753252894
-3.1814807143356783,3.4960331512486302,11.017882966521739
0.74566204984620832,2.5518889592962788,62.35168944825709
0.30540380397723865,0.047215393760309254,162.71680002252236
-4.0109145452150425,-0.12473320002299904,145.52627140290727
4.5717489557366946,-1.5975684882971866,68.960493014127465
1.3985541633036345,4.2379325775175012,175.83438243858222
-2.9264591116614418,4.9430716549795939,216.75373146283994
-2.2374454564178814,-3.4019687915436077,93.737826720740429
0.22820316662949036,3.394790989744866,79.639001601026862
-0.73235616644691692,-0.72861690774885712,177.12815959735096
4.7224765400489428,-4.4942233206604101,367.48792130232488
4.4195361184309672,-3.1624860394274377,83.903971722687359
-0.48558754111270908,-1.4032671012836495,178.47835973713484
1.4322497260963978,0.50894266169561941,99.411430105483035
4.4702633060852968,0.16523425553124493,89.957015431976998
0.90193767318672347,-0.32689999113006518,146.42621884083724
3.2106235597582753,1.8760146460286107,1.4750066877290737
1.6549937218189807,3.5384206684330408,73.789289635827473
-0.97334214518653273,3.8754393487224821,87.799095727948753
4.7913796085587474,-1.7886708296298774,104.38292848275584
-2.7062332436244887,-1.7355580902328676,74.098817003479908
-2.3954942274556896,-3.6795736615961747,97.115532984471812
-0.37580592977504068,4.7071390289469974,256.33092664233715
-0.19599208631981391,1.8420784836624149,97.626260935827844
4.2109274351534509,0.18268636306624764,55.405513872047784
-3.1294763972460853,4.2263376175725433,68.910992663325786
-4.8232213986745069,2.153937059793134,259.46811776091454
-0.73871253185508401,-4.0937160678380886,293.00165074666313
-1.2666103411037493,1.018882084151115,122.42211144395111
1.5596952981568055,0.51271825326775566,91.682828337372783
4.7462464125707875,-1.1844386933038109,107.68953554873021
-4.100739107149928,-3.5541547611032072,7.4610299753204155
1.0807225446535575,4.9821740411329216,380.83630697799515
-0.84306292800728233,-4.9263926811066092,501.3383647121442
-1.8475001758662346,-1.4657818949357129,126.82459022555591
4.1343022269739826,-3.2383591804969614,66.22965552910189
-3.8233236095239831,-4.8889266029757312,172.65715456658836
-3.9450552330243713,-2.376792309729665,32.828219372743625
-3.4874821478793074,-2.0853650490404063,38.535685786557309
-1.9591311707164905,-0.32123624237724613,134.42355285449088
4.3273828047004859,4.4818091692827071,452.28377670573383
-0.67859787824492113,0.13662082745444781,166.89456529715622
1.455659137931578,2.2275942738603893,44.607474887550524
-3.4291862042142078,4.2364099257382097,81.477363942780698
-4.0158370993658945,-4.2454896515307192,49.893871720326658
4.4855241088667146,2.3563287815432155,140.93272217082398
1.567502389932983,0.34696352712682543,95.392523306645785
4.9292898050324503,-3.8197401844022156,246.57848555269175
1.5704357000930447,-4.8111094327876671,491.98430382117033
-3.3334390875553472,4.3023347661363669,86.342257532440186
1.3817083595528779,1.9484275442066279,54.334054630119894
2.6157797618521395,1.6442562428149383,9.141936949451793
2.6051153231975732,2.6467827250229723,9.2693059203806172
1.4262203488915128,0.36178122446297234,103.65587780853787
-4.993217418724492,3.5398833028860146,305.56336734991686
1.2303098397357859,2.031719267686305,58.266866096908252
-0.65151860999839517,-2.0335084163367521,171.35248852214545
-0.98740352017526956,1.8353012460699203,88.407561356004635
3.9162322234071869,3.7377619096214225,183.72862464203089
2.4278959282876258,-4.2667768525368892,273.70256587619872
2.468866431391886,4.1793496638189236,167.86182992140974
-3.9407106765443531,0.0041880878646942676,140.25037963003388
2.9714797236497015,4.4243859334948006,246.77983331737551
0.23411988091479063,-3.0513084404777664,202.37691412119054
0.49074529467534411,-1.4003076379834352,168.54075438867432
-4.2251081682629321,-3.7855790926143453,19.044246187822836
-4.5156084741463838,-0.64253229463361983,199.80208194039469
-3.7043642959225576,-1.565307373740024,69.470106225188019
-3.0553521043127296,3.1310586933566888,2.2132606943996831
-3.481338241816526,2.2785100268474947,39.52918645655329
3.4340908199348235,-0.5627428595845636,10.610502374879937
0.91736222898100106,3.5906425645033924,89.513187670546046
2.3163625647995447,-4.4793556478978376,338.86419796334485
1.7502952621887573,-1.1113166031634334,97.980035663723356
-3.9833921964042838,1.3400276441266392,122.94648825425105
1.4706947041424678,4.9734088930842297,383.77865123892593
0.51780493810041683,-4.896959415034507,550.44114009121085
2.7086522004250968,3.4625883718493693,59.302074352201473
-2.7079058141555432,-1.6999303306894076,75.293652528437676
2.5210603437820023,1.2313129187147762,20.426404044092749
-0.60808245429941632,2.1136233301221052,82.396550530048984
-0.47857474514808906,3.6059826528696881,81.85748906800967
-0.81940158792669937,3.3288944160958884,59.6371469903399
-2.0117256066867917,-3.4054786585317713,113.98236999710637
3.7339278718104438,-3.6222633595617117,97.577963289621081
0.30639745414665498,4.4277659662035624,208.67614098226244
-0.73726793864973317,1.6617638715585956,102.10493056552261
4.7853115850016756,-1.7172106638329376,104.21198680750096
-3.1263640737449601,0.88918849515160581,87.268781284676137
-1.7278370862884507,-3.9624098858762489,192.06896994386304
-0.75810635060267728,3.5886199131788139,72.955135592096482
4.4811130005255908,-1.9608997400715102,52.445824436501347
0.021881391593022492,4.557817864805747,231.81370962800378
-2.3730215529612542,1.1298489545654462,83.521152061023855
-3.038570805101763,1.3976621269287364,65.50550117098355
3.4702284738802209,3.8160976866655503,145.32917057346202
-1.9167389081843718,-1.7146300180302108,117.45694822586785
2.2900730423636873,-2.8184749741259059,83.972111861592509
-3.016363380847598,1.6345199795942733,54.016038995092934
-1.121023401811243,0.41625670168222495,150.16064837970174
3.5724035561799532,-1.3310767483341794,2.9275294858961534
0.72266403130050527,-2.1102797597659966,161.78583961149309
1.0551331886914372,-4.273831479489127,352.32182200758496
0.50363705715832374,-1.2161397780196816,168.27512630610096
4.0687567025645848,-0.1778054159817577,37.319713177272455
-3.9810774046268325,3.8791241951262414,92.716398527621266
-2.5856353365442306,-4.6084160592084515,215.38416779366253
-3.6996093662327896,-4.3332484602884938,67.954695083706
-3.3493695483059298,0.21919105334343936,106.30867100970809
-4.4897974809187602,-2.4794021911770043,73.148262215633082
-4.8211426464001237,-4.7781839982036045,176.94758590362878
-4.303800737274492,2.7059256629094497,120.47926782803623
4.1831470201086969,0.69042621877230115,57.16017929082178
-0.97129006587445232,-1.9392418608299549,161.62953059372947
0.35490897915306974,0.62749051946873191,144.07110357202527
3.9134966307797789,-2.8208277552912038,25.956324984248411
0.77134522978082298,-0.77411338782655115,156.66335020733425
2.225955056209302,0.41212321531137341,52.92935093626037
-3.996026002484697,-2.9454337884099697,9.4761481951131721
1.1491485296971327,4.7294040923036267,297.29488236474072
-0.40925334336712282,1.7469151164495731,101.53622815941699
-3.037061213780226,-0.89135794139803881,92.540768075272211
-4.3968816988758039,-3.7457736385806584,27.976320468249966
-0.80612986927641561,-1.3628954738451182,172.58192963960869
-4.024287274343834,2.6293141395310808,78.11841536355071
0.94206343166300144,2.5650288503124976,57.236465637481018
-3.2660045898867924,2.3231157318702413,27.668212582586875
4.0014286515221009,-1.9177020263055948,10.032214720121969
1.80718406505218,-3.1024895382379123,137.07953202256556
4.4641356249894191,-4.7940108363360467,435.16059750053597
3.1946794412558663,0.57418217082064071,12.128371496083536
-3.0753522059943528,-1.1962618512947487,82.223313288234081
-2.5468115684556314,2.3873274071406145,19.324774477637689
-0.33108567043582848,1.7901786092214467,99.840439935250856
4.8988911888464788,-1.046560693850938,143.87570259651946
-0.54908940611918489,1.869747979732618,94.374754972575531
-3.8320404738983691,0.31206471386388124,131.20564416030854
-3.3139597010732924,4.4763633352541081,114.43356493907612
0.1225261376951341,-1.1929720372890222,178.0519913765178
3.4754866614423321,1.8030091617577444,8.3809162149269696
-3.9119162375329806,4.242057350913278,123.19031211757442
-4.6153054684880077,2.2243663968948457,201.34147075323855
3.2613985531883962,3.5991222157797367,95.388364315491444
0.42548378301157985,-2.0220295011900449,171.07086556337302
-4.5934224486231505,3.2011231849397142,178.71971236120038
-0.29092944549078847,-4.6280751731047012,441.20301143873655
-1.3885752562204683,-0.11964348717539952,154.6119556604886
4.3161401541839552,2.9910208160618259,152.00321375119813
-0.71618531423158682,4.075037054979969,120.1417839497345
-0.09242963926690706,-0.42414382701437603,178.09903066049077
-2.7458063253788172,1.5687277130317359,56.648746034188505
-1.2980118714187117,-1.5514820613429063,152.78690519587752
0.55598426067048035,-1.8278460551097373,166.34711475008629
-3.4915496906780574,2.6088063805974695,28.022144201151555
4.2161766721654121,-2.0702914469085716,24.401919797871166
1.0361318213120265,0.3892633594500774,124.74088575329388
1.3591918348407139,0.39209802161388829,106.85425972099407
1.976192134354565,3.8778471821678409,110.6259256184313
-2.0495897921713206,1.6662924102555108,65.697826476678898
-2.4780452213353215,-4.4494382059134869,193.14360994758169
4.4823040776986254,-2.4279689370479081,55.803053997510801
2.2796057004889105,1.4588382147307231,25.594623381872108
-1.9409334446071398,0.58911714618236211,117.99289884926007
-0.42227971369163608,-2.2101055527317532,176.26741869072754
-0.53267861666807015,-0.47615509738667239,178.64698760096564
-4.7813763792417872,1.7359859818235783,261.76633159954457
2.4710182915178809,3.0364842995723613,25.458494730762734
0.83304918800321381,-0.66725099571885327,153.15103392499594
-3.3878979677756353,-3.5094193341378053,12.908066859044196
2.565407083230367,4.5434499660888328,262.72600311047404
2.9244632584494576,3.9232994969393289,130.24659496144099
-1.3030562648835402,0.91889546805841249,125.90920300855552
-1.8948265160331825,1.9551999729310516,55.476216549228454
-4.1015972855717404,2.4662311482681529,93.906400368854975
2.5493790229363036,-0.44360308043982677,42.540934286825461
-2.9973296090000896,1.9870240685667344,36.592027376104845
-2.6363903961920556,-0.22879934670473823,110.15722727904
-4.0012534296975248,-3.0425270340181618,6.913586077408219
2.9401535230754874,-2.3080219839374694,23.354002309285303
-2.7582229043005366,3.5022527128369294,6.2999230101127859
-2.8013803968388307,-0.40466017826594403,105.53565952327472
-3.2120659999454988,2.4050237116551143,22.573170209026937
4.0074961827306144,-1.8927081045204601,10.379811867540862
-4.2772847851868425,3.2146502055520791,111.34605003263964
1.342239589755156,-1.5815100702779383,126.17034481598432
-4.9999517210751234,-0.087675434248917661,337.3537552568514
0.33941560748653998,4.257802612843042,175.43893022230407
0.25803340697214061,0.09362027945358431,162.83723808646474
-4.4822562663478713,-4.8430535603711782,161.39244148961754
-0.034447801349231533,-2.0510273177063048,178.29442520482866
-0.34622233957752435,1.648469584534153,106.64907084108211
1.3674751560953267,-0.18196612430984072,118.0663588408304
1.234923956476667,-0.33605914364784351,128.20284192487773
-0.57243380586354675,0.74827168067288863,147.66220887434301
-0.75462255867385064,4.7533330966218994,252.44306496902135
-1.3239896733061771,-3.0237507659705458,151.24347488937377
-2.7135905427807794,3.277551902644305,1.1871296476463171
3.5443204702228446,3.3208597876256203,81.186046192664577
-0.89968585019694913,1.0959470998634586,127.58313327709902
-1.0318678323280128,-0.52627372798326899,169.58198599247345
4.2720335333229169,-0.13849657943808946,57.914845502658906
-2.5834491447043542,2.5925687854029,11.19530899560446
-2.3490738012191463,1.4342699482830419,69.555362953418495
1.9530816321672093,2.1865815751836113,25.059545540300142
-2.3860896183879436,0.39986904038723381,109.19843898882198
4.7842163843672196,4.141888768831512,480.16805704025438
0.55336547066561081,0.66204827564106772,136.73576358255499
2.9035658128623556,-1.6863272083057583,19.679754659930474
-4.2576554788041063,-0.7095928044281834,156.84259170163429
1.6904460976416722,-3.9663009761312082,255.23831115368989
-3.1605153319036567,1.0604512319241248,81.650977631803372
-3.6871457021566996,-1.6689090299718545,63.297564449805698
2.8011838476397166,-3.2479752475952908,81.306402735414053
0.34963806756537608,-3.6006714463827132,249.49734928313268
1.905235134351722,2.3245958705294036,25.552370163084298
-0.81813289382152909,1.2019109490087612,123.95608301210112
-2.4168919726310909,4.7599597394936346,175.46513998040356
3.7665465559452738,1.7440642534661581,24.350888114842821
3.9238475786295997,1.0128009234892668,33.465485695085007
-0.97511291670549127,0.17333616746741409,160.6558910729741
-1.7073225873247102,-0.52261679457029064,145.22755350503914
-4.0447653548139657,0.94172143943652209,142.89675327895654
0.4805976242299872,-4.2472272366843411,358.18758761884169
3.55935071163481,-4.8464474532504038,411.99470763153397
-3.6772770567769624,0.36763962958911556,119.48839102089289
-1.758488870391099,-0.40711868461989553,142.97172718732611
-3.2926195899893207,3.6545890901694165,21.605977283297367
-4.5095406579275679,-4.3050035134186855,74.640249668530146
4.8593137728015563,2.8864368239818923,278.55677489180772
-4.1743989776530501,1.6010016967725988,138.57908139577052
4.2706087746702615,3.8737674158393993,274.19052180430731
0.18136584622998164,3.5356557902805736,87.514170396844435
1.7068270795525535,-3.8373848218537336,231.15399852965407
2.0414195620585875,4.9333717772202785,379.1750825860999
3.4325434651963231,4.4637778222548388,295.10135584268966
4.2365567192135991,-2.0757784988319008,26.130867010629732
-3.0105800583440705,0.48160863649221763,97.738107212151604
-4.1402860884877501,-1.6387087675826666,91.765018287748831
-0.91969721351909417,0.83643684582042788,138.94932923899916
0.012956947957132314,3.0761120530782868,68.913055277360783
-3.461769823223495,-3.873522331777119,28.98365150392975
1.1832393814536504,0.44133560364680324,115.48681664216862
-1.7930673901969807,-3.6408439567877364,150.46332719600679
-2.4376937450860376,3.4906058043427972,9.999629591620053
-0.81085832685804782,-3.6312636331523862,224.15927572843887
-3.043554650262279,-4.2325492972529588,97.58419803472556
-3.2527975870396229,4.5103710041680785,118.55799507468514
-0.51138900010558519,-3.0555471664763454,193.60577119981761
3.3021566989799833,0.61810247741198765,11.26732123239243
-2.510405342894491,3.4199341258891351,6.409710292392294
-3.5407584055086017,3.6878456348794177,36.658915394499601
4.3052541691077675,2.1310969211961917,96.848331007126589
-1.0913673661975039,-4.4875600572838454,349.51532651582909
-1.2793692420022751,-0.1746160500352989,159.01420472853837
1.5167120413852366,-0.74064574145841,113.46952696348056
2.2918829578302251,1.947601546932562,15.274660830099462
2.0896299704498258,2.177603327392986,19.88290235124774
0.088351563664289756,-3.8850507853611784,288.27706464136645
-4.2608095540819972,3.9396152182415474,141.22489194036976
-2.7180334710020615,-1.3783492348901953,86.030566143730056
2.0022938511115473,3.1160201895689141,37.215840765126771
0.64990068171652027,-3.5250267814575933,235.7992096057078
4.3917508474172173,-0.080320010212283854,74.12675337326823
0.06616605827433375,-0.56943921426610977,177.43709633364242
-1.0897892116194274,-2.733978943617033,157.78901518474785
-2.1657994041925561,-3.581186351752772,111.21096185536352
-1.9586437501828757,-0.34667659118779692,134.52433585263594
-1.0230048593013623,-1.9275876755300478,159.71310518906449
0.65460205686775907,-4.8956614515979195,549.77148204625155
-1.5243960719078991,1.5888037659345668,86.232604899444198
1.4200036858061926,-2.5366080905536723,133.44492578601324
2.9981064795077295,-4.8665623591476947,434.66862863071293
-2.9457302055480272,4.8345770414901779,186.60486320198518
3.1521800414769512,-3.6424331524032976,110.8752305431826
1.3515548835890998,-1.6376622874350466,125.6770583847113
4.0425916914938647,-4.4923737263039669,297.38943278819016
-1.4240280619372498,3.3735512420610529,40.087025796235132
0.68539492538973601,0.89025984533909952,123.42205095152821
-0.43469970758911813,3.1815585833533184,65.432204220768938
4.8517602652428646,-1.9480038282722765,114.89233016505804
-1.4834835435946521,1.4290277533262632,95.811727887565866
3.367648460341746,2.5615530842086702,17.005368624901642
1.7004314620388232,-3.4172829234172779,173.52655368722165
2.4187300279188459,-0.22201139276517168,49.394618303250603
3.5588046206471624,-0.90175978468952245,7.4891871847525815
-3.6004282231950064,2.8217216672464271,29.855065773071932
4.4421880007632328,-4.851275883291712,455.10533313251904
-3.8204751013390017,-3.742562171551933,10.173957105237704
-0.43199757646466797,3.8388417021240713,102.00291739375528
4.1950224197755386,-2.5786151633811292,30.935645396739453
2.344680088263658,-3.6439281522931877,158.01097031722969
-1.3827520398037563,0.16228358681045574,149.49804595638977
-0.89351082488478628,-2.5220338363237667,164.2414833121193
1.3646307108039322,-0.82117549709558446,123.79277360366612
3.6381390808708929,1.0690823517714012,15.847562364302402
-2.4956812523910772,4.6206159236131388,140.54983130865446
1.0676772254194669,1.816228100857618,71.639368052923743
4.2556774351960307,-3.7729213073111767,143.17554882550024
-4.258609961005611,-4.1582829017029397,45.258913210031594
3.821951888641884,-3.9465965991152268,153.81501683432697
-4.2439065272386367,2.710404259491864,109.69210134628895
-0.073040943613179365,-3.6845839995085541,257.77089949257675
2.005952273028325,-0.50113573783281939,78.405085832293366
1.2203771784046413,4.6754029631620515,281.93890434147551
-4.4805798032101007,-0.56136711035737541,197.15928449479188
-3.5308995528008031,-2.8462485510386388,7.8054085702904823
3.6916512121608509,-2.5518952014512823,10.270300677958074
3.3949169504584464,-0.69825552496133447,9.7488030258121974
-2.8068820791162672,0.76974876135160741,90.4349193214358
-3.1641545150690988,4.7524088931635315,168.45692228041779
-4.8801716241051274,-4.5572606647733904,147.21261482500327
1.8628183170816719,-4.248535108320449,305.47390292152511
-3.2012651304039759,-4.534420994917931,135.26876907858011
0.045257673767331141,0.17945979187810046,164.96127981876651
-1.384186579007336,-1.6354626232303811,147.50527198067982
-4.7681360541361046,3.5342109579334959,233.67453380060516
-4.6731291450746513,1.3111896282024427,246.68645566331185
-1.0249420676280145,2.9891530499754317,49.274613657848164
-3.7496777526863583,1.3928419090308077,97.438813332529861
-3.790095176214006,0.8417697536556199,119.3324319957016
-3.2269325517549934,0.56348371889860083,98.197126604345371
-3.239772757087902,-3.8449872714646474,39.561920012352346
-0.90596655432506612,4.5986800262914063,206.49016640733083
2.1739860543174947,-3.3620692011132345,134.80762539771877
3.1446029165506477,4.3689200582233507,242.62678070961192
-1.6823640788866752,1.6078281289518612,80.234012327221848
-1.4908983450341746,-0.3375754689591064,153.25267816828696
-1.3721766389881918,0.86065722966953029,126.40832817308254
2.7028758234162975,-3.6073738941550708,129.28585517311689
-0.87969647316366473,3.7823447082027872,82.821488967564406
1.155580440861109,1.2972643856006698,87.33115926896852
1.9827789860539458,0.353672051320153,69.023094728785196
1.7742532483889999,-0.42184654888452755,93.937163707964601
3.7000945534323311,4.7863906429128491,440.44446644456349
-4.2833197237602789,-1.796352474315364,95.713962343412376
0.48486915588904278,3.7441225837589069,105.5911994451581
0.015443874322535578,-0.2829147169269044,174.97111506866537
4.6095094421194265,-4.8747590807691443,485.66313722337145
4.4418371666093908,-4.1134327711632697,227.58375213967386
-2.593486371726224,4.6047433869125278,134.90567491083746
3.4424615332627369,-0.68056135171173349,9.6040480858042088
-0.12853382463484575,1.0473858971642418,135.10513984076312
-4.5852991008535851,-0.47209744906795326,220.36199147850709
4.9124097901941202,-4.1395502927251382,307.31093837087684
4.8843711239389105,-1.9554515384789184,121.76334782486566
4.7783833788940893,0.67807764278048577,159.62979106622868
-3.1116263469739458,1.8278969896362609,46.098790490031647
0.29285805150841959,1.6558104369638924,101.44307465476557
-0.72420860369683204,-3.12514441012436,189.14919085180975
2.1741126570722713,1.5248200670010217,28.801492533898518
-4.7998553149330778,-1.7109300994834715,185.38355438126104
0.10242720373122438,-2.2709175042792493,178.86826509318658
0.95109115077858686,2.3312049460327264,60.660600677540025
2.2771520282345055,-4.4513131787755134,333.13710934064522
0.3643000865426016,2.7936721030841021,66.549568767848953
-0.58524629415148688,-0.28119103236809728,175.99737880581381
4.0320021837853037,-2.7018020718738915,25.293191237023819
1.2484081011994785,-3.7345586581285106,240.7714611661691
2.8343294635641136,-1.3894619700078321,23.970590974013021
-2.6729469620231394,-0.79285407676992925,103.40573717137484
1.1332722552202217,4.4232234367770076,215.65032039211073
2.4000452419287797,4.9930306805519713,413.38607594998808
4.250336769086843,-3.2888931333975586,79.340708775466396
1.5039782942902589,2.1337067214623211,44.507188356399027
2.3172018403686909,3.1098602607334414,31.238466597288728
2.7360513112181062,-1.1135574079982602,30.558707073901569
3.9083402540904473,-2.4822979399135359,12.640003622976726
0.78726863633868049,0.75924739156632448,124.33047803578813
-0.63883579678398927,-3.1863927107901269,196.16255905040916
4.2422181961600973,-2.8256756765192219,44.713055932775163
-1.1897494958077082,-2.4708854280250794,149.67725944780054
-4.6235177599887356,1.6279876240119879,224.63557511305828
4.9500455498556093,3.3557535040656834,369.06077872597245
-1.8975337231546736,-1.747094029811278,117.82404517457489
3.4366501132156611,0.60787121214941742,12.212588215887301
-3.426987359747208,4.3941757242300632,105.28958620012371
-3.7080072199227909,-1.5017136962806692,73.007411540336207
2.4695685605657882,-1.0443809467450675,47.181838151040282
-0.76194761607928196,-2.9967790426803336,181.48014143002982
-3.3066798596261759,-3.9242354555369015,41.859007132631874
1.0618924696070291,-4.0919444550949073,311.76999562344781
0.32911204137160865,3.9567875380983129,128.82805709453783
-4.7904480071712721,-4.4930550846485966,126.09327115954827
-0.22148513372082146,0.99070074792502538,138.14401690368121
2.5551420315544258,3.2204005114355247,36.683538300332927
-3.4365307496448123,-4.7045027605972214,151.96124859268869
-0.82756777587497066,4.4517885267682207,178.1593548473646
-2.9050102319179247,2.5054226741853007,13.164501734911672
-3.813481514009684,2.7026703906326288,51.31737947984125
1.0395402401234124,4.6416047709089607,270.71680864649835
2.8584035510084762,2.5911652550596918,6.6747841781604276
2.8891224321418338,-3.6642670395243879,126.69490075356231
-3.5669809607298828,-3.6322833794893414,10.542525121366197
0.45381097410169247,2.6111104270707504,67.034417282771926
-4.2072451123798569,2.3616318387272885,113.82591692539822
-4.4622813705385163,-1.3701436387838424,148.75090979431513
-4.2183936492743772,3.1708712764862472,100.67032433605586
-4.0763131282548102,-2.6944213454087227,23.102503121044119
-2.8962101958423379,0.8501171110237058,87.257419055212949
4.8185586145854344,3.107537602828117,290.76848312018711
-0.42313123910555195,1.2123700113277991,127.766664838666
0.86566678811742381,4.2245954731590007,173.50439410521631
-1.5371290060120457,3.1400313142973051,31.968691682058978
-1.3069421182397689,0.50189225295840689,142.14804726756594
-4.0828680107912056,0.20821588882352771,156.42207514694269
-2.6961133148831964,-0.61032266411934177,105.7767296949969
-0.49418611544949442,-3.9442730920225917,281.10521122985836
1.5806268366837539,-2.202995736481439,114.90933557321277
-0.42521982855862106,-4.9402303065545548,536.70193484488175
-4.7499280451095336,-0.58625217881561653,250.56524016363733
-1.8396374202517656,-0.85363988520542478,137.51758549529114
1.8415880573619612,1.9338306764695083,34.215218792039664
-0.94226308453763163,2.61696893857538,57.373853309474043
2.345681069517191,4.1438603944088328,158.5148980207972
0.36816771265840842,2.9459664023712042,66.89216393867197
3.5753203651792713,-4.610118538762972,325.84896253875411
0.0041736023982039683,-0.73582399437303803,179.38829910791947
-4.0049770444714774,3.6234038108189814,79.56352075813345
-2.3393288802164589,4.8739350296151862,208.24577044573735
1.2497540178562865,4.8546802127954685,338.47737976903676
-2.8595639603534808,0.0012550300004807724,105.17261666106918
3.5791826684707253,-1.3376382356043259,2.8855711438805538
3.0577343120291065,3.1570468581132616,38.567163170727724
1.3826960515191828,0.59040459404361911,99.971182168773112
-1.0671224019599324,4.5933787292197614,197.58363921780622
-1.7139175879856983,-3.1539076118787603,127.32831771429855
-3.9005498926589119,-3.0322411529266127,4.3078908209251345
2.6113667390853426,-0.25555441946977808,38.372059717779464
-3.7436132559918041,-0.058728092433092627,124.08854493475225
0.47124842632872266,3.3263283156576477,76.098943469141147
-0.2581429124961474,-0.86000660959124708,181.57480223487661
-4.9133793453299104,-2.4846821348947987,146.50797844801519
-2.7041072531202284,0.41500185679532642,101.56798353780555
-4.1188841108545811,0.96165769591048544,151.90109107261057
1.8421947246392154,-2.4193822326371928,100.99854358776577
-3.5959237045890902,-2.4098139825705744,23.161423416327818
-1.3000127868307225,1.1841152428169677,113.61026478512815
-0.1524789532657973,0.78412524632444303,146.6301637353109
-1.7523066318628326,1.7758392612974188,69.212033018603719
-0.79089215766390986,2.8502384258742168,56.72522262952738
-1.0705589995900637,4.0845132981903607,107.46428950393187
1.8519197104830196,4.5510320211420012,251.34879225014774
2.9886242375381409,0.99243861565201996,10.316448841407217
4.7375299793944041,-0.80560602279915461,115.78275761757554
-4.456159389074017,2.8596036401524536,148.03785757431692
-0.23641961865772387,-3.8310188146771935,273.66215522593825
-0.61996870830784001,-3.6397747107832554,234.89109974710442
-0.48492802733393781,0.51997069674279928,157.00729993857823
1.8060741393644095,-1.1498861207593567,93.986195977328691
-1.0214431952818037,-3.6307142091192599,211.24880011729189
1.0545659466356208,0.40497512402931513,123.35061076294161
-4.8480684596026178,-3.0603063414862319,95.342234874166209
-4.2503453339299284,-0.94066379511553322,144.9563551147466
-1.3819483149594762,-3.9786637550578074,226.2656701520815
-3.3487878827651136,-4.6138955988666481,139.02280993109594
-4.6469024295048103,4.9073586394257394,394.91873691878976
-2.1375167492387499,0.89966620799221353,99.953439005723283
-0.88114379779228891,3.2968810210634825,56.909057787565679
-2.1010031831042992,2.5489853873776021,23.074888398890703
1.2594502439578479,2.1752440545300846,53.414280893129963
4.8922039860353905,-2.258749382550814,122.91866404097216
3.3352487248713185,-1.6613222938336998,3.1823061058272906
2.0874680516045006,1.0083804483814216,46.919530334356196
-2.5914759047411513,0.59769142139312237,98.861938019323432
-2.2922438533553482,0.60185022255279108,106.20360826044558
-3.1340775667827012,-1.6779265823401621,61.716281821803769
-4.701214544353137,-1.7457019148262831,162.41663212495661
3.1824885062562043,-2.2276748955205514,10.917619328407145
3.124517353008418,1.0616717663659596,7.5842265193591372
-4.8356299321457037,-2.8378630683985913,105.42044571457572
2.6249974112342738,0.72185155493348852,26.328206133508488
-2.0929694166986041,-0.25161981435186043,128.74670267584011
-0.81210156553829194,4.5862668134079563,207.9255505968919
-2.1227916556365418,4.8019242475222708,197.06560477494168
-3.2488651632428369,-3.4953399511980403,19.40042986691714
1.4480823285728404,-3.6555863088203235,218.73740588175434
-4.6598174876063743,-0.63605391112353438,228.24368005666122
4.9791497058373562,-2.6873912223698286,150.36352417367061
-0.52483875948652692,-3.7870716073711344,257.05947439409977
-1.2072546080610405,-4.3427813480074429,306.27770109437625
-0.62298339807956893,-4.0039609549507507,284.32971928651398
-1.5202589831354829,3.5872668971193526,44.932827786644751
1.308291561481008,-4.3457467415477806,359.96575107727608
4.8300770675344147,0.33993242116560296,164.73861031332663
-0.26703194381479811,-3.8468635012059367,275.03798189556869
-1.6271608825035946,-2.0390516195686104,127.95697382202209
-1.1143249847649432,1.1030075216328985,122.4919956052604
-3.4323381873978738,-1.7169483534762757,56.892742083843942
4.1585728603546439,-4.0025721519335828,178.93956730313766
-2.1916719010691694,4.8871476306130184,217.58533162843997
0.9692190572411743,-3.237542396715603,196.65148397436761
2.3465204643768365,-4.8572814077051181,465.85810475940872
-4.4030233149913238,3.6324007580880195,147.66552177428221
-1.9246556158897277,0.89868430546643641,106.80786786248882
-2.8251037123936888,-1.8005854101972081,66.562204769694532
-2.5401887526455265,-0.38759459458825596,112.52591077243883
0.59543845955858643,2.5358482444908024,65.76636412332445
3.8848873265882631,-4.8844171551914721,430.87528689862978
-0.8383244728290844,-0.49873681902222167,174.15432912716989
-0.25226741721077772,2.9095606932518052,65.901564253552635
4.5538386566916813,3.2790661874363174,238.42112793422308
1.3556336998174148,3.7701824949882869,102.51782344317857
-0.97776201624766479,-2.2345458149252662,159.66987182015217
4.5156794225288763,3.1942006456441909,217.97309558985557
0.18414920524209233,-1.0020687229321896,177.01276326745841
4.3945506867923143,2.0224421445068828,109.00695896804585
-0.069124200452456819,0.028701999575195813,170.22542800163063
0.073031332641848579,-0.65706070673891759,177.9508864335757
4.8419964835736131,0.045223016989542231,160.65207766400289
0.57431163724378642,-3.6490883609183102,252.51531997393693
1.9224656186070543,-3.0375400533599937,124.16521252347751
4.5462609329903394,4.1659301602799026,413.43794437916222
-1.2956631754297292,0.41189443560319816,145.40871609979826
-4.0890804906626723,3.6089279690492724,90.785016102288225
3.5983541668310792,-3.8729622096451091,138.22291318935535
-3.2780185204252041,-3.5270831600622214,18.976615265943018
-3.5016095791317867,-4.2799580775427586,70.209082286859854
2.2971805844859823,0.45581686725937676,47.948289221094605
2.6740121864866904,2.6680056494756377,9.1930555003148999
-0.0096245713090503671,-1.455847495323463,179.05922645903806
-1.6996071439377136,-3.0136627508405711,123.91193645086135
2.0835541430070545,2.355084457122504,18.918856783968863
0.26620109004092285,-2.2126193722890393,176.08442464727486
-3.3075952288648343,-4.989435729689137,238.27180435120411
2.301967086119328,-0.53881427965507811,58.362553328799791
0.96747580208067596,-1.6191899544752753,148.12990975157854
-1.073772946906935,3.1391133066440773,48.165223847951907
0.68740278294877477,2.9210941098235192,62.786326508832737
2.2178829636596777,-1.9748943976566062,65.675120313930094
-1.6856144925264078,-3.5031772645099597,148.86343061013366
-0.34325854745800832,-0.82520988675532791,181.4488979995653
-3.2734281155539842,4.8074131584777984,185.26415363913017
2.1233485343937675,-4.4111936419878379,331.50043084493126
2.4286976969526339,1.696371563682197,14.462774329259005
-0.71146363871861151,-2.2436152958471429,169.41207611738824
-4.3434682065375387,-1.5869551871150072,117.30419454274271
-4.7383610441375943,3.3996739017005417,220.60676838906198
1.8731202320826421,-3.9109903771316947,233.42284474223902
-4.7239047607436042,3.1067211550655642,212.28797225041708
-4.187972849725619,4.5874098005211756,220.94733973176699
-1.0590042048843413,3.5498523124375723,60.685736201487956
-3.304337707292949,-3.4808958285362133,15.97403610931072
-4.3429753167018017,-1.8394459172068682,99.616619484097541
-3.8150111940393532,-0.96555846972350245,104.36955472823541
-2.8711424661388332,-3.5659844778922096,48.068937764662266
-0.16856354160527953,0.20412391262277474,166.7309073817901
1.5251311154769134,4.2275592169753686,173.46584445767576
-1.1617208248131465,-0.91595473370688207,165.27058683384428
4.7794064651883197,3.4347066853764439,325.11153752958961
-2.0858608212032967,4.8895901459237319,222.7947038084427
-1.6698210276650292,-3.4158326236865557,144.18801481006574
1.4363056685827491,3.030347181330125,47.988257741026395
-3.0934823656777626,-3.0814982060227418,20.714352336812041
-2.4186494915734347,-1.9721029845986604,81.301188994999663
-0.58661953236854725,-0.94200145400282942,179.39078477890754
-2.7285119359428753,2.1485110269716969,28.115597048154694
-0.26893588617509678,2.1034344634525244,85.958370901026314
4.7170526437356148,3.0092086555297364,249.2069913219845
-1.8513183701413318,-3.3873730290733857,127.00146545281977
4.2415755102737922,3.4104538435218821,186.91553234642763
-0.97267337466021875,4.9833617770391978,310.01120508938584
-0.9550386034372913,-3.5982991055454647,212.23931213360882
-2.78701631235116,-2.7837897285860556,40.347757119667321
1.9800672642222494,-2.9202430111670981,112.29680074214761
2.4060893498906761,-4.0887556645828464,233.47218143550919
-1.7699683980040719,-2.7026392930031351,113.87005721475278
1.2955606824078147,4.0339830749751222,139.65295936156232
0.013436485450783131,-0.90594792865852902,179.76465640554318
4.5959813437291039,2.0965856224906947,153.28604076492738
-3.1196240595575251,4.3528918122120484,87.451236781281821
3.5350087656722238,-3.4476839832053385,74.730178697021273
1.7475223365629162,-0.0073531352649709447,90.846415215514085
3.1557707361625429,0.32560215329018583,14.486185703892616
2.6348983682486784,-1.0738253940855969,36.645504683151991
1.7414015135466361,-1.942311003116552,100.41304036494485
2.4567490024740612,-3.2464963931714328,103.37642873086583
-3.6850245229396759,3.9201336539507654,64.169100616939431
3.0625419746531151,-2.0161847802429005,13.244192137166932
-3.8524151621014298,0.069459766311579685,132.96271759371365
-2.7411330739514201,-3.0258018968936051,42.749024471366631
-2.0508226147752673,-4.8204820196309859,336.14809296622519
-3.5873257787573998,-3.1929496280496297,1.9070674303952668
4.5376306762370593,-2.2379870045144372,60.536668636758584
4.9459519251263089,4.0032203186085678,500.25840106146455
4.1477465666547921,-3.2945420888209851,72.491860137674394
1.4185639610581156,2.2497160041349797,45.670731335197281
4.4400431356723864,-2.3652498404094646,49.514299781750822
-1.216238545837363,-2.4392946100894566,148.17811732095353
2.6776343139720771,-3.1494208023125916,80.036798478064242
2.052740529066245,1.7531753058792443,28.842415675714648
3.3687927541827882,1.1374029543651059,7.6727020638514123
-0.88413121294459707,1.6262941136997711,101.27302186897822
-1.8182282205299574,-4.6635300019479846,319.9019287186984
1.0578622792930936,-2.8095782022785221,164.85764354690289
-4.2302013554677504,-2.4981865884331644,44.221248214854342
3.0518205214517682,4.4439404578640467,257.25757954885808
3.0385799070115844,3.2949503872762715,49.879392311809902
-2.1756218950938071,0.80389482840493542,102.59214357770438
-2.3062362888211507,-2.0846436522412839,84.916011575549675
1.6043808836157938,-3.2148341260081903,159.90718289323459
-1.178656431778152,-1.5491683164726782,157.93796742995556
-3.0849203051447964,0.10634858915225109,103.3735276423381
0.18958217814793343,4.8799514274627835,326.13564819263036
-0.51285646214355651,-0.40292019878673102,178.12736079484128
0.15698937801991697,1.0803811401432668,130.12505502930983
3.6094207403846248,-4.7604497796834364,378.84984283787696
3.4812405180365307,-0.40646488868172526,11.754026212704527
3.3926476607333438,3.0068359225995565,41.893747478779595
-1.8487471647874845,-4.0320643231959057,189.77985222554628
4.8170089821025854,4.0237807331973503,459.5461229562967
-0.95111319423328666,0.40267718922545903,154.61652382936833
1.7264618630987494,-1.6460989850194965,99.994070622867824
4.9397221599940586,4.2553823655241736,569.28106223770612
1.1064960839131928,-0.43517998496173416,136.79839540642021
-2.415302913376367,-0.86857234923581927,111.43075590391918
-0.00092884119769998108,3.0089524285781408,68.071085806105657
2.9994968207333441,-4.6417165070048423,351.98054852922178
-0.65694092755834621,3.4229553005058246,67.538807368826156
4.6766008639267618,-2.5067831634968716,85.639415993098368
-0.47051247658156381,-0.060312410745273937,173.23663327064835
4.4440606224700616,-2.004028477793327,47.635901584949067
-2.5265955018811743,4.488161335075727,112.73704164918556
4.0547582503980717,4.1392751478280072,293.09238153151807
-3.3839343775042749,0.43867696531433786,104.65815523984716
-4.453408426235808,3.5543815471171918,154.83634011102967
-4.5562181639596151,0.2961705398783181,232.63546663804669
3.6449656324635438,0.90334639048147025,16.617011116391378
-0.31805079857422847,-3.1105292463506551,201.81958850353908
1.8404257031777398,3.5748941601540292,74.373831969436935
-1.9546637483127483,-0.23076105693392002,134.14400607092256
-4.8610525560889455,-3.1039344978585213,95.700662218525494
-4.50533585253664,-4.2279008084110519,66.280896133047193
3.3031082069123041,-3.813462297099083,132.86003093252302
-0.83690063151658034,4.3705720957553176,162.05356104314026
-4.6496222899218118,1.6426727903024823,230.47315938701695
-1.3089040225917787,1.8681929245649522,78.255730089132896
2.3425855518458194,1.2045364738203768,28.838448558676028
-1.9322036481785263,-2.0910218489660624,108.3569432198199
-0.52820386809622555,1.1593370589700536,129.66901657759738
4.8077766588995132,4.4941219350293284,600.03024552470333
-1.1924490740425369,4.3501902601293079,142.50019495347189
2.1170984719486485,-4.0106303379637618,236.34032470764018
-3.2425002158184943,-2.6540042528744516,20.092910746728982
-3.1586967601843994,-1.8983355110384448,51.500342140679095
3.6633876931584819,-1.6884296973284862,0.77181287939470034
-0.59117262827779538,2.500385434280151,68.218188688125835
2.2575673039052857,4.742930340282193,316.51409589328387
-1.3218989451118919,-1.6716191356230152,149.8924298451287
-4.084282771801278,-0.31842038908585479,149.3850827693982
0.54248868629710589,3.9262701743851931,126.20805825926537
4.0416291140484137,4.6016090475530635,430.57004895344744
-0.58156426402120953,-2.5666113319056252,175.9785930091208
-1.403100985324274,1.8521836958428448,76.265741152175153
2.6612641530094638,3.3908496855667263,51.530624324092827
-0.58217993762235931,-4.810315756212975,481.38260356992339
1.5368679584796041,4.5259455558480628,242.54127218296452
-2.3622870756114573,-0.36573241376243448,118.63577682623858
3.0839567743731156,0.83341373128903751,10.807904867813599
-2.9495053223826146,4.5357695886551035,117.85980616299557
3.5709323376789968,-0.73050476679610821,9.4260666947642164
0.054554116918784423,-4.1624965016911277,337.57479072509523
-2.7472456723154508,4.7749120476488063,172.11718469205073
3.1745761504996377,2.1653033643270048,2.2906056612958001
4.5187633367409106,2.8942773680472298,186.38042518167723
4.9384263391004701,-0.030998294188412601,182.65708098169466
-0.51964150203342907,-2.1688810738700521,174.30801194950004
-1.6876511450612828,4.8197114765008777,222.57185878471128
-0.87228331009124993,-1.8051719473457601,166.35066396958092
2.3334513809426758,2.7731179399744796,16.881259211686761
-3.0032066830698905,3.4810578929840155,6.7222777939422933
4.2491710121938286,-3.2299896159865065,73.647364383494562
-0.26138556531897539,1.6715117542240758,105.70863796677666
-2.1198699110521213,2.042327452738089,44.416035198884721
-4.4977694694715336,-0.99617847781509372,178.15805267441584
1.6449417256478993,-3.9117974108206148,247.93037285790825
-0.1007027187859233,4.1070996972743714,142.77770512750851
3.3843045739241493,-0.26862271076527655,12.590842415089698
-3.8762681153778402,4.7319364103793475,209.28606298119956
0.043967946478833397,0.81167920762588963,143.41733273280607
4.8632236627029748,3.5315861674903886,368.69322831325866
4.6853361304628987,-1.0221741699234066,100.2213342563428
4.9007512556628061,0.94495780059193368,196.40156663785928
4.3953574454178561,2.8809034055624778,157.87416951185662
-1.9554288316238164,1.1742810692514478,93.427451429868242
4.3007227466662208,-2.4720575117754922,36.882488388128955
1.1920892578942208,-3.9772298464053231,283.97832476063871
-1.9084279035950491,-3.317034153599951,118.34032273897496
-0.1610596154659234,-4.17579882270286,335.1192465742489
3.9435118769211481,-3.029099976130853,39.758703700714143
1.0123097305053825,0.72018057802435198,115.5662128474801
0.19042877561611604,-0.40047357560621855,173.35703542117534
0.65729110064844498,-2.2642244717027453,166.1438214725259
-3.5911688793716525,-1.8677711681935176,50.447748100583524
-3.1442793858929052,2.5432706100728613,15.557596506656067
1.1317780198221241,-0.189223211293581,132.19152596480151
-2.5875299783333632,2.8111503241791294,5.0697597340705389
-3.9533225113754424,4.5655550777938174,182.36670967264013
4.550290417357937,-2.2307927982865836,62.250258138196081
2.003541447746203,-4.0259233520982551,246.95850931347576
4.6259351223599126,1.1197471329847533,133.94280634516483
2.4134267829070044,-3.469844796851639,130.29069004993187
4.4944826099323762,-1.1042774640655066,67.200802074997966
-0.91534309086871701,4.1441996045349576,121.94564754076472
-4.5951197731138356,1.5153076841247746,221.7376830170009
2.2754986857245161,-3.4023936002601474,132.03828937529522
-0.45255182662968529,-3.8366699106429314,266.90785098906866
4.743665448046249,-1.2192282382769486,106.33545585306405
0.49631021305660461,1.7670419682174909,92.19246258257499
-0.48714309792759547,4.8886192625866247,303.8405875205101
-3.3699541203858092,4.4199372207628329,106.82877594751903
0.76737459917986506,-3.825928907601484,273.33984062144083
1.9919825067933736,-1.4223372515261303,80.385985807735068
-2.2564601653817866,-1.2272967119273082,110.98363519540118
3.4496319613929902,-4.3916153529659079,259.81074790075132
2.6736331673278482,-2.7640350612875171,54.747195601286037
0.072993830258373471,4.5222706425553021,224.78854154004054
-3.1787625794356349,0.42758072453004026,100.1376815107763
2.5763960751858983,-2.493354343873154,50.214005020730234
3.9552424329672196,-3.2661184777839258,60.005057803848665
-4.138377211393979,1.6819371311374063,130.01367720082777
4.484333283505169,-0.21984091405561035,85.109255296582205
-2.2285104847552422,-4.1691112983784935,170.56925438499798
-0.10308209576856875,-0.8884845046163905,180.94604666168101
2.1490920995787155,-2.3832809038097058,77.50712643787034
2.6953436459051545,1.4301525202718608,10.41741462648401
2.5952438513791796,0.60880221935964585,29.639748914078876
-3.0305150960343674,4.4368614449484696,100.09238664434686
0.20009716183132742,-3.8682845885247565,286.52324124125818
-1.5817473875073325,3.9730794739102073,72.367628301274991
2.5941400504209087,0.067224643717054278,37.038798274581339
1.6570189374820057,1.9312702727785478,42.582893663591598
-3.8432829369983539,2.2196989656376456,70.888014662506436
-1.3098801739648991,-2.2506977535273225,143.57927939885488
3.4826014829062366,1.2372753691934468,9.5433286907367734
1.2975527811929783,-0.31019052590925789,124.10021726656998
-1.8215194633588148,-1.1704680130417939,133.8925847264054
1.4759269380604287,1.6362556471472169,59.733675189465053
4.1844141705499265,2.6936398787845226,104.40908295512266
4.8853314070085467,-1.0390192517492935,140.95987230208394
2.3392393310631601,-4.7629805811289438,430.81212142654789
0.62134618388360341,-0.7986357433886857,163.20381599560835
3.8238244156442498,2.1158126595304516,34.60955261634215
-3.8410550707724775,-0.72176821147291204,115.69721703498016
0.62388058283409364,-4.6520208337321876,465.97854837551387
-2.5028124714924731,-3.4664307024235441,73.595541092534887
4.2595556224875715,1.6866344362275134,77.987698054204216
1.2871209224235782,0.80847997912816894,98.439390883326524
-4.5507506391225725,-4.3476019333737828,82.78375484843346
-0.51767155055158032,-4.656827736211719,437.5593105084173
1.9659218877619731,-3.8169702163896941,210.8686867836438
3.7287402056362833,-4.6786981424963123,349.81685762269683
4.3788224104902422,4.5644448438904988,493.98276976241044
0.7475940280201403,-2.978824710952404,186.96405648958182
0.53853515360591775,-0.79960352088831144,166.36734766904897
-2.4860456043656063,-2.1671876635112648,71.752692626130198
4.0235779259561806,0.66344283091917156,40.685829735067401
2.4449016901991971,0.0093353186020683765,45.879502894211512
2.3295326957836124,0.4963878116708651,45.347171994398678
4.5995128194842927,-1.9116512818740046,69.533665378806816
4.800550643964085,3.2928391399120596,309.96542828971997
-0.74841268899340374,0.12307249439172452,166.23988577141256
-2.3371040199464508,-3.1750447649018643,76.469433391057905
3.7047844243289454,-3.7735491108641299,120.87970458828684
2.170748467261018,-4.9769058113277467,524.51190429690826
4.0771037223590696,-4.1262684719677623,201.1396466364076
-4.1332560595225436,2.1956117396365862,108.39697862032617
2.2312008473894593,-1.0774466931978486,63.415489676205503
-3.3517566083958199,0.53685668246845886,101.86950774440838
-0.32229202062251527,-2.9218343574032972,192.41187699065279
-2.07699761015169,0.25382177443045251,122.6004139749767
2.3861695166820631,1.9843384864827227,11.49201965598362
1.5455055512366123,-0.52533319927465527,110.29718762710829
-2.2764839006333712,-0.89961200253838403,116.81439336967507
-1.5491318158958123,1.9273110070245316,67.900719074295679
-2.0662377305706321,-4.3674559555962169,223.33696118160941
-0.76348636360448552,1.8048873618708026,94.47285589811051
-3.8643977927130448,-2.5412149654940559,21.356991028062509
1.8041022517757508,0.57325650857485044,75.127352772058046
3.8905284733750527,3.5936755543881542,155.88982015654304
-1.1238762645450477,-4.9346428011417167,478.56402576257369
0.89612930092681253,-3.5411433398368923,230.15512042734076
1.1433680384586307,-0.97341708923539194,137.86543276991677
-0.56071178622001749,-2.665656102878982,178.46311603607873
0.77984951865936036,-3.6217781214646276,243.9516960208172
-0.96292565158582555,3.5270921328628528,62.893541301261322
0.68634773355289358,-4.4845578063485565,415.77866348939182
4.1387625184491696,1.1994340199309974,55.734929192107685
-2.9900030148965744,3.6300979680460905,12.626424586693572
2.1577002872822559,2.1080837125399352,18.104407287598423
1.1133956929674182,-2.4405904105848193,148.86783048560844
0.65970142509145457,3.1524878172484563,67.887030091906325
0.083364609102893006,-4.6365549351314197,456.89030512626778
3.0540711754897654,2.5133845244493971,6.329296919937657
2.5670321634776077,-2.6015185989689877,54.618146989855973
-4.2494864524796965,4.577242318786471,229.50423003684318
-1.2327403425375065,2.3822533741986049,56.92435826299792
-1.0993216498351801,-0.022334484512772868,161.90211958569915
-3.3680975645241116,4.9693163454457796,233.46668087421011
3.5650974779824764,0.082863465898684652,14.965504623632096
-2.0049169671381453,2.8038408834302118,18.750225363181237
-0.39582887342241602,-2.2924873834417898,177.13043707856795
0.98815854481900001,-1.9840214249002308,148.48929806009306
4.5764836888655012,-4.1045552685363189,242.14915435311121
0.52098768772798998,-1.2371717006441827,167.66586382845469
1.8259501820411783,-0.24890238226497097,88.777730715347914
4.0714223955104742,2.8701447783005865,99.532585887300698
-3.5800984425226652,-0.66595488647318657,104.07585714307019
-1.3075885998579495,-2.4153587814057165,143.13923670374757
-0.80450662363585046,1.3398026144311412,117.34688070138657
-2.4098323462005085,2.9227395952633914,5.9051840247602554
-0.64803554142453912,-1.1937356147491078,177.34813885004985
3.2500553958898433,3.1042864481141876,41.766315836664454
-3.524560622222384,3.8304771526211461,44.799917874257105
2.8818912785981023,4.0359437178527706,149.9256686621041
1.0944502275395553,0.49861546711487925,118.55717286493629
-2.0937093121556205,-1.1950442041202773,119.77946488813834
-2.3706928287663938,1.2859680686018642,76.311351083419865
2.8507000564875948,-4.8212995987282721,423.85316266985228
-4.9716979982577998,2.7320847989587849,290.91483510296189
-2.2812263064626705,-4.9565195782292957,349.27433453523042
1.640351267411404,0.37605751865751191,90.165425619137139
-4.8085457105924343,2.6341633530520028,241.46191979075661
0.83617941711780475,3.8709524841223271,119.14337350214785
1.4469375727268279,-4.7577377640706899,478.53698734950046
-1.5567550368824379,-1.4246281166571908,142.62704498267834
-2.2128653443151092,-2.0678393961771002,91.139362192307601
2.7809034301083591,4.9291588490976181,405.87060480667361
1.2025036566394878,4.2181587655396555,172.35987126728838
2.5163960394759579,2.002736184208926,7.3257034863361792
-1.0195906061176156,4.4619183319664053,171.58496913965479
4.0480851936633329,-4.1286633065655183,200.22270629228998
2.3670806157088942,2.1586000950738313,10.487485842373431
3.692090152291458,3.1421897686083167,76.440926712168789
-4.295292108384138,-4.3297519770066177,65.257298954613077
1.2656766888042608,-3.6356868270895952,225.88731228808095
-3.1697962150590637,-1.8537483775801054,53.213276452779311
-0.49311045874614656,-0.48792126633103372,179.08035584888614
4.2894411040624032,-3.7927643959822634,149.30115222492469
-3.6227629875529876,2.1470654623212262,54.400157208518394
-1.0469387875673548,0.31040673959186371,155.24730564689037
-1.9268512088319465,2.5527605738086665,28.22471301974479
3.9058727870501269,1.9405391241421501,38.846141256054658
4.9886376288192142,-4.0599356996082943,305.99202182454638
1.6676022689739707,0.61167510846415674,82.457210023922244
0.2359903441550335,-2.2673604007102388,177.18260634671935
-1.1676357005437712,-1.5574495804247368,158.27775661957088
4.0198731157005057,1.3513447923390052,43.721238048139995
-4.8679803622231734,-0.69121712926170353,273.8810512363126
2.421066293545179,2.7944132247066111,15.926134896473643
-0.51092917836909191,2.8558311945774193,62.559405796162096
0.64270356766698988,4.2561784105871396,178.32332118615273
4.4122389000939872,-4.1349362652366537,229.3124261834015
3.2743408416130411,4.2825793803848899,229.62428170509222
3.5336989490156316,4.4427777864808267,299.93971840110828
-3.7884877165032966,-0.7482390349140875,111.40769124523469
-2.6661915514318841,-4.1941275692795772,128.17405203265048
1.0715113488134298,1.7580020953032625,73.564365806374141
-2.8820262106223882,3.9947794770922407,38.612876953881454
-1.4669027668532477,-3.5877029619844607,174.05305798858484
-4.9762709961195553,-1.4633174529862596,248.01560157792707
0.30033889506163902,-4.2394994992647925,356.59736741423671
-0.20997339901405976,-2.9109761536051431,193.8877766945669
-0.98378416061133933,-0.47442246162279123,170.58600026216169
4.4909446242013047,-4.5224709391165101,343.56230275749328
-2.3771082346335026,-0.76256626914282144,114.71819475314513
-2.7052474150052714,-4.8159663832817259,254.14308003694475
3.1253387162216999,-0.75241481892054907,14.885317931121099
-2.2685771930038072,3.2176349091527463,8.1244391271984497
-0.99034804376565955,0.37956421769971715,154.48688021576811
-4.9969065208121721,-1.6171072774770314,240.59059659365161
4.6305131090709537,-3.9218525702050941,211.80536895193623
-1.0436055636130974,-1.4165989521845757,164.75554149306765
-2.3789514485424608,-1.5386917276717202,96.483955670913559
1.2146860320868216,-3.1554720151952824,178.18564472460946
-3.924579109263326,-0.038865498510173069,138.35317278017848
2.6858626141642095,4.7586012371767232,336.94001541584771
0.84488544611139105,-3.3577122443055236,212.36084249559178
2.4398815347763279,-1.0963652071807655,49.0175146276639
-1.4087014934200175,-1.3639531903192093,150.61496373604729
2.6397171183343096,-2.2512027888571988,39.978041211803721
3.8913730981946451,-2.6142865172184799,16.218391946040036
3.6550278862524888,-4.5711994370856939,312.9266301905509
-4.9156164856342777,-4.3766238273336588,129.61172318847923
-4.1994071674345355,-1.7278955769748756,91.546123875337813
1.6280707025390466,-3.4128325712812266,177.73164158714258
3.0244156146635763,-3.222425428210872,66.827150954582848
-4.6761516872303925,-0.39166093223462362,242.49389140153693
1.9389668377753235,4.2836287839149101,185.32524229517466
-0.19134787228153449,-1.3719499159245068,180.34706857445846
0.19284283644503741,-2.1558579737085903,176.76264574827351
1.8394374878852204,-2.3875387408385191,100.37154652184731
3.7237230124635339,-0.45398262382927612,15.244358673575057
-3.3411373170695589,3.0694003896848994,11.295946209944871
1.6517199465585115,0.26428262240991884,91.982547760868826
-1.1324139933874018,-1.0589261180067195,165.28972154779413
-3.2148297662519933,2.9530858838898846,7.4683091171660134
-2.9806273606445286,0.15845650406173561,102.94378705590229
-4.5601422118909891,-4.9877794159406665,200.47221060149843
0.54351513765155435,-0.47041820790976274,163.75845133306527
1.2369085881943214,-2.2071898539163963,137.15269919493414
-3.1806825787379669,3.9373916923441747,37.655361083811698
2.9210013958403538,-2.9981437010960481,53.98279762610585
1.6379386939029157,4.1559867124116501,159.16734919513576
-4.8539530030199654,2.682465136526428,254.05902750417374
-2.3581960668696311,1.4085005415142779,70.624840222129961
1.1883088912607782,-4.031178166066363,294.44647793237596
0.38661832559790632,-3.5520477322156196,243.47808831469152
1.8978829599054894,2.9644339414304248,33.241629591686348
2.4344051975087622,4.9179850912201104,385.00719462881472
-4.3336316311544811,-1.0054901783656538,152.45541034368551
-0.59217757953953942,4.8698800114364467,293.37097804041099
2.8201360062681635,1.6564416120644125,3.9954711505939984
-1.8314703567381221,-0.3808192115206257,139.87963579598539
3.797340189470086,-3.2898066934477685,58.083860772597269
2.5209490891683277,1.1000618659345553,23.25108365435667
-4.3545119026266388,3.4430546213752002,130.32022706870609
0.55040761575953301,1.0427425390712717,121.95973156271378
-0.67001945235703619,-2.7804695760225653,177.73377232190307
-4.7986667806204046,-1.7754741572621047,179.85745343789389
-4.0591477350335641,-4.0126836447321166,27.569914030897692
4.1289809051113568,-3.1684846499177741,59.678571428258728
1.6840674448202009,0.058327747213771097,93.923554122068651
-2.8923507931653765,4.7981419438958692,177.07423249686161
3.0067083961378565,3.7573520903941855,105.73507511031566
1.123034844823561,-0.87408181725380274,138.77532445889645
-3.8242076287029967,-1.5321582213450413,76.232584664192743
3.4449696821507878,0.74396664437481519,11.607109733546743
1.7925973088105689,0.39506068766189539,80.150710026528444
0.22934139880798643,0.50486986726119554,151.5016820358544
-2.7929931336261964,1.9591978787847752,36.994087429129586
-4.6684358191106714,-3.5311458897056935,53.394194973449238
4.9861613464707872,-3.0796044487384062,172.05861427481079
-2.4022815435969198,-4.6863230052933114,256.05155626342372
-3.9052239583547301,-4.3228922692604463,60.567427168160236
-4.5522557441540208,3.3505267312747868,171.02437096048089
-3.2405461780571891,3.5649351727423593,15.49290731881514
-4.4513610383371107,4.97113768156966,365.89709076129384
2.5268437971919546,-2.9179177996292207,73.076153817809711
-0.06466291118783829,1.125894500084371,131.02089675810345
4.3010844576770388,0.71755197319089525,72.28711608147168
2.9594438068319224,-4.6301205415644198,349.8934281873228
-2.841166203079426,-1.7438394243270237,68.066565296320988
-2.4556983921747015,-2.7911663708688668,63.001167613981181
-4.3719236364088729,2.8133357404283208,131.35176880860254
3.021127547551556,-0.21730537168133957,19.826369961990732
-0.86314217616397571,2.7443825663310886,56.519054248291077
-3.8028300272711335,1.5062190094155348,97.50984191505583
-1.1792873608029613,3.6650142429749035,62.928761769008872
4.9345500618628773,-1.1209592505539905,150.19848209872131
0.40467201773726647,-3.7065313956169694,262.51533660418499
2.8247549048227079,-2.9607861593481983,56.856260219301895
4.271633985757715,-1.1685861111319791,38.802524811410528
-0.53481682243830964,1.1076347978790686,132.07207888618913
3.9927171365609677,3.5129684939058752,158.60024157808624
-4.4337101157635797,-4.9671568736647593,188.89019946724125
3.2886752813019875,1.1426567568423316,6.7050454719031807
3.5964582872060262,0.12874436768308772,15.728570465478757
-3.7751622501890152,4.0481063730715068,84.783940466564061
-4.8814843576836875,-3.5660217571341661,86.497989238670925
1.9308692813260011,-1.7526709786639039,85.429170491687032
1.2506563147624759,-3.8964375236341784,266.72938177450146
-4.4755220220297218,-1.8332495081396125,117.64615040802286
-1.7907359540869616,-1.8213321461088712,122.39951321541415
0.093516520039416129,3.6957213593470968,98.812593616282768
1.9127320243235051,-0.4916139150445229,84.836669201447535
3.7431569639547053,-4.8528973259578416,415.22883771233023
0.82389912525985043,-4.155876378034268,332.68908918477052
0.75565821544458434,-2.1744446189456133,161.14498620292426
3.6900267229797219,3.0804725690908246,70.637403758767135
3.5579560621006863,-3.2100077448358264,49.493961561098459
-3.8854860871997645,4.0149824857722383,93.205313557226447
-0.26021730911489449,-1.5369857954504114,179.47210863725311
4.8386147949041831,-1.5179081482422947,118.70579719814457
-3.3473575831772093,3.5688577207398922,19.949687934478462
-4.0140360137144597,2.4559551314021499,82.104804460485809
1.1698892285221731,-1.2148630871485238,136.59975606882153
4.5093272421837653,3.8584378932077321,327.72365775606022
-3.6800412581123685,4.5323736856175909,147.32306085145845
2.0881279077777801,-4.4330078561003852,339.86370282752148
-3.4372121355656322,4.5139482367405765,127.16569666924084
1.8280498941085011,-3.4084014548319779,164.01166344723902
1.5991903250888111,-1.842383067639481,109.80645588651367
-4.4546064869076547,4.2817837965927534,219.59512122154513
-0.60110035107034943,-0.9131779903263606,179.24046655138898
0.41750485636941637,1.7961029876086201,92.799590124619044
-3.9673380731719181,-0.19292008480436085,140.1413780983525
4.3988522044245464,0.15135235615940701,78.918626640767712
-3.3207787020612165,0.70247969031159307,97.108818969408688
-1.4452843171337628,4.8851972231685679,253.98063842929264
2.1377966578298295,-1.5114253467470262,69.708500366504438
-3.3762992110762573,-4.5917450865582907,132.233276830568
-1.7757712240158123,-0.07399844631380148,139.65454125230164
3.3237153544185585,-1.8307701234178611,3.286879752424515
-1.5909300428027078,-2.9941731759965569,131.54298330092982
2.4585670506446764,-0.80917875322226518,48.337069169004408
4.8576619704850863,1.7265132159264063,205.86268682457467
2.3433112707323502,-3.1425189549288568,102.08212875369503
-2.2559214782706523,3.315455298492644,9.7507243569068329
1.9219199919851278,-4.3168509985799197,318.89143328595242
-2.7954789267747588,4.1237375249779102,52.8609086389921
0.061952515973036526,-0.63786514352766766,178.00683888785801
3.4017826862718952,-3.2456813431325715,55.259188690805843
-4.0649713221276018,3.274968466070419,77.536998789271166
-2.6706214532636663,-3.1226494465966645,48.872569574120917
4.4455815549934172,3.4657962689827553,238.98923876890757
-2.1185190584701195,-0.85954411746348036,124.55727111678436
1.4337402113958122,0.12501108036913866,108.59094280267006
-4.4774106517865757,2.0687690893477564,175.37042467732567
-4.3394769651147858,-4.7245945763084087,130.26141497211006
-4.2975903132917752,-0.37623226603664772,174.76858108584514
3.3853381708512611,0.14833445331028372,13.277893757719369
3.8131671693097609,1.2525548877349308,25.588646726067331
-4.5357411458780881,0.69316939242857512,227.61187586392288
-3.1506468099831095,1.2750160933145391,72.715936257511856
3.3271226324515339,1.3744156731789232,5.267752746633688
-2.059558264703071,-3.2620008828955136,102.90467193447951
0.81959339421018562,2.6206459963641837,59.87990607973007
-2.459980915717793,1.8579106979523594,45.649555945590521
2.4987620444791157,-1.9350695918671441,45.345592362155756
3.6489870362595394,-3.0772739490807672,38.01818974728787
-1.1243995606444308,-2.4047023268724752,152.87404758000827
0.12319625149333291,1.0154402270903109,133.56061844111147
4.8136738786254458,1.8845269448904105,199.43420327630216
-1.8861581411895525,2.5932238717933753,28.186007109016586
4.9703050047831603,-2.1051414757560516,140.30118469615152
-0.50440558595511931,0.65062507293979088,152.04988654360415
0.65165125872231577,1.8558913738963954,84.462278476405146
-2.3883349223087302,-3.9155476887047427,120.17133743606827
-4.5130298402559008,-0.81738709140750032,190.71540983606673
-1.302699271823053,-2.6308293301590688,144.32404268652539
-2.6695039315085118,-2.0500602657500657,64.976943698650672
-1.6839006264651597,4.9199468606257799,251.45874072646114
-0.72015836390326449,-4.3467385725549299,344.73064218957865
-2.9193184379318367,1.9511703811533003,37.636738559050997
0.033559467548523791,3.1443190632167592,70.222192348374207
4.2936064138971322,2.6515135545954003,120.43699109776908
1.1706490522598099,-4.1119243735439346,311.56370208758091
-4.0702124695381983,2.7353474734574679,81.797188395432698
1.173750179826607,-1.7267551372889169,136.89284985212808
2.2831484028057778,-2.1146069126676359,62.499246657548653
-1.4409962136174799,1.0575640563420388,115.49322296543345
-0.051013019021687533,-0.79111337552814209,180.25157924056302
0.93545749026292846,4.6706761542361637,277.83247525325822
2.0142863032320992,4.9976427160513506,403.41190297123143
-2.6508544753595844,-2.8399323581255933,48.929896054724082
-3.8301112475981069,-3.3948298477115255,0.5582715828457705
1.2097690835863864,-2.5382625709310744,146.2247115591388
0.73276732695332569,1.7025902609780523,88.091937734794271
0.96376839616974941,0.67263313276746839,119.51090911203057
-2.0981165860431443,-3.6756451805684232,125.01382818992141
2.7014534656746907,2.8540591751661184,15.519490768020676
2.2646221671476576,-4.9723917551781733,517.16188612631163
0.065670500817375022,0.82030879209511109,142.74374731001575
-1.5731149837160965,4.7167501296058596,201.50026722406332
-1.8435891530344994,-4.3491215206622655,244.24013958402827
0.94595416777862162,4.3922206469157778,207.87069733788644
2.9763902234775479,-3.4525918645577023,93.648549629853591
2.3157699342244769,3.1375290221246512,32.872540714825874
2.1468495844208011,4.3540724810159954,203.09451537072619
0.90010250973488226,-0.99524771517878641,151.21139712715672
4.1163789929040746,-3.9508324577058804,165.91224636314465
1.0324310755358734,-4.6703348620163307,464.33598551424592
3.3322880028387249,-0.9695989501871578,8.1887599388860739
-0.23510245447678901,2.3389713693261918,77.17183593860176
4.3039763832504256,-4.0226361183155728,194.12184515046229
-0.48009123303831469,4.1616185052933172,140.46973713375777
-1.8648662258872002,-2.7527624747579669,107.23316742088208
4.6666585267189653,-1.9128824092573766,80.342709265503117
-4.9044043731080924,-4.9771188708413572,230.79041189847862
4.9238732277689863,3.8036924610621963,444.2022200426378
3.287000344047879,1.3845731586123211,4.6390497498779641
2.8949348383973899,-0.28445638293459297,24.625885791093104
4.9580024952637132,-0.13750893125222063,184.84154794454454
-4.1972331494007014,-4.9256631153676409,173.55206785665845
2.3625489501272243,0.61763842540655123,41.160264441475981
3.4229543580893349,0.080853393496393089,13.384488315973634
0.65673115906096768,0.17482985061929313,147.88284743832926
-1.9369380385939783,-0.21618977370382897,134.75383156106707
4.1230278202660688,-0.9823212733886697,28.826470970701866
0.34779515879470146,-3.4467758698660558,232.56155964015156
0.2063096165674958,-1.3043908615662341,176.28346596968339
4.1702222525491592,-1.2115158146404106,28.679567960454538
-0.30792574090601121,-0.34202423851277963,178.20933459110981
2.2739701070888998,-4.0374154832324241,231.32087619342934
-2.6988789065147896,-2.252392320529899,57.01858231498295
-1.2397182502067561,2.3955959890487772,56.203785245101876
-4.4137282901617709,-2.2986638499479768,75.79658884781378
2.504912473771288,1.495899438791108,15.525491194290904
-2.152181655909394,4.5627416255618538,139.36494678895883
-2.5811070687186195,-0.59176218146885251,109.51140292235996
-1.9800388731272465,-2.8353300811488982,99.188158178421062
-3.5992017298940802,2.4916671281055871,39.045301852335399
-2.3446338807011182,-0.19899570000831712,119.09291099444221
-0.32502743469168038,4.1427975504699415,142.3647664152453
-1.5550694210600331,-1.8596853152847483,134.99950015887021
-2.7936726912883607,2.0829035415030717,30.996681705105814
1.7893620553258982,0.52309205074482357,77.301048566015595
2.6323693599412312,1.5974416768993382,9.4138367658882558
-1.7057124767604703,0.17607284859384986,137.88947655289923
2.3575314619385228,-0.72651091767067832,54.981435234315178
-1.5872851927650156,0.63669121949317731,128.46938242245034
1.2164200173582875,-4.3800912873180975,372.82490970168777
-2.9174349006851052,-3.6714984094158201,50.637648811937147
1.2418256228211089,-2.3011304668603847,138.48841529666862
4.24380110778214,3.7533487671561989,244.2476634908914
-1.3809933574710791,1.9175621207156954,73.611996556749105
2.3652000192017439,-3.6822209621019408,162.22955534362188
2.8393700007844966,-2.7264909287312209,42.799540996456287
-4.4871202337962357,3.9646608922691566,189.48629328030208
3.4661644516322614,-0.95017125928985458,6.9263262682621143
3.685432837353396,2.2620390820409417,26.716855482277026
-1.3662603846874735,-0.81991482554455253,158.26477052015605
-2.8478841235789014,-2.0031470325536227,57.98910689432762
2.2470483786830648,1.0011426115592634,38.566335399064513
2.230609788307822,3.9555061228328121,122.58150354428129
-4.1088459355442835,2.528199258503939,92.992397815244885
2.7662133875436332,2.3487329436742783,2.6441343269200845
3.2213818019464071,4.7250435782761731,360.83596610357677
-0.75350973121300591,-1.0169336793831834,176.23293060233138
-4.2524846221775237,2.7412739939091315,110.50055703301261
1.5049461417824874,1.6080643244172474,59.258512146174262
-3.8310474563269481,2.8056246853666593,50.782189714308288
0.81084750725971766,-4.4722429049618597,410.24331991244321
-2.8626440195877798,-2.6577097581755273,37.679787909411417
-4.055911803450817,0.76802313028184521,148.20729211542454
-0.67567034403405923,-4.971387588257417,531.03913912641133
-0.067096192105119634,-2.0698907792729635,178.44751845483123
3.3512949563448089,-3.8578157629326473,139.35609899011993
-0.92248948107845319,-0.54271470393462895,172.4986693885335
-1.1518897786830746,4.585954037141807,191.75038360712952
0.49968087052725352,1.1319181977380381,119.75243394344234
-2.5222313974881656,-3.0669388592095661,59.384940822678232
-1.5076470005893707,4.3276362828896282,123.81892932544631
-0.743677400278421,3.8264535343092945,91.414252381260837
3.8498890035974682,-3.8245103223017352,131.71621673100671
2.1305693852064076,1.7475468851671287,25.509646466129265
-3.8448711552213606,2.5415700146081877,59.231413311399258
-0.96718985910143207,-3.5341009050928838,205.3777656622218
0.68909385521600797,-3.3293851956136988,214.73825376397446
3.6739691396844147,1.8256350758556907,18.694293841207759
-2.2322126133125932,3.8478780208165535,35.775022480086584
-1.0346418946615565,-3.8480701610553449,235.69544159011798
3.2261153605465367,1.8405003553837158,1.7076427625514556
4.1625152655635684,-0.14670059517765743,46.119984094849769
4.5110555958204905,-1.568877860261547,60.54074844825859
-4.9706472839188427,-1.5633920188235444,238.22863772333437
-4.2293752060433505,-3.2748658606524019,13.306603922243555
-3.9569449207064062,4.7771256228465031,229.76464438655682
4.9636398682726064,-4.1365643864880832,317.52171160199049
-0.40803645545677103,3.4329563375267309,73.92760530565144
-4.4592103330263066,-4.7480975948710515,139.99240685306987
-3.3352967055691121,-1.8629954071782096,50.145370724455667
-4.5369265925335531,-4.1650700884060887,63.127934121755771
3.3808754149144864,-1.4518046225295951,3.3277272071695565
2.9005034418961548,-0.68880288287797953,23.872374059577169
-0.70577232259020306,-1.0403364057082114,177.09327264071197
0.71189903807265864,-4.4634157543463893,409.58573739090707
-4.6056423970579576,-3.4165336807355295,46.182069767668516
3.5094883753556605,1.7541684199271881,9.5999612207150697
-1.7451779605650595,-4.667569694500318,329.38138944471615
-0.80257429264083147,1.4560694667948679,111.49660861423584
0.17620146191578989,-2.7003102690453868,187.06766844119991
2.2848140761604396,-1.9266848435944484,60.393358124876158
-0.0046126169336986322,3.786130196379192,105.77099176574066
-2.5635492185996815,2.601520798914164,11.152409208003668
0.97061381222165366,4.6074205086637061,260.71552574147404
4.3386128863758113,-0.72414233810840667,54.968546698853352
-3.6116786791849438,4.5540373359023434,146.10486143834652
1.1362310616861917,-4.1293156191697502,316.65807344159998
4.6268343199142041,3.7835967906811785,344.01179695934366
1.2829030711943004,-2.1647265307534052,133.74781665093298
-0.24474561607099865,3.5779401229070746,85.08063963686125
-1.2332914964404611,-1.4386229409081199,157.1849673463434
1.5333833564483452,2.0772551311019534,44.510600510935099
1.2439359917633492,-2.9852614961256783,164.65955947116726
-4.5729011970162663,-0.42267725848585691,219.86516262192083
-0.69700835001162265,-3.8028064882392392,250.73222839392315
3.6773442381814316,0.46825122951176645,18.57782038573211
-4.7887671842442554,2.9908140043150429,230.78625877182256
-2.2507598062549734,1.2464750940784963,81.218369711034583
2.2801723361530977,4.6514235912159148,287.4692369538393
-1.0531021251507902,1.3352034618334212,112.51832872661335
1.830815823691724,4.2632964101428925,180.62634331098056
-0.71946947753122714,2.3813373005297587,69.82380870630459
-2.8515032140827157,-3.3407075495862948,40.272610819219857
3.7994975676321587,-4.4982798910527357,291.28587431577557
2.8294200266251837,2.3832840486744891,2.6519192846134949
2.2716250859952316,0.84977272656028546,40.949697509721346
4.8319512350846168,-0.96145276120951007,131.19451077819534
2.66692245585919,-2.9264051675151452,64.329050992005165
-2.8451031397126867,-2.4325362124928884,43.921604577157929
-4.4684652915470249,2.3144857433625958,164.62794014449494
-0.88031342173214799,-2.6747309288116243,166.93156532204958
-1.9754245300411006,-4.4689217548967122,254.69512484431061
-2.3254221130368489,2.5314338236723799,17.880021924327437
-4.7637349715298107,-0.095684670482044432,272.67182358832252
-4.9105457392550287,-0.67349728007663501,286.01429703741633
1.662365099033182,4.3694662400540221,204.14330709761617
1.4282540527106233,3.0151739695419799,47.729109083066788
-3.0059180873667213,1.5647613645823455,57.274654901017563
-2.3017086257517763,3.8643961939114249,35.095019486434744
-3.2491903515042351,-1.4815308224562824,68.57395527162889
3.202918855392392,1.3900688854077501,3.8983274414844602
-2.8586516273037779,-3.6999011732443936,57.288568379846858
-1.0184260318603258,1.71342899193764,93.884952756131639
-4.9894488661090097,2.0373104812174088,315.27278973782484
3.9708205382872563,4.4020800969263423,351.3736965743625
1.7838069326269368,4.9770761663362268,390.47273993547947
2.0153890600744475,-2.6353959840520904,95.498221499598529
-3.2755860831503152,4.4206432525019554,103.09142667200713
-1.4916973922149785,-2.9044810532809868,136.40961540351648
0.45442591237618579,0.65143264151687319,140.33067826215517
-1.9572428246516695,-3.1721586218510556,108.16550210169068
-3.1310813276521614,1.1053515967827598,79.383532439454726
3.6314528245074253,-1.2294212783668055,4.3665291232411478
3.2063223045785385,-2.1272200975497375,8.6387277145176498
-3.8825710041250989,-0.54628792183257335,124.47130601643705
-4.4247386521885232,-1.5529010542284816,130.5948415671692
-4.6035323637050354,-1.2698514044376874,179.43411671580728
1.9511949134363782,2.6845222994357858,24.981251875378742
1.051832822869617,3.8710878153222605,117.94137465760961
1.3366900625623632,0.41442571049848986,107.57672432311841
-1.3990127092769526,4.9129929171092108,264.75496799209418
0.86085379439751897,3.4258218873208452,78.019010270075853
-0.65598718430466363,-3.9729377857075989,277.55616258638076
-0.23984950082902667,-0.033748326502383463,172.87634786386985
-1.7843446952500255,-3.7818158898382936,164.95794831849625
-4.0027071952794024,3.3027973186069808,69.305551706418171
0.46291339547716426,4.1226893767928523,153.79660439523587
-0.98856261275209345,-3.5004259645083553,201.06139696415454
4.4531509561376481,-0.49264645513236704,74.829793232513865
-0.27840806750897062,-0.64382689679235483,180.89271671543224
3.0974121106319057,0.28783277834502208,15.840798453782019
1.4595681033236261,0.50005166949764401,98.038482457612588
-1.3422372975288739,0.57877582137360761,138.41405056673312
-2.4891681592299402,-2.1770894006479393,71.293468249252925
3.4234763165841819,-0.15479666162011707,12.940364197750974
2.03864699055271,2.0761722795705753,23.155024445689676
2.2413319383656454,0.79443217766693852,43.889745754907551
3.1175108805298795,-2.9167731944878148,39.013691820150456
3.9483584449813254,-3.575137580307298,95.701261923340439
1.8941256494461172,-2.5149199874866093,100.03529360250259
0.42055635888203469,-2.2400774642078147,173.08572224164314
4.9574102539408837,0.35625782801690153,197.77527139605724
0.30234384313991924,-1.8770640332855928,173.5489995533606
-3.9644915598909494,0.86931206246093851,135.42839691150178
-2.1884106026623531,4.9114827521806212,224.72026816159058
-4.3189028190753991,-3.1931734409466488,21.149463251059274
3.9445662832710084,4.1371284455957085,273.32793424108291
-0.72733879856641082,-0.30068623720756449,174.35140397064851
-1.2693789757956959,1.0918780497051657,118.92336824219772
-2.7356451951864624,1.9155560669599758,39.362082410386421
-4.4674092740544191,2.9199836169924609,149.73055020276738
-1.6842817094077174,1.7603308223879521,72.194672588613486
3.5687409870820552,1.170097888339539,12.697274733130754
-3.2700053039704748,4.1097727978161771,58.287991683298969
-1.2051872641526136,-3.5553214708555796,191.35487091268541
1.1480420985041402,-2.6817407730443272,154.65706843656014
0.85944725320795978,-1.2918084653115347,153.47232908995278
-1.3634388475200314,2.8484160181890612,39.659529990462154
-1.3934164141374845,-2.3968269520142176,138.23728921386814
-1.1277820908725475,1.5276532041296704,100.81855711292354
3.0738295197932324,3.1108860986021263,35.510543417474018
1.4298750891206016,1.0314625601858882,83.095619162672619
3.2624349964963528,1.9134195234552953,2.4297782286810912
-1.2604618466604371,3.530810420254614,52.271189330318563
0.59055876297787879,-3.8068561507233269,274.36679595570132
-0.84126523564362721,-0.1915592017869967,170.82205120107528
2.7156518931698068,1.9608821018299398,2.9630451433045799
0.36235739744664031,-1.9813535342685835,172.47809906442291
-3.8016138301007061,-2.7494194606427209,11.006546843714522
4.9467028007733802,2.7877155295925817,297.00525958370037
2.9941131266792809,-3.3600153478508594,82.163262317408964
-4.9491164414030466,-0.57010880135719333,302.14011763491726
4.1818249381024,4.3249806802159387,369.31894991126194
-3.892743922727691,-2.5500862983336554,21.841169336413888
-2.5070376123095275,-4.1661040104266513,140.48263347405646
-3.5945262612019633,-2.4264278358962899,22.411448828091277
-3.1532603859278305,3.8358576286956012,28.520889262126893
4.3771585289331441,1.0220027197110468,86.791495217703684
-2.598012225450967,-4.0431794036208704,114.33522058145175
1.3710328278981372,1.1690884593898225,81.387615015016891
-2.8105445282416222,1.9893728027505597,35.492269209428414
-4.5299368978604244,1.5838131583515436,204.68892856736795
-2.6055672797194789,3.7799610503646992,22.111975666287503
-1.2016937629590343,-4.9821582489535796,487.58735353591328
4.2398451670757744,3.3544702762947836,178.84397781559511
3.1424823021326116,-3.1852298943040855,58.1175049806508
-0.54096889084329725,2.9955490345196942,61.523527708599879
3.8852638684629852,3.9328342476061131,217.03354181316982
0.21305478796048938,3.6513214607867042,96.177674171190162
4.5882590125607905,-2.0945485846462315,67.225131685949165
2.3249241579383364,3.5899499078056341,71.466991999821929
1.1575496709642099,-4.5215399314353597,414.33300445406576
-0.41132567565000588,0.054068105506754449,171.02261634798151
-4.3098681333158506,-2.425518694630922,55.966148069757402
-3.2329753089493698,-0.48510172282491215,101.02006999066766
0.75884905152896387,2.7894217700847115,60.659792886880155
2.5938662128388703,0.94612288593535077,23.387532093104916
-2.7816380962277503,2.9142794358752937,1.7817749142832855
-0.72246671366695914,1.3020313341387526,120.52608118020683
2.6784491674986013,0.74503773711041532,23.678067520925271
0.057466293077185426,-0.22737785651417664,173.46345009049037
-0.80873850129177871,-0.33248334633016974,173.29094913720368
-0.044470799947603723,-4.2724184077938014,358.83002030034771
1.6157518596922662,2.3785078978890315,36.204731042995761
-4.5046861823643072,-4.1122860885295012,56.058597324491913
4.0973168977373469,-2.0724984579113404,15.744236684780589
0.38338478364567941,3.1744427148657266,70.935351199400628
4.6400646211129644,-0.46632987168079154,105.87166122282707
3.092461749642105,4.6871876449540331,336.80849706286079
1.7014825949646752,-1.2657809387795171,101.47348124445136
2.1430122769988023,4.4172134550068307,218.7240156342902
2.7656928146374931,-3.8394532364428549,162.10082538830503
-4.6841841110479416,-3.2816372927884037,59.512033968850318
-3.560311284214146,1.7729221449512664,66.906552430078563
1.9159557860563501,-2.4956393709225768,97.834896296058488
3.3637705263337363,3.9808001797986527,167.55078980286839
4.1154393844914932,-0.19001027730007714,41.139772747573652
4.2341874324184055,-0.28903989295953636,51.274912921763153
-3.6021798523620312,3.5370944904696024,34.034636931505631
-0.29412839557372639,-4.5491121064255911,418.65985783644896
-0.9264628971415636,-0.89264099098334526,172.58792163566406
4.0061889805156987,0.68510355306714033,39.259071287964929
-3.7708603709030086,4.581218154112646,165.23040211166222
2.4150469709686915,-1.623168059451741,49.917412487520338
-4.2450772914351216,-2.112350650793001,70.101503580622747
-1.6708513256351774,-0.96871492577353546,144.00746296631152
-2.9624593743426244,3.9811247169530706,37.743597537566387
4.4672672192613714,4.345497657355903,444.28519389951367
-2.5927593601814296,2.7170796432513526,7.3203704777764944
4.4563438315618669,1.7700485035506741,113.32409010164008
0.66277982733662988,2.5631195991817748,64.015650620712549
-4.0324692936487319,-2.0533405121578396,56.74927968838098
4.6194531471011899,-1.3673689618555427,80.757363379795436
-1.6792759262665684,4.4044814731618729,129.17706779570972
-4.3840392891661146,1.7239856331255377,169.63915983288629
3.7948889004376323,3.5580284266698925,137.81732936829164
1.2847749497621086,-0.55048249113905001,127.29859398423167
-0.78744205701605363,-1.6099471817803668,170.75062117853122
-0.39146130356542841,4.6667749229867166,245.18736612479063
-1.0417830678801847,-3.7763388757283054,226.11958491223783
3.1862097821206703,4.9680919119423077,452.45416379329708
0.52511643815048004,-1.6000509335740185,167.21349785827681
-3.4696631371792437,3.7987321651182313,39.086585263077446
-4.9684754110037312,1.44531974540857,326.55424720141883
1.6344269581475421,-4.8619548109383421,507.8956979200151
-1.262056323568395,-4.4676164419494757,329.34336545782924
2.0394293966401547,2.5360421139214679,20.693979848340831
3.6758753217190918,-4.2342437535501496,216.26304925822316
1.6893055403014223,-1.7064396048202886,102.8294707731406
-2.3935916908979982,1.900925782331722,44.764747376337183
-4.4942709459078314,3.4778223259977548,161.04959456296697
4.5338635496481583,-0.51429260319012915,86.59821902659499
1.1305564246837534,2.1522465224635017,58.829636318056032
2.3757798531763044,0.072513675929331001,49.246550847058302
-2.1303178857333815,-2.163240963907815,94.199182668821152
-1.6639258685353586,-3.1097628354092866,129.63429923903715
-1.6563842280296885,-0.0038854176892879622,143.16489781510421
2.4459780337693022,3.5239934926677279,64.080128922723489
-3.2379408173306796,-0.16393299959382901,104.72783935407519
-3.5680497012564505,2.5706233067502806,34.184948061929894
-3.8689630723214017,0.86451821769436243,125.8078985203957
-3.4059041914806767,1.4047753653112407,75.127090543721025
3.9722006624278361,3.8618852634436234,215.93966824658878
-2.3834885771966579,-4.4707390656997443,208.283866047853
-2.5535540873913067,4.4741766526664879,109.51002805644103
2.7542816567133119,3.4766104980370987,61.48681241998559
1.7436038538083558,4.3059065555145484,189.82748696914132
4.0112302729722131,-3.9209473439356772,154.75628025811591
-2.0757882426998338,-0.82057431152198657,127.02639809669402
-0.20216802995834104,1.1649163424510771,130.09222130669121
2.8769032056454193,0.031256069689061583,24.239661486146939
2.7273487791125426,-2.5919991925594581,43.848376709154259
-4.7488275819631864,0.34107830075349899,276.74506714214073
-2.4644204497986264,-4.0948961483392869,134.73279008829257
0.31321508743070847,2.0490714179177587,84.563106555116477
4.989179186456731,2.8385941853262873,316.47347881757139
0.87972393840360041,-4.7270145448648124,486.82605502701597
2.0215826282343921,3.7394295851194741,91.161358662632892
-0.69202532479334966,3.7169347686435792,83.794894123440628
4.4460579081932146,-2.247867185083126,48.749536354351015
0.32359606453546697,-1.8514651266931779,173.03228139605557
0.85144758693615596,-2.5865300662747823,165.7132222863786
2.2631190836498858,-3.3114477624563019,123.24933344618847
2.3840190686344984,-2.2241834089603651,56.970766883925201
4.3686560791770557,-3.4965381462988514,113.10859789160538
2.2264288155369822,4.3752387459247295,209.25374439362349
2.5791015634451284,1.0738485967970774,21.399781697341037
4.8749901300239387,-3.1487633134224167,153.16161221417332
3.3129487863550988,2.7587746390127954,22.873065766511818
-1.9190324061736179,2.3257539615320884,37.235082291940365
-4.9502864570148928,3.7088976415235297,299.59015877487769
3.3587579672083177,-1.2430834657535721,5.3182691810542178
-1.2134893033041538,2.996930144555213,43.237586566295718
4.3315403198136586,0.18011023160980333,70.029553057990412
0.55458536258714375,1.5959387124622957,97.943723918162561
-0.041935228771827759,1.5226589897622649,112.09759376550646
3.9750258931777687,-3.5339126179528235,91.164130777265029
4.4766251109397359,3.0518855397366362,192.3305268536669
-4.8291959995080465,-0.91827332291208918,250.71677078361466
-3.9150993579366182,-0.67856238587136897,122.61817444381249
-3.5737664763831041,4.4907839620133547,131.2528703501643
0.82764302082723695,3.1009489495190099,63.900515001708769
-0.60961029870308714,4.378358433428156,172.70584254755676
-1.4811841288438217,4.5735968641112308,172.58315111839246
2.1567389575889182,0.087326021052739122,62.585380312215733
1.4317740918643409,-1.5445507326695589,120.26494915410923
-3.5168093016217616,3.7268942653348667,37.334081615775162
0.028784485066236876,-3.8995720146309392,289.7951340434854
0.97835817111896972,0.93434498384321163,109.47273833062434
0.8404776062601016,-0.29882661257120624,149.04707847161851
-2.3611132820437639,2.9764649620057781,6.2478021142983735
4.5513808519152512,-1.2221300676233557,73.042046874047713
3.0934540621681244,0.67961869844133549,12.429598323339173
-1.0583906400095202,4.3591309578949087,150.24097168084495
1.0156395066917225,-1.5417417170226546,145.49840497694998
2.3567667223279312,0.77653944882749659,38.123974822298763
1.6496466150122107,-0.22948841719719493,100.45419529012867
3.5019958339314901,-3.0437009225331284,36.41546267299875
-4.9238828631740734,-4.5172725195092527,148.1087241674324
-2.3096905081377157,-2.3324918802989192,78.935643957637609
2.184674633095983,-3.1900990548594712,117.43014109823663
-0.31916000214671492,0.71942837275162397,149.86763597941916
3.1957272370345819,-1.3520827970754019,8.4822246629989007
1.3126062796043421,1.8517190151344476,60.236718962844101
1.3832841250463721,-4.6235767652082504,436.36801290763748
0.06218560906989623,-4.2121048755501107,348.01719664492947
1.2331847544191499,-3.0041115238906029,166.4481709595471
-4.3279649287197595,-2.4803255560243143,54.362986101760342
-0.35494903389506849,2.8449874569965434,65.011349791892727
0.8245098607122987,2.0836343363485357,71.204144235760708
-1.0645334184548183,-3.7461527549141467,220.94210551783166
-0.0071369587038336846,-0.71331707480418149,179.42871069454145
4.6918192222529989,0.12692114093042228,129.35517061876686
0.40721929238228238,-1.7808833896462311,170.84448312116029
-1.8012900357748753,3.4390417755295069,27.785524225452207
3.7798438584428897,0.77353050098332066,23.363561737158346
1.9843104939592386,-4.8261483445548903,475.35308782071729
-3.5364793846281617,4.904046351506592,223.70383219942096
-1.0007215988384117,-4.3507748565891253,325.33585905360673
-3.9251520216753999,3.7677024829676284,77.518503800095473
-2.6472890502340296,-3.0465804629419244,49.673343860462758
-4.8508409815471518,2.2689841958310764,263.95361518030734
4.2329084365220684,-4.4819590667956408,305.94430913204042
-0.86803346137037085,3.9427335155713603,98.675778801472205
-3.5895388231517469,0.50787101282046088,112.46690135396983
-2.1982974935795041,-2.438545257272855,84.637978270155088
-4.8915115060804277,3.4506102623623054,268.22257601028087
1.1715558839656737,-0.059930848683841909,127.77438525547583
2.0205758436300254,3.6099254457633307,75.775468972803196
-1.6222371761082712,2.8796382350016101,30.234766648175984
-1.8244537470725475,1.1524275534758761,98.692071820446529
2.5288689482950799,-4.4649466153774586,321.4150858378685
1.0665978088702586,-3.5964706752418794,230.15715768786197
-0.77209725560133258,-2.6043902193537622,170.19333866002191
-1.9539746458318428,2.0706315549529215,47.901759734600915
-2.0003462220499109,-2.4434532400834934,98.332840374407169
1.4635168915026862,2.9275420421403586,44.377007961358515
-3.0318801561241302,-0.36695980766901481,102.68413381167858
-3.6258598521139671,-4.6959160257961905,137.0458505800265
-3.5580006321335742,-3.1633253273299244,2.5658988863822105
-1.613903732598021,-2.746480453613414,125.28610327978792
-3.5515962433867454,-3.9986966245694173,35.259170433820742
4.1247577241684255,3.4148886138218284,166.09458964939188
1.5760676615168698,-1.8944640264460504,111.7449834767053
1.4530399147371389,4.3832032534908478,207.04545775425277
0.79537585017157664,-1.1376522795513466,156.47745232133673
1.9590091192762404,-3.6973359101365366,192.39618092340609
0.91169796919659074,-1.7934324503884542,151.34298973179963
2.6842428553693072,-3.6010116849908371,129.54756340807785
3.0440777718723933,-3.135119373608136,58.19706710303597
-4.6409305358201678,0.089501910562139742,248.27364458041336
3.0919724400193918,0.53352784985912916,13.950010310282293
-4.2168796535150364,0.34927392455776118,173.95264935129322
-0.18112325735509138,2.0154955740410285,89.860453757606706
2.7062720560625877,1.8740908908417957,3.8579662822775722
3.2195734519200219,1.2926567672779363,4.8832147423975583
3.9865393567954204,-0.83765020154611403,21.786206907954963
0.40056773852256278,-2.4912879694568786,177.8655040274592
-3.7015160785098722,-4.6805400573433893,129.49077505540558
4.3928721791231986,1.8197798385133535,102.85210934988847
1.8348025881113692,2.3990494074372402,27.747851402505756
2.6486904818038965,-2.7230550751210374,54.376849875886492
1.9243398898189357,1.1554620091233838,51.70930336672896
1.564144791356,1.7736831768377375,51.208909358780261
0.3408412449051399,-1.7095525747608722,172.55531078501474
-1.9964671603256261,-0.41619589287543945,133.05928531421105
-3.5529716289607753,2.8651986071118536,25.641880468333692
-2.3344056941787859,-2.8633423517110281,72.083346024154977
-0.4016076095767378,-4.4450569985924995,386.28714774776722
3.4359006847105498,4.2208231650673955,228.36114967688212
2.6579361276939508,0.71284490184175819,25.08361575575012
-1.5327798388395362,-0.76864068735237723,151.79673938819258
1.5070673139466342,3.573497271707879,79.530613464756087
3.1895718813637171,-0.32448033619767092,15.053124888611261
3.3386085143919182,-2.8163694170854061,25.366790685695797
0.6353950754695834,3.6131051145088851,93.519713448632075
1.646010566919486,-1.0939260527121579,105.35352280289337
3.0293447046439166,0.39818745232820785,16.56241418239528
1.5060547301907121,-2.0981874943672651,118.48010195459794
-1.8699074107354678,1.3674600819360379,86.64977125709639
-2.1845747365591306,3.275625075104907,11.10182483974968
2.871251898851428,-1.3092359519208401,22.355963561973059
2.747590029658145,-4.3361189824063802,272.32378336230067
-3.1590991365726935,4.0923101647392102,52.83899100739572
-2.0173325905886075,1.3571720033495085,82.547132652792016
3.698902196080482,-3.4239151444646714,71.482339704495544
0.78925650763292143,-4.3326955477429472,374.16878857097282
-1.6047665308978272,-3.4739864365811215,153.57733507989803
-3.5411411382069167,-2.0172527892911951,42.11268884153656
3.1090878771240007,3.1555369933758541,40.121995937804598
1.4695859556667976,-2.1007290625422108,120.95496580769587
-2.2082140754950048,4.8002167725039353,193.12772349708186
2.169268999690698,-2.5305316598254941,80.351046704871266
-1.2619597836706049,2.2901827099551486,59.758027912212427
-1.3479130994890651,-1.4266032895111214,152.41683157494134
-0.44952917962790906,4.0695221717755334,128.29048027373963
-2.6093238459485475,1.5093242713013657,60.941119292375696
4.5684464487352976,1.8067193128056349,137.05554867402518
0.3310280039810678,3.7137462507611794,102.24091583179022
2.9516863027780262,1.1361362531536869,8.9295999266173869
-4.7195465752899457,-0.13522869420360184,260.99437710227329
3.6173828186086237,-2.0791210834801541,0.88387949945494737
-1.2475346771126588,2.0125707675415789,72.836640545995721
-0.36607440136956804,4.0969014824958787,134.52921058487584
3.2386589340295142,4.3268340971483461,238.36607091190291
3.5366144644060693,-3.2739790092613017,55.762996479680673
4.1026594506399245,-1.0450943633682948,26.171142469579454
-0.29390061907010789,0.32318945753615225,163.84545016932518
-1.9332548454689973,-1.7159847764680922,116.47759232690142
-2.6344467215592462,3.3036166590306113,2.2086048764553809
0.055321932292264897,-3.3015785380235187,220.0955185228253
2.6623427891720866,2.7118960123195226,10.540699942615698
0.70240118458593326,0.85719807871670994,124.05644420704914
-0.91482799040266283,-1.0005947934358215,172.42624362312907
1.4997726625174028,4.7415468904696354,304.46283220801769
4.918000141072806,2.5328801905043905,265.88506751316771
3.7513890300794621,0.92279155539626156,21.711636914057678
3.3009046781595117,-4.9240770427284071,447.47910932795969
-4.6587518939516039,-4.707708270591981,146.28423003150201
-1.6608853151289464,-1.2442919017831002,140.56889420406947
-0.89231551270619835,1.8079457282665174,91.868034584529212
-3.865091428245838,-1.2903725884367949,91.655417833436374
2.3905514992759773,3.0840305568186199,28.873030376441555
-2.7666467289207208,4.6554691254519458,143.48618602686199
4.7571817252507635,-1.8605440999560456,96.942958061805314
0.075659203059070812,1.0823935130155649,131.33971425593219
-2.7894626996964589,-4.0402163434288552,95.386397276357513
-0.11100408527173311,2.2820660309904026,79.409770598153074
-1.9051986225241984,-4.3737047518560628,242.45183758684277
-3.7741920727097673,4.1539475574624518,96.741912787777949
-4.1753041127988713,-1.0886102934102269,128.36898922196187
2.6461896256708171,4.9569368751468392,409.66395358476785
1.1544197900152664,-4.441503465473108,391.75126851026494
2.8426289383006864,-4.6576209426209836,364.92562938163087
-0.63427186948054981,4.1041718136229086,126.98915802561797
-0.46331797250999696,0.70851457597552958,150.0023859130954
-0.43358218981203578,1.4467149749874704,116.23067174888958
-1.1389264359986164,0.44304903101522886,148.82928525835126
-4.8209641333332032,4.0220145304125232,283.47982487193076
-0.82515081109814581,-2.1600498367363881,165.71123392147388
4.3447759388848919,0.8199418241831431,79.570122719966776
-2.44668743628056,3.5013939589291194,10.200507147715072
-1.6908517813785822,4.5122228351060087,149.34080629597022
-3.9428297837146431,-1.2532824692890658,98.677873355311633
-2.2516166260800552,4.6973578353655014,165.70712175212432
-0.8217502961990375,-0.59296368571367797,174.99901472805627
-2.9372183624139492,4.8253532034459532,184.15274618552729
-2.354507173942078,-0.067706847146913773,117.93566639808901
-1.827050510989809,1.5615430811858042,78.028829741740367
2.2952711754668842,1.6325302930766936,20.963300873629272
3.1049824558302976,0.38845274055968559,14.960574587418321
1.6396586820586627,3.6241648365779238,82.409936322324143
-4.997188417005419,-4.477088123732071,154.90759768851041
-1.1696336514396748,0.0021246680250115446,159.47651332026047
4.5543640486355095,-4.001262214056073,216.95339888073528
-4.931246413656746,4.4969603855924944,386.09141480086822
2.3221064285254762,-4.7021477152112841,410.18053815179019
2.7009092628795841,-3.976506814440508,191.56796057992744
0.5064472616197726,1.7419045891762135,92.9958238112076
0.39087696260951077,2.2188169070959045,77.291767354015704
1.2450729871664787,-0.7669051728091052,131.07657821104016
2.4165333891302376,-3.5472638429165038,139.8166508006031
1.9108634589205229,2.4931229221840727,24.844725219453121
0.648439104151465,2.625387702942791,63.561116513071745
-2.5250896763883306,1.2674301383085815,73.972014778499471
2.6797666834287623,1.6102504960321458,7.861571455005854
3.1722055098842468,-0.19494933784952551,15.644065859895255
1.0895594612974691,0.65670249618004739,113.85666298247465
-2.8737565911313006,3.7305239173715936,17.324393045425833
-0.34099764768060403,3.5443184181117999,81.127705868685482
4.7451672901868598,-4.9665396061941953,545.18698903455913
0.78668313362802689,-1.3465116118578067,156.89953499300299
-4.542770773497268,-0.24639747534668022,220.01670687631463
-0.35369814409880007,-1.0364054232172544,181.31203844928649
3.9030773509126639,-4.544671841834715,308.34895420390632
-0.47769258030761019,-4.7591543541731296,471.39611014459598
4.0759723015666882,3.5180491836517014,172.7385549499075
4.458187945898441,0.31339678308048313,90.405871164518999
-4.7932547141656201,-3.9470658922909791,78.78675413905998
2.8133810811060433,0.82627517771686243,17.378559743606132
2.3216758031333598,-3.26924317325747,114.95340227512929
4.5356210607651963,2.1091312422057626,140.38199603401546
4.6525136213718437,-1.4482831238657856,84.658324614501069
4.7558036968622073,-0.050495744594891256,138.82447151950217
2.7992962560425152,2.6182817687007374,7.3451525533409701
0.25260358472213174,-4.0973156920637646,326.81997397829252
-1.208243797789557,-4.9118437424566022,462.2416488520895
-3.4083152049598642,2.5856832980542759,24.112129878000744
-3.2184618145519783,1.2652415706606952,74.652519799424056
0.3573499654632819,2.2479538281337224,76.905409111491977
-4.5649679514605772,2.30780866625134,186.46827865528354
2.4362753395098666,-0.76101182208163731,49.814238772476372
-1.5271867908552315,0.47623145519170329,135.99664586631485
-3.6173961359190074,1.9287765041813243,63.686462789531767
3.4973661821250008,4.6856626873409901,375.51950999055754
-0.48633916810618416,-2.8501157682433074,185.73537282768916
-1.9129549456074981,-2.2884462308974465,106.23134290726949
3.361629159012411,2.7818396351327852,26.313269146288498
-2.4732825165608907,-0.32719898080908916,114.87099594788387
-3.277489620980111,-4.2199437063380634,76.7599884352977
3.5841210815107889,4.0878583124846273,211.95899695884256
-0.61295763423725713,-3.8938914348891878,267.77132383578902
3.235245809830861,-3.9937944781311225,168.98336482487503
2.5187867172903964,2.4998322096515837,7.7734634220562162
-2.5315488576230747,-3.3308313518099322,65.202158320800763
-0.934594193329505,1.4691826546550679,108.31301803006745
-4.7607720848933353,4.2053613248100135,286.96404152623177
-1.280481360299448,-1.8565825413376356,149.18348893098963
0.1549504364885852,1.7398713317621359,99.882234633219383
-4.503018597041029,-2.5467120722747962,70.472211862378913
4.1044040752335818,4.8235071490241328,528.80359169865824
-2.4236592831261343,-1.2087074866752578,103.53130417566709
-4.2865690038291824,-1.9714917197306998,83.951260064977873
4.7801606447210343,-2.0290899304255778,100.04901336320556
0.62534477701222357,1.2616149061769839,110.24948637409426
1.7075157378364114,2.748093360919234,33.581550611191268
-3.1900603911438368,-0.79341329303764674,94.018682148712585
0.76188378855519012,1.1968383703675833,108.15279398103775
0.02741404444638551,-4.3234515583625281,372.13527185920907
0.79416859798151762,1.8825636053833525,79.109733749920622
0.61396413123327065,2.2155771317799067,72.867846079451269
0.43304361928987589,-4.3945855224934913,393.70050775061031
-4.9621255721664985,-3.7396042994345193,101.76595268878135
1.8746433260458719,-1.2210370231032015,89.016532504918558
3.9188679854609791,-3.711102810958554,114.71859565890784
4.8640112216969751,3.1366218164732249,308.81627886209247
2.9660409150564835,-3.2255894256899529,70.048117728475233
-4.4861002137905022,-1.6921456172492215,129.60044258485573
4.0207535077523335,-0.21517078447566007,33.117436838399421
-0.25119690573295017,-0.43425877036955729,179.18380234312011
-4.0573634367737643,-1.654664545529025,83.710537764022746
-3.3094775234655467,-3.7388144225264246,27.798543414977619
-3.6288060460831693,3.6075329229606297,39.050027471906077
3.4185651255131067,-1.8848700421370506,1.4367046875992324
4.9178293235729686,-3.6348071696186404,215.0762119146637
1.3339878086691108,-3.4867527279397401,203.61236985227094
1.3027163998968607,1.0793755263927798,88.167975439808217
-3.9202486986594276,-3.3762850920157508,1.2136836316099928
1.8958988354588033,-4.0640653203811121,261.79822376819669
-1.6393146499506002,1.6779761129931181,77.934471774850977
-4.4362872821656421,-4.7564431478793781,140.55871281132715
-4.0254223002938989,-2.3931494118169279,35.972559741405988
0.29500963153347026,3.5983554258468189,92.480765539007308
4.9761536421613766,-1.2993438744706012,155.43301167319333
0.63315116795753212,2.0563422550913959,77.551394560316325
4.9679585269555862,-4.9328529068490772,573.8577250513423
4.4877747124261944,-1.0259066644988897,67.971331605791363
0.5646754195258481,2.0602680105710727,79.118279982972652
1.1741835952204234,0.52197477282114324,113.63738341121582
-0.16490519987992602,-0.43209801724069674,178.76706835610636
-2.0557188043045271,-2.8929800470602811,93.922018444453514
-1.7853939093660607,-1.1063789726003503,136.71761031055769
-2.5479430657052786,-4.5866557114231732,214.72037486444924
0.23621850710114156,-2.8456869818605304,191.94096947862371
-4.703737074201066,-1.9333706623629281,147.94287675398547
0.38975033365964507,-0.77582299609231775,171.21571191617238
-3.2354888148709193,0.66742323638848333,95.863230710024837
-2.617356689497385,-3.8791406636116075,93.94715019931904
2.3682207161836164,0.033583172385911908,50.150533951361439
3.8254351047385917,4.1205725985277084,250.69838006691884
3.2906831838607271,0.32857572256289469,12.994459365124264
2.4499371138996162,2.8460854182931881,17.233399868700126
-4.896292751486075,0.22116687641572774,314.46442019018195
-0.52311953755443596,-1.6010366933346982,176.5639892186623
-1.8031033685118314,3.7074570887830127,40.757295334346736
4.6438133201241065,1.9111917660770681,157.33624211136635
-1.0172626952213193,4.2329694017874768,130.88339182679402
-3.9125282791331975,4.1954245273299158,117.04965206008097
-1.7801051285647866,-0.55310955295147579,142.10871925816122
2.446105597262223,2.962839110463551,22.064379215753036
-2.8885955986411278,0.90026278027483819,85.49497607933732
3.7760779245185265,1.5866533263061511,23.977150096003296
-0.43295096350047846,4.792560368719867,277.59779185413061
3.5078421140811749,2.8350369151053094,37.799081570337435
-1.3681966891294719,-1.4548006733633647,151.08086976585224
-4.6270713832087322,-4.9146434255528293,187.11355689390223
-3.3019986304729541,-4.7892393944096883,183.51198909754876
0.42804187055190734,0.20094471101557332,155.35749105620167
1.4838990714844549,-1.9999375624386007,118.89571537974244
-2.8343781589692894,-3.1272276808991464,37.134090907464696
1.8221297029221475,2.4953207058540103,27.979162321851469
-2.9737715435016323,-0.11897092662675313,104.37257990739188
3.0176361497491175,-2.3563496785586229,20.5293475592125
-2.5171784621205213,-3.5115547870872064,74.754319192758331
-4.6653906544913557,-2.769823846418221,79.884528235648503
0.1651098661889181,4.26854506343944,174.5778000918429
-2.9590467917151457,-1.3691676690095669,78.413239561374439
1.305385977450138,0.54496484506348075,105.71442749306345
2.91213312462631,2.4678311994267732,4.0119688819594295
-0.53707585720767703,-3.8189258321341986,260.79659538917997
0.82035755804931387,-1.6303115014963021,155.3801806464981
3.8126484250187502,2.3691772058336014,40.758292799395193
3.3442412633023544,2.8713349429070156,30.391900800854799
1.6636064594207713,3.0746364913625399,43.552320342437355
-1.4950610578464802,-1.6890679145023997,141.11660862352502
2.3873294011014341,-0.36202595979429475,52.150801875994098
4.3239179473036753,0.55059133317815601,73.641465372208785
0.13964884059953064,-3.6833878224117584,260.01333110060926
-2.2265134093317682,3.0260870270214966,9.104383977338804
-3.0013919248565339,1.1616476148973334,75.545426704921979
2.6450910977011466,3.3405558793254322,46.739408795813233
3.2821764381238197,4.2411576687494303,219.73224628101627
-4.7755998332159075,0.32008971820768295,283.31288521962273
1.2969044132307559,2.1372460970050788,52.852634557996758
-2.0579251513570416,2.6722921092665688,20.423845782411298
3.5004126782173497,2.0899483094723177,11.928499738926797
-4.1343343313256762,3.3608001339482243,89.394856030192543
3.9506724731066107,4.4972496631517718,377.91463442293082
4.7258758043341906,-3.4632110209916092,156.42047046270091
-4.8448271277035193,2.8994569213237487,248.11212858480479
2.6331065360604313,-3.4607135753165452,114.56940424205507
4.2256770329256241,-3.7260691849225567,133.21448426968902
3.9734982728946697,3.3340455980663091,131.41652770505016
-0.45198121070453467,3.7758225734253905,95.584911538778186
-3.887447985430736,-4.1019172591666626,35.263243093084306
-1.8563581847704076,0.28862555938468581,129.7511781580121
3.8446085262986838,-2.0474563309655727,4.0799424560897508
-1.542769695898329,-1.5423347262111333,141.26480219994454
-0.027896342977938637,1.4578638497799083,115.07230533534158
3.9383525209632975,-1.0861178665290989,15.269125738167613
-4.8848108278947207,2.2633404982048502,274.48307884172891
-3.6987492030585023,0.33210091658207119,121.19269125686493
0.544455146925932,3.3218275530458996,75.457281696062466
1.6136506056039917,-4.7902997043083984,482.25741399277638
2.7284187460808234,2.085657339494265,2.1672612494033556
1.8787010336867214,-4.5554197594422616,388.93642350445322
-3.7477158288782166,-1.7902563311088926,58.467614791745341
4.9214736886485593,-1.8068281089923759,131.68794851485876
-0.96590939721121671,-1.436693822274469,167.16689189503592
-3.0261442862829639,0.82400348225554332,88.406682544330124
-4.0422632935860037,-1.4675127744023797,94.003771386659082
-3.2257080221319576,4.6933722744599713,156.08626796983054
-0.3331017249269923,-4.0986222089447892,314.22774228551151
4.6587497200624313,-4.9936031149610915,543.13402131684779
-4.9371025667542225,-1.7084479391391927,217.43789416698553
2.2223353903754628,-3.1501232412607583,111.3262650833374
4.8667517855867004,-0.50481315566905938,151.89203185592854
-1.1680231928363041,0.00013014247010900704,159.56122959731391
1.2211810178263924,-3.8583742754681154,261.63903668387479
-0.63504711164065686,1.8709819262009617,93.232293707521805
4.0384759067861626,-3.400051116839816,77.584949789771002
3.9467612559222314,-3.5122947057118008,87.307067864322448
-0.34915470147705374,0.92489237244507905,141.23467654805941
2.866655102353489,3.4496634476215213,60.769084203755476
1.9987889834648866,-2.1540200194000159,84.015380774221242
3.2550617318214599,0.15289168613815818,13.913370245902088
3.258130771661115,3.1732538206759617,47.816095062802511
-1.5647811210945219,2.0647849646513174,60.57937552781943
4.1310644061325945,0.45765362864739512,49.62693331410749
2.0484400150433943,-1.0494600822094142,76.499152709760551
3.1642389722647764,-2.8962776534644834,35.811183738410918
0.26298217946372748,1.1102021222324945,126.74411538219178
-1.6327632202204634,-1.4573189102757906,138.23845948253134
-3.3627840838403991,-3.7863111032272418,27.884095184098207
4.7529506955536842,-1.6205022902786088,99.545282805392219
-4.1101427157253205,0.7601322974187763,155.19802367153409
-0.88664643094707962,-4.8653457495352592,476.54680912758215
3.0155128604579957,4.1328101020499926,176.45122820724154
-2.8774999501964742,-1.5717219836972429,73.285289445668454
3.3553547507741595,-4.6002599218885081,325.72312820393745
3.4190570460712468,2.4835349602321433,16.763597911003895
3.8227831503005039,1.1821888967589445,26.167413103881891
0.84804085817047614,-0.90458061745735918,153.56161845572777
-0.8654934175354283,2.8695545864494001,54.620622661411922
3.295958097476678,4.058284456440802,178.34046706218982
1.1890157271109221,2.2656926134304181,54.049608039090906
-2.2803148711328278,0.39081889739776443,112.57364918479061
-4.0237344696555786,-0.55102430469221986,136.44485682271988
-1.8267392945346965,-0.38571423498019453,140.08923604961996
-2.0951473275966559,1.2568076636603038,85.144467886696077
-1.2851468540477926,1.3913726281568186,103.62695552504032
-0.037925843721517083,-3.158976160171957,209.0865604182213
-3.009262573928182,0.02106450669817761,103.87543883987212
3.7228397996403686,-2.7367011945852298,17.759176644799147
0.807322136084208,-1.361718234263829,155.94463629807416
-4.6450564101406977,-4.3521162443455657,91.973128093590873
3.1888746777784345,2.6301700636248952,12.888124987255104
-0.41450814003317138,2.5761980918520146,68.70009018111125
0.81410749793350412,3.8420234866099214,115.72264076691314
-3.3903190195596071,-4.0615547372935179,50.007680800348339
0.93090027531555286,0.076172008524243218,137.91190842339194
-4.6826042262026206,4.8924329257493646,400.39082727756204
-2.1113450105776437,-2.739344662362682,88.731012754929665
3.8897115772132871,-3.0173523381630551,37.167219753558534
-1.7739305443617588,4.0611608922132323,73.963798612818891
4.9841981693830988,2.0733251724656139,258.51646102187465
2.2342254359851266,1.9771991328442908,16.982784445473808
-1.982248431957542,-1.9594688693910167,107.99146377134279
-1.2540192475521499,-0.047751856050603614,157.87037638239389
4.2947557694498215,-0.097347917681440244,61.254083148770512
-2.8351440345691921,-3.2836701706635218,39.905339013893027
3.8265030188353233,-3.1334416099438394,44.414243804288404
0.24849005371297395,0.2970244889473328,157.63512333356894
-1.2211811809971334,-4.2225225295443751,280.87049279893483
1.5056355365308658,-1.6745914633507111,115.55592341836805
-4.9929111305800902,-4.4764309368902175,154.08455335302037
2.3044629577880658,0.097618547276939971,53.227252124199133
-3.6041224520645088,3.4003120445583974,29.969978416351058
-1.353845499079692,-0.57538219794594614,159.28101762373785
-0.040991320926428543,-1.6277238516878159,178.70230437922407
-1.523638085480493,1.6182785388644572,84.71392061772994
0.3350063557707319,1.0430756909971128,128.02080181633914
3.9171224898132291,0.99816251985349691,32.890769929065073
1.5755366249024352,-4.6113645855385528,423.28449434402279
3.983128525896916,-3.7092924118129016,116.72649013115918
3.7395147938898567,-0.73611596595285622,12.443738274699827
-2.3799577345136673,-1.5334560769502676,96.586088564730403
1.1628274127204747,-3.6167545412579751,228.42104807193886
0.79027790339813286,2.878659622075542,60.515787631416281
4.8269622861406205,4.8631474050644261,755.8273092004822
1.2905661167406191,4.1948492944556452,167.72391989849302
2.5198105045742993,-3.3938935483540407,114.25115641845417
3.9422255226402161,1.4975239869579982,37.130032911327682
0.23288142287108826,-1.4105847534200784,175.50266670878813
-1.4015066399128182,4.8940582329134621,258.96566184657672
2.6970100234401055,0.54775295135317847,26.125786926447937
0.73983710824088433,3.3869356388988461,77.0804871294349
0.821916026350058,0.083448799841098875,142.960913849017
3.8941577203305151,-3.0967203840555704,43.180191636002
2.266734208819269,1.4614740429424184,26.110165571487286
-1.3260458298495403,4.9472339409194497,279.23431591712836
-3.5461312269512275,4.2936563958930503,96.683582616201221
-2.1772683026242259,2.3152158523424902,30.127222866197783
-0.03209136991711059,-2.824156631209874,191.96953434902079
-1.2845592025021881,-4.3315659343903157,296.96919687787187
3.469302382637256,-4.519744252664081,297.65786822857717
0.42601763465951681,-2.8441844156557958,188.96563580156311
1.0936155502382752,-4.9551108390788672,565.53237569206181
4.7909912870677012,4.5012263858969206,596.63702619399942
3.4678810215815563,-1.4099362989233555,2.5318038349876621
-1.4473459073655142,3.6454317024636662,51.108338292143827
0.15548856717137305,2.9691023124659051,67.992647187139383
0.61265582579341871,0.96668166631435781,123.01020637524276
-1.9077131114164136,-2.8274819142952494,104.63131531171581
0.37899148789572568,0.64758198131292843,142.67967417390938
3.1394552627922749,1.8459537129171055,0.69819949597237307
1.6196148309357863,-4.5166268711133375,391.82806433639087
-2.7759420949563998,-3.6884236748536869,63.413891912443567
-0.66569488434444235,-2.8000386766487022,178.43694152037659
-3.5984408048462191,-1.1211495018691626,87.947926854530039
-3.7581565362243965,0.7501255915252214,118.95440934274049
-1.7000186637001393,3.6400237877831607,40.680386158687924
-1.8886641827368478,3.371537793072676,22.638522031651569
-1.9272489184044979,-2.4108086780209992,103.72729090968112
-3.5711144507743793,-2.6323360138537604,14.037073493219847
1.569554932885266,0.96415884918817607,77.597895541408107
-0.019272140186885167,-0.63450723120053532,179.13347398155258
3.78238043528264,-0.35236242648201266,18.295844903102648
4.5082322854882211,2.5964680688957529,160.16280309863487
-0.67680213250205767,3.6474438701920775,79.197692884550193
3.9076843961475145,-4.6925004451419117,358.41910549417986
2.0589987851698517,3.7760440077554094,95.723060026131563
-4.3143740883844437,2.7765227819344247,120.95745597824791
-0.43524354820173006,2.3359685915443604,75.733190944574844
4.5270717840245904,1.9462866609940779,132.61832669070259
-3.0792047019335733,-2.7767572117110113,24.06054836608746
-1.2181053843520857,2.2858301500717193,61.237090124255715
-2.3083150257303577,3.7064854765827224,23.484411762966246
4.4992674539378097,-4.8397278181926797,457.13222149244342
2.3960160306117197,0.93776759947336608,32.5464414049856
1.621486470943343,1.8082496576607374,47.51363848068636
4.4142460463616686,-2.6618282731317415,54.162128642494935
4.0132074272051259,-4.9274831900139722,453.43634931807782
3.3543791929616926,0.3276301496286802,12.855228916004588
-1.0043623108367239,-1.1394496916431036,168.86327708254981
0.081375945102832858,3.957536586698275,125.95136253819059
-4.3308299920139612,4.8758990765573689,314.40933869425606
-0.23022440681120049,-0.50818960300583438,179.82962783908607
-3.5208984964277157,-2.8546711978297861,7.7508056404695971
-1.4094075615509434,2.1283965371557709,62.454863895428602
-2.4910733751888205,-0.67949744924629218,111.49451359105963
-3.3869738751200815,0.63451753430737767,100.91095041206393
-3.7194718333024523,2.1683614997209677,61.24080567481802
0.81560800361366592,2.1306221925111331,70.013766287651165
1.2067340196922514,0.18459772265334173,120.7628018990372
2.5539860478651031,4.8368949261302294,359.21442480061199
0.91072569971556661,-1.7738348209868371,151.32899395934965
-3.0270924961633892,-2.4834383145059875,33.56040802507291
3.6653774548968663,-4.6099221555088254,325.74060106614502
-2.088074881187989,-2.7132924415085857,90.462505489408798
0.70642814769695406,0.0035232778823699462,149.80505286347619
2.8737767433070163,4.0652060971265112,155.50444196014573
-4.8993987826043757,2.8183405819255132,266.00263881437377
0.72130572437105744,1.2075906090517421,109.20878854863467
1.0474518211423991,0.92668833754069091,106.51814962551961
2.1473229991085017,-0.20708622909668239,66.642507403158959
-4.038398090281528,-3.8559197118699422,16.777197415588791
-2.8524440840029488,0.35575023411778517,100.88197926605177
3.5510547588980454,-0.86712617371680789,7.8258574693870555
-2.3319748920999217,-4.7690909342733327,286.61777370420992
1.1638153834429694,1.7183964412007615,71.152914978536785
3.2600796173320425,0.73426383391292305,10.376294833952439
3.0524807027170073,1.4400009319889975,3.570302146840906
-3.0605468749871076,-0.4442006328949768,101.5983406887855
-4.1092088880067958,-2.7280566862697619,23.41633521095995
-1.9410024098221097,1.9529719307557203,54.158653335300777
-2.0336086933070558,3.9531974031788906,51.958267813314002
3.8764518731974213,3.6887006933586015,169.42272038498979
-1.6181816216559319,3.9049280356689096,64.000221932407939
2.3637508778890854,-2.2533084666195657,58.96201982797875
-1.7140437844507956,3.7775362305531033,49.22329630085023
-2.0468998387534372,-3.9087259032886048,153.72372638546835
1.401583033082991,-1.3744811200018319,122.12736300288023
-2.9664637618786567,3.0889848529128905,0.97044519312832678
-1.2433247612534237,0.28158964885283932,150.78716385206442
-1.2224804145797536,-1.7948889650746871,152.70827267467749
2.5073838965874877,-1.6806670139864717,43.661449199201826
-0.64694460686137845,-1.5461683259078511,174.7082087079491
-4.8399090200055586,-0.39985239012734386,281.02045745996941
2.2625867872536096,-1.9622445190379612,62.298581024835073
-2.1746734533536189,2.6249377774098654,18.510647274877378
3.3173254976505913,-1.0670876224250465,7.6007053902845279
2.9335677109247049,1.3525862328739269,6.0888315508659323
-4.6694385622430747,-1.0972263431068683,203.74216530873204
0.49194353232423804,-1.5829839035317113,168.31742776838973
0.18875094224705791,3.9097399035051481,121.59037340124141
4.8148861424849869,2.6361220739080675,242.30613066748137
3.7783252887004117,-4.2027563434231014,209.41587844040268
-4.6621399805738299,-3.9291652008461266,60.586543483106126
-2.9001550829346527,4.0474167978771227,44.13559085796895
2.0783616633061452,-3.5956660759715628,169.71266758217325
-0.2742156381097427,-0.12308012386390477,174.74983559585525
3.9795369068392255,-4.9436583129691645,458.79761063369853
-1.2824429071835568,-0.73221292591800058,161.76400214363719
0.47608897418653129,-4.7722293872921053,505.7357302489122
-1.5710944376402685,4.6595734284882493,187.66660323326116
2.4423418542512181,1.7855586162167771,12.434012088210345
0.72590408022565001,4.8983332225185929,345.06086248408877
0.42952429537204218,-0.97641797117598905,170.60116758932008
-4.8118365593166619,3.919488226337025,270.95607974554559
-2.6380961852317193,4.3532522333201946,86.824391761965757
-3.6508561506306965,-0.90804332435691926,98.574845700225609
-0.23144912740849044,2.1116177047881202,85.740797307772738
-4.7723673409755012,-2.4599304299150493,119.51074609202358
-0.2168401131053308,-3.8473290848711725,276.5829166109238
0.75251500988544162,-0.73381273390583246,157.30653836182577
-4.4071086646212017,-2.0589584717970597,91.873357673327476
-3.8861196864306673,1.3414672432427714,112.19656517509966
-0.48379534248653577,1.7941330340840524,98.682575776811177
-2.9248076219723869,-3.0972438149452701,30.832163041070171
-4.825175522508121,-4.3348126347262852,111.68000081905038
-0.8642828460222205,1.3856555920993472,113.96407187501583
3.6843187733076039,-4.6340863146326106,333.99510734438888
1.7239395011136445,2.0181967361347821,37.565197565984043
1.9378295505459437,2.1498181357348347,26.153008032937887
1.0853359760149059,1.731400738781387,73.966933884362277
0.14305595482306366,2.4205867464539343,74.251008069022006
2.7422607805723409,-4.4321326076033207,299.3327838217204
3.2895457179074565,2.6267024938950758,16.162224543421516
-4.0757303917586247,-3.508057245290888,5.9395097595696553
0.15919730800701615,1.4931148665770113,111.1647349081391
-4.6577170696242929,1.2576451622959874,244.37636691781461
-4.2993535656835755,0.70758948300469893,183.72065344467984
-1.511708314492703,-1.7012889142040093,140.04794888770664
2.2188824013728068,-4.2466594131990165,282.21084858339907
-3.1300780492162907,2.1837713172366247,29.705364130573386
1.1476253221971833,0.48433535715934095,116.17423268373508
2.8498036205724091,0.93189150527572551,14.559793738033608
4.2264191469361005,3.304375555549603,169.7139627027905
-3.4660907827505865,2.214970287792668,41.338433903090895
-0.45686073336951782,-4.3438158921088439,359.30198392170314
-3.199717831776439,4.1760024578434116,64.063894879187373
4.231012014558301,-3.3559816613539537,84.71209994569395
-2.4529018319187896,3.3819376500379406,6.5029125253275444
2.1454263279255841,3.1187462830364225,34.484333715377247
-3.3238109822488506,-1.3847613753628463,72.452668326856568
1.4888148845012807,-1.6752937931081844,116.69963877259451
-0.20745971878980463,3.657688776310934,91.363415618157177
1.8815888420174378,-3.3363910134898664,152.71122534683298
2.9782108650279513,2.1975458211795509,0.65645201198631464
0.41580960598042616,-1.4699025167472195,170.78436256810267
-3.4649844356252637,2.915068973593625,19.246195334744211
-3.4443393227693582,4.7029426993497356,167.25163774027439
3.8718323397859766,-3.3735709071644315,68.490246982085623
0.37036062948422455,-4.6555384451945052,467.15378902156175
1.7183025912981043,2.2608491889320073,33.513577198470138
-0.27191699303455419,-3.0075628353037978,197.29124064599785
-3.7349505373912995,1.192940706149157,103.87318076887685
0.86416232515165614,-0.93249736448105924,152.85412253219803
2.1157950948702711,-4.6737166988114618,412.99769558701644
4.7656428113750806,4.2951731409519258,519.10765438421254
-0.6064591946623521,-1.1650713871777336,178.22663221709624
4.7135782220738207,-0.96056385974417324,107.07108011082872
4.0525123703932557,3.2661821950590113,135.10487313276212
2.5824707295431484,2.2389190052885288,4.7304516910697085
-1.8235541692008495,-2.279826843518066,112.23908100371391
-3.2555498715114113,-0.7517652879804988,95.233608083020329
4.4222800070257033,2.2304467198081692,122.10596027244597
-0.69049261309748822,-3.1516052360865059,192.02795923196351
-4.6140387530862323,4.1502496064073942,239.98022221099149
1.686716892434915,-3.6338841002618758,201.25845055854478
-3.2964107879611837,2.4778064554918178,22.774648841632697
1.447968591276223,2.5429104032480883,41.291719715035541
-2.042997638454497,1.0284866196592768,97.376649397778664
-4.2620247673644922,-1.5063113136857638,112.89408415510832
-1.0355744437746011,1.4227831546486982,108.46694145624076
-2.8043942680443172,-2.2041326925317453,52.975147365195944
-3.8111756580029756,-3.4225748400520413,0.82562844863593865
-1.8449488543532944,-1.8109057004162734,119.46851790133505
4.6698784395467658,-4.4095875609934652,333.83733429594355
4.6920528358514204,-3.2332370532772843,126.91670894794031
0.89567949545256553,0.65966853195200681,123.11450696959506
-4.9032075639965962,3.569161403714542,276.61062947172849
0.19138491115813849,-4.2570710980348032,359.66936652744153
-3.958546073483189,1.708350812790151,105.32741300998453
3.9296288978751761,-2.8997449880577406,30.874343220740087
3.412357599537895,-3.7525751393691058,119.78986026606145
3.0267569963433765,-3.6687567858174344,120.32685881034627
1.9708002358482526,1.4446067587313891,40.821288143759112
4.496451371817404,-0.46741857612070881,81.79552484612951
1.0251349079827365,-0.086205603189438484,136.31759164333729
3.7185674569164355,-0.76552248304492565,11.517980894281596
4.2619850254034812,-4.7390884902350825,394.79836191909601
1.6813417319456017,4.6803632402572575,287.33241293247096
-4.4379272473015128,1.7400922308876012,179.62349302005362
0.35660044610607233,-0.34746582023529626,168.44036121638112
-3.419073065892289,3.8986460621951853,43.908147822365493
-3.990281726248504,-0.249850591938511,141.25028008266753
3.2292916868092441,3.3663274154858787,64.985636665806879
0.097445166983474607,1.5760659264575283,108.15542244825704
-1.4410072422526272,0.46304714813600256,139.25608917664763
2.3999510110803488,-1.5988271265820506,50.949894490268591
4.1671068336683401,2.7721313148650841,107.02328299437409
-2.8757418511003592,2.4814499544431188,13.886455586098561
3.7061599415475204,2.1424724255342475,25.47631869636335
-3.1688676781699927,4.6055868313474537,135.24104833053966
-1.028276183050199,-0.12723058679928734,165.59601969971249
-1.5095110376004151,3.8239646544956933,61.355790794601639
3.1197503490436755,0.21451512615099233,15.809398534306299
4.4711254311402051,0.23276912721780363,91.201333313315146
3.6680345768736764,-2.0310225459660614,0.80830147310323575
-3.2291037667650575,-0.95216820348210263,89.234422694614068
3.420124699525239,-0.19939768007808301,12.780280222304306
2.1617351053789937,-2.9489338899987025,100.92486793375626
0.63999164758617155,4.1962155193672199,167.40810255735721
-2.8546811957774891,-1.2286022490747959,86.284142738883645
-2.5998770441142325,-1.7587685398581909,78.32887226552549
-1.6738421585046974,-0.20942745858793099,145.16567554768633
-4.8718839047990201,1.1539534324861584,304.00745435984106
-4.5079686357638042,-2.187413813192038,96.100474631725575
-2.734873547415134,2.5302097744513734,12.088911435903611
1.5899201203228728,1.4382003311591829,60.643193834635426
-1.7296059374532331,-4.3667535754052196,260.03948388008212
0.40130275804915172,-0.93986297025966437,171.40585954134298
-3.5648405104461185,-2.2467553401189386,30.726689779003078
-0.94567368465729995,3.4164606818988545,58.632964950578234
-4.0868639371205449,3.1208675797769931,79.665596145495698
-2.9309332488258781,2.188242969540843,26.494585544751789
4.469565270828296,-2.6074594069571728,58.790544496660701
3.858930284387883,-1.0299026872179851,12.515780365096806
2.9142190129780925,4.5263582234535917,273.10660863720784
1.6036925543303919,2.1690284411894094,39.655197913321423
4.6612240180703566,-1.1906764202189608,91.790007604508858
-4.9140774315968754,-2.3067331004030791,161.00491024085366
-3.0875767484485195,4.7576005202996736,168.26078409855461
1.2573033301979777,4.6309141150415609,269.5013796889516
1.0627262390786143,4.2756958330897579,183.68486699500002
-0.42086628410651894,-2.6413269187118948,181.48200648712168
0.31418271049203561,-3.8525495563851559,284.20132767946734
-2.2389165458177929,2.8458011790749822,11.169075178684366
-1.8351471515871887,-4.0554298598094203,194.53437321410809
-0.42606189617528223,-1.9901515065392994,176.06952933933593
1.0183590004955381,4.6602779406026436,275.75726703880918
2.9629181347034255,2.8097866386419525,15.229301097717968
-0.7017944562622338,1.9932808065109953,86.39431769937508
3.1184338056527618,2.1815248193935011,1.5910942424620262
2.8463421735558638,-1.8473250249161861,23.070453011295498
-1.672765028972675,-4.8703440666898787,397.30928877240711
-1.2448433129402945,-4.3898556385075338,313.12414896377027
-4.8776620059499605,-2.6731698031307847,124.77252918542355
4.6202822897776272,-4.6905927929435522,417.01568656639182
-1.9115958762096037,-4.0334104847408359,183.60902765646028
1.5431059894688186,-1.1146289093274149,112.50208364185568
-2.9063885740928517,3.8943781048583954,29.464963374589264
3.5119346465050612,4.1979653758822302,230.39308184210546
-4.9749329263423672,0.69473232983899091,340.72156546608664
-3.1707182909754641,3.6996921955249302,19.949134113260452
0.83784162577473431,3.7808220936597046,108.61074914952682
1.3455045438079347,-0.71187295132972839,124.53866202814871
-1.8123214225857942,-0.44868053793721785,140.80314285550162
3.933552000919466,-2.6869624041582836,20.439386272498972
2.1409291003715714,-1.5885580703282365,69.534528546571138
1.546598341584283,1.4797934442235956,61.462977237854616
-0.55949074159410639,3.9960897576454109,115.4832411569821
1.0239224682842751,-0.95534559616219195,144.59902840245178
3.3744086223783505,-0.87832577280786595,8.3878490635256089
0.11375543075735539,-4.3153842655681718,371.905453729062
1.3883091542142632,3.4730435432073072,72.961900618157259
4.2951532592350485,-0.036210893370788533,62.248784695383399
-1.9528416739404815,3.212110211109021,17.657761263973132
-2.3464714501885071,-1.2796919647730469,105.31039599009787
-4.0051299146418655,-3.17765643454202,4.2960851483207101
-1.5466707251500917,2.8634507183966127,33.118291415999309
2.4666793404741361,-2.7426600062491033,67.580611475494365
-3.0672402266710348,-3.8987583391818985,56.497310684831177
0.94025908275161996,-3.2308687983834243,197.31022720192217
-1.355532397666495,-3.8610391612809138,212.5433002475707
1.8181015659730759,4.9090619651936933,365.61124872587004
1.5328804296788903,-4.2119069236410782,316.06331017355672
-0.013054444088510309,2.0927689889540417,86.270378611774291
-4.8695147809152104,1.7555379070073869,286.53663268885362
3.9228580460621281,-4.8987152830942842,437.91767277859003
2.7221454391922375,-1.9527200583233846,30.936887739091933
-4.2477378216891513,-0.58226774492181121,160.74441684432352
-3.4525126479763153,1.6686884879074091,65.498590067260366
-1.5357653779898777,-3.4758768651228173,159.40279136156079
-0.81509226051543493,2.4621963724301317,65.062763846186073
-1.9946910464115324,2.6912603456066462,21.81727754690295
-3.2601670939790868,2.1397207684754598,35.409695676321796
-4.9181870466859401,-1.0703531651008542,262.89845697503586
4.5201567752755842,-4.5626607468746858,359.99202465560984
-0.66352469484665999,-4.1972795465634594,316.84424575415539
3.2420699063984983,2.9743348128356448,32.072224209028697
3.1531137957861493,0.5109058377597675,13.157575693218787
-3.9348955903052882,-2.0054665382241894,53.92973346678594
-3.3646694611853634,0.64598199711736903,99.885358931563772
2.8270221377045788,-2.0773408869692496,25.880409471213373
2.1014758334894603,1.823912904720367,25.127281050939782
0.74425441532356107,-1.7460075448699723,158.93328213893071
1.7775289896031641,0.129508548271696,86.557000776075
-3.3168098651674862,-4.1868035828858288,69.539409256011126
-0.67953051570586087,-2.3539076178221596,170.78124724270785
-2.9519747144435615,-4.5516855074013973,162.65570332129369
-1.141642714466506,-1.2175453973319756,163.4649927703623
3.366245386190446,1.7217340569123261,4.6642918237704718
-4.0925886649516228,-2.0194057502492742,63.116436665562517
-2.4055165793749471,0.77929287150819526,97.070765140870407
2.922711333118194,-1.5539388582464242,18.857830103279611
-4.8922447788178891,-1.672063513665965,209.57791501323845
2.7679620332162891,2.8560628645072921,15.638709172495144
-3.1276829013998526,-0.15764935137602709,103.95847545753092
-0.44519911250232713,-3.6569785704528011,244.20087239045364
4.3026075928854564,1.7116320814804595,85.137319555494585
3.6329364909503621,0.31572850147466358,16.995740691123874
-2.9578436781448163,-0.82748473018729385,95.468677287398009
-2.1125025892664189,-3.4979470680087035,110.46079011290297
4.8428159655367171,-0.23647476380507992,153.65553569047077
2.7984440309774605,-0.15117537629131661,28.483195780655489
-4.0376876550248113,4.0257822250144812,113.74570416905098
2.8003785334882592,-0.36494284433112689,28.946200807688289
3.3731592226764366,-4.7004652087189394,359.73170236145063
4.3209776791299461,-3.795066264599861,152.46226916269299
0.63607848140511614,-2.0768974042295603,164.79144388199165
3.2995004325322803,-3.3221676689754305,65.623691771428113
-3.9302487920386486,1.7163464593851243,101.73576044327757
0.14714998532484813,-2.0571171984377781,176.79358779548895
0.42714424247542304,2.5091195729848241,69.10680536771784
1.1467894601291464,3.9755741234164574,131.63799175647469
-0.87151520437535712,-1.1196312491484797,172.84884556613397
0.47444907678983039,1.6165982448302296,99.179459739839558
3.6055515580765523,4.07067699662705,210.45913882946147
4.4369059902787651,-4.91743065753269,481.54236306682526
3.6023563677860579,-2.8976860635595774,25.837125519766964
4.9160269018091043,1.9797621926930864,232.80312014989721
2.9583520065399114,1.3097593851396185,6.2916890369826266
-2.5627302208788456,-3.880585083800165,99.314279141708155
0.24680803230969239,1.403400339450128,113.81269489142028
4.3537768800374401,-0.86497050924405716,53.876399729546591
2.5629369752486255,3.0211483502592227,23.987353432512645
-1.9906213805156572,0.61428149492294004,115.44537791314151
-1.0842098884391249,0.52552248281074121,147.43620306928381
2.768055058524733,2.0049463333485154,1.8216899998271734
0.28225189579160315,4.1152369402586206,150.70515807933953
1.185974879917957,3.8018969897177612,108.19867974878966
1.5665578208599396,-3.8741646832171739,245.95214056067249
-0.94768531998126448,2.7929236548904477,53.442712405825539
-1.8672930601054798,3.0338491779992616,20.17826655217959
-3.895531592164819,0.56571189060962812,134.31716195714338
-0.10157671111082944,-2.6514627225952374,186.08592087670215
2.3815336296404972,3.5574797502027362,67.732312125698414
-1.1203680858735048,-0.23558498636043357,164.64968511932216
1.5603567287259237,0.048375502151845495,102.10204420936549
-4.6775558201657708,-0.29375408791489388,246.41602823186435
4.2339038228894363,-1.3262127570823767,32.371527354975527
2.2378856753341605,1.9757040181948842,16.866950107937754
0.13328562230794816,-4.887082082848651,541.40864185005898
-1.6576859639236203,-3.1209888733615334,130.51927412029943
-0.27669518453430886,-0.25390150903986175,176.94920832888531
-1.9850495462462958,1.0537296744900884,98.081170067603495
-3.3658016207878108,-1.0802520931928976,85.183920743640172
1.3130540781167834,2.2531962664782492,49.690377120907478
4.926169766489096,-3.4286156782849035,190.52962847515687
-4.2200890572809957,0.010422630104112152,172.39455414194811
-0.84732178542489134,-2.1569886428154121,164.93582492196148
4.269154408870131,-0.7811191402836366,46.029718555156727
-1.4303211071620954,-3.4725317469851906,167.58671612975488
1.1086107534852188,-2.3780886198532492,147.65565726214021
3.6259809076013756,-3.2118748990132318,49.325436104015466
-4.818279104125704,-1.8209856780669327,180.34138571278891
-3.3145058521636983,-4.0894729591846959,57.917820066920285
-1.3586075910838611,-1.6609665363432837,148.32524660779958
-3.0941923623855661,-2.6648548035767656,25.691377347468347
1.0449385449704369,1.6116057202950778,80.106617691447923
-0.99154309197910528,-1.4909501898991806,165.70615643805684
-4.6971385709611226,-4.5276323246086889,120.19324344250376
0.56723083714822486,3.2322730972577105,71.561341123803402
3.4962615425015837,-3.4743648427771356,78.46642738893074
0.16453178716031491,1.2422719787599448,122.69337468650609
-1.6494704745225537,-4.5659164561356,313.79242336873256
-3.3126399684598078,4.265113635926598,80.038172710415054
4.1401808517668997,3.644683546048844,204.41918081076869
0.38220943801932084,-1.4421329783173853,171.78665372260912
-4.9245348869348193,0.67510357736538396,325.47026862772816
0.026914690994615853,2.7046349117443196,68.91800399132859
-2.21822362081984,3.8201231564067193,33.996597365812946
-2.4981530425689153,2.4825515067736319,16.306103596888857
4.4576353240089972,2.9667292113667809,179.29684798790873
3.6549966985542035,1.6983945532929674,16.674480306358596
4.993138830898765,2.1045582809764412,263.02065139594731
1.1032249833122805,3.4296177979212548,74.768254644307973
2.1658028256589992,1.9635676264772561,19.843030214505553
-2.0080595099663885,3.8467068075646118,43.25418629457841
2.0666333450086158,4.1901241005237182,165.80567889507972
0.72780884183097427,-1.5144855409520637,159.46360641411633
-4.2269846156728716,-3.5799758822594558,13.332842733527027
2.1337974578093739,0.54554699034799548,55.697999162502221
-0.28768125994109539,-3.1990617472571321,207.95073161394657
3.7756465493604594,-4.2714274796329033,226.65470270456038
-2.9764007426241399,-3.0848908978485698,27.521800320821807
0.6957419363033468,3.6612072979065253,97.399971311861833
-4.6485501349778868,-3.850805852477257,55.786825765167933
4.0644414556105026,4.4836998885220058,394.80813117231645
-0.50129589829313037,3.0503461686476196,62.516637064895029
2.5005388761765737,-2.1344563959852132,47.361830246027651
-1.736058093097836,-4.8240387806578671,375.37442983087476
2.9728140505621372,0.9514663189795991,11.212549590726628
3.953039748526507,1.7662097242256358,40.872296473026438
-2.6861945710187216,-2.7750041310713085,46.967636572721588
1.7053149161327621,-3.7228762192160207,212.95028093387168
-1.0774716874070207,4.6432181999522264,208.7611377138123
2.7756798383690811,-2.9436278197797674,58.647128350378871
-3.8103324267526135,4.9986972252960058,273.52208249773867
-4.6557572072989375,-1.0996818446199712,200.83577403976733
-0.3673018025640733,2.9055040391594558,64.509875638010342
-3.8630129211830377,1.6735266343260307,96.32067056315519
4.2048989073014624,-1.7681148661015782,24.247804589019886
1.5230868795772139,-0.47138952647391008,111.36363222143444
-3.6797831432407646,-2.2836303511980898,29.93034740626744
-1.2304231635407801,-3.2321138742055933,166.66318005598637
-4.4273493881137815,4.3620573709678787,225.81477892707323
-1.7473017177481021,3.2699392176316433,25.658111549722744
1.1426213870885862,3.0289781688070487,55.432745576762841
0.51551299471023349,-3.7600354776865914,268.65842794864204
0.91391458838526241,1.8852638432163289,74.960402367557151
0.72682081185257186,-1.5196519099063344,159.50528209286495
0.62201491835951472,0.91041740353877909,124.93479076714237
2.9058359538787295,2.1962503966194271,0.66145825437497485
4.6212839165990243,2.6888000594750547,193.70524211827211
4.3510703414236289,1.425972839950127,87.947036555279979
-4.3891516286541581,-4.2694245704915748,62.731500157615613
3.9801675147376727,1.7292479435519157,43.178668672820848
2.047359257937762,4.6394839803012484,279.34069703912263
3.593904795629534,-4.1842506380296021,204.00667750504553
0.63441922174740117,-2.2979807432060873,167.4706722459353
-3.1637695208597245,-4.1001577927737411,70.10501298552245
-1.6819895655629309,1.5101493825974419,85.34416036273376
0.23125696158750397,-4.867010856174895,536.32207327683625
-1.9884683309076312,0.84767585372943621,106.8106212879857
0.80918927314186107,-0.85072713760932483,155.23796812377711
-2.7965731386869668,3.6180274992131007,11.040058876705437
3.4735839031100451,-1.4562103577991481,2.128895258470151
1.9439525859916724,4.4803469791979786,233.03559807670345
-3.7032845272545112,-2.0213608765122304,44.269967924705242
2.0047544664158812,-0.60357590361432045,78.97079841276269
-0.17719393662338945,-0.95473656418529007,181.42465586351318
1.6351337318433492,4.4712632449159546,228.82034487775937
2.6654945842863835,-4.9158444766823681,470.90283701108359
4.0252094646114003,4.4481861336474164,375.76096325724131
-4.2194686336483045,-2.6251750164306502,36.192805236458327
1.4378764519681031,-1.6586232325823245,120.07437203334403
-1.1986496040109786,-4.0461862622292522,252.01395794259929
-2.815375692174316,-3.0617655763304179,37.837895581236936
-4.7852336130267572,3.8830562032895095,259.89941358865906
-1.6888609998080217,-1.3874452099668573,136.66967819555913
2.1797894298263341,2.4419410639030845,15.796170042704778
-2.564178797255046,-1.6471204259380179,83.809062596654485
-1.9644592401434284,-3.8036137564199812,150.06559019744958
3.0307872729327627,-1.713821370819411,13.512925486041478
1.6291568984653573,3.4065887277467173,63.259081798538119
0.97757152038744888,-2.6696966580337302,162.86777959057096
-0.12482289058975837,-4.2309704121141785,347.63645985124481
-3.1425108159693815,3.2904397589453289,5.1592671934968912
2.5155157844742853,2.9245036923416663,19.604931080230131
-0.55288389668142734,3.1868772375568035,63.138872360602669
-1.413783140227665,-3.0246666784916236,145.16185217128046
1.3389552000237348,4.3008861404235894,188.84960936483645
0.66472029490068252,4.4189837913698025,211.72183019036737
-3.5111115763529055,2.6786901608449556,27.17989941519906
-0.33058063949351091,-0.17034590674014805,175.65992120732292
-2.9352419450139724,1.7256513393459825,48.838879117695917
2.2960855639901361,4.4565376949854425,231.34559800695601
1.6425504660481662,0.90713126963868795,75.246753258438659
-4.3191405958287685,2.17042970581935,140.20921378338247
-0.088347400996926062,3.1928588805586084,70.476878469656739
-0.080423669783421303,-1.9435892576458795,178.27815310228488
-1.9817157238985956,-4.6209368531658868,289.79364172430166
-1.4889514238881976,3.6498251076433892,49.700578993215885
4.9311738975688115,4.1137297290802852,524.45178920171202
2.0227626308825295,-1.1612610779118842,78.287472535763811
-2.8240863717402078,1.7635357007039083,46.668296896053718
3.5992335983707981,3.6117063424657001,123.98256506371371
1.6361748640833138,-1.4790545059417233,106.16732775735314
-4.2417456563292681,-4.7960707161877876,143.13439435980058
3.4392448442964412,2.3083654911716947,12.964432734086008
-0.0088925696567496715,4.3370079812643443,183.65200698805711
-1.1900639639455672,0.64633298131438899,140.28630447285678
-0.0013263775828127322,2.7976046039834497,67.960323927684883
3.1202861260798791,-2.6137411903407872,23.749323689882907
-3.3586978287205485,3.3460691866547325,13.855925514890409
-4.4296104834265257,4.2165145800920243,205.12799611088673
-2.1026536919138805,-3.9815673223065655,157.08789303031068
-0.4647130708560514,3.2684684682814265,66.840479756574183
2.3803256113234337,-2.4462487536458055,62.394795653943468
2.2780831261176413,-3.2764047942923651,118.72398608507622
-3.8386993743190407,-1.3821942551036654,85.252020457727994
0.86721762952789661,1.2792464253918912,100.65416152310158
0.26348978887272345,-3.8121032257663039,278.1182097097452
3.2573137068385378,-3.5249537997876521,90.71390679687994
1.0193502907005403,4.2527922336487194,179.12813895006411
-4.8143909186230065,-3.0879746983947021,87.828047364805087
-1.1091879457793978,-0.35697712735808462,166.25804948390004
0.086301691785880763,-0.96701866620914956,178.77466854691954
-3.9371264432600652,1.5812736522697008,108.17153076310066
-1.3491045059092861,-3.7033127336151277,194.76534845341354
4.5066553521527233,-0.99418928661243378,71.416572150424514
1.9976614133996948,0.80628174717939682,57.420107354848469
-1.1770917652523716,1.342915228633812,109.04204485078338
-3.3841740625121703,4.1668560470729528,70.03936424134757
4.8483957911843216,2.4799352735681541,240.59428320337923
3.5697996532811267,-0.95870690431472383,6.9213823224478883
-3.0494747753965874,2.7805171992094451,6.5400434701309438
-1.2896730798732947,-2.3266707561890332,144.30819373747514
0.28632270706790219,-2.4084844886263754,178.4290528839704
0.12115450424104601,-0.11749500824331438,170.40131627938661
-4.7867520968058246,-0.42349632783532787,266.74039776749572
-2.3002607559728721,0.19353491848564808,116.21771023993608
-1.5054812414786243,-0.34466663488901617,152.75009033709898
-2.326980080580797,-4.1782844540887965,161.43939652820967
2.0808066758741885,-4.7187816081441349,430.65281692312328
-1.6941212803238019,1.5455156562668932,83.114179786171619
2.9704626263671141,3.5607893888992201,76.733695561584668
1.9391014194846745,4.9896209846377513,398.50753772327698
0.05076931512856131,-3.2243830647926002,214.14442623737449
-4.7204917738152696,3.592712570866837,222.69727855044999
-4.469491260846107,3.0989451180916827,149.29487316167217
2.9545061798638717,-1.9923091876885035,18.180701004143234
-3.1019844628982001,3.793956458228724,24.260635953138568
-3.3182936631351181,1.6008302778405916,62.748122722600577
-1.609323479637685,2.4840196532658245,41.066740682066275
0.54034159531547576,-1.1162062388029099,166.99569137221144
-4.7925831972538884,3.1847636007028584,232.3541686096074
-0.14613021234904089,4.9908262722154735,351.35032555440944
-4.7220305868747676,-3.7135595389537723,61.79592496420419
-2.3205488851820082,-1.3966534079713617,103.4795709882749
-4.1272224945050526,4.2911316421724077,159.70200009390322
-4.3179616030755517,-1.7313202687552338,104.19973534386165
0.59355813532079171,-4.1870670777188259,343.83758206126151
-1.5881720471855951,4.0284317275013102,78.167050414267237
1.5835753344632622,1.4995210018607708,58.934152557544557
-0.14495341066605238,-4.8934508121102862,534.20482079726264
-0.15679833540909716,4.334350841478086,179.35594564796853
4.0538689735217837,-2.756202670899579,28.797170932850079
-4.7479451302000033,3.0134271428729278,219.00304149296363
2.2149553772528296,2.3982434971040991,14.592589091891321
-1.5780247360064497,-3.3393615581533584,147.02545745599275
-0.69687938214706779,-2.4972454647654949,171.43533631588312
-3.5331246088899828,-2.5528466649624009,17.273684418746544
3.0656842830854885,1.0651605537837234,8.1263385377026118
-4.5464007710872538,0.24495042952139467,230.23886862920654
-1.4124062440203708,-2.0680373277341655,139.7179785339487
-3.5729080303049261,0.64069822123923093,109.06527128642878
-4.0589764085330238,4.8401304477841052,259.37250098445043
-4.7071501130432249,3.5451826340094055,216.90349712325249
3.5202870448286472,-1.2594296623982357,3.6032178139065869
-4.9531959511476975,0.42487262661535041,333.45029193299615
-1.1879979060332344,2.442869056499946,55.992468031294656
4.0279040841075808,2.8004839360248548,88.11540821007776
-3.9475652342828278,-2.6241462013208929,20.33331931242153
4.5042442355861052,4.7269243423099336,590.36956788514033
-0.10892515334642461,-3.3127756466290519,219.45858770064876
-3.2987276679092288,1.0418192072172516,85.738352301222875
2.3700534185271422,-0.35080539383907627,53.186754181626711
-2.8684952858105595,-2.1449637662145049,51.921805548988559
-1.2975911993359923,1.35846982258421,104.95662978336249
3.5528865352122754,2.1214910019318998,15.131328634258235
-1.7161732929468161,-0.62143685676044047,144.66493049076541
-2.4079199600361072,-1.3850040276626556,99.482950934677007
1.7735397294407811,2.9016415504459614,34.727023730735553
-3.7091838106128412,2.9168764916006964,37.049197266965855
-3.518235893689218,2.2012508361881631,44.990793632944531
-0.53381517951539514,3.0459752969891571,61.856634563489997
-1.5655313338519754,-0.18563320981777931,149.07495105570871
-1.7943985498330113,4.8218515317185719,217.72313882101744
-0.85940489530832487,-4.9294435300508441,501.03631624476833
2.1627230328428499,3.7561010195084936,92.538839233478654
-2.9674495702968167,0.88716352829743794,85.988025580976554
-3.5590517694806287,-1.1415450166977004,85.948124694375537
-2.151001971097231,2.7208249036296914,16.395676507891462
2.7937595535066908,1.6948349947162376,4.0291728755999898
3.4070283295062751,3.2893767161241279,67.418240649488709
1.5016804457485478,-3.5863004353984116,206.27705587026074
-4.3379961001715488,4.6370329079096546,258.44156340439997
-4.6449284772636084,1.5002317836568171,234.07154544524059
-2.1240259240471646,-1.9808232761938753,98.773468650890123
3.2403387332497875,-4.5388460191458782,309.02687366452352
2.4047161417534699,-3.4788974995920436,131.98626620606944
-4.4443463516970816,2.5950326814105225,150.94554781462696
1.1954879330534194,-1.9866738198148699,137.02622332843359
1.7903587638676255,-1.7577422980075075,95.741868416982456
-4.5785425037243916,-0.65190993025292698,211.09916681047542
-0.98990535295596338,1.8305727659756821,88.587623753112254
4.9426209594253869,3.9629204131624522,488.7467676635099
-1.0626224693179154,1.0946772004787757,124.13959264678806
3.2972736793968078,2.3893466778117443,9.1387948170087938
2.3940688573904563,0.13916878948286193,47.345926641447434
-2.7025678270512676,2.6639937613769495,7.8549982046962281
-3.9332032166514388,-4.4140295638423481,73.113402235361832
4.7408304563308885,-3.0789137585355997,122.63841758262862
-2.2394071759538265,0.24127578272173178,117.28531351697988
-0.66950093729774807,-2.797013079837809,178.21361819875045
-3.2206384491525064,-1.6242511228205214,62.563827538784125
1.1051347440757322,3.0668637118740918,57.37407103999
1.6879581612832171,4.8266248465565305,334.4839302563571
-1.3607735286527962,-2.0614066762546996,142.56083369482332
0.7960848394168103,-3.7844852034241807,266.15190764157734
3.7775926578796,0.18655083632011316,22.110002647164805
4.6752072534199378,2.8257472840810482,219.26919879408098
0.12837152900289972,4.7110175225553288,274.10974666488084
-3.2673130643631279,-2.3511508492981075,29.621930685644536
-2.0625909316602491,1.4285111617840425,77.580432212355845
-4.711175090844919,-3.1478925153514443,68.005702653579732
-0.050576936804839434,-0.65621508119339556,179.63157599047238
-0.57947294373649072,3.6021718581278535,78.991039873670559
-0.48189622042163727,1.253525266476573,125.45581277692958
2.0170503201686953,4.4152003293334232,216.90221008017286
-4.4910924594051194,-3.4144742557852217,33.153127945916602
-3.3383747110078299,-4.7404727868961576,168.34756583451417
1.5142696939966811,-1.1872003792981167,114.51105372201138
-0.58035695580788271,4.2734337458262583,154.93147084972293
0.44427988148605557,-1.9646846399321101,170.2709338450934
1.4386542941751337,4.0822040293385484,146.78136747457364
1.1346648003503343,-0.37794288488475836,134.56470178202818
3.0589119429146656,3.5630722358814246,80.325899810200752
-3.3951256621150803,2.3736773638511295,31.078262802719177
-4.4119694346650329,2.6900707472440599,141.8808919300894
2.4256928850869102,1.4778510369059275,18.94958919768893
0.32664529116237428,3.8430211870886986,115.24289781335411
-2.2878080320107208,-1.4737966075651903,103.04734127023895
3.074784907108457,-3.6588287437020171,116.61299552937376
-2.0962142464706233,-4.0540265608436901,167.49343658308021
-4.4921849272940753,-4.2441035517386583,66.873762888174113
1.002948553571108,-1.6948547241059697,146.39414534712537
3.5894619070820859,2.3585538599410221,22.633401778793591
-4.6009982229959316,-3.9289318547850107,53.651871145250212
4.0817651055140391,-4.8924806687845015,442.3522055676043
4.2445742392311416,-0.071839243585188228,55.79102648265161
1.3318131736109073,-2.4477278250336756,136.38675925675014
-4.8122747136220987,-2.6210424760191628,115.38075540151199
-2.0631919277874786,-3.9350824076840274,155.26454448648948
0.17594201674852794,-2.6199105106902323,184.66128561218346
1.0775444946644974,2.6508598600434468,52.888036983727552
2.6010501674964299,4.7501765817645705,330.24138143714828
-0.9496338170433436,3.0345976486260735,51.479872595289656
-4.2989051751358716,3.3238423821403771,116.79865573751029
1.0309902702703404,3.992909041620095,134.8198369983271
4.4720098252342257,0.1195234949071331,89.463843510999624
1.0311055630691257,-4.6823922598775489,468.31224101941086
1.1385873732928626,0.43044519629004352,118.21019534020729
0.77061436171830522,0.86720207094067359,120.99291593631847
3.2693353096677527,-1.1357975601977159,8.0511836815524518
-2.3153027075801913,4.2113299186604021,72.935657185024411
-2.9984447366087217,2.0238020074091079,34.841724615787925
2.9686539622491583,1.6541641461118486,1.9612642363325223
2.2927560467400223,2.178298156450774,12.710446403553373
-4.3282937619363784,0.47802095229777031,190.64470425212028
-1.5063409362302034,-2.3630123652588564,131.61679730550387
-2.1453309318859901,-3.5263010929856886,109.30352637094596
-3.75006622676662,-1.7863675717497691,58.767614767352946
2.131296963746836,3.4024909884695411,54.334036898539729
1.6171678841024031,0.3667024481562482,91.834673453213995
-1.7469619481699414,0.44562977715639818,129.36215192844196
-2.6738522423734334,-0.39213644380106683,108.63203140735357
2.9274921327775267,-3.3148097079845438,80.823948878924625
-2.7985433417030721,0.48353392802082507,98.691409590079516
-1.5611022664308698,0.21822827203728767,142.11386220038412
0.13480488093358645,1.3556979130227784,117.93590058097642
3.5918344583774324,-2.1984841846127163,2.1194348901364113
-3.523160962363268,4.9846317919799823,246.08497381025143
3.2467856064544698,1.9953465449889842,2.4143284913181242
3.0553069757492342,1.8311546441386293,0.37752435237782411
3.0866150887326818,-3.2234945999020965,64.01367908250262
-2.5556353276319004,-3.3597437441200637,64.285635744870774
-1.9431766957492846,0.52919305970128327,119.87114699019897
-3.9234740672890291,-0.055228353035436939,138.07754967394104
-1.3696196583929279,4.1921843335150584,109.0523621121456
-0.49726936288202417,-4.7206384268093213,458.08495505629605
-3.3678894682109535,4.3774308280742584,99.614073972694996
-2.1714510460389165,3.0463651879156419,10.499319320364203
1.2666033455816645,-3.7374951959889957,240.30426222469072
-2.5185264374339682,4.7130388649609003,161.14607732848481
0.69955604624997214,-1.3997907108950916,160.70245593964938
-4.9675713269829105,-1.1741925204801089,268.4379172335012
-3.1524543002897722,-4.1997613494896902,83.719793483824148
-2.8377378894785386,-0.52700551243649052,103.46406626294603
3.4104000367069194,1.6311707429141382,5.9794618850525456
0.83401766101353658,-0.12959205216587133,146.68100958736039
-3.3881926112500329,1.1207408330408182,85.957734119131956
-2.3762680839787493,0.96508988293546683,90.572649386130905
-3.3272271910929887,-1.8731839737271576,49.740584196002892
-0.060264977642985329,-3.5675937950424319,244.2290956446293
-4.7578649700364419,-2.3686954681081818,123.69405520138224
-4.3213351229439194,1.5509844692476609,164.59035463498219
-2.390051191745564,-4.434071809917902,200.00421985470825
-4.0332996943154367,0.97978903654733163,140.50033815320796
4.9988460296976278,-2.2149995442903823,147.05383540935114
-1.287233408266343,-2.603039878430526,144.99296992932594
-3.2167198364748772,-1.9315752630669896,48.743330730303967
2.8372313472304187,0.52055497397213202,21.048816394370213
1.9563035593430413,2.6985057124480702,25.029696157986915
-1.6432606864244188,-4.2216042953498523,241.03112475475177
0.885931002704476,3.6199142646282123,92.352871125112713
4.574082057237403,2.7602854470915918,187.81604015383479
-3.5862066147728195,2.4165423223938394,40.825868941953502
-1.967741927602713,-1.9200689493283685,109.7571775716191
0.14953999625230452,0.85948617614870049,139.7304008858066
1.8332098920501361,1.6409711025931433,42.101142861507427
-4.5822212395937836,0.52864140217403133,238.53626798923798
-2.0674188574366337,-0.024820889009999014,127.77751514651493
-2.8630697457257526,-2.1806921966429362,50.923611434115706
4.9972361293383862,-1.144211911993509,165.04261439208508
4.9033994403462877,-4.7832564864392833,500.15943003002354
1.8479399944062944,0.89434883643997232,63.708035287535587
1.0746879431529628,0.25532240427274999,126.30383131121903
-3.0711346379463484,3.5172944928899526,9.0902735300518991
-0.92062352709772988,-0.091090090879025531,167.53506581908783
-2.1434966169791103,2.833836457175325,13.994699282916852
1.5820517065057169,1.7105418823481431,52.267577258100175
3.316058190491777,-3.9642401039719584,160.4961736342994
4.607365834684078,-2.581935970283499,76.724559204372426
-1.3594548949091996,-3.8906287200948277,216.04210303313067
3.5104656736926021,1.1322008540388424,10.903567555195353
-2.0154449097339402,3.6330797141758175,28.426755305634636
4.1065535441652159,-3.5206369457286981,95.767653773443243
-1.7226216130138101,3.4579937049452063,31.392656569439989
2.6179902452847506,-2.7743354440902848,58.881545164367168
2.9735582469881852,4.8240732837977198,377.48751863763107
-4.886547620080079,3.7154163864168694,279.03085145015058
4.6062110713801179,3.8532147924803741,353.06506908848365
-2.4620245012830155,-2.3121094655237204,69.513291234157634
-1.065712850582698,2.0759963182659993,74.764167197310314
-2.4703424334055528,-4.8713447684816611,298.76636550098664
3.7143047379523626,-3.3285033305683003,61.018072832288389
-4.3729482131071835,0.56066695125808508,197.69309737826688
3.2703626955101619,-2.9883420910075751,37.890041816391651
4.5311543452163985,-1.9709959038030096,59.164097822707333
-0.29816430595306276,-2.0446203972226664,177.5706421653386
-0.33283264794572087,3.0405850257224216,65.258094649355257
-2.7081223239027521,-3.3804879347851684,52.61097059005499
-1.069648414997904,-0.13931749423858086,164.70976735679182
1.0224439366015838,3.0536949698973608,58.828341655749909
1.5243917635648145,0.077144342769225105,103.86141741447211
-1.1114015849499936,-4.779902052088536,428.69949009457798
0.41242203732301874,-4.5084917620713636,424.0244321286948
-2.9396756668306492,-2.3712474897838294,41.003974395656172
-0.32678420650942819,1.6830407924312851,105.02471039797861
1.8668663305270208,0.85601530218289312,63.702817302694832
-2.203495998025562,-0.16212705170753772,123.99607243152812
2.7397708234296294,-4.6055696774484352,352.93530852963056
4.0334898410755837,1.6052963500543429,47.408240923154004
-3.3424103652583055,-1.9369139128666903,46.55426851678881
0.93807292156002386,-2.5671436264398642,161.24320060004825
0.77796059941971496,0.041070723713342971,145.89202640839434
4.307429292188619,-1.5774563668627506,35.760140074572952
-3.4824906858607836,-4.7011721656506822,147.7596247753165
3.7725154552242284,0.75272612482731915,22.957353622687464
1.3738213942894619,-0.44955684654560724,120.85574013648549
-3.9658396853792803,-2.6976033501760912,17.729108457621749
-4.695328710420176,1.6655628511648848,241.17499850778617
2.0931937285702542,4.3128219190935493,192.8317463381992
-0.42705023637890172,-4.7883985565734761,483.8510963011297
0.28117280722157645,-0.13233015798484971,167.08245722464363
3.550918443690664,-2.3691977797930059,5.2608352167263606
-4.1156453679043361,2.5571781359929897,93.121390324594003
3.1110736421012462,2.1567855242398606,1.2800283533551795
2.0441397504272825,-2.1114086409762427,80.044544603069966
-0.26410050789158834,-0.45781561248547575,179.4541054434066
3.8621121436040262,0.092063563120215797,25.85707421096739
3.8143341159337307,0.91343210003338804,25.443239943088891
-1.9626384730191511,-4.949840610675631,387.79721982736669
-2.8094620899098772,3.5956381381793783,9.9679489878486649
-4.5534737958475908,1.7596317227735936,203.63013597969046
-3.3323709813030975,-1.6845862651998287,58.664183378528946
-2.8071250437102946,-1.1182606684038117,91.178982424068593
-0.32088706675771128,-2.2748180856229192,178.10332244269722
-4.0119834544856889,4.3672685941471272,154.53421679269053
2.2526354692182524,-0.40549477055296634,61.086509949093283
-0.36847447608151107,-1.6819272135808121,178.01390023067785
1.0725000099616278,4.5178959809908878,238.21149917154207
0.092784890816453469,-4.4176792921088124,396.41813693056798
-2.3419135774953985,2.5783740981088252,15.883461161568849
-2.1960072183156538,3.4234420267352696,13.955437352982521
4.2776318447924844,3.5669189712156886,218.06023653911777
-0.85210263643678807,0.24972092140580493,161.1646711109324
2.6997797156000143,0.16960748542564374,30.788118806803972
3.453485132392581,-2.8518124870721611,24.740926251117841
4.280792866782356,4.0291268477407733,311.56638325030303
1.9509915751213107,4.6495628413869667,281.01817154494222
-1.5573496863207015,3.702869995031655,50.29700617130969
2.0677578867797353,3.5557773525915124,69.504334897597658
4.9443301400565218,0.98056317422719896,209.33448046044504
-0.45580228284952096,-3.3384423254903624,213.28793847704637
-4.1050620876945176,-4.095693741638585,35.227853611310401
4.9741258887658173,-2.7096447856127792,149.97433450187566
-0.68403963267592172,-1.0615887294083626,177.40853530156659
4.3551765103393247,3.3459390305183039,201.10610072991705
-3.5089238660094395,-4.496458902446709,104.40622654573808
2.477247578265894,3.6703906662585091,81.507773545618122
-0.31294188110230703,3.1178087877929581,66.392133325349292
-0.84558307238717134,0.42559348790811224,155.95152884721034
-4.1578477367808322,3.4468165160339765,95.283059039422668
-1.8496758272725438,-3.8401310938094335,165.16348344432961
4.0555956712939096,-4.5324997243082032,310.56793795041551
-0.083793691875938769,2.3514981053527038,77.090879594598832
-2.6848903735452616,-2.0183426005427196,65.238067589308301
-2.2796293149241582,-0.69384390512864247,119.62124973360432
-0.53814474501477161,-4.9784559769809142,543.59505028541332
1.5736065974693583,-0.16032089993083165,104.58075969541322
3.5646730959405311,-2.9641834704846812,30.214584369091554
-4.440533407968875,-2.7153924695278442,52.577272326999775
2.175354389054065,-4.5970615387629152,384.00754011739934
-0.56150920675088578,3.5282093178793357,75.095807951651864
2.3274833796814818,3.7544274238306645,92.139884957536921
-2.9934547414492076,3.5328613449765829,8.4193635628439605
-3.7217335289929916,-0.58999820731517616,112.72580436364618
-1.3191293193235958,-3.3743489084960525,169.0313008717786
-4.7360134801208771,1.3031934875562374,262.88515187664149
-4.0731965796551828,-0.97716340408203983,123.66781721444111
-1.1766404504740247,-0.57751248079106254,165.41238306100547
2.1366170497247969,-3.2633029375556211,127.52956623037979
3.6017283182590543,4.7907358582365465,428.05569373885083
-2.3181442057518082,2.034056290180005,39.743815927578055
2.5120891101053857,-3.5724035678523389,136.71919888555578
0.10086741762170348,-3.3034072658776994,220.40362497937528
-2.4675311614890671,-0.3691781123909843,114.95535849408198
0.50288457217603977,-2.7707469310335711,184.1245963834088
-4.0281581458099547,-3.7800055302655733,12.720517446458208
1.5020827580940725,2.5777661295659202,39.334844359717991
2.791127740891767,-4.8731330505150403,447.08574114979706
-4.607596334034783,-0.31488439743809238,230.75269323463311
0.66719350652703113,4.9613636394689671,365.53044346129252
-3.8495485051927929,-1.5239042353002308,77.981811251776293
4.8721800975393919,2.4140287015185251,243.27607174534015
-1.6216586786368907,1.6090561490127975,82.105605363970056
-4.8013124672043306,-3.2649863928246394,78.524461047827174
3.3101273568657348,0.40721558740914343,12.551526634273639
3.1086911393993812,1.0516472317462835,7.8390365959679293
-2.2462836149629717,-4.9801340971380617,361.5319663616566
-3.5758702642709568,3.7473772653248165,42.647504882359158
-1.6141509707696544,1.2709319073232024,99.729823549998599
4.3452157023856479,0.79991290244029756,79.41642127056366
-0.85005807708787806,1.4946598095994919,108.67656655259752
0.76801348729517116,-3.4535138303046198,224.63174103487327
3.6394053309093781,-2.4670049354460311,7.4776179542423842
4.1094365157957231,-2.5446360199889422,24.023950449360498
2.3881276806098759,3.8634071921192774,108.43422647794748
-4.9309615849080233,-4.361173358977684,130.41204657898351
-1.1639009642580294,0.55188264949749044,144.45988050221672
0.65318300939672547,-3.2705866062252369,210.57643682410924
0.99852928824553988,3.1900022585221812,63.843760595230933
2.8449462286771423,-2.7180063026522201,42.081692444560119
1.1764469377003062,3.8007951826387121,108.16363874966757
0.36506267342319898,0.63101160965740277,143.66711169110422
-2.5006186070518268,2.609059837397389,11.824928937856564
-3.5131969817234165,-0.84057696047230035,96.421920061448702
-3.7385705554946789,-0.62306320304651663,112.67060389657163
-4.7653825686667357,3.6013013742512019,235.85096847696073
-1.6063401954462613,0.89583047244224012,117.50790977062624
-4.9597979261600917,1.7716429544027719,314.08640834184064
4.3396484055386324,-4.2653552503309964,253.9959671274606
-4.463605293079012,-0.039998264796553329,210.29900807289863
4.211350391463478,4.6245759028602951,474.93825429389653
0.53349090280287914,-0.80866991067272842,166.58977605460581
-2.6065814021794895,1.7804473174728361,47.311687312954888
0.64773684164697887,3.9220546439800508,125.87946091231393
-3.9269229746178924,1.8121043721315928,97.266667354801299
0.3038945648132767,-3.6415277796222272,254.77274296838186
-1.4490852864735393,1.3964096534306769,98.544777216945903
-0.06681685750602373,-2.9273517405553506,196.10451000168666
-3.1850504768754906,2.982367814561818,6.1892393109433899
1.1809924907288325,4.1028281101637596,151.58912400608395
4.8278214851933932,1.4671958606683653,189.75255286207047
3.1385529405993289,-3.7656340787865332,130.63093497875042
3.1816259099098687,4.9054518854912992,426.08978815721605
3.9770151531976623,3.3614466247021255,135.37903671994698
2.1825948385647944,-3.8831624437580095,207.7024247926268
4.5011081725871147,3.1776723544287471,212.43545636162312
-3.5317023795366489,-0.91461299909379434,94.308329346480576
-0.61305847173850303,4.6643621763985479,235.54974185539558
-4.0318450674846016,2.5100055916597039,82.696488476536416
-1.6987150968487357,-0.92543381921860313,143.21946997967521
0.92845643434762515,2.7463902677509999,56.79961307433468
-3.6952768955227207,-3.5108092550494669,3.3908330624822534
-3.6332126136137584,-0.81611524377415723,101.26023279844966
0.29840399385040506,-0.75305935689150516,173.68129317591212
-2.4836177948013094,-1.2957689484450818,98.456963836447983
-0.67241453268542628,-0.51131540487647165,177.22782428690059
1.9545928904041441,-3.3716751290840183,151.30632635990975
4.7235712686584801,-2.698154013702637,99.236581794178079
4.0051314401522458,4.8119177238947017,503.49436556265977
-3.9975633330424625,-2.358184775645475,36.432438801608903
-2.0694439672645748,0.10073956482158763,125.85105245521783
1.0824530821428455,0.15950399674209326,128.20243170942217
1.9170932779679095,-4.0713602419343324,261.96200581330106
1.161497022771389,-4.3120102167973675,357.65176771986461
-1.6401616456302186,2.1927454568904707,52.103656247780634
4.3060107603713487,-3.2565696978064853,80.95057404390576
1.0495453233358996,-0.41112273326815796,139.71235001490143
-1.9925284647759689,-3.8436736229583639,151.6564997599034
-3.0832363526693727,-2.0274771672262357,48.069986360616276
0.61744311854027067,0.89121902580516643,125.85406629410124
-3.842363881920086,2.2550882889130257,69.368903266697913
2.1248238424254273,-4.618666545064702,394.12386206511235
0.59855239404965843,-1.5002084428607216,164.65611655405354
4.3968966104671949,1.4904256355794088,96.639514853254852
0.96441632463174187,-0.73965174610086848,146.97005481592046
-3.9103093598915186,2.7546840416138991,60.670741352666994
0.2248590927308145,1.6767086481471738,101.69514020337859
-4.7281361400181279,-2.0411920753207458,143.93094198779932
-3.1227077487975761,-4.3078366208232497,102.0200422678151
-0.55656905586212702,2.7035096548568109,63.849024063810567
0.058415842451584155,0.84369729789835546,141.89107880559482
3.1063860800884697,0.84415233446524596,10.37514484157937
-0.029704197863055448,4.6009418122091965,240.84688256849867
-4.1193899379817411,-3.8386317043594933,17.613371682498535
3.2989810245686648,-1.0629328720501272,8.0026226296658045
1.6807735243067068,-0.48082767235222423,100.81142067402021
-2.3383327960606692,1.3637782467593942,73.302827809157989
-4.3978376141968409,0.80415723489083302,199.22108566150277
2.3822018292691647,-2.5907968135023234,67.048287896055896
1.4109250865897893,1.1774315862937321,79.000950023251619
-0.74660888138242321,-3.4595594756434576,211.09414965160491
-2.2993060357261004,3.903314211590919,38.518351469642262
-3.1666403961980936,-4.4750704179749965,126.88681474840357
4.7054650609955804,-4.5355464646309223,377.67313798502408
-1.4892926365506272,-2.8717726286695866,135.86925786747639
-0.29559887304954646,2.6232582682806038,68.885030751316933
-2.3576822199772227,-1.0572926946456978,110.12669704072408
-4.2051145118018418,-4.0779165745897252,36.209309426789815
0.72098848313667041,-2.4905022200747418,168.24432181853729
4.9521657944717301,2.0472604036960727,247.0568097361114
1.9069870302330862,4.4659546520717335,228.96931341071948
-2.9034669073738169,0.71166280578783692,91.756635432340516
0.0057074758948765236,1.9783313990797149,90.879380807563038
3.1434659126385434,-3.666125664326799,114.74577991163558
0.67598478937528306,4.034483959957587,141.42447810854381
0.61039372964720684,-4.1181747300996658,329.15230864481083
1.9937260243623101,-4.8591055999669281,487.36568835377875
1.7103332965018661,0.90549164679812666,71.37708813007707
0.24777157451030174,-3.9809437679980486,305.32454520795119
-2.7231600415745545,-4.7428245026290972,232.44682583144811
-1.9232236748546923,-1.1852258094496708,128.54689730037268
3.4617028125970144,-0.051449548707917181,13.369328076601919
4.4882999738324525,2.7015621445092739,163.25002514726745
0.53700620442700053,3.4924166786657462,84.995491142462498
-1.3970125353304335,-3.0143820595502708,145.98504077949005
3.1366164135296977,4.8604953609700114,404.17991827855798
1.0339819995106128,0.87698902199498274,108.9808194370809
-2.3677983626034083,-0.098664229163590633,117.73756431245555
2.5605539764078911,-0.59381813710465714,42.077359195393626
3.9616189994322877,3.7880175200418762,199.88367067799174
0.60610666101366029,2.4897480965972028,66.344646114423483
4.2057651450696483,4.1160230601250944,316.88610137848224
0.66023101238333215,3.3351990143504189,75.141521681657707
0.71792230330028151,0.65325370267245741,130.94010039802367
-2.4336426669318016,1.2452352418268209,76.827550570891987
-2.1075160656015806,0.68836192864305445,108.99739095870399
2.0320809846932439,3.5769226514748649,72.102042765825189
1.8936952894733121,0.74198105164364403,65.269774280888242
-1.0572848877983261,-2.0811728112938148,157.00417117823818
2.1207827848031968,-3.9853537381570638,231.07468250415843
0.39868670067545242,-4.8993542360501401,550.60237726945843
-3.8895082267769476,4.4557966243014775,154.05060073051712
2.4296618958523863,1.2362652222160868,24.156970512541392
-2.2332906650891946,0.82827047629113615,99.930962684077841
0.5666629281293325,-3.4992190605421225,234.78887529960642
3.3989080834966288,-4.1457841430388296,197.50233908007544
2.1221152578875344,2.7229581064619897,20.674996928418654
-2.2208011909982117,3.5406856334062802,17.381089111788768
2.612322941515691,-4.1313606094834672,229.8025525700443
-0.43861448359340027,4.9268160448204714,317.9977443100363
3.9635236552037227,0.50664242401833182,34.935579312414148
-2.7637178670110227,1.9444720974905296,37.802249779243574
-3.9447436068599764,-1.4911861035846914,85.481488366855871
-2.539309826779649,1.973742865596229,38.4976963182107
-4.9084856668321919,3.1975900864048796,268.22639965660579
-2.4149611230865502,-2.1529071894696292,76.443075817328463
4.3112228306049634,3.7638954337750246,260.58221330021399
4.9758828346486208,-3.6096779496879128,224.14156255382716
4.8212435103058802,-4.3656643461009157,347.01777309811433
0.92654893619043133,0.56657434385737648,124.76995529594203
4.1688093017908283,-2.2063010450021108,21.558806549399897
2.6375473582423714,0.67628912513424844,26.586752098978387
-3.3635704104650896,-3.8919368839550543,35.687303534254781
-0.48240931027861933,-1.7541697985236593,176.19338373805692
2.672690204014728,1.1407110915791314,16.533951406334978
-4.1764737834966503,-3.7205350653551053,14.51851416020304
-4.5999922405556557,0.98507211215093893,237.19997251607816
0.67194507759785171,-0.43742610129174686,158.34959894298976
1.1935055357244764,-0.95687680784418649,134.8526186612545
0.45815694277637853,-0.62942680175338506,168.17461237355928
-0.88379166835544165,-2.7548048633108424,168.40426840159864
1.796993070105712,3.9189981459063397,117.97148335916759
-4.6225666677360637,-4.1684974208593095,71.541613723609686
-2.0774344209241615,-1.8020947088281565,106.00592862976893
-2.3194934417612001,2.9049960971289224,8.1462402453600742
1.2323607978608369,3.2410299500724946,61.376526332463165
-0.059571739116141664,3.5800170912097524,88.145975612238402
-4.1651507735214581,2.8674820036767414,93.593443404094103
3.2002469908952023,-4.2847700925552985,237.41284904126528
0.25947349231806971,1.1167097974363358,126.53152907477904
-4.9941044749917278,0.38007495943891279,345.50961113437347
-2.9954815643529336,-0.49473677898171964,101.43609494971072
-3.3083129281649017,-1.7394294388880511,56.257904755674453
-2.1484726237575735,-4.9617767978097742,368.07243741975583
-1.5198991448329013,-2.6584526156167709,130.89509666671319
-4.5900453696794097,0.90953578198117135,236.35528106270016
-1.7721588018038292,-0.31975274372984419,142.06687008349229
-4.8271364521520477,2.8224532149869708,243.63279266360834
-1.3179101183619464,0.24566832035280406,149.50155793060162
3.6888982468458913,3.7850587042525081,162.21355000111254
2.0764946890998104,0.63003449498651065,57.190765594158115
-2.9606192211798232,0.02906775229281866,104.06206668102996
1.609404643663586,-4.539013311627806,399.07855680406391
3.7455765440872995,-1.3137683107948868,5.2793162028072089
1.8217760762284581,-3.6625156483203525,196.50669174615675
4.6500892203232329,4.0319013417869023,408.16146914685822
-1.6265852880005154,4.432266136360786,136.78681488971242
-4.7746947364088204,-0.59449930611143209,255.95722726482416
-2.6467505915319998,-3.540622334264778,65.129052858404222
-0.12960592473334742,0.026356190797486079,170.87385273463011
-0.54744150707336203,4.4062895368854544,180.46280753460042
-1.0791401965732432,-2.6332966296270821,156.7805739678374
2.8020027123912978,-1.3087037008827767,26.045843955804546
0.64177834564330549,4.4872141152219651,227.02317501440587
3.5211464425632126,3.2164700121925911,68.450988586674555
-0.39408131240356159,2.7957523004099718,64.96376806588006
-2.3437439259275052,-0.86528710382452179,114.47872073676209
-2.3928381347179188,1.4278682875175273,68.876995806375334
2.9878488647984174,-4.4400616465350975,288.9695223585087
-3.4972000791052893,4.3429768390413077,101.02326329350493
3.1755396345598204,-4.8866023649692076,435.84944518138855
-1.443826630789093,-1.3688220957794321,148.93140374543998
3.3509272381055624,1.6807959075302605,4.3251981287866661
0.46476135777859895,2.7364753857822723,65.670923461880847
-3.4650306830665176,1.433127574997453,76.699360734694665
3.0120381551375424,-1.1250743996261807,16.729187118858015
4.9710940196365172,4.2131580255855621,568.47807537764083
-3.7204536730593083,1.5039793843872857,90.431802716252932
2.4229134061374511,-0.26292884049615051,49.399846157126433
-2.8782409126188711,3.3634054362031449,2.4765724672183511
3.818626549635999,3.2459132270363948,100.70898822417999
4.7184903609775546,-1.6911812236385848,91.976515610225206
0.14135042493575334,0.69215225995134411,146.53919875357261
-1.6592066794069176,2.5027496058179395,38.734979877588749
1.1848344917743701,4.1609588132698736,161.7549859837512
0.21687216160203882,-3.1662333916404082,209.86175945610677
1.6583189392586828,-0.59065664843364463,103.08493581612797
-3.8276544279208706,1.4927800795672344,100.40514800889666
-1.9911031947975215,-1.8035609031670647,111.05689736312077
-1.6922600459486108,-3.6737513718622501,162.55650550580219
-2.5332508308071477,-4.4696527190239763,191.03251945955265
-3.3665630698222921,4.0913103917825175,60.186799647475958
-2.5892987824951015,-4.8687262823709432,283.22240802867088
3.2156088240427607,4.5076377590810406,288.19200907263189
-0.93228250160208326,3.8175146639890425,83.962878190371754
-0.52230562966188732,-0.53338359222481913,179.1865298946812
-0.34149468899277036,-2.9288624705972981,192.30760763245266
-0.78066835417511982,-4.8223810368933009,470.89952770975196
3.7650740563412484,-4.6538284219738744,341.59866100230721
0.83906223048925987,3.0439287202893599,62.230488452914891
-0.078034119079002373,-2.3212361010428206,180.14888584985363
-3.4590539665574105,-0.61312817850168777,101.79331832302141
4.9511586891808719,-1.4751965246977692,144.94834519884219
3.8293160878731847,2.9939178173617629,77.880591846929576
2.3544651178125067,0.73972666927469177,39.044279457940533
3.4797515698998076,0.63209012854628188,12.769083287301447
2.2566392645810973,-0.9893193020510429,61.739483155515771
-1.7197859093882424,-4.9757542534523802,426.69917863786088
0.93674604693419283,1.3864182876527416,93.46793826031022
2.2326966359447997,1.7885924775129443,20.322453850244699
2.3029421198056177,1.9573873427144797,14.730070135497577
4.8209857059466508,4.3809959831595737,565.80076697546622
-3.0503118520559878,-4.53007575091371,148.4065974901003
1.4418344782081993,0.87051883478577086,87.855551786440998
-2.9793549298293796,-3.7507495612464963,51.224170741138607
-2.3916957970386159,-1.8070870007929436,87.75334063502558
-4.8471626939788681,-1.2853021276884595,229.59832715445731
0.64682180792444921,0.53169032822960816,137.85188851740179
3.6455399251999925,-0.84822323783783471,9.0217147433215423
2.1950901173519322,2.1258478207175262,16.530572045588649
-3.8803960077405839,1.2023212759400721,116.68125776222661
4.2173457930534006,-0.65493080357284583,43.130074531228992
0.085474083378912269,1.6339551492654678,105.60361431882785
-2.9100895815427652,-2.9588695528168367,31.477267185640763
-4.0745418938711166,-2.4413171423934048,36.147469340836892
-0.99904083877306959,0.17567044811773957,160.04703339247888
-3.4311187505824829,2.7140489036950619,21.551128632200815
4.7874604453212797,3.3791778555729728,318.81405819818752
-2.0452840062619284,-2.9152437272476317,95.011747759743585
-3.7644306973633741,3.0936284447120936,40.670180965309747
3.9004632607458838,-1.9040382774882252,5.6106303487467892
-2.7363062313703574,4.457161240266645,103.50863927992353
1.4934737103667581,4.6197444139962389,267.98421790332458
-0.056604530264603881,2.411718726445951,75.241689529975517
-2.7913000711910669,-2.1625718527322539,55.008918603056458
-1.2657892474059977,-4.2920313535193442,290.55000267148523
-1.6712054549020912,1.6647912241624105,77.607614631648943
1.5083360117287352,3.7484070113765817,98.020323621933329
-2.4509197026094438,-4.8282185508491162,288.57726320494589
0.31220874687049083,4.9150276088445022,341.04073114064539
-0.14242468399343444,4.0544297000508163,134.37474004347445
-2.5417614743227661,0.85120625829282837,91.3463128812664
1.7824547247105107,-0.13114507926866725,90.309720768524812
0.90516891670322952,-3.3196711924963549,206.51861630089937
-0.73664302857224406,4.3152680541397341,156.2062040055819
1.6484300159838767,-3.2421393960407352,159.44597325655658
-2.024385650236868,-4.7330446019117254,314.32390779723448
0.79725987412610078,1.3209712451795248,101.65494089575343
0.61655573497808192,3.7999153707819548,111.40935863149195
-1.7043759959692628,0.36886411472012526,133.11078544466514
-0.98697195814803518,-1.1518623401046573,169.30013153219755
-3.0918549444094063,3.6208930458244133,13.868836466185801
1.1291913757919181,1.383906716581822,85.219473637511967
1.1915026597340823,-3.4448966475091396,206.36555162629335
3.5144083422611061,1.6858511194741199,9.6369548065328505
1.4049511722252985,1.3704348460577673,72.425166336628877
4.0035452085943408,-4.3089619235678374,242.96419238172243
2.8780768893696766,1.7271628704636468,2.2760683780532851
-4.499519591472553,0.34444848510759929,221.49481022143249
-4.7340008460144656,1.5725456569343521,254.33432169460153
-2.5361281135719436,0.30169013203130923,107.41198744948531
-3.4215530046765696,-4.3869431232824194,91.399778690098159
-3.0761348222280893,3.7410704005033519,20.218455195038818
4.9014383414478715,4.8745522679932165,789.63416614193375
3.1352696301532408,3.1699975041987187,42.243410945284843
-0.50636014302651677,-2.0865005120080236,174.55208943002992
-0.47204974761377372,3.8154523124916881,98.671604068110213
-0.44274668360056868,1.2914619646988799,123.83706580464059
4.2460222061961392,-2.9375211606925915,51.254026851094729
-4.5652156903732299,-3.7596180562328341,43.587962747429913
3.6563743675878815,3.5056406370164872,114.54122578437639
-4.1663642356656423,2.7657875166866583,95.622049526396594
2.6209411928242945,4.1486519432431841,164.66706973657222
4.1984264670855111,-3.2534912894926244,71.964036806086597
0.13065057047099238,-0.43900873650531214,175.03795904446389
3.9143995037198458,3.6726804425451025,172.14530221074367
-0.8037007304088144,0.94397927830605521,136.33380787016631
0.67474231725934075,4.2995776055429804,186.89443264730318
1.5112750664643553,-2.966831100873863,147.4680231892992
-4.458453757053765,2.6566235129161004,152.41024124835002
0.33620528886389955,-4.7541826942296375,498.67998809036101
-1.0103699551643586,-1.3062139266847228,167.10212070288262
-3.1476757999354898,-3.0400249538646129,17.895461334823466
3.375716075886519,4.1464566968693042,204.74185331115899
1.7317723977098431,4.9520175686727068,380.02223494654908
4.8767598056807788,-4.0353632073701151,277.04895160829244
-1.2811129940264632,-4.35982874690436,303.26778303947208
-3.3943856777510648,-0.86616185551804303,93.128163874275316
-0.66255782442702404,-2.052911556439752,171.0006730178178
-2.8578089241682996,2.5973471884891088,9.7375312107985383
-0.13097034489952275,4.6880556336866839,260.05469487881243
2.5835268746000262,0.84822776030447056,25.758331274187974
-2.3338877952756669,2.3577231904705762,24.460432954537577
-4.8022609071670379,-0.99015082197679671,239.69212136532636
2.6900423121144623,4.4628524744359002,244.07025221162203
0.098298166085322158,1.9374223352827631,91.865784200021508
-1.0146934250855777,2.5465022277212199,57.455178025707404
-4.988705648816075,2.6675571899747847,297.80406898569049
2.3498703066972917,-3.7778769339798575,178.26048871541457
-3.428799193879783,3.5843729106318438,24.695822887967729
4.8522536740167759,-2.6155090780076584,120.607770462966
-2.7099500181360288,1.7878155350171268,45.918591717892319
1.0378585905802353,-4.4719203094260473,404.21672578746472
4.2522006007625315,-2.1387700196354791,27.763952782873709
1.0638634683246657,-4.2832615662923672,354.27660250078543
1.1406137442127662,-2.055308275896305,140.83730264929019
3.0023780107732883,-1.020020535200568,17.779428045711871
4.6884576627813814,2.0369070903340516,172.85866054657083
-1.2909891769653266,-4.1932210058452126,269.31140874916667
0.89471483437748045,-1.1822015240441881,151.70509188689221
2.2115151082287881,-0.29153574490134027,63.092265055298114
1.466827819273794,-4.0304840375958459,280.60507433597422
2.3254002236623865,2.7133076307772006,15.512153978033037
2.2551837815145523,-3.9380793733041353,212.92257144491981
-3.9782403379485594,-0.93629422902958304,117.17508356208158
4.3972279066966689,4.6130821090476797,516.52722320026919
4.7649448896079978,-0.28666416721336319,135.0064247139442
-0.11730757993977559,-0.013527375778041417,171.64832124909367
-0.83925652515744353,1.7611193625192545,95.284131863627309
-4.754976270113616,-4.1984132667173153,89.405477108958877
0.039919012380684293,-0.5430213659336296,177.629564679726
-2.9343517398903911,2.9710784567620312,1.5636882319940029
0.12505667076261773,1.3608753967540652,117.84161393373583
4.7267454719477389,-0.76997789392653981,114.59395274616469
-2.3740906289711816,0.49115289124410566,107.1507758239153
2.045191915771305,-1.8887718897419332,77.71850969104824
1.6748782169259471,-2.0963669566969845,106.77335001199073
2.6674383352661071,-2.5177836261164033,45.019463279968498
0.46721192019909896,-3.6389517446026698,252.96869164846029
3.3523026631743953,2.5505931975973404,15.943061888915615
-4.8857895531440487,-0.079376642961253907,304.74633836498049
-1.3041309030042392,1.3590844082081412,104.73922532383591
-3.8817746950431844,4.9814410515170149,276.02348553148761
4.3257957253557606,-0.84358009110856447,51.033887756465695
1.2988608888705491,3.202924945612164,58.104151517170529
-2.6586854782684317,0.86538032227683725,88.785003092320892
4.9496945815297462,2.9182523986919531,311.34957531508786
-0.9579698729802697,-4.5876278184218631,386.51174266290889
0.98354059353409884,-4.931076011732296,558.76830914155141
2.3078428023598674,0.21179333996440164,51.431594201385188
1.058300628616557,-4.3602205161061862,373.60416241847184
4.2845064114546414,3.8480554720392792,271.77052706022465
-2.0874601257167158,1.7744044124436762,58.969570681420564
3.8723230223790388,-3.5460085905566974,89.437851802954967
-4.8058605271757573,1.2099480393945647,284.01072624967833
0.15396831848459058,-2.1234942338185903,177.06509796450635
-0.053140547037367369,-4.9090956347482235,543.57830298506065
0.19483971979797587,2.2775305187624326,78.038633815119326
0.46582486873203077,1.9233240226781323,86.53120991970593
1.2082445990745549,-3.6459990797321149,230.14770613807286
0.87655359761927265,-3.7826025546512416,263.38764218863901
0.92277895615905958,-2.9122213435067734,176.36020607137434
1.3066352693057297,-3.6524837063878808,226.05866843057828
2.9200347637682196,-2.4240259689096848,27.210140017587655
4.2377888523061529,-3.8953936406550982,163.43956830992087
-1.3272459062450466,1.1689403963151088,113.56954803277384
-4.3528711407702989,1.7799731355745578,161.61061729432689
-3.1176524856518428,3.7275183764178124,20.252927647128676
3.4091014899237955,-2.3287047705617376,6.2690379924821666
0.2841164407907204,2.5082247754822795,70.926177114406684
0.90733247802227002,-4.6948001677763633,475.5169873799955
-4.9800261255007063,-4.0927167903017647,116.99997143096269
3.8875516413464553,4.9317356607170915,531.65407423590807
3.0497797315651969,-4.4052539955793977,276.14925699445877
4.2908047671186669,-2.790699968247516,47.141545649681944
4.3908710923666323,-3.8656149067502819,171.60842776356202
-4.8408319549534955,1.6723388158500914,280.77504701328303
-2.6528108369586141,2.4547462481694415,15.42896575274834
-2.608784631406595,-4.0178553767216485,110.1366409432348
2.5813951089876408,0.82538714445596639,26.294923692569462
4.0731760205933476,1.2412341904440645,48.5976283303266
1.7661446858994525,2.3360283578279315,30.793555263283078
-3.7332704314247578,-2.8889798586104023,5.7004187918543066
1.4627583950339407,4.3192132011314186,192.71321054040493
-1.1302929147111644,-2.8083805904795414,157.08060340937973
-4.2734700635905751,-4.599926025805126,104.81956512401369
-2.9913272552120937,4.7609133065361249,167.99324155207779
-0.41511454955152605,4.1739380393271546,144.40520916882895
-2.44085025633848,-3.2441561151995302,69.838929488914218
2.1556643776908313,-1.3650246895811087,68.456238598100853
-4.4760516930690786,-4.5678306460377689,108.10974098767151
1.612481571382542,-1.7611798205561611,108.47232515970862
-3.3990680381266332,4.5745519339570802,137.12595225409603
0.27200005138072392,3.9160879041955603,123.23235732014268
2.5175279953287895,-0.00014866852729245039,41.828677539918758
2.1837437745936628,3.945239266961714,120.75952482856906
1.9332479873183006,2.5898513594837631,24.525629670663271
-3.017767655820641,-1.7622880897506255,61.138945761864143
4.9402017919266896,4.6832939868047081,722.16165005327196
4.9925108996914567,-4.7915311382244621,522.37946756169788
2.9437206739370279,1.3216125746621135,6.3603007123540154
3.808923572594022,-0.7184003428935668,14.93680549636116
3.1135327590205346,-2.6480236755070088,25.402759954759926
-2.8658173257767889,3.7748419020934936,20.191723962625971
4.8097241584871693,-0.60773026767964211,136.1579558453069
1.8593116259294806,-4.0277636502551974,256.69662394503803
2.5276924896801312,1.7208045512397661,10.63544591377851
1.5212772958748912,-4.8799953665247191,520.22391182700676
2.1926474625038237,-4.2498042436040038,284.69230735710198
-1.2150978461007522,-1.3796263836838074,158.71689821453282
4.6849167267953309,-4.6178848039040945,401.44760263130564
0.68276582406686259,4.3763572431186688,202.65859954965399
-3.2537938860189941,-1.4700825663155754,69.03634459159548
-3.1067342938655109,4.189336108992908,63.482242105742266
1.9572501292930937,3.0475613242439685,35.006681521420234
0.89379816217356201,-1.0312637350351039,151.59534571506401
3.4058675450143898,2.366187184837675,12.816732838936934
4.1308672698178679,2.8588320626630921,107.74824879048927
4.7123211680413917,1.0031074590829068,150.70371672509685
2.4758052143142457,-4.3358912738075004,288.55286456604313
3.7624077028738174,2.9378789121294542,66.22212276940499
-2.3603434649136954,2.7126030662839105,11.386127030822845
-1.9681927663070544,2.5555015642467627,26.833357542671731
-4.5554296782393626,-2.3629343197112314,90.261836911299611
3.0812531436271868,2.8019576993817346,17.142174684632977
1.7345020063604348,-1.4498036256090412,99.14642578468532
-2.7972532246886224,-2.4769711719853826,45.358280633713022
-1.3836838982606703,-4.1108114422792017,246.64719792577279
-1.1591647638252383,-2.8747552499964528,157.03931036805312
2.875383704698308,-1.4062499606712864,21.736448894319771
-1.7769882896762113,-3.3428221873152126,130.85511206673004
-3.7522753006187961,0.13325180286807292,125.55212719057269
2.6309096666975034,4.0773434476607502,150.20069453737136
1.2713375758759291,0.44733809911454347,110.4234544564769
-2.6105772761577519,-2.866874653227053,51.663902372075398
-0.24199099541408842,3.3756298375089244,74.487949339008011
-3.6606161271511333,-0.35736687545974988,115.11488988594904
-3.0542803012476871,2.91388475117187,3.9885455651458348
0.67698659979954634,-2.8174885980651072,181.07659336619781
0.19320811354723322,-1.2892702167233816,176.576698030655
-1.2405917615484183,-3.0708090442764036,158.458914050141
4.3468489044906669,-3.6603589260472336,133.38965923065791
3.0792521329319307,1.6193436185014818,1.6962637771011322
4.015383055008936,-1.1467847119018684,18.599918571942752
-1.4429005879971757,-3.9570446030501287,217.82832361351504
-0.35625172531512206,1.1660265015688722,130.18659743304369
2.852844853688989,4.4911620014439499,259.40526552379174
1.3744785888897315,3.9685910159868047,128.94169055298474
-3.6311493726973878,-4.9591395320361613,202.62957176196872
3.2395133920786172,0.33881297071081029,13.318875152382642
4.5263011057799627,-2.0365472356242869,58.316924889103909
4.4302900214879788,1.6461206992107238,105.56626011253017
3.3644942732323848,-3.9544491361666818,157.26241501908757
2.3552222194524202,1.7423400838598742,16.35743860764871
4.3675521845810792,4.1213872160492553,354.78400689345403
3.0992359081692431,-4.0661126234869451,189.40112895446663
3.8436051179559207,-2.3794862376928094,8.2205479268447785
0.58110409493014892,-2.2216734704221448,168.19671255816468
-2.4808408296139506,-1.4409345529257225,94.345701586482605
2.7582883393541726,-4.511980533434067,322.20419413490453
4.2745394445374387,-2.7892777359387892,45.641076510736809
0.74207980467564294,-1.54785464721598,158.84769628165699
-4.1614319308856684,0.85366677449638217,160.2667739658587
3.6677365406879012,3.3513331382644491,96.078949119202235
1.6728827377661215,0.68073348911600817,80.217141827937638
-1.2539427846808122,-1.407420084448102,156.75018377323781
-0.6169087873757837,-4.0580449068232678,293.76508922393032
-3.377263052439563,-4.2401766266201184,72.489525252476767
3.9271241979404348,1.57960228042095,36.356659362951973
4.5032500836640743,3.2541519704757231,222.57913421421694
-0.63941600769402385,4.8150395611828927,275.01635024143684
-4.6296576157623628,-2.6093496763478594,84.462498854376648
3.6933182725973399,4.5808965652331999,364.65927680661298
-0.31753477382102169,1.9068540598944725,94.414793864044697
1.3561398055453147,-0.56396619619344257,122.93689783355353
0.80520496396748076,-1.8380127033411418,156.52045078394386
-2.1703793297774836,-0.11488911548057423,124.86954744011271
1.5447832185176233,-1.4469747906697679,112.51561944769831
-4.2244486195790767,4.5384763136439314,217.46463210627024
-3.3539319155349592,-3.9755158982930259,43.59913276590531
0.22246841120236116,-2.512932307990873,181.47831358854279
-3.3004718901193004,2.2049697033899296,33.980115978209895
-0.94873299851980519,3.4315470891782578,59.111270270954336
1.1988152918795869,-2.0121259391807413,137.05125550064486
4.6742126308005716,4.5471144249593536,573.75713201457506
-4.1518161584194386,-3.6376133236312103,11.087937900245658
-3.1413438857665641,2.600623357013605,13.568549591410237
-3.3501636404769912,4.343110003164476,93.316456916719062
-0.13678416503847224,1.5172370087106231,112.94335997347885
-2.5309761705717948,-2.786231697817207,57.595607921176793
0.0080574531662431781,4.6211308792348564,246.98227082954753
3.5852752693004781,-2.6996369304024612,15.717333441461893
-0.91600552011422121,-4.0706499195394139,277.4328999411174
4.2072994076644701,4.0279671093091878,295.5323850896462
4.5703781784503494,3.7106033415430666,313.50362217794884
4.4631896249351364,-3.2010059441776457,92.145972293377639
3.1262619705277945,-1.6782615724598497,9.5551803489403131
-0.12286091371677443,-1.3239229697863237,180.34510543171083
0.53492471679814546,0.13805831215548814,153.39859893371306
4.0183081946121408,3.627711840876044,180.5959975120133
0.27199632337006197,-2.2095520866799863,175.95048648725995
4.8790809403863964,1.6907429018555051,210.6832428819888
-0.17216090225674208,-2.082346630250218,178.4160253010057
4.0369991298111856,0.54894308621707388,41.263729367747537
-0.63034304953272624,-3.889880040310481,266.29629411888516
-4.9467161152800498,-0.3828462620053088,310.5170200708136
0.44181630097488878,-2.3423789388030345,173.9962643699474
2.7147376319733221,-1.8696740842806907,30.872048878298674
-1.0505971039601505,-1.7294625872117244,160.75620334658953
3.7157010348800892,-4.4801002668150058,284.60450821881574
-2.2279533469036745,-3.3526452485155609,92.200121570052204
0.49829513518223756,1.2148502347837367,116.21064641463309
-2.447326710166708,0.31121444854664038,109.51548093031857
-1.6251509847309933,-0.39367080715772929,148.35107283724383
4.7937501607535413,-0.21836999755163422,142.9962956454643
3.4645672572081736,-3.1061051892286216,41.784226663415069
4.0896875559104942,0.37559414612439745,44.892588782198217
-1.1428749528648514,-4.548070153435023,360.13536370901181
2.5562863163588068,-1.7406736457880774,40.514096056067572
1.742888637827531,-0.43690558673677948,96.213947360516073
1.251532102415128,-2.8603417906914679,157.06257552227004
0.48138060062718946,-1.0512585308030369,169.00702942727213
0.94402347114031926,-4.1835820694362704,335.29241804922447
3.8310282721444828,3.337212888848363,112.68537592761673
-4.7616657646506022,1.2438024146862761,271.19417902640532
-4.4724513872425407,3.8081557953676644,173.29960814685185
2.2032106312856996,3.0227837863690912,28.592977095301045
-0.98124446844955671,2.0974400606655692,75.869791417439188
4.2297262384811578,4.2390013408901481,354.87297397056142
2.9771703852755946,4.2699074839348832,206.4552599461224
-2.270217633125168,3.2112531680251593,8.0280971444702161
-1.7785478340601046,0.32190921278127416,131.72737339529823
-0.92329058126658659,3.0739987280459484,52.364126416071009
-4.5597562836114971,3.4828190397193346,176.52950057495073
-2.8958237904784685,-2.3316775759150863,44.345354023828151
1.4986942553943203,-2.0351015542618178,118.25158508122932
-0.21437951115245113,4.7951621266737838,286.91495663481794
3.7054000659466269,-3.3024049974189778,58.259224803953323
4.7625273956707037,-2.3375994350001079,97.724476315226411
4.539624063195415,0.96060081385430873,114.06354959764022
0.75360280431627036,4.0979618461314544,151.35806351333702
-1.5134081265182493,-3.3796707227416642,154.61128612385789
0.80677479374870487,-3.9497493321521682,292.95469627660282
4.3483607734893006,2.4023394885192886,116.03995650020453
-3.8713880644162559,-0.52325428482623426,124.31098457717991
-0.10982884278207017,2.0383069977964121,88.828701931231052
3.2168862971343906,2.9572522882260071,29.939536962302963
4.6111698568725075,4.642139930484916,589.28969779976899
-4.9064887717857797,1.0832937019825568,315.61505331973888
1.5384439973249204,-0.32385126918950569,108.9225711055435
0.64370227815616765,2.5251365449795395,64.972235548917624
-2.651852006343558,1.8725846839049174,42.153877476742082
-4.778316412771817,4.9726249141087884,450.07413026727329
-2.9155951775802116,-4.6684253498161219,192.47749453852256
-0.56600519157462248,0.15094750717113747,167.75349468297333
2.9600974157680096,0.8405337243646045,13.064011304931913
-4.4556419862204661,3.6312313956438196,158.84326954493176
-1.761913844110794,2.0502029985461085,54.950028321767221
1.3472360801658017,-4.2810679860436887,341.98380085509103
-0.82349689365758572,1.7648173991779537,95.396750033140819
-2.3842124374964344,2.0915641479520284,35.489772749459625
-3.5638733793261674,0.26311976302124229,113.99602393056824
-3.1882026108235788,-4.4621938810907746,122.60029784857323
-0.15117247703939451,0.84601941181750462,144.05442114244744
3.4456484657484818,-3.6039801022802069,96.467433430097699
-1.4859180383280397,1.3058920226069386,102.01857410081345
4.654146146296533,-0.57299642851410848,105.83977957463918
-4.3564350948082486,-4.2896854169622749,63.239094545889607
-0.18951334548701748,1.1339181150667343,131.4863569733582
0.86611804588654628,-1.7999549924745524,153.57303860149301
0.8779137004644344,-3.6087238314679579,239.11106490116811
0.38003685377129148,3.4424564444574095,82.312864524757657
-2.2607275659022896,-1.2500608734837986,110.22813775537253
-0.087955968730469181,-1.9346053523522198,178.29469647785808
3.158859513920973,4.0269908021841694,162.18569190104716
-2.6638687790878315,-1.5743643937893959,81.638072787902729
-4.077753117633546,-4.0527944572079857,31.07607219126719
-3.6766361259895031,2.1624981196887996,57.90667255925166
3.9308057061246888,2.0063134304353518,42.614038196883776
-2.8729553430132722,3.897004783285837,29.559829681734211
1.5283713839330257,1.9044200176434911,49.096350468128271
-2.5167755413920232,3.5710301832720255,11.666947934527336
-3.3281371311924857,-1.2300950517983451,79.035072095726377
-1.2373305820918179,-3.8842175535806862,225.22873834280989
-3.7538610169460749,3.692747506214511,54.334581143243952
3.4931144706782629,-4.1806489173926931,204.0604107495204
-3.1132117886592989,2.1418258182980079,31.229810465719698
-3.9284128962400695,-3.8082598497648972,13.166136896533072
3.8325490575935959,-1.1550107455626084,9.7795843323515488
-0.18436884391559527,-4.912743695788059,539.46037221690892
3.6264072008325492,3.9609105812792151,189.01800253890471
2.1067793942265887,2.897395363133346,25.687278317958565
0.48243064425609106,3.4874588846589418,84.85928243915221
-4.3919518939745545,3.2408452229198979,133.73299565904
3.9219498836321662,-0.27868663367950575,25.836947331924335
3.4037122855701121,4.2709715601492739,238.05635821746338
0.17230370966416686,4.7820298832115054,295.58007005148772
-4.4642225537883782,-3.7303085664950855,33.036635513607905
-4.0391548448459735,0.2434605947936479,151.45175201112727
4.5476321199161518,4.2663663791761746,442.57505207165514
3.1166115662439058,-4.945159760188127,462.01143244074223
-3.4863312140045744,1.1383124487631191,89.723700282987949
4.6800883680630516,4.0952119283864885,433.78021417223113
-1.7181076782217692,-1.9441455907754297,124.23294184497109
4.8533315268636628,-1.814223133617439,116.6709925142155
1.4217009989647149,-1.3110657399007852,120.77565457392333
-3.5626963355298176,-3.0181380924196088,3.869282346693657
-3.6379815809113172,-1.2708341452785938,82.343288291483844
-2.129391855640403,2.9869721805443072,12.144490146838494
-4.9864417128020975,-2.3181696243901877,177.0456467407995
0.3525751569449076,0.69555546854337891,141.62545766172042
0.67878457426211547,0.35059467954251833,142.22763581022048
-0.57816941200682237,-2.5195681143474586,175.36459310209983
4.7296962301138983,4.3017060041608435,509.1579919653214
-0.47951785840447414,-3.6268919278946163,239.47596408378004
-2.4047523938546544,-4.2826109546311386,170.09793171930011
-2.5059298222151289,2.4044149143660798,19.236926275376867
-3.870239246510899,-2.9827711283725398,4.885952172499664
-1.4356868029422039,-1.8830142151646707,141.02329152773194
-3.9995151772815043,4.8221656271600892,246.55355018852168
1.3537309613557085,2.5549333151642752,44.501773527699591
1.4942898381098004,0.65743816161676794,91.506833077229487
3.1480261689261262,4.1839005076104954,195.97840993435705
-1.5771837373072293,1.5750868368149575,85.292276052911916
-0.90416161689241648,-3.2856854421300232,189.75295834867882
-1.0883500601149665,-3.1416024208192548,171.05943711872047
-4.9400957654940756,4.332798621166539,361.30394701407215
3.8170687613892493,-0.94190402599499468,12.177420746667766
-4.2275147958876413,4.7396099667872633,261.08314230897497
-2.0032769286175984,-2.9908164543645603,99.557855586478482
3.4501733899862721,-3.0508980197511351,37.766790507259266
-1.2494752687672932,-0.74986060387342413,162.90184344627659
-3.5967954732970147,3.3051227313379066,27.586153004021092
-3.510583343699015,-2.9395501384799179,6.1048809702978559
-0.34773351949821318,-3.926661167454558,284.3499951181833
4.0467586699601892,-3.7710433250596185,129.53385871233704
-2.7215623305773962,-0.91972856732383335,99.142978455163217
-4.8242980639492394,-1.7387061829515722,188.45039498706223
4.426838089356572,-4.4319189435196913,308.68903792874357
-4.2825790464078954,2.4487263215384178,123.77378753395419
-4.209893129334592,-0.74662828932392866,149.19387494398279
3.0667550394295784,4.4491658914082333,259.74390546079405
-3.6823206694173036,-3.0577679480564495,2.0235107786874043
-2.7565848245255999,-4.0829807336593031,103.8189881853439
2.9132617019796747,-3.6744383482218574,126.92091795812374
-1.5515049727039076,0.30004424212424574,140.36695124389672
-1.9426300635757183,2.1193689771608568,45.890162105299176
-2.8189299124950682,0.38738845637711528,100.59572165344545
-3.0691238902799522,0.55328825100422918,96.371210829244774
-4.7534707893421366,-4.8363712657416285,181.10575907830915
0.54711511054454487,1.6476081162669889,95.932520372638137
-3.8619348732642971,0.73300384711892441,128.19786873235427
0.19642180905205553,2.8279590407352124,67.578259044713747
-4.289185980515116,-3.5365465833679206,16.387464061272766
2.2403182830036608,-0.81211200067787903,62.95729499830923
4.6680249128224034,-3.6890181409160636,177.5984450496999
-4.0207220747334889,-3.8496358625988254,16.165561903923532
-1.1365606825405576,-1.4152538654082853,161.35314888452035
4.9411977752157963,3.2556159253259995,350.8595308495469
-2.0310116256736421,-3.0034072042536168,97.582877866392423
0.71502945406904139,3.6934069932542339,100.29137807840465
-3.2798845425780523,-2.6455491228962162,19.104665661651602
-0.14928151991660599,3.200883082283223,70.066628395214252
2.4518000663963164,-2.2561249190378128,52.780801954009135
4.7736734818741304,2.2408154805370142,204.61811944952368
2.8334244460553561,2.0546127724482819,0.84406923030781156
-4.4951640645474757,4.8309996359881993,337.31736277178527
0.15177029944126197,3.8216075418988176,111.36173792986509
0.094186821833821099,-2.8024144345897932,191.15999698922005
1.7543173597568753,-3.1648416744524392,145.68432969479971
-2.7246714906871765,4.7434758431769168,164.58601974838211
-3.6216253774668208,-1.2131144383911514,84.537620908633357
-1.1711869452284192,1.2595980320115068,113.39248022217583
2.619394855040289,0.032945992366332888,36.037988514389497
2.762584865914147,2.7267936713787186,10.63843672747757
-1.0828129074692927,4.6448508952170826,208.88941368324134
-3.8486514250260289,-0.90766084776236688,108.93254954573878
2.4862743271223655,-1.9372462945001896,46.218117302589576
-4.7449987738934771,0.36494201585263752,275.96761294928478
-3.7223008257049015,1.5111048217262599,90.28185181656994
-1.2008728316480539,4.3165755094769374,136.29713685175889
-2.0162382505589234,2.9886808006282308,15.578785324405942
-1.0455942959086379,0.6249293482941507,144.75177796036434
-2.8879115421832005,4.3724385371876657,88.131130386848326
3.4846211333589068,2.940322419632917,42.988229547444817
2.6219051020411062,1.8174143905351903,6.4836234029506903
1.9035769104205436,0.8858517686797267,60.717819096160696
-4.2788920035669635,-0.25419286500536753,175.52916034949487
-0.74588437714623002,-4.3575164104095663,345.45874239076437
1.7937821767518098,3.2720297950250163,50.592520500525382
-0.98540462746222168,-1.7840172925476461,162.61265289280391
-1.7891414239867496,-3.9740762042607525,187.66266742891924
-0.72895907345298649,-1.0693065139589422,176.49308956285586
0.83538435675848355,-0.29418641941025481,149.22491959024507
-4.2662883530027695,-2.2318942748354393,64.194585780763006
-0.37728252319619759,4.5185309123959065,210.22193424834438
-0.50252662143395188,-0.87325010382622104,180.46813851674392
-3.6323246910471862,-3.0017081720969454,3.2838636070142941
-4.0566137385403733,-3.0740983048556609,8.2549530555899864
4.9786079548553932,3.2843514008274681,368.25049040609173
1.9889371685025186,-0.1616263829050677,76.772534019740547
-2.9884713605157671,0.044267516919313188,103.83011614679481
1.556262373791089,4.5913630323699923,260.40557064800993
1.547824697180622,2.6716197038986769,38.036462313254468
2.1343149171878375,-0.63983937474330599,70.049222226737498
1.565836472584885,-2.5740738292252279,125.1241306491505
0.45753231001824268,-4.6978658352199387,480.99706429926806
-0.033595955144184231,-4.7925890791364649,503.30445758275067
4.823732648793472,-0.30525257531581573,147.45607307685609
2.2605824395468979,-4.6161949085011873,384.93476346905254
-2.3479636118927778,1.856968156531722,47.983284811510941
-0.47515755518093439,1.6843627827844099,104.13738264939262
2.5487618986960046,0.58537611772692877,32.234517197539134
-3.4136397063874293,2.1146064525962363,42.967597372914959
4.4358414078070894,2.3197777543663385,128.85895449671906
-4.0717828988826934,-4.4978493562140347,85.054611518313607
-3.777029620555969,-0.53236606320822411,117.58847285593914
-0.15353477294430018,3.5620215730013456,85.603688667601432
2.9801219064301545,-0.79095634109056423,19.988152020229389
0.75197848185485672,-4.3643436441922745,382.83314547418263
4.7531269049589433,0.87376610510272279,157.60118728377952
-1.1055078441632249,3.7384630943343691,70.938149583904462
4.6035320153994022,2.4082767468673438,170.36239909382309
-3.1108211973036122,0.9486442109693547,84.980579479245293
2.7607998171402128,3.0492567066542016,25.699178154286287
3.0485508522619913,-0.63183637559420269,18.085409784550066
0.029830952315848869,1.198224016567254,126.68726439693759
-1.3627632823875171,-0.1069686823617424,155.30419318447088
0.36639073159559032,-0.63813716040111856,171.10753532420617
3.7526196987916443,1.1943523002364191,21.604198613348139
-2.8200687136613927,4.8768799330800245,198.33788379447438
2.7722689134027565,-2.5723936564778938,40.365417403815272
-1.6744078758885621,3.4118192902953286,31.689580171511345
2.245820848186951,-2.1019182283629236,65.047675111711541
1.3374186172030313,2.5196060416685651,45.249288378595132
4.3741652268656281,-1.9615096026900583,39.583775857031505
3.6164914656094442,-4.5268048563092558,298.69088418024256
2.2614213613447696,0.93207977342388304,39.516460297220064
1.6833405757591127,2.2028975063957565,35.778143721524451
-4.0268794614510481,3.8604064631877275,97.399044823727124
1.7241241691592037,-1.6874827673815922,100.27539932291072
-0.89810427209886168,4.4109094017993815,167.02506636365413
0.80249769607631549,-0.51514731458757712,153.37190196418769
-4.9420768641548714,2.2362521454853272,293.42836866888194
1.4307999571625736,-2.1502041310231998,124.17153542145272
-3.8363068964708629,-0.33079657132434903,126.53403670966993
-3.1892281784017404,-2.2767362279190322,34.701537769376294
-3.6902662757247393,-1.6268068174126022,65.684762275539512
2.580894171586162,-4.0443049525662449,212.77860804454218
-4.4908348185473637,-2.3209891146270563,84.132960396638509
-4.6116030909809398,-1.3384230347268784,176.15425437880356
4.9738923453711621,-2.3802960091712477,142.28132873609761
3.2488111805180893,4.2727528137028674,225.05159534095071
2.2293429604964317,-2.9898035340448956,98.731855567149296
-2.6857138623054482,-3.9022730828335925,89.838014629443535
4.6948415316438226,-3.5778957845651074,165.87573020893632
-0.11516017340403994,0.85207637497123923,143.53230033775071
3.5979113562288774,2.1853724360662241,18.946924286970646
-2.9941309117812991,-0.29081146278410053,103.60960823455751
-3.6272551180978585,4.7332194074648939,186.15163016903554
4.1125710506785218,-1.3564051763544693,21.862202582971079
-0.68026298207514202,2.2747626709269086,74.547190769421675
-4.3506336632473426,4.9752797720508575,346.12935301419299
-1.0275529976519131,4.0068660170505073,99.690669517109768
3.7202180573686014,0.73119045897739809,20.289368343988961
2.5475460117554727,-0.74767638811561099,42.802087350251469
-2.8831151892443723,1.5145496318231286,58.972942392810346
-1.2643088431271075,2.0202270382735934,71.980950642598728
-2.7762782062276301,4.1288290583945191,53.566546628956516
4.3372262582030707,-2.1363925494704312,35.822523027445008
0.9393747936261807,-2.307435053890778,154.9231135978182
2.623601586092815,-3.2774091325342907,95.186447918339866
2.3356909648595172,3.1086989255276229,30.930359167703898
1.0288953501432898,4.8128187500339195,321.87106140449447
1.9467834124594656,2.4104693680868063,23.609094012895298
-1.9483573847747611,-2.381053620282791,102.62285737819494
-1.3648333051183821,4.339264887085923,132.52385358056242
-0.99539852859484501,3.9831507503581634,98.251388036408514
-0.862214695219091,-2.5035313613511199,165.36316555508617
-0.60039478387838763,3.0671269680079476,60.606018900356929
-0.90900589071152549,3.1784954679574184,53.745881750040105
-2.1661331288078962,-0.88620286635390411,121.99207842474414
2.8363348453932291,-0.13670730070911663,26.740747745588926
1.1946572777335085,1.6705881839060339,71.53193324251275
-4.4482418215649187,-1.8223651207716318,114.55594526798117
4.9620511354262113,-1.5936000856123789,144.93285200838346
0.88691447914032384,-1.0040982914648975,151.89159952951815
4.6336595790336474,2.2108029204680903,167.18008012919853
-4.3879481431912275,-4.0606332435884127,43.603171831148146
0.73540016905912253,2.1459101723261655,71.865067214365297
-1.8703882022548708,4.1000510969162836,74.614950333122223
3.443628569383737,-0.15635071220612851,12.967623235940069
-1.016659063033396,-4.2172538482409596,296.60113842294317
2.144704169932508,-0.27414411237276326,67.397203397240361
0.8704391079824898,2.2030419770540943,66.258846574274557
-0.094314130142063135,-1.5731545375230711,179.20038420316382
-0.56267782947040779,2.2370580659008166,77.885223118772004
1.0818885437955519,4.4896483745173938,231.2585091041401
1.4057784885764413,-3.049729236217098,159.50887346482838
-3.7928883700716165,3.037621964877216,43.714492662119028
4.4185275178210119,-3.8880304273419268,178.62046566859155
4.8055510990398762,-4.4919029083850841,381.16060251591261
-3.2273158998874494,3.8272691234498293,30.058342232099292
-3.7594407471790925,4.9427778226084982,252.13753387910486
0.86258150335350781,-0.60472567720173487,151.2671581278824
-0.88529607232463636,-2.6681779672251085,166.59544985865375
0.91464947231973071,4.1633464864281535,162.520669241512
-4.6167239811605638,-0.99789471670094976,199.59658862708341
2.7446418350535176,0.72877424215403774,21.367568545670508
1.6566949101096897,2.687329169468998,34.531499763703586
-3.5003057256935537,-4.1819715112770108,57.424162021506731
3.3152172408646443,3.5201406070513279,88.13076628767115
0.45225763576609168,4.043955253301263,141.73719311868379
-0.46509137522369315,-0.26577554218507249,176.76864989709395
4.2860730208823519,-3.3349920180397357,86.983274959533261
2.470027433868891,3.7726400796405404,95.413722439675482
-1.1011128912293677,-1.9459813607713281,156.28868835476786
2.8593194646914002,-3.1701716235005954,70.853512676740877
-4.1628611932103858,-3.1696129992252811,11.230719651251714
-2.4992217683682378,-1.2584989774978776,98.802418138718195
-2.073470730064209,2.836800856888237,15.982605335919544
-3.93974589293382,3.8122912377281377,82.36923688699315
1.7379215262992194,-1.0954065907505721,98.857433990412829
-0.25550709702985941,0.85508249574996587,144.16603984476592
-3.5378506864136017,-2.6626996878650684,13.201915474019014
-2.4496166068476781,3.2091421777313105,3.9257078098050355
0.76069076678681746,2.305933877723132,66.710015425946253
0.8112041563511232,-1.0274547224768575,155.61236476636464
-3.6843133946000397,-4.2064047990430691,51.797688067532633
-2.6825799082258128,2.847915886514488,3.3846901549218806
-2.2984411610000448,1.2880786690165262,77.975654844136031
-2.8232680783925517,1.5536467940228906,57.077076543847951
1.092233527941044,-3.3189660009026758,198.3809664736217
-4.6016292233619085,4.9650392448442133,399.52265225105418
-0.73957310275414478,-1.2738706075062689,174.9358058198772
1.9048370867142186,3.2196011430688554,45.019006143775954
-2.9440604422451062,4.6107231234227157,133.21286443726711
3.8865061812864621,4.2403636608533972,290.67727442737356
-0.7230752020784923,3.2255037833081968,59.773236261439955
4.608665433444818,0.099491172825239005,112.57211929203841
-2.9015325321714829,-2.3001280961142898,45.087273117059894
-4.7041605777670163,0.90671827161196905,263.27998003672349
-4.5968991965670289,0.97347828188415608,236.72644402864375
-3.0865211851671726,2.9300125631897025,4.3764031976070115
-2.0908919202436795,-2.8588283436804209,90.845866213041859
-4.5834791385483591,-1.5836844760880653,153.33712252715509
0.32182938254094573,-1.9322640791816355,173.24551948453924
-4.4146690556360522,-2.1137068239924157,88.907818482524476
3.7563142339131179,1.8284538739045395,24.397217395269685
3.7844348730059494,-0.79529268268380893,13.056258376838802
-3.3308983216055461,-3.7886082907322187,29.825350774122278
3.8748932852629672,1.1639281855585146,29.953442502949791
-4.4040305192858034,4.9404742301256039,346.95845433430713
1.6771109637695192,4.4336043605231001,219.55259090228046
-4.102183274948108,4.844312930842408,266.79407915712829
-2.7854471982918758,1.7562175959061976,47.110792444703129
-4.3681327846685569,2.0264239945464766,154.88445828665689
-4.9541643152210906,-0.26424557044131625,317.58258400314782
3.5745180433115955,1.1094842673688827,13.148773289468764
4.816823585923478,-1.7959159608090354,109.36825427386746
2.1022179921279101,4.0797243146759072,144.23194927817545
-0.23813805498448559,3.6621726365519933,91.125175607588119
-4.2707736203598987,3.8540466516889822,135.90412619043886
3.811035306102621,-4.1616580298855785,200.0757533019904
3.3089613615903275,-3.4434232195973973,78.895013906818946
-3.5154892798056259,-4.0510923576796785,42.010331006921419
-1.6413246996622251,-2.5299487503802847,122.43960380282844
-3.0247721131137264,3.8095546195986181,23.978455345476746
-3.2652093112831757,-0.081850554283989574,105.41364065809407
-3.4341801126664038,-3.8420693022077197,28.018874798095084
-1.083759221694371,-2.4532935292510203,155.03261398114537
-2.0681546634186203,4.6771394833516702,168.21598675730803
-0.25432598774682003,-3.8096008835509152,270.10184486683909
4.1949235363172175,2.8262696605925992,115.66586369909179
3.6767835359848782,-4.2936074729733171,231.51813475387874
2.7321861984357536,1.8363475135636236,3.6881329248581136
-1.7922503964319949,0.34848144299506867,130.5269984575508
-0.10538776338981126,-0.90666205499367258,180.98474839511664
-4.385771027174866,4.5719381416616471,254.5877278320435
4.2831735164416092,3.2308029315669486,171.47765097894256
2.8473116893275439,-2.6084434669970569,37.293190719329438
-2.178755479829384,-1.2250561861417086,114.87326538612955
-3.9753943425686868,1.3364118340522326,122.14674340030825
4.1711164101256895,3.7046784742533099,220.78596244748087
-4.6649534881883579,-0.11512993529662641,249.11347276997174
0.15808186600751117,-2.7930101180180764,190.47803817997243
0.50050222628188923,-3.3416536352681891,220.34284166046524
-4.2883760082409097,0.14418327552378862,183.72498213152366
-4.0602159526683517,1.9256330347315824,108.97688178767017
-4.3594813850666583,3.7257714421590862,143.97276389156977
-2.4948187189515734,-0.20653697686302142,114.16782582032161
2.8636068473236147,0.17205046479638941,23.770574262964487
-0.67476685401590331,-2.1491528406769396,170.47221759876675
1.4431798518203944,-4.8945477193464368,529.31705874474858
2.5018608859291813,0.60536418603716147,34.171661410589479
-0.5398739864435349,0.68638290050083572,150.41081623963549
0.69241659667071787,2.47646190209315,64.738029275935219
2.9181712376510838,4.5788304512989058,289.45186866571993
-0.12693522293800985,0.12738877883806676,168.42572199772042
-2.9583221563038293,-0.53981998095335992,101.2230559028464
3.8010297009424949,0.73206583441979767,24.56333717017278
-0.47439047434248227,2.7636937051276158,64.207055375036518
-1.8084432992515147,3.7891120844078756,46.31750751755758
-4.866351523425049,3.6165905183418374,267.096030095576
-0.32872095802076107,3.0892228374220778,65.786784948336447
4.6826664459297884,-2.6439862741056173,90.454375856741777
2.235535615537608,-2.3220584057510907,69.690028063187441
3.0820303775013986,-0.37384122580254076,17.790251062453947
2.3132837159415036,4.6746684319736165,295.61376055438723
1.205914280990533,1.0268876493411438,95.035058659691771
0.77623874864782305,4.9188727694312586,352.991385831797
4.514603241895438,-2.1193775205879213,56.765989410848164
-1.9294838706138617,-4.7645671537816048,334.65897031006597
1.2838842302780238,2.5583248882757124,46.83624019987829
-0.99835227302740748,3.3785901325280356,55.5592867731268
-0.93828000832825253,2.7916893920524322,53.719675390621362
-4.2211066934854466,-0.22643482331079046,168.21051736670879
-4.3779909001637076,1.1276406499146034,188.52638130768858
0.71450006665936794,3.1053541553711081,65.799770870446196
-4.7416247540646088,-0.97165128722963257,227.07496976512545
3.147391576740862,0.017937173976103615,15.997865191954906
3.4981972664518697,4.5508712319115254,329.64071688780439
-2.6742769151252994,3.5851967766675781,10.177517034841404
2.6862326822024061,-0.77805070982021629,34.565974878701056
-0.82615489009557841,1.8099156254013806,93.084228099665864
1.7992596766878624,3.2889684677534099,51.559852394267409
3.8042561845693683,3.0117383562124598,76.55715619557779
0.85291369620308899,1.1347921320504062,107.11152207187334
-3.9621370215948559,-2.8039410299252348,13.199787204838938
0.86970258286569013,-1.9235191018635431,153.94591758952731
-0.25396206748240147,-1.5484936880081994,179.4321724208456
-1.9733270804376475,1.4605327175966636,78.659020539545097
1.1600032588991862,-0.2023423529191728,130.78425169378517
4.2683482868106974,-1.4607935897115643,33.511890093324297
-3.8064728535297645,4.2613315829392562,114.13016543167888
-1.4748721642647,0.20137939403728211,145.50028543562576
3.2441303639056152,-1.0602449246836643,9.2849853122897343
-1.4598336728293528,-0.46823664402000986,155.0891452209961
-3.5769368510071855,1.7576557964968123,68.681547545022099
2.641122367066786,4.5468015471925565,266.43660816713856
0.57680294235173957,4.0152759362887451,138.32473243886312
-4.7563533710235664,1.1146155880460729,272.7881271603141
-0.58960537035340543,2.8427219641140491,61.232067949625566
3.1039476322417219,-3.4201387486868366,83.76265538081806
-0.49250418006593577,-2.3457597589119095,175.65359732881839
-0.02498823849810794,-3.2288400940515816,214.00497844798224
3.3770549583151439,-0.12559118978477901,13.089479309380948
-3.0981439747541901,0.75836493314582043,91.101663425820433
1.3093459789702075,-1.8182710829408228,128.98229558232478
4.0357198879856231,-0.80385804892781287,25.472427842054113
1.9181995420880824,-2.3368326759862317,93.407908307359122
2.4199792025584461,-0.062798910463561342,48.04811934159666
-3.470687978864472,-4.2240335080038607,64.444971628423289
2.0998976823134381,0.78618299739743769,52.024963457120705
-0.28265282456284524,3.283302170006543,70.552742686915124
-0.79446158777601283,-3.1120266579997464,185.30655617112561
-3.8754956854409031,1.8531387491839375,89.861520142707093
-2.1573328454016756,0.89306210192806645,99.619408063612198
4.5228829318546993,3.8848083212324056,337.11831069520957
-3.8906832940208087,0.60987517901538979,133.18057601430596
2.3187511410604795,-2.3642889319378328,64.628643094890961
-3.0902790995318439,-4.7957210591163522,205.64475722234812
-2.7808737178108474,-3.4764285916502837,50.781900354815363
-3.5348786805774624,4.6408762243081867,158.71626843786527
-3.1763327008586932,-2.3025948382281118,34.086292093656432
3.9664141327601978,-3.1409774120605882,49.21107442062069
3.0705143267545019,-2.8526102468395793,37.283079141324379
0.64027369328758965,-0.67730774613648492,161.77491265485318
3.3692209180226467,1.5581247446649451,5.0945104540725072
0.48741631639500227,1.8336469568349321,89.647615305850664
-2.5687184890254215,-3.4407798150965458,66.658282022409978
4.4861695281258331,-2.9717777710833038,77.783450750590191
-3.9169263584386442,4.9743985010583174,278.00677330016958
0.98047556422273718,3.4790704237751857,80.048319410042055
-4.1865105682377752,3.9787368271307813,131.93300469797393
2.6227928975152679,1.3078924159718328,15.024221086447138
2.3832531814028437,0.29196625615195337,45.816687043625429
-2.4123681443410447,-0.10859803516280575,116.34514880567716
-1.3986717784139491,-1.3947204905766188,150.60769659325442
-1.9866918059376415,-0.51718064963584087,133.33320524162528
-1.9182117278025297,-4.1241306560666162,196.43075617175225
4.7991014538978476,1.5055909908661382,183.25378542960215
-0.018135861275726306,-3.5825205400674842,246.46986269562345
-0.085930589744089403,3.1595622243808599,69.748776594023411
-1.3762888981139456,3.4271508310504828,43.598043340720736
-2.3980812822560598,1.2967023057309905,75.168887737222434
-4.4348392567630288,3.2109370856517945,142.36937676262164
-4.8958042033890816,2.1935221297631884,280.08581713136078
-3.7966640349099983,-2.1204442559020134,41.369779252467438
-2.8135189556151108,-0.71450798890432665,100.97526544593789
0.2876452260577036,-4.1228386150809939,331.99492050406138
-1.0976421243580599,-3.6050335874563646,203.56229884672567
2.2084622291643905,0.89713924409630241,43.200037623938236
-3.3926781138145437,2.6599932138502966,21.053782495208743
-1.1533603655944407,0.88187513264559847,131.6272286230093
0.93778599420622921,-4.1907847859628324,337.0751678889427
3.2754822007987094,-0.60998940343273844,12.015315362520257
-4.6201354753862116,4.3352061611307668,266.9921017788763
1.228292674600187,1.7765605128458954,66.358210550064243
3.6640599491743302,2.5808807290399285,36.117859197598378
4.5729131221535297,3.2393274257136593,238.00802857070084
0.0098220807940130328,0.58442863038283832,152.68627978388415
-0.53603513720296014,-2.1510755323726114,173.93760742790491
-2.4130100903594576,0.43709886587038227,107.51473504112936
-0.31190870463378406,3.2570099274093671,69.321742017693808
-1.6972352910307547,-3.4512692111046377,144.21015883087958
-3.3827844122615129,0.027915086487672269,108.00800919702408
-3.8377154549348544,-2.0955108277170349,44.223221173245761
-1.4041077217551488,-2.7474341185718458,139.40443436003491
3.4568787723759691,4.1454321722599214,212.05369805248955
1.4004461492293121,-1.1409775743761399,122.09729716000757
-2.2782757487198575,-0.14513942206250974,121.15319214664636
-1.1126302795304839,2.051766633585177,74.681032342104146
2.8141036493770866,-0.31671166974713749,28.235272078389144
-2.1620822929722432,3.2367059859073635,11.267109558812988
-3.0961984565020089,2.3209309187940521,23.002515069699964
-2.0975844116369884,-4.9190185058577871,360.67559621622291
-3.157540999177491,-3.2953978601124803,19.201455869436771
0.74976964100370935,3.9122475026866486,124.5846066920505
-1.8048400082571439,3.1349982070833544,22.276850805630311
4.1904305120018375,2.1513184307889679,79.189290741561621
3.7598110051262079,1.178477764272408,22.043865989983146
3.1625045596866634,1.4244343938128843,3.4519723161938418
2.3194336524627293,2.8982796674364977,21.243373072015149
-1.8544006220401643,1.5361378818530378,78.482235120831774
3.7634671344956914,-1.7004300957945824,2.2601880911198875
-2.1002133864546129,4.6900707284993395,169.9273295863743
-2.0365760712820933,-3.0449605257282726,98.012235190183873
2.3853429289476171,-3.9941086274322437,215.12486323170009
3.1460561986771136,-2.4360996525372816,16.849540503935835
-4.083361889981199,0.80082027202310613,150.95766440166619
1.4082200330295258,-4.9570624257715226,555.53859665155426
1.1561054447769905,1.9016378076753053,65.207771539969684
2.2654769929226326,-1.8152741562788268,61.098362728645995
-2.2657087012210377,1.3807843826601047,74.279207992251969
2.2150691588880527,1.7995721073880899,20.829120047301302
0.53160240674065751,-4.6931748212390767,479.52134879538221
1.6473604895788494,1.9386877282692714,42.83220397592406
-2.4410046043664728,-2.0284825341188801,78.353683662008137
4.7681485525893166,3.7221029431016337,374.00497662598212
-3.0665338887278937,-0.0084831355346075554,103.90920898574271
4.2301567236800732,-3.4035782318945262,89.880057960410085
4.2536070238922754,2.6322063624496099,112.07310377445459
-4.5681137755342514,1.9687930101605211,199.26807145631255
-0.35144247919262117,3.6607701478891972,88.666613533279943
-2.6488468050387541,2.1942240525721877,26.571660834509306
-4.7426587445090798,3.4702897799391135,223.98456539637164
3.0088906834546929,4.199660186574004,191.29069300520285
-2.138147796662027,3.8052625380555671,35.416081943259513
3.6044070571537645,-4.540863551751527,303.15894801185772
-4.0917176364653987,-3.7294600976789898,11.987295793065748
2.2449538285213517,-3.9717897604085062,220.08596192454161
-4.6910186136147596,-2.7168377336348399,87.278975983255123
3.6995227444537555,2.0803725490568752,23.77847406034703
1.4863527832886456,3.1564453275581457,51.543499296666837
1.1212483069326318,0.80736011506775185,107.16283253451452
-2.867259237189121,-4.4226808329301734,145.81295210166269
4.3264959352188708,-4.7197937470643554,393.2682490252601
-2.5506511189078278,-2.3341054953740645,63.456815917012655
-1.9259128541485309,-3.157455989140713,110.25643353250807
3.4265308404862473,3.917436006743916,160.30174503988167
-4.2801686466481303,-0.30903414415291142,174.24821554896326
-4.3449930482857804,-4.6615214372215732,118.19578428869573
-1.0540577923087446,-3.3634929458771157,186.24882362795958
1.5798342596680479,0.5139752742280006,90.426758124700029
-3.1614457589944989,3.7586862957528382,23.31270497393686
2.2519498489635561,-0.62636247554677027,61.941429341858026
-2.5970636350593717,0.89238588792230367,88.761440689961972
-1.1814603794270222,-1.4304725311862425,159.40371068185249
1.0997038990723986,-0.52030072218920154,138.00793998726664
-1.8657205685403855,3.146927696750172,20.192042851962899
0.016909163611461331,4.8969804659809348,326.15247753724134
2.5427807090989321,4.1014535800951339,153.07318679037209
-2.4693762043478751,-1.0074727475140315,106.40046372107145
-1.0012978518204814,0.72630437313856078,141.81064719260178
-3.0478845106561474,4.4114710077280712,95.903967061433363
-3.5504085221983379,3.7094514238644081,38.549321998122871
2.9486052848830102,-4.3773955797632,272.98218958506192
3.4414593219346656,2.6897496922987809,25.999398750598434
-3.8210525154412402,3.1332143619410484,46.350189105585677
-1.4843164693259423,0.11791028852365937,147.07111391489309
0.42127309329855045,4.3440757077780106,193.07018107903508
-4.1880373124827353,-0.018662558725476508,167.68774802235745
-3.7629840861679016,-2.9869963335219718,3.418628128558622
0.041300595982346699,-1.9247960532122472,177.59386528368049
0.10371991332995911,-3.6065026994007234,250.37497647943718
-4.0909410494985812,1.3990083491327621,134.33025175380473
0.57253595707325022,-2.059065993947411,166.87128007237857
0.43143549008003745,-1.2835669847101778,170.56426319491689
2.5870513494851055,-2.6833156516203136,56.635498831206
4.7111631040149131,-3.208330301648525,127.86057954109062
-1.5266490859538733,-2.5973938893699642,130.10844133264504
0.82520885562977675,2.310999831956301,64.824226992646985
0.170433810806224,3.8937427930271067,119.50356545129389
-1.8109676585295982,-3.3617403780926205,129.01549685130882
-2.7446204852866458,3.3564661733807295,2.3264160388081248
-2.4849112391615802,4.78974302134203,181.08475912268898
-1.439056009829605,4.384411034838017,136.94910428665733
0.8132570335410394,4.3518180219311837,198.44443336901369
-0.077267294867117364,-2.118906551516246,178.64426710497517
3.0688749250930574,-2.5480733781505185,23.619114486408144
0.62868328064712653,2.7552359709950514,63.103406436000768
3.252323196052636,1.9986837946606348,2.5457287541934623
-0.74718356005713105,3.2864996482431934,60.523414539056041
-0.92155499632445004,-1.459362446095267,168.3395303967865
-1.0254613503112644,0.47240335541577672,150.67089180439902
0.58739448928012372,-0.72326958299197219,164.15033664521641
2.1789072952330351,-1.6555657382008016,66.862547278766925
2.4643485381659254,-3.5940444147556612,142.85756998135864
1.688416133554381,-0.090245001676899861,96.015766418148445
2.0269129206079475,-2.5276281624836932,90.726849446158312
-2.1827673484998105,-0.26652671698507291,125.30033788947804
3.2146764407720312,4.6186568568027049,323.51018342919815
4.8875220714247405,3.0190281291181229,302.05821671133486
3.586539827409128,-4.6980564655175847,356.16722888251815
2.8319518096199552,-1.0830501443022031,25.479102182434765
2.8797518956828236,-2.4969515640311717,31.552604550383052
-2.8055741345233427,3.1142914720480057,0.011607445502386056
3.5027220151491392,-2.6929078962446935,16.1234206874636
4.2027537641888237,-1.9029443749212618,23.338350141950759
-4.3162364345535522,0.48863763670528026,188.62093881478012
2.9852938074342719,4.3291753448849786,221.90886262543003
1.3877532667977484,-2.8555953852754485,148.78127749475928
-0.10406576458688388,2.6176974669513644,70.144923519306573
3.5196355217815061,-0.45205905432996119,11.607897586051022
-0.89622249064826942,3.1118625610831803,53.391164557809802
4.0961005743148906,-3.8456273753659795,144.98626624147963
4.5649204656893101,3.868889739347944,344.97431330227971
0.60473522654668965,-2.8010385908043949,182.6122992174908
3.3487194922020294,2.0619538248267899,5.5400596715453778
-0.74132622540440973,-2.1584104077641242,168.48535895036233
-2.6789587707326517,4.2624037737162297,72.258197536543165
1.8826404247433484,0.96362379871517323,59.692550553777338
1.8178957630869057,-4.1276303446573497,280.32704927409429
-1.2066276450306201,3.9061364338790057,81.506534065996306
3.5348709369533662,4.1111448873280132,211.96875897125867
-2.4089530643954484,-4.3445212302885317,180.64306385187575
-0.6378345965098724,3.4563147774267602,69.495912851755065
0.92769635241160753,1.0204419519758776,108.4660014167831
0.79955855648664986,1.2110599964106346,106.12465105904437
3.6432590888164427,0.31609747919259945,17.312067799130961
-1.5459143632690604,-1.2924981280645715,145.33303153902966
-4.6218624351851867,-2.6668328022971295,79.548517073040358
0.84751838220167297,4.9359916747244199,360.23663701858453
-2.573694072427176,-3.279396864171094,60.000784096151044
-4.9819431506360399,1.1269705606402791,338.14906537449656
4.3882907948151502,-1.7228054077720403,42.823939649406299
-2.7615579679256204,0.77759497979358372,90.589159138017209
0.22741897885889184,-2.7827489663268432,189.48422933599062
-2.2527916468812297,4.2480432582692647,80.130202187181467
2.7131017649873224,3.4632294165117763,59.429693098592281
4.7499190212257716,-4.321987246207426,322.34211832488756
0.48614977428449357,-1.0849814009917713,168.87026463012512
2.1527329468034928,-2.0494228722204273,71.233761683046907
-1.5173690732529761,-0.68756695748091001,152.79711472736159
-2.5346805329648179,2.866625766310964,4.6547414450700675
1.8875314629420528,1.9814645591898987,31.17255050308848
1.9749512634035344,3.940809808280342,120.33137191419208
2.0166784202100816,4.5962587781446675,266.03338090913707
-4.7718182121453179,-1.905943113050792,163.55109298323441
2.524545915372217,-1.5054293900681253,42.482901228097084
3.2337686391827418,-0.17114363317604209,14.474360060131495
4.0213537765113898,2.639846518961261,76.935038802220618
-3.6267108848732796,1.3680533602644154,89.050532979560145
0.68466056406406395,0.28564970052614402,143.83167910612462
-2.3650518802057285,-1.6663957821976663,93.430349401761248
2.2765346083163376,2.3763181922232697,12.693685997218079
-2.6895080532281677,2.9365417766073492,1.8257550944516918
2.794495771128009,-0.66987461055582465,29.018094998751288
-0.89138085105424203,2.8969346417842043,53.66510336767152
3.9814350626273871,-0.55753888641049976,25.772616876511691
-4.6360935055353298,-1.3331103712050991,181.10833927174644
-1.1482187773830459,3.3276685183707695,48.928919563229897
-4.2280427797822489,-4.4530294567562319,79.857035169445396
-4.6505250114342198,3.1850071337134906,193.05092077402446
-4.6098557104968858,3.8725122910241936,210.93544674974564
2.0428345573098872,2.7774365522215172,23.998547578678284
0.30961660610459596,0.5806647352558425,146.9373920328558
-3.5099970993417826,3.0971133931635073,20.354108481072679
-3.7556785257910104,-0.48639836963138539,117.50907201799386
4.9872971183375334,-3.1297258587550152,175.98779885392833
-4.864432136995128,-1.7749350541675075,194.47787872286665
-2.0789818918263814,-4.67256700007764,291.49358693692562
-1.9492300441836297,2.5993862330302004,25.976979424737934
3.4952587469695864,1.330422732160077,9.4977570791449821
-2.4277735195520367,2.4731427035728961,17.896457751669733
3.7914133309894744,-2.1171815975705388,3.2043898483134781
-3.4473146985913172,-1.1452500273298494,83.529589189374136
-0.69182181425418143,-4.4128514482350525,361.83358227135443
3.864519171722792,-1.9755861896282396,4.4263711353039437
3.2472915760209826,2.6667417081873506,16.172927472616003
0.20519801251551595,4.9031943570720742,334.10159280219546
3.2174884616143871,3.0248913388512442,34.460300071714883
-2.9233914419483535,-4.6394490283534022,184.89935798943486
3.2133776166005283,0.15413709062828396,14.429616436425341
-1.1171017208458638,3.342673800388944,50.421911504209866
3.2672727139809581,-2.5082117373737045,14.572091099608862
-4.7591765478338912,2.3175952729052538,235.89268586540985
-2.8988379149110397,4.0739316914412136,47.046394942984413
-0.42850840331560569,-3.3215806000964783,212.87356751227807
-0.72541138931694427,-1.4888352793584092,173.45079104482858
1.0651113907958623,-3.7704138233103159,254.51631835336164
0.20394641031142502,1.8951017998257145,92.413215724680654
2.0438597435593557,3.2655871292800178,45.232946058663821
3.4629274217470343,2.4694770021829946,18.540868919758779
2.4312643767903079,3.8807496801339489,111.53096068139051
3.9592225313369092,-3.4382531738735249,78.633217725496209
-0.59824624671306736,4.3646331639916536,170.54979074256281
-3.3591256127339575,1.1600048903038571,83.327795100908091
-1.5593355282333796,-2.6289626490300462,128.09810310678307
-2.94242791465433,-1.3647106459460483,79.026861489007601
-2.6164555671426677,4.8490188911069509,193.59633672929729
-0.010162954281009107,-2.1920465598597358,178.88981057579673
-0.01154034943740978,3.5818129145977267,88.874825642153581
1.5881949181273525,-0.27980422802234539,105.1391539439548
0.29739982964438827,-2.9847680073233986,197.97524146477954
3.0285473263409948,-2.6827776445466363,30.752287122275845
3.1007771486434255,0.5380795567678085,13.747466282205107
2.1715081221580093,-0.14465254142007478,64.44738260867399
3.123017382331291,2.8770317846560456,22.020675874091978
3.2341535415326099,-1.8863582512099035,5.9314876638532699
0.29489143260287243,0.57105495535170103,147.64833717557849
-4.1176995377868195,3.8674997376274298,111.23481538537214
-3.5900731287121701,4.7881285051213958,196.7584373510924
-1.1295755937412135,1.0347011492957634,125.33398458885421
-2.0237048774719208,-1.6952597235897642,111.77793865450482
-3.6817914903933255,3.0257351559735692,33.482043265712022
2.0861331655362587,-4.6512846553141367,407.25279395576069
0.62070969276698751,4.3907755598978806,205.13766655387002
1.5871625966634353,1.5567230485597161,56.881248488459072
-1.6386685933093386,-3.6249346968028737,162.81978347613446
-2.1866045409990296,0.81715973747614523,101.74817374374474
-2.2896364536662572,3.3443199829190124,9.4141685460843973
-2.0996398760705004,-1.8709196105888197,102.96491236080459
-2.578075851772466,-4.7657628287356211,255.67438401158256
-3.7837239818046591,0.18586808122581733,127.81185969068466
-4.1987884723333524,4.3490368705390576,180.06176680070115
4.5414137653989695,-4.7084224868569997,412.67718135451446
0.68140651021144016,-2.8219235585690465,181.13061437933897
-3.0776932838237019,-4.3825651071657949,118.27445741882995
-1.1038834796541144,3.7348535752540819,70.728143916212531
-2.9871018977520443,4.0042491071853288,40.278541130250261
-2.2958507863450555,3.3196916907960556,8.7790074377348777
-4.1452553038465183,1.1499337375670038,150.26350868213265
-4.5492336416211536,-3.116126794833181,46.670378260003474
-2.4752562314645705,-1.5727720067600299,90.572375817302358
0.70159790363478969,-2.3162451094809082,165.32637235032354
-2.2748681193409874,0.83840504569407504,98.344123079236056
-1.9745803169832636,-2.6389207702376001,98.909515054985832
2.4174470397394021,0.43431117355907567,41.600463827923562
3.2969784751494355,4.2944900522806417,234.60003055076967
4.9472624878243412,1.2762832368681138,217.79197815141598
-0.95438007065560182,3.8956199632457356,90.509620527571471
-0.40349656821895241,-4.0694748591352514,306.06168534693336
0.087948709598570929,0.75506343405658516,145.02037888187323
-3.2289802624830068,-4.7610500493415264,183.17861425301101
-1.3941350038820373,2.1905587345070208,60.067854885520987
-1.6559102243015977,2.9805910615475408,27.902626800975604
-2.312929674926345,-2.5543812617850001,75.091031034761983
4.3625209669776979,3.3891288391609766,208.73256191171964
-0.12577964630098393,4.2970175458816016,173.28153440717102
-3.0539044953430454,3.1961302588184441,2.3439252897254472
-1.4589048550728929,-2.3467307874594221,134.56375385389143
2.7330554477527684,0.13445095212249392,29.585398703535837
-2.4451937695143071,-1.7258481726086017,87.337787266607194
1.6531193050418906,-1.9159211262726701,106.50528737470262
-2.9133254391350643,0.57047963710795369,95.698991238554143
-3.1334657228395901,-1.1085612847254196,84.535034695138975
-1.0062423877252464,-1.5081261972496272,165.0023813612803
1.2817440298034981,-3.943780080242294,273.64435268330101
-2.7682411611325017,0.87291294228734984,87.183734905156058
3.4852890668011423,-1.2495197565628402,3.8262769238808172
-1.5639878891355377,-0.21054805538663857,149.40084618095887
0.78163152454583074,2.7473343444798353,60.16336165875984
-2.6594536526817869,0.27835593011982773,105.12901887341246
3.5242046520688604,2.674996501434503,30.310155801465569
3.7834786517379655,-3.650449746289651,102.30989892527361
0.51469177677845845,-4.1796578788821153,343.10312251869777
-3.9897308096759136,-2.8129168326018164,13.900515418961826
3.8565424130462542,3.5567864267308043,145.58875118187672
-3.9926260552349921,4.3869116583625143,155.11268282879297
-0.57441171327902296,-3.1541509432366022,196.74565818015566
0.40367713289889995,1.3457772832700918,112.98235856217026
3.6002188011048109,-1.3904256939400472,2.4768271819674466
-0.56318067328101851,0.14031148651660796,168.04893658399254
1.021314475819219,0.92863146432173416,107.68675878825579
1.765743391533058,1.7242993793738695,43.031466884364598
0.12693362690178667,4.9991752534543448,364.10359778131448
0.71618748519357656,-2.81444868306445,179.61132557308011
-0.72946589351903057,-1.9466899419071408,169.64406430859793
3.2842989049092886,4.2840285264715448,230.81777764997088
-2.9859499566548924,1.2909719477309887,69.840497748776116
-3.2699819755448516,-3.5588593532118287,20.684963456790488
-1.735731720026279,2.0246887878205557,57.047861315893421
-2.717445425205165,0.64343913239716599,95.38692633163059
-4.2568559871306135,-0.10255442005533499,175.7362238010943
4.9859441133463562,-0.84659483975711414,171.02238362420331
-3.609667738686996,0.76409407855338607,108.32251860805886
3.1271654817660952,2.2263810191440569,2.1860421091297368
0.52362331128457917,-2.5882177999579685,177.31306988943808
0.25728267369805291,-2.4559364607332186,179.79084700640098
-4.3400153734579519,-1.9183934928397575,93.687168990737177
4.7619542527441787,3.325015180961854,302.78819030445146
0.68344820754814606,-3.2506614429124192,208.05113427742685
4.7540517874414903,-0.71084270905029801,121.62557412663431
-3.7651914382442082,3.3484222232539533,42.776360296025523
-4.4016918576466306,0.95358878783557799,197.11016333779094
-3.3573438499588044,4.3489558253357288,94.557377556820072
2.2496990214102208,-2.5796696237331735,76.191968050756699
-1.786478239491621,4.5686803463424805,156.57654542243696
1.0142281256273638,0.91610181188689488,108.48412664859268
-1.8629585984965873,-4.7937543668881109,351.15291319516257
3.1492911614664116,-3.7410013571752891,126.16949879190506
1.3269059728691426,0.49705092618475355,105.8691273384358
-1.6784204054983909,3.4646631506529584,33.320558600933083
1.8846327265564957,-2.906831705176756,118.34342099073839
-3.3222823600732676,-2.9538309517504069,11.05557205331578
2.8615868153915685,-0.58821945198114634,25.939256245978566
-1.8553350232329695,1.3946300161623721,85.736653975327101
-1.7029711628877053,2.6758985336608445,31.799099047658082
-3.1519356626665331,-1.3362150373732118,75.765019263938953
0.70872510411253398,-4.173611201105933,339.07457227704725
-1.5405886842267251,-3.392554690092175,153.27375796891332
-0.11210456484572173,-3.5575619260659836,242.29437855442148
-4.1630402359551679,-1.9580263659628594,72.838835517228361
0.78050674649338792,-4.2673815354047466,358.64788221626964
2.8623956569413238,2.7434695059945069,11.48945751123645
-2.7590249637367372,-2.5135828552642541,46.666071365562082
-4.1807213328832695,-2.2968682702400449,52.355878195839502
3.8528761463211847,2.598308853767973,54.501207070305966
-3.1564705026759596,2.4434353259823958,19.502306830334035
1.3014536677172881,-3.936021759082454,271.27389328526704
-4.5989116235392489,4.6380397250674186,316.9434410331711
3.9893497185843696,2.126673067006597,51.870318946385161
-1.6679413642657037,-4.1333038183276525,223.38742166774128
0.20805934416534555,2.785397736726809,67.704487550237687
0.49396083675392433,-3.613823290212931,249.44261517779597
0.95990344257937288,3.0853388777339621,61.010464517599054
-2.2699403749101883,-2.9478010688506542,77.691921222455719
-0.14055928161156839,-2.667982780568936,186.27457234679957
0.2796597283826765,-1.5583506514445,174.17418570913307
1.3306915869259086,-2.9414427813597523,157.02296373153899
-3.7398421900525021,-1.1980611355212183,89.771791920402649
4.3713563755896239,-3.8228081269394814,162.01481291226318
-2.5246613796105439,-0.068431799906052859,112.66847725581374
4.2091892393570909,4.6761626233957081,493.69220023378273
1.6255880486652163,-0.58540746278072842,105.29304705213187
4.9048111169381681,-0.73467506797735194,154.2633309623069
-3.0089080030182744,-0.54754800454680996,100.48674592085727
0.6384138246370652,3.999756949448976,136.32485281776312
-2.7995034493351216,0.95824508562836819,83.736929468987938
-2.4580547186355473,1.1021198062146684,82.820981067545162
-3.9821275811965102,1.918086078542296,99.241280276524918
-4.1379977853260668,-2.0566908105600423,64.255829123892966
-0.8492804002413914,-2.236208397556509,164.73832343654237
1.7759262068545514,2.7668524400200747,31.710313958212964
-0.86187794418811237,-4.9967913860202575,525.30004540241544
-4.067144746561282,3.5411680117674376,84.666803046898181
-2.4382211428398133,-3.7286283747845461,97.084791325988434
0.85321647133684486,1.7147029233607967,83.509842548674442
-4.386784105448351,0.60643283757522326,199.74681996778583
-2.0813647330296896,4.4730009088646927,124.20328731232087
-0.022799525736195037,1.4315527005211504,116.28050476051254
2.6940037549642373,2.0284124594386741,2.9742477732180674
-3.4849936678045124,0.69895088621940626,103.33006096588157
4.2824971873330711,-3.0862778529161221,64.435827919730428
-2.8037201733631516,-1.5210465108544198,77.819623789929182
-0.30508995448974741,1.8385785498034739,97.638237041727464
-2.2911069556095991,-4.2131904262866557,170.85102459450363
-3.7938525891779857,2.1547307317965796,68.61549297845221
1.0871311332722469,-2.3821453516635573,148.90387080420263
-2.2413253057561682,-3.1560413381931771,83.919948318758472
0.78550413970889377,-3.0273840996571302,188.54374856768385
3.1406924280802855,-2.3293683929715869,14.463522845299913
-0.15738213475803509,4.6789721693067747,256.77484033064258
-1.7919060526432573,-2.6343000881767105,112.077971525547
3.3304265365829711,-1.1127463742280534,6.954007215164661
4.8912024215406298,-1.2605651908885496,136.30263607658966
4.7665190612229296,1.9763572855945704,190.37937394283301
-4.4002464652396229,-4.0750310054844849,45.478148304049355
4.5298491052261891,-2.4006756838513477,61.522588774327588
0.58645776217143197,0.74217442540757794,132.65675008913038
-1.4336843691903263,-2.201451767348293,137.10201771717715
-2.1139158083932017,-4.5695122265517742,261.68050154134897
1.4256230599901931,4.1085998327766458,151.44038407730466
-2.9710663583129846,-0.061218309990692887,104.3381216699381
4.6787608212698313,-4.2093498456024792,281.7213385860112
2.513722770766095,-2.2614329219573586,48.594256670309825
-4.9005920380288757,0.79870994687689922,317.6881347179592
-1.4144924051377537,-0.011719006546010213,151.99823507699043
2.0004935097605845,3.4082262657042079,56.664729547996401
-3.0786528291039357,-1.9504390777406555,51.425716394201089
3.6241916626388164,-2.1716392770049051,1.7975193569467962
-3.2312690204315033,1.2107572830608362,77.256029314178619
4.9543085038799504,0.2663061285392363,194.65667544973306
2.3898150145088035,-3.7574808724043489,172.24605646281742
-3.5023782421843768,-0.082929958744252019,111.55673945903818
0.96639976726499377,-0.3973371047026415,144.00704557058242
-4.3017457079378953,-1.8502741399413649,94.042635691979029
-3.2915770349986402,-0.23422466497916794,104.95014751080713
-3.0585971874813591,2.3504830180600278,21.053315104122962
-1.4555593990880005,4.7942227953458687,227.7967962221897
-4.9353488187257479,-0.21414583609395432,314.11215537408691
-3.5973322726736274,-0.56733259960113447,107.47161266758167
2.5978781857446078,1.0243111832683596,21.653702263442085
2.8846667373049364,-2.9001637203088002,49.576015783451112
4.8127072978855345,-1.1948507061932618,120.8587168410747
0.55921658027476262,4.1776848504638071,163.6448184302115
-3.9298775198021181,-1.7984490680186842,66.218689151278852
-4.0194874924396791,2.6499622782599941,76.914921093022329
-3.9605187825216355,-4.0654776879517813,31.382745864091969
0.5161843877362351,-1.2364997649746936,167.8330543176244
3.583853681246282,0.92197098480283035,14.235585777870611
-4.3814050626682102,0.22239236836392706,199.29430607798551
-4.3640022356650174,-3.2180400113914933,24.311374788304732
-3.3445059637486052,-1.9191277679159944,47.379679042772722
-1.806106210371166,-2.2191815302999474,114.209869518015
-2.1254256386672212,1.1567361476687497,89.007860274942999
2.3086386581409748,-0.30449939481692123,56.84438732385501
-3.4486503414010339,3.7687389660566275,35.831669406406746
-2.0327285349048201,0.036634107879420341,128.23370253837831
-2.6281954751146368,-2.1612508466387919,63.684242335860844
3.4305793599676235,0.97032105845899785,9.9306482780668546
4.342637193124455,1.4750263900254019,87.346669952631643
-1.0297655140881461,3.3223881671539139,52.83832519496287
2.3693874068998921,2.8919750175268,20.15477114421196
-0.19890021654634182,2.6152796725392582,69.770712842914705
0.25530156033827023,-2.1243242155796955,175.52285550155867
2.4096405054039955,2.645383790958066,12.290571749662877
1.6946134485709008,4.0453057012670524,138.97467290141256
2.0608664005035218,2.8343839268524782,24.930757890195643
1.1250448442418151,1.8881620028045329,66.896648317577743
-0.42465972426652687,2.8163327155571514,64.310433775456772
-3.4550247063079054,3.3499055161421598,18.967284072109326
-3.1282216094080089,0.1991510803253016,102.80943641157864
0.41016617446686965,3.2807064698170052,74.434072985260656
3.1679248304743091,0.36267432022082513,14.055910873764271
-2.0434246065900057,-3.8673711839211959,149.27947925332131
0.3615911436483632,-0.60618520923433028,171.01044877092664
-3.5440348985097376,-3.0332855270758086,3.9742533278605299
3.0607679723642285,2.0742713231615886,0.32790727954427679
-0.46778728632890676,-4.1153852576354302,311.56205668099244
4.8296065476313927,-4.286809709178673,327.25968806246055
2.7515130315883631,3.3533799062729734,48.95913372685456
1.0248060887272867,4.813876822195537,322.15606288635018
0.59139015154311547,1.1627303191962435,115.5830673873316
-2.9778553400683552,-3.7621315552584917,52.18236394324552
-4.2759324699418606,-1.861885569292685,90.380365439306928
-4.1893884503748424,-1.1274737056357726,127.78489517069866
3.4579885612125096,2.3686119058963317,15.342160440833329
3.0900807280733673,-2.2297172323137753,14.677880777489909
-2.6044291488017701,-3.121969183696554,53.879955902096434
-2.2839543113073275,2.8625124025389068,9.720526425900152
3.4598778469162674,2.538156587336335,20.734739922983202
3.4155713778319559,-3.3050925640655717,60.828112345188657
2.0099832139292513,0.30430920729172506,68.282438119335168
3.8771042467040946,3.9074796091935688,210.54753950396758
2.8382759843213972,2.2000053976659286,1.0139004133920611
-4.2311474954461374,1.8862031014655436,136.12406322218158
0.18667979841878424,-4.0504000018268327,317.48128240611959
-0.71770265830743618,0.2846998288707514,162.36254541922122
-3.4146379817838728,-2.5921887164370845,17.388780369394464
-2.9329435338513217,-1.4866521531311623,74.731074042886632
-2.2213149894688193,-4.4306047893434357,218.51977909913211
1.7809548106778896,-1.6144662485440193,95.989330912323425
-1.6020216835281866,1.2191278687700047,102.68143071514066
1.6662924885831529,3.2078816364563494,49.725957350015094
-3.614614798532914,1.7985569778456503,69.392033894041958
1.4766788462033631,-2.3488764694146438,124.73087397889385
0.69772618184628499,3.6358496597165981,95.144320142380778
4.5623866876174581,4.5333464867915687,533.98885334422289
2.6704285003916661,-4.3935767619008894,292.48609858688951
3.9106060769600113,2.0304954872387029,41.052729740053444
-4.7136264209688905,-3.271144447493544,64.183524861808138
-2.5594827834541101,-1.8379983423341564,77.734738446702295
4.8977905491014138,-3.1265350394823646,156.13055059894157
1.2267036209772266,-4.4071282132452971,379.58305865335757
-2.6293769857562417,-2.1417939199969971,64.212838813675887
-1.5840007264206002,1.2000446660030999,104.19239425245749
1.16736118669394,-1.824530362060004,137.64147123105957
4.4168005620152577,1.8445814725134948,107.84979891802664
-1.5472553721720796,3.0481348227495335,31.443217727433964
4.7285518944351264,-2.5115882028374874,94.574647035919057
-3.8353144740220935,4.4469442739004261,146.45340030056826
-4.6964374934233373,2.3435680205345486,218.05368114978319
-3.243593479863446,-3.5229843450936151,20.716155976659689
-0.58336126804947064,3.6716272434885848,83.613349349910237
-2.8563901530104165,-3.7188052284738631,58.817207489497726
-1.706971753955326,0.14662085492376153,138.4751301451835
-0.12102292493383082,-4.7293241997273974,479.37589014288847
-3.7465371023690444,-2.5392144780759898,18.728105739867658
-2.222025554902106,0.034121869529977644,121.36686015413648
-2.4327078220182914,-2.5450352908714793,66.905639119631189
4.313687541917723,-1.7690708395598236,34.28844256948932
-4.7731674175993133,1.5904252324124073,264.29817152584309
-4.4478050785700862,3.3659580271486096,147.61040770468622
-3.664071883565442,4.7210023151377207,186.18390812101623
4.6600311117512518,-1.4999300076604047,84.94205011587286
2.2071922164373028,-3.4363100806222011,140.69792055825417
-4.654730727205469,4.0425380943758231,238.32789962614328
1.4822916466195384,3.3066316590118667,59.542181329987812
3.2279721143729638,4.7464331804465143,369.16757746979761
1.9999537470795108,-4.7842845665246703,458.90194265177047
2.7046847859783538,4.2865957794143821,198.59710516805782
2.9827067180370417,-2.8383312975607495,40.733465546328155
1.7783416440612489,0.29448562840248727,83.264654434978638
-1.8689912439997691,4.8472536432155326,221.01908854027846
-4.6834639384553833,-4.0639061917018449,70.556619104295052
-0.78320828490264827,-3.9347669119957995,264.37852347406016
2.522244090126879,3.6971731548491711,85.366301201657265
1.5511731270991547,3.3824022643509064,63.061197245835629
-2.1101110314199385,-2.4562538337412594,90.533835171949491
-2.633890005621176,4.7730164639184753,173.36920209514901
-1.5153359886173794,0.4360478413150819,137.66393832660464
3.7082178049207641,0.47975519079485274,19.810498725630151
-4.4106783760826387,0.71366098195959182,202.8873321637202
-4.2361346875038297,-0.92976520596226386,143.75265635583509
1.1517352240777523,1.8653954855587207,66.57668698724828
2.158299296501327,1.5195052856233264,29.669085713829823
0.11020018183728375,2.5721555073774489,70.898988561114663
0.34377521541645439,4.3103844586907663,185.34619209025126
-2.1930550187751678,3.7185069310112411,27.586966658010571
-3.0515231605917088,1.4880135283221119,61.463958221386633
4.6171558203465732,1.423617926420226,137.99544155673084
1.2131053843563064,-1.2931630694221119,134.03582302196261
1.9002473546788146,4.1490526711985165,157.26809624643352
-0.51627111561306549,0.68782010897100143,150.52127253493057
1.8447947245871621,4.6981588539522416,294.60324203342037
-3.1390834566804724,4.7665183406284548,171.37886977148557
3.5497349992106173,2.3724877475087593,20.531144587847521
-3.1086792894374988,4.744493742986073,165.41529252886806
1.989557985398406,4.6583159586281706,284.21858469974933
-2.9406262403642174,-2.2909961991681769,43.578588759909323
-3.8600370446719361,3.1011502650521692,50.559319139604881
0.59761771326384139,-4.6372358245604168,461.53864800233748
-3.8585433223890804,-0.046080268768708521,132.62494090376819
-3.2046890020808863,-0.17613582076702983,104.32448794617039
2.8985082972136453,1.0870322745548178,10.810525929744175
1.8027659225084474,3.1834962704928973,45.231337451165672
2.6028529051351503,-4.2373106728698282,255.42335438853644
-4.4799982738028872,1.4729988454063401,197.84411035711065
3.9416797538804147,4.0714188332180239,256.84197538928532
-4.6020004900864393,-2.3195996928239575,100.46741263576352
-3.9705119132290587,2.1369768357562426,88.645990369990756
-2.9568595561902482,-4.5587167686071428,163.63521356290693
4.0871380814454703,-3.9862441054719415,171.36288283338192
3.4808624743496868,-3.9455549017986513,153.16480986622787
0.89994523683177796,0.81247000162697613,117.53294376706168
-3.281030867323401,-1.1645650595901951,81.610720355349542
3.08567233345447,-2.7485176126537212,31.118501036511155
3.2861342371689677,-4.891352586577093,434.43862386849713
2.8118168491320317,1.1458699454575765,12.060562445704214
-0.58413258616399499,-0.51803579132877964,178.44192785266046
4.4070651488423742,1.4152324627148882,97.123695707510691
-3.3391833144703766,-2.8907020249115205,11.443040285910111
3.2250760255214157,3.9254780261264894,146.42673789894627
1.372792293309633,1.7976944649064164,59.287850380201618
4.1356624591680102,-1.1093567219416984,27.612366495622496
-0.55521954209639102,3.7206215509672429,88.132864601118911
-2.3033026091654714,-3.0123741994917084,75.867229049820452
3.2593476482708343,-2.4371041629915808,12.752057373068515
0.58587514536470131,-1.6051084985650381,165.081518595593
-2.8162269628862839,4.6816266556685147,149.04490844470916
0.014630084469661853,1.8600129078663681,95.966166358742939
-4.6706701022897681,-2.1958910136248018,121.19692454324635
-1.2723788754994207,-1.2189599038359198,158.41704667543874
2.3232356330899862,-2.3672454669309992,64.377547105331686
-0.065297894823431513,-2.5218294237511647,183.22255613544007
1.9643255239744875,3.4746971696331617,62.976170252034592
-0.39956954215178442,-2.6064766399065129,181.18404328207305
3.3130618040766997,-0.077916164905742491,13.559093732335095
2.2540374596593242,-1.8993282598405559,62.427400190587655
-1.5693640614260889,-2.678103572203681,127.73267052851946
4.7582417828491792,-1.1487382316905359,110.9350979231093
-1.1188796353641179,-1.6579057108543411,158.9365088992746
-4.4454594828482632,-4.6425636338290319,119.14106512946452
2.5666853433218408,-3.8566692939948695,177.37876282711679
-0.68537043260080122,-0.22401259741720203,173.95064546070361
-0.18801441990432277,1.1061135404757554,132.76633789979402
2.096150506839404,-2.8075580654236418,97.489614641218793
1.8318724867475034,-4.510976093018126,378.20537044240757
-4.1601967832296971,2.0179576380148223,119.5492346073229
-3.1325056940765181,0.75731341885038894,91.55911981473983
-2.4792642858150855,3.1254734208952968,3.0689130308814323
3.6103783740031279,0.04050884849525449,15.7854525988823
0.45562766064776916,0.53484830431057695,144.38387669017681
-4.5319365876617592,-3.1718974375479965,42.696832296875996
-3.2834968122215984,-4.1196771199166742,63.553662000672304
-0.086093875248395513,-3.5184766203389977,238.59302191167183
3.0327567067579952,2.2963411048663973,1.9494680302967662
-3.3213296053033066,4.5909444204172694,137.04401210657116
2.2164916404714043,1.9295652806506345,18.409840626334542
-4.5972976990540788,3.646736367316862,192.83500787478749
-3.2802212330576879,3.6364434764687807,20.199010270946079
-3.2970102085180937,-3.0155155999081544,11.341365771480827
0.07471456651299313,0.97755396451910848,135.97456361230743
3.9371412194892361,-2.7617072004793499,23.857049595469359
2.187367618280593,-4.2188497547257802,277.51182283657749
3.7583895246433165,-4.5829402132055321,317.60322697439807
-2.9129241766818152,-1.0761939399242726,89.541070942588973
-0.64760559242136395,2.4943750354463399,67.419764327559548
0.43520667353829623,-3.627181731147977,251.89930355646783
-3.7573238561549287,1.9344858555317499,74.733849162207775
3.633656965020748,-2.8622808904629298,23.727298313676592
-4.7582795923865611,4.7288229587839758,380.41239587540463
2.6086561797771424,-0.45414290035438487,39.128765823830605
-4.3888854666220327,-1.0680044787796121,156.78478007627862
1.1075484833442184,1.2228319072112184,92.445910624160263
2.7894897086187438,-0.1132261638220049,28.722648671435131
-1.5674102867091699,-2.5583443955701526,127.33447644068845
4.2383835907326564,-2.9468030624361061,51.207492930172869
2.2483188944774692,0.85872539465017805,41.985199677139079
3.8802104170812175,3.5150151216471688,142.61599876359077
1.0111350363066371,-2.685801918864704,161.86170777917312
4.8252312127253969,2.6940548707489693,250.14641156079583
-4.7912285837592465,3.4373642671335762,236.95229030992323
1.2673150095646202,4.5424093516276098,245.57085732499314
4.5218584390110124,-3.8267566606319021,179.59915598697151
0.78803285907766174,0.50237638050018152,133.06443206391086
0.24087264256905527,2.088801510000426,84.119762569035885
0.48912700508187434,1.9496404773668798,84.978615700869724
-2.8222211495897116,1.3544884590735693,66.625815687240205
1.1193743735091823,3.9711771055026936,131.16476464163699
-2.0795310088166863,0.86646039311152645,103.11406407407408
3.9013758761196371,0.60386440442375822,30.751349504559158
0.73698938360048949,3.9116700525181152,124.52752794651863
-1.4513034942008298,-1.1056759033140136,152.2432041141042
4.095532171245468,3.791443894035643,223.06011013331775
-2.1507782613631758,-2.1390448912326709,93.40758791390617
2.2278250490074845,1.3260476839209971,31.273970094597708
1.5943692033695545,1.7348541704924223,50.940906308176054
3.0456596146866151,0.41047514411754094,16.057900250967791
-1.5725559015082147,-0.98861008815912843,148.23528237946269
1.11255794350107,2.6210806247876519,51.961342807212269
-0.16746780390379534,1.0359204194862848,135.86571360932851
3.3912926694239225,4.7631179551165879,391.70194471728098
2.932787346833031,-4.7528528374763068,394.22474996334239
2.0317887229857305,2.6579946802163699,22.152700134453561
1.4496585659438228,4.9796506567822334,385.78811416737864
-2.1282327182272898,-2.4529008062521602,89.310818362322735
-1.7660030825225572,-1.7219086732186799,125.87232302730797
-3.9227623527292454,4.4304254562034675,153.55858782350714
-1.7818500545077613,4.1250095345639597,81.486351480971152
4.8780261491247643,2.9342193030546584,289.50256606489484
1.9205996930647178,0.086337560475567621,77.924673859191998
-2.481138928078841,0.01270007415719121,113.22990910810302
1.0885608498146304,4.8700773460783928,341.51387330252027
-3.3916009235585829,-2.3758421193269608,26.041472378734383
-1.7545259954083163,3.6124328199447557,37.017523431680829
-4.1035302562898446,0.73005446062683799,154.88850136154463
1.3851498471695125,0.33003801239062547,106.90084559772217
0.88341024564029258,3.2513968495796526,68.402615962327843
0.15006283643564355,2.0076921680051498,88.404491663910719
-4.8944006854877067,0.97812882026277848,313.76899258139258
-3.3118081246964479,0.0658569325907985,106.24510943572251
-2.1902691459793076,0.35826602988363376,116.27595087257859
1.4589987818705339,-3.3857338542614337,185.30779597763188
2.4927819568748575,-2.2933561659055175,50.683725209941279
2.8721410651997026,2.0442643290682199,0.50181782261774577
3.8032858190450991,1.2772518567967852,24.9390868259628
1.4794678273851112,4.0399995301084424,139.42709906018962
4.8560797305462096,-4.9851803641270758,573.36217080545589
-3.2344693825280482,-2.3305982329700132,31.296755954048272
2.5468124315115324,-0.052715585679853127,40.658712443153533
-3.0826387056524318,-3.4219432412799815,26.846647899885564
2.9255260190689079,0.79099494305674689,14.617726774714118
2.6269772866951513,-4.1824128824572941,240.70435756190639
1.9714787794531405,-3.375704688328057,150.55553784982848
1.0172402455732676,-1.8850398787450331,146.33062190840889
0.27862724822310625,-4.8354755693583584,525.88023310971141
-2.7505426900688668,3.9341494731502049,33.048042135615844
4.0762571972907224,4.5978305203536678,436.1534179961161
0.39272445644394605,-2.3916091964327957,176.0157643546186
-0.24956338048927584,-4.9361045447567733,544.92080083668736
-3.9985841470593373,-0.71538540386052674,128.23414484370426
0.56027383366752481,-4.1728113492494048,341.18561912115132
3.3561164455297252,3.9299569736246305,156.84123636341437
-1.8983456031521326,-4.7826357543191156,343.63395413449462
-0.46936015224467464,1.9226704828509531,92.680243388343968
-3.2504311688278875,3.4725224956204581,12.497178856087656
-4.2044677244659638,-1.4663757798629469,109.13503976863369
-4.9219445131473947,-4.9547751185608861,227.86816035891647
-1.2360394717370173,0.073945849122681651,156.06960877807163
-2.5666394597860505,0.69940895685034388,96.186418780432817
-3.5813737263065368,-0.97202679463635722,93.592534011886158
-0.18320606229208369,-3.4319787961499824,228.43086374276376
-0.66165449080641814,-4.9208866445564388,513.74378307171128
-1.744718300152805,3.8495485942469614,53.759792989070213
3.4469249933423267,-4.4131102273261575,265.99869191441684
3.9329660230575421,2.7641501953677805,73.224035842567829
4.6275068405371087,-2.3749140391441159,75.302019054418665
4.6898165565369787,-2.6703441758642206,92.527307715316553
-1.1450145187034866,0.51769625352124926,146.15895346080612
-4.5730892809181203,-3.5731654696022761,41.621992062581647
4.066647887501091,1.3234771176197064,48.471280547658587
-3.1372766011243858,2.5112474283717425,16.508538273539457
4.6483411603445131,-0.74539619949622526,100.47849117183237
2.1983856830065376,-4.7213999169934926,424.4596389227857
0.6657710416617304,4.5371195837811111,239.33335588446801
1.101279905722798,2.0141084477842366,63.813966752268215
-4.1959858903107703,-0.98102015223376782,136.37001541156789
4.6164013538445055,-0.91608180779615189,90.652670687626568
1.1590250806547981,-0.77238801508531019,136.26870451430446
0.92494326379562342,2.3979839438460662,60.113649913922835
-2.9292963447515636,-1.5133712745870724,73.819675122727062
4.3790566456059317,-0.8563553079705235,57.142235324057673
0.72301714900308323,1.314794398275362,104.63754268054515
0.88065440910118653,-3.1451622123105323,192.97973560498522
3.8604439554948868,-4.3307704186624862,244.04293138934605
-2.6572388818614407,2.654817781859081,8.4571610801669035
3.3863788346563908,-0.0042327123053595983,13.272802113840815
-3.4922129136721649,-4.6493547377896345,135.67851158240833
1.2925682376755141,-4.3279893887188194,356.14681060548929
-4.021457308757391,1.3065037848512979,128.73255825527954
-4.8001205312864519,-1.3458788988704939,214.16371353619093
-3.3453779101274619,-1.2419062170935713,78.596875106516819
3.9915583807084491,-4.9086704308049693,444.64542860666137
4.4279947301191935,1.7063451872501245,106.48325565319611
-4.6250186602863979,0.78172905078325616,246.1317493935251
-3.1736504647681918,4.9806666707322407,230.56067484278836
4.782438838222383,-0.39067924902434292,136.07826479388129
3.1328925446741938,-0.93519107582071115,13.450350155394656
2.2051075991687412,1.4396677486568468,29.48027290194954
4.5525682203746669,-4.4598048611146854,331.96980126195064
4.1881106306269231,3.0327764035875902,132.4222251980049
0.038156070994737057,-1.9003917691038223,177.60742590345419
2.7348748359853552,1.0888694868909283,15.39587946498148
-0.29636903634404899,0.54069997466976005,156.62348708356762
4.8650550956153573,-4.0427030047657322,276.29042639322375
-2.0610099360884848,3.2135370530106098,14.124680806936199
3.1707697299650501,2.2801732220377149,3.6562224633721989
4.3501969633603448,0.10474199440164256,71.427563380968792
-1.3402500989753072,-1.9826387507282197,144.57759114585133
1.1328796484446171,-3.9826290578766828,287.55274094537401
-2.8498264313792712,3.3744486712268387,2.6085826309208544
-2.5765457831271239,-3.7351343656788947,84.69191114028834
1.0594821667284071,3.1888783912388288,62.617225732820764
-1.4967243838999527,-2.0543875744228175,135.23302546041717
-0.002681390990176169,-1.6112501511168968,178.4611701926442
-0.096916397129326093,-2.2359028958321292,179.34072461011311
4.8221091083725316,1.1906855880145315,181.30343207961099
3.4742984407688855,-1.8287887873109661,0.60746877295300672
-2.1555871119019105,4.7242281190701245,175.91218016262698
-3.8073749411562696,2.895660399250584,46.723282620580108
2.4407462806409157,1.1439131737466006,25.768144729793725
-2.3965312982267695,-0.62871733809447061,115.65983043360788
1.4502498643889101,0.95792899947987564,84.481836848210932
3.5433858459882277,2.8107031295727065,38.808597404566072
-1.2109780258152805,2.3222017152446863,59.946425080005802
-1.3515317122810906,1.2264737602242128,110.03846594711788
-1.2355977070530311,0.43163636579564013,146.54268400600546
1.4771132683585497,3.238215958831093,55.768428179594736
0.3735375949265638,-0.20419397175901111,165.7859408319101
2.1592961227274969,-4.5411547387640443,367.3958621350269
3.83945383831845,-1.6798180613457516,4.3649005124184583
-3.6159600622450818,3.7508679897184098,45.866244245868394
-3.8597636687583274,-1.6486141223449606,71.348206774589329
3.0420298216624158,-2.1762156971810493,15.989401775819831
4.2471900443424548,-2.1028354758138672,27.14791962996398
-0.38657719912898969,-0.096367636986915528,174.25959720681249
1.9922308185053144,-2.6050406347482009,96.016541263054393
-1.0619528990280003,2.7295827165037316,51.391507914714175
1.8710957428624457,4.2878664962788378,186.05664361664901
-4.9050122315763529,-3.2976341171179371,96.349275155032743
0.9749672933325364,2.46547671434889,57.519347389811664
-2.6493367310396612,4.1279378293340301,54.64157903546495
3.9782526874517572,-4.7778020512116823,392.26594988607116
-1.3308245839175177,2.9480163910142494,39.579156123423502
4.4388425470231159,-2.6769179537530898,57.521119030312178
1.8234377864924323,-2.4425755496523904,102.99033418696848
0.22177547670039655,-3.2751107771467307,217.9646819052156
1.7536259571351023,2.3525986090974111,31.132527305908006
-1.8363998913442248,-4.8047554842397515,357.60619269675396
-3.8149968107979091,-3.1917870338803618,0.52509027923809048
-4.6359640725296725,-0.1641988535190011,241.4357871893047
-3.2546579047250175,-3.2673318437673,13.679270600779303
-2.3970258055134082,0.8746343624284485,93.693308402447087
3.209376314758984,-0.056360811357903273,14.916691836151164
-2.3480498756167201,0.5762974895871622,105.39869070373715
-1.9561807321241069,2.6837914891894012,23.230763738778382
1.9788031143168618,1.635156029729643,35.204162874350907
0.92550963991108759,1.0930007306243432,105.72314058002993
1.2532290359064033,0.023985507385894778,121.48090581061777
3.6342599210448263,3.5513505949131758,118.66334214393308
-4.112161752740346,1.4873650174325199,133.92749486880041
-0.36484130978375529,-3.2202050931135036,207.47557222935029
-3.6651061057217507,-2.7723680636056347,8.9900949455657901
3.4292466702876254,4.4287921121030891,284.3129573287211
3.9455476780207643,1.5787296188337638,38.090168597738177
-2.6650282276077126,4.6526619652176393,144.14404033417014
4.1056361014734755,4.2332505514003831,327.58004532053513
4.9692323327662073,3.4528303579743937,391.82597522504574
2.8867469590803676,2.4607265303833685,3.8134828901310738
1.9862017075855025,-3.5996396180988417,176.62229812774996
1.2019355952911983,1.3349598999880419,83.702653007241793
-0.38938857123113735,-3.3906783844207093,219.62069156306944
4.5667388613956881,3.6153380889768645,294.60726203971734
-1.2527203652976748,-1.6829047271813353,152.89440971070781
-2.691420570584762,-2.4868682600968968,51.274987436201627
3.7611115436711291,0.72542063436512905,22.346076605490644
4.0613470779388194,2.2085008624980018,63.095875035938569
-3.5481434341319433,4.5005158716911691,131.3022592065943
-3.021470805002842,4.9929007577136826,231.98420433244809
-1.6356323789030465,2.3915150452940548,43.707500134852289
-0.24281409765757456,-4.2908694350495873,356.75200145925919
-2.2293679130508641,-0.97478885867421283,117.61032889052481
3.7467553486031324,-4.7445357445944731,373.75814822913844
-1.0662226165892856,1.3664233142639421,110.62365697099844
-1.8603362811259054,1.0388091045178305,102.80167676088294
3.8659696528044449,4.3658305681352534,322.73358403445513
3.1841865898119455,-1.5248506953245498,7.9140912888508872
4.9270965259533934,2.2540994914437533,250.24112385697711
2.8084079391119419,-0.17892492893312895,28.137836822775316
-1.1741988376198753,-1.9408425349427905,153.10669745765529
-0.31403364789253629,-2.5732723716385939,182.04561720043134
0.882336012236137,1.9453408968379149,73.938879327740537
-4.5255970180207612,-2.0201745248912095,111.08479984429681
-0.69942021136326193,-1.6414224344512811,172.72833896764894
-3.3154208551792284,2.1558037886623493,36.738567928996147
0.47866231255815261,2.057672957517199,81.151849975768883
0.10506991242630903,-2.269571761230508,178.83011846679759
-3.0658615088397378,2.7244638019816385,8.2495967536850099
4.3995713328210488,0.55801163891305983,84.703424366047358
1.4196768516466989,-2.9917451676803015,154.78922665089391
-1.5103889632789995,1.070818299040182,112.71510422831281
-4.9174511912658572,-4.2850982005514879,120.67594056359846
-2.9318725392727596,2.7185069557289721,6.5585292999181597
0.77437318488659912,-2.3436601771295331,162.94681643769667
3.7218356116370117,-3.8698505552907703,137.86924983148148
0.035385119179417224,-2.1289064061317706,178.25174287320701
4.5073123991998223,3.908348288132288,338.27209283426748
3.7493466035139615,0.70548027539236724,21.739511892056736
-3.4633025045085408,-2.0153754900500696,42.022283205891839
3.6184986855650507,3.5035719197585458,110.42218750858231
1.2753373026163448,4.5454979181628268,246.4203885136649
-1.2381112183185392,0.81390436587805315,132.26824873860477
0.05901228677724113,-0.92817710609582349,179.15835858797487
-0.93172394572173722,0.29819869123379217,158.21102952584968
1.9328863277810058,2.7311337760191439,26.267985841819552
1.6457160517682778,4.052317862275709,140.45007426701133
-4.9562074870867638,-2.9299364521599411,124.4513764949598
-3.1464118138659725,-4.1258345339481117,74.591049966627665
3.7100242472015363,4.6820110901602838,402.57080438015612
-3.9854325728964515,-0.6862426935996373,128.17320409877979
-1.6055254061896704,-4.0843958795792581,221.65126739391496
-3.6455656854616159,-1.5203730014878118,70.048638418319058
-0.335111235697795,4.7325937972520222,264.75920782865154
-0.11961226364383126,-4.8554225038112815,521.72492540325106
4.1932774336377161,-0.38837566617206853,45.434237929021037
2.1633197634007084,4.1337512401384142,154.87226069418477
-0.51899404188572973,3.5467764400107491,77.217936757717411
-3.0616555444727482,-3.999191783870546,66.832960681604447
1.0041331903661286,0.95529445168196858,107.49665273341492
1.9951663873999319,-0.41573804060654407,78.628135979717285
-4.523108807477576,1.732859438605848,197.84245434546136
1.9942231333919,2.5042384999556138,22.021197319291453
-3.8836229531377695,4.6473910429237364,191.01456685242013
0.55672667675209198,1.0621579944613693,120.94662982557882
1.0950687786545004,2.5693556617031375,52.77947106595964
1.5588424910458567,0.11436492352528749,100.96196780396434
-0.11002780644697197,-4.768050007095483,492.36767659985929
3.6958695456515862,2.6520227111470565,42.117902510335085
0.95410005541582432,-2.5281799452388722,159.3302932034423
2.885648927521669,3.3413203529547673,50.150107506988746
2.0499555135753242,-1.2984813316618338,76.201502451762252
-2.6973545511024231,-0.87047637537980815,101.02867452828525
2.0133796466052525,-2.8333571562888693,104.89120060450892
-0.22308176719356609,4.8046733586322556,289.36475820907123
1.7441804011871316,2.9842951660289261,38.060041500798278
2.4435970582572661,-1.9880629758578738,49.601661309725962
2.4829262333429938,-1.2864300889105129,45.664878037541222
4.5792337545828179,-3.2493122618117427,111.37439857311605
-4.3513660465217026,0.44426043735786624,194.61341124177747
1.6763840935561438,4.1362841695519599,155.32214034319875
-1.0093204850942121,-1.2104779608825926,168.08003901890399
4.3803268284702472,-2.1322648385279699,40.375871429585061
-1.3389406394473498,4.7044380328009581,210.51644430467235
4.9355132637742862,-0.64633777980768503,164.33091763685826
1.6752697026497181,-3.7143643697467144,213.56748043123042
4.9106844074433695,4.23813051801271,553.05912166840108
-2.3304465925524904,-3.7125971950731151,105.97699076021675
4.1610605549969044,-4.806310767360924,412.81023664634239
3.4385867896432902,-2.6163723891505475,13.997630806741203
3.7020924067302214,4.5946984193906069,370.6080192162014
-1.9780042300525906,-1.5025494480303303,118.95203278121883
1.8125379401160444,-2.3888874783851728,102.35230017202495
1.3917888983356095,-1.1471573490287841,122.66908807841853
-1.1758276280444688,4.7517776533094551,231.13720077819897
-1.7974803611378305,3.586974073634849,34.045847815387944
1.5209162421096609,4.3578726423249279,201.31307033671339
3.7908066136141034,-3.3676735546438565,66.12994739807796
0.87375935081207423,-1.5090977613211143,152.77387308455869
3.8881940144107325,4.309885113762256,310.1438972597183
2.7568412616828653,-4.5731785070148305,341.48447493539254
-0.61171668480500507,-2.5420406599767889,174.71401447840739
1.849502152878121,-0.23390045994654862,87.013814043012601
2.1296425816489748,-1.8194044876383182,71.059091877373731
-1.4722658022607646,1.0593410092883104,114.44438313095367
-0.55309613929461232,-4.5684784334873418,410.31226752156482
-2.7520274002376577,3.5594811125016506,8.5317394732380318
3.2045225850487533,2.4357587603239308,7.4747470538533385
-1.3861291261864306,-2.7457499824781255,140.53372698243044
-0.24874344736402509,0.4132863216697249,160.86946933664655
2.6406575299337689,-3.7891569314955538,161.05853897287949
4.4064185986119107,-0.40392147107182019,70.108797545869095
-1.5938955166553455,-2.5153134517883613,125.58618035032087
-3.1743790030056926,-4.5981515862023512,150.79722870096046
0.43617840005482833,-3.9695874339509762,302.95477763973588
0.39595478857785249,3.6786828899522526,99.336954546100017
-1.5666962455512641,1.9430471640350833,66.548103581147188
-4.9612892310754653,4.2711291362711545,359.34598733286577
-4.3738899512798142,-4.2088737435717318,55.587228917294986
-3.3732389417079247,3.7408338098500007,30.079630859846105
3.5150527455915856,-3.6765818328242563,106.03415424964136
2.0790759633908795,0.60429066972453249,57.638101139548112
2.0405734750993823,-0.6528399049999134,76.633763436205172
3.1541063448903781,-2.3442959493208368,14.254137224056254
2.3717734370011332,0.085938726189555226,49.323070568640404
0.40944323667751981,-4.7677494980668458,503.89125808340032
-4.5775343598557381,-4.9420983886739176,190.1576864849425
0.80469428493956219,2.468054897931915,62.174774128063021
4.6774768910655755,1.7333624299456538,159.53154487998646
-3.425890876690517,-4.192441457221018,63.074099173056254
1.7976872822972947,2.1224138815412319,32.363007076971314
4.0447026446541798,4.6959102311890923,465.78141750038685
0.33208993653339114,2.9086322676030152,66.909796042811095
-4.3935850669721779,-1.0786352443037335,156.85554932213032
0.2653655362152616,3.0187595916478021,68.237289461782566
-3.2107045869299999,-1.4582792012911199,69.974116695206419
0.85687611327131741,0.61513684316431672,126.36670984555845
4.1072580333353041,4.8511632935283036,540.98676122053689
0.57764496748602312,-4.853095466290589,534.29553814095425
4.1374912073634214,3.6592057075797531,206.4336246102813
3.2728197835421451,3.115257951465475,43.722030845634933
-0.58798428257273994,-2.4581618325139329,174.32432360563229
-0.9566473965635609,-1.8721699179895683,162.78673029206868
-2.4105001443507152,-3.7531318311492736,101.83075356332064
-0.45728762279493296,-0.075760021126897392,173.60960809003944
3.6289559318516638,1.5705777756615733,14.804655892443288
-4.2695487756030968,-3.4843535345050332,14.781665781725593
-4.268023244212567,3.9416789971565933,142.71704019564038
-3.5542924130475599,-0.90343962971897085,95.362632604339964
-1.1850329265885446,1.4556827763500255,103.05643664911355
-1.0261497932268346,3.4073621361642612,55.611899512835912
0.44910407664208041,-4.7769284413553432,507.24059845228942
2.7357367942285631,-1.1995235140489902,30.216671690961434
-2.9692144125043773,2.6777403092967154,8.0779709980757115
3.6350554020352028,-1.7416185696529682,0.33282378747760394
1.6508078366910386,-1.4320433794934893,105.10319079831316
-4.4526461650034417,3.7123263687756403,162.63402038271175
-3.9733331122010815,0.16736588256751794,144.34953605277107
3.5272473635260173,-2.6840031174318764,15.465135883395861
-1.2746234156810727,-3.7166983559454718,202.08433552468404
4.5199514922653723,-1.0179482100041044,72.84661238676992
-0.83756043048797402,-1.0726260057141044,174.01875878968315
-3.4207224192640258,-2.9811240571672046,7.5494025713814672
-4.4233877849873009,-1.4873770398497568,134.95630657463894
-4.1144125220623238,-3.4889591160475821,7.0710846495061741
-4.9630409924497121,0.90811947539709692,335.47162104766102
3.1339828719652374,1.3781997335019387,3.907466564000956
-0.28175176181212613,-0.83839340355562975,181.55554531618762
-2.2024963825815114,1.8472562376698365,52.030812913154328
4.6017137117530069,0.096226840377865663,111.2213487838354
1.2914529424197312,4.0500176428355772,142.26460085992397
-2.6932966530976761,1.6454056952474083,53.216452110965477
-1.5621410156324709,3.1214231145069498,30.970118135306855
-4.3601697694314394,-0.78991766706371003,167.41117867037536
3.2801442571690416,-4.0561586455505569,180.58086380736725
2.408803579760451,-3.0316093917099534,88.87598604653391
4.2881598698021293,2.5908667043234912,115.59007062237851
0.43747405726326072,-3.5932036603870872,247.71697431620964
-3.9219064137711106,-2.8048589828718997,11.816347751832904
-4.855232704202181,0.084658486183302628,300.60018300201034
1.1188734102304112,1.3888932088273158,85.495823011893435
0.92161814242163942,-2.3498709150423691,156.57195260143061
-4.9527820627892831,4.2646876629686616,355.52516092465316
-2.6883609969093794,2.7505944067179575,5.5501250940007161
0.1712058406614041,2.8899551701264077,67.617923449797303
-0.87877536443298521,-0.11193552167923837,168.78699952596628
-0.83196284044792623,4.5305452850869017,194.51164124629383
2.7571555688165441,1.346754066116933,10.108508804766075
-4.1234807332323467,3.7190208679903751,101.85079492084891
-0.84052642869434191,-4.4250909919926791,354.48619526563607
-3.9199928457169664,2.3922752135565828,72.687867733470895
-3.5576362003314581,-0.88788588666041335,96.030312899140711
1.7626848798817338,0.18738857190322644,86.438445385160691
-4.2536055850986463,-4.6818773736126253,119.58573850254746
-1.2296078073924459,0.77086264593354059,134.28861679502347
1.0350331617642432,3.6427338681933232,92.869801398763357
-2.5958394599416041,-1.3483881131523607,91.964608459707165
3.4726214645010103,-4.7703716585867975,383.53056490794489
-2.476685034725671,3.3078725321613831,4.5750671347364014
4.1499225388416559,-2.705722264713625,32.351753042542128
1.3167835543889472,-0.31394093045945581,122.9652213607867
2.4614686037111797,-0.84751078884084396,48.103214522293698
-0.24747794079974739,-0.64715333040271439,180.86400506978845
3.6941391111967476,-4.8833840645517519,426.95938683690423
-2.8324111874621294,-1.1312842366239999,90.028760558520702
-2.6772407714653075,-1.4640292940328887,84.811002420531864
-1.3950969822026282,-3.3372869532776139,161.05735467004621
3.0399029076877042,0.27240547143409799,17.310093854719621
4.8940340075073721,1.4017957996034429,206.03893978350922
4.36024191769312,0.10735407305944822,72.826804291889744
-2.7777300621254279,1.2488595340511575,71.679512405893078
1.7887169849133251,-0.56081270755510282,93.889786068083509
2.6367281855067795,1.4329856228498379,12.171832503492963
-3.9947514040228098,0.26235889717067895,146.62826255835392
-3.8121354253732229,-2.8590523345154955,7.4121729330635535
1.2638638081613038,-2.5404277132788171,143.1520665881439
-0.99261686833166252,2.540462095051101,58.23191088868893
3.4650120903486439,2.6533012558034343,25.677908367595158
-4.0803561223863758,-2.9315066749347714,13.569736219698118
3.5308578697762592,-2.2425965924885856,3.0355200476865982
-0.79141284843028714,-2.3729880561080607,167.1442532860757
-3.3967537837693844,-3.1744098855828584,7.0533135777678462
2.4559548086455676,-2.4616709481452319,57.501844885800686
-4.2025392943740592,2.337234898736388,113.92042187037481
0.40627164382160519,-4.2617084838776087,361.73748886063726
4.4618702159394452,-1.0759294759172091,63.251601526648429
3.7300441970167757,-0.52155746231190392,14.707702117366811
4.024600398750648,-3.7673297437576205,127.87459977669377
0.35369470141247028,-3.4137903648310841,229.24332623501385
-0.3084226699509216,3.8767758224077404,109.00753298221949
-1.7348818925911154,2.6816175215112299,30.564234092262524
3.2494567949325486,3.0230427914844338,35.699966221329738
1.9812472633740361,0.43550223246226949,67.398521784346869
0.59965881579559088,-0.92349953856100786,164.49863066495305
-2.8281593129484888,2.2580827770335565,22.918227176632556
-3.0117170489246821,1.0259869402512631,81.081341721848318
-2.7206467547778077,3.2812706671477265,1.1946741372886374
-0.50954626259653057,-4.102614609829244,307.21179922404048
-4.8871694789235516,-1.1246956006397708,251.12300265507332
-3.121387592701466,-4.0874260862115008,71.933219298172446
4.561665252864632,1.0507826999534693,119.71038079760659
-2.2191207813291896,2.040532008879179,41.837553191569434
-1.3743653385644876,-2.0382418899898767,142.11612292812831
4.5232498655830682,-4.8322624529852387,457.13831032448121
-2.4687327363949922,1.5186989072686172,62.767810371646867
-2.9689841690627103,-1.3255583516611575,79.759914206318797
-0.35764608131837416,-2.9020261250827941,190.85858433980496
1.4847550065894142,0.72287255296052511,90.094411340580336
-0.97978764353752812,3.4035395333489635,57.033755355202466
1.3242736720387995,4.0988341915478728,150.25568921289238
1.7451944150459209,2.7080962333426708,31.844773029383106
-2.5134911245867437,2.6968494698238121,8.9620751038615047
-2.6356352785845156,-2.1377941248638703,63.990217141054615
1.3487032461803148,4.1724983832975191,163.34613642216468
-0.38743475693873375,-1.377188834824385,179.65028948461259
-4.3027557427681309,1.9546033540140737,145.63343663257149
-4.0986718087332656,4.0008497092549309,120.12892857586567
3.4632403535969605,-4.1642775462443264,200.6132257980147
-1.7504754652561476,-1.8353569866215795,124.44148573791078
-3.7078838483713836,-1.1760678203451391,89.423168186934404
-4.2441190736373891,4.7840593013533645,274.72179174385838
-1.3734815149853046,-0.92762845834449514,157.27020830587279
4.4335147153594292,-1.813668077521867,47.340821718287501
-3.9505859874676541,-3.6204886768714752,5.627629223773444
-1.0680597909544893,4.4226623865405763,161.61983636844926
-2.3646206930491287,2.8610012631392969,7.8808319806856684
-2.3029352582942182,0.081341586006100641,117.95142600145448
3.228451325383217,2.0210379596948549,2.182948589047748
4.4327774909457602,2.622470064057433,145.63486864599525
-4.604420512633765,-0.85865141153803926,205.36834651948709
2.0011237123705037,0.67476753783647858,60.595691437445048
3.3093318414246671,-2.2202920650680396,6.6818053482317863
1.3256744627033799,0.39437188237416976,108.74802785773905
-4.87945581245308,4.881937019326605,455.86701000512096
-4.7849632297570226,-3.7252516111906475,71.137764000213807
3.458393981836668,-2.0136772151641753,1.3726720867969822
-3.2386916737481442,-0.34327516435142602,103.16125698090259
-3.430659813274751,1.7628771269474779,60.03777956856112
-3.4404490411770574,-4.8183115538556187,179.07124097760214
-1.7115860795560311,0.51633461950200399,128.38277363997696
4.245351471193894,-0.32835679987147515,51.824080459536283
-1.6546345814060963,-2.7351882569512118,122.31902550932996
-3.6666670872834528,-2.5822081874562426,16.009922991872077
0.11695849550782533,-4.4158711800402983,396.41309456355344
-4.35858603979728,-1.6439104308609931,115.29404482481854
0.046585725995637262,0.090219965412967618,167.21279136378772
0.067409799059406694,4.572475587271887,236.5537024723474
-4.0496207448017927,-2.7114381130333971,20.898454131767522
-2.8312409316941154,-4.444912870823706,153.71552216049685
2.0849003352392081,-4.5023244041799408,360.246887802066
-4.5168029619210985,2.851563247008901,161.5986449338302
-1.1935450746588132,-3.5211452133527157,189.20215015444197
0.61565146787448644,4.7490684709553772,295.92561932193757
-2.2110242729378267,0.53958772262031118,110.60884573945779
1.4678690751675063,3.0059965231902233,46.375374525799245
0.97115024968211472,1.7055072289270399,79.480205067419973
3.4914595675233056,2.187288574286983,13.035423636533148
2.3734710544612003,-2.2868925246901934,58.940515303899211
0.81296195713044739,-4.0788439124767386,317.07792971931582
4.9326833574918858,-1.4619876281763133,140.88703446776992
-2.5090059675200096,-0.50737970282313505,112.75932646045489
-4.5459254453061524,0.062656230805481883,227.85357610219182
-4.8158926966876621,-0.44275066058587775,273.08543957526075
-4.1200855438541621,-0.22370420670228519,155.62443906108899
-1.2767955353613698,-1.5929765005705843,153.12098097408074
-2.4979485790207612,2.1323940351887245,31.416501059453378
1.285751640973408,-1.6258272309115416,129.83012250450867
3.5950880402445922,2.779184879270832,40.779524395125051
1.137297315680649,2.5688757352077296,51.48877686491727
2.1485826660193332,1.2865202795373722,36.19636990316755
-1.3912176751419638,-2.2235235610222825,139.30269452838417
2.0104666142325343,3.8391186266549866,104.77639083010365
2.1502436969808105,-2.1968736721953381,73.502466190482878
-3.4458718394689516,4.5040858110865631,125.76780952057641
-0.38212370290066566,-2.9015433821809551,190.28948117751338
-2.5884793587659289,-1.1571332910134462,97.832455502758776
3.0113046733353226,1.7004404309728374,1.2574830106125281
3.816440524664122,-0.15527441959530108,21.609837188062556
3.2733334942113501,-3.5889359122259341,98.801562962700032
-2.4038306208590838,3.6381374210747914,17.19320707708809
4.9137873711476843,0.48531736337629194,189.218917538
0.31709571669368852,3.4445112337411885,82.426684420937335
-1.830099836975779,2.0110903380200265,54.707702863094511
-1.9507814695136072,-2.7819553879755596,100.9964435850889
-0.55764768822100308,4.1598892220817731,137.63427349509567
2.0981210027788393,-0.48810479616420288,71.960767568237259
-2.1172928131293545,-0.84993812459880935,124.74713794396423
-4.6123171269350216,2.7455121301687493,186.09526641404298
-0.52633442141879705,3.9495786575289831,111.04955807256718
-0.85164668253267095,-4.2265526340599227,310.52842400812943
-4.4159116832769056,-3.48316064169259,25.684813515281459
0.89197953998525215,4.8779496115980407,341.17853365831394
-1.5915870242344021,-3.4898808462597488,155.834887416231
2.1512397672632098,1.2407300049825034,37.283443099691752
2.0923473309866019,-3.0384991118084077,112.03094412694578
-2.3875029635643044,1.063922187252123,86.097389614006346
-3.6549193885896494,-1.7728834358805106,56.770066495604596
-1.2276946971909526,-2.4315622521430074,147.54974753986795
-2.6921960155701399,-1.4148509907460509,85.839321925084064
-3.2177459087017883,3.6148640476235521,16.933121518472646
1.5313374091404066,1.2476628359922239,70.172473189742661
-1.8909908219384075,1.843985291475823,61.286165649894016
-2.0142878582028221,1.4890864107473609,75.939274023830563
0.50570239285842256,-1.433886021646865,168.00559163129435
-4.9164777477561366,1.0988779962452719,318.33242251813056
4.736643762720508,-3.0025403919669653,116.70782194436433
-3.2825440272484609,-3.800629242466381,33.529153854400732
-4.457253912086494,1.5529824454798389,190.39943740474052
-0.48940426300354645,-2.732608713097556,182.06403182551958
4.0123953526845604,3.610829517972924,176.87889502880009
4.53247964745389,0.81807947577556206,110.59343337064641
3.7385346066145217,3.7557055065736815,162.91375582274301
-3.1923233759430563,-1.0947765541579662,84.512853970365356
4.3148836156206549,2.4017671969583301,109.90732192042898
-4.6280558652473465,-4.9912890943632044,205.94783116420868
0.13785987094800589,4.4088778152541472,201.35009193795304
0.25017283303617077,0.45881492629789911,152.56368333737592
2.3267205500188641,-1.2544120820363203,56.404644470868902
-2.7535694679455451,0.13272282309102579,105.58089726674086
3.9951238460148026,0.25404813131312842,35.842452752182453
-0.52995757680401567,-4.8907830869486979,512.29545120801777
2.127420090487643,-4.6669186727309313,409.98718178399633
3.5738437605894955,1.6371453356732104,12.181105150642219
1.190655172987789,-1.4184976109055984,135.43723272546427
-0.30125876272568064,-4.2239547868702045,340.11656399860783
2.8602997443594091,1.587242345817522,4.1420249105604681
0.36760057467671636,3.9050667462192727,122.69407892021707
-3.4491266327375492,-2.2175533582565037,32.343667902642018
-4.6425206813793478,-1.2942197870808974,185.07635082987196
-4.3002235108019464,-3.817241508365345,24.203434045195472
4.8111847734448201,-0.1581663014533996,148.42612132703769
1.1751514489787809,4.966558596072975,376.66091610136976
0.4163354756862585,0.97170054399251882,128.9238580878191
-0.62995952100229236,2.1166873081556066,81.940010660880887
2.2684890349554596,4.667640884001889,292.29266742621098
3.5805510703468411,-3.6812712533094301,106.12673083646115
-0.52562845658206481,2.184090968458964,80.517265845168339
1.5857530661237931,0.90134103925889875,78.69460735957945
-2.7339595135924539,-3.870571376129281,82.236180894607287
4.114902265836589,-4.0629312793704475,189.06239782852157
4.7194266693239477,-0.88122334618401776,110.25084681584644
3.0431149356928824,3.9467852673255219,139.90204168434175
1.6736432113842046,-0.33449727412669183,100.00986338485414
0.5880668677645513,1.3297957827811855,108.50689271093972
1.4409150271721796,1.4439929817122197,68.015435049271844
0.63097363054696398,1.8931875680054775,83.59667470200641
-3.1827429530786904,2.1995575888980721,30.333036151678385
3.6362567872313196,4.0569676677501061,210.91539981144433
4.9537482679782858,-0.52983509373953552,172.37163665083727
-0.86075753666163557,3.0382965578087209,54.018189826632835
-2.0345170040960472,-2.2139847656348173,99.430580205124116
-3.6181180535005462,-0.5540907165793012,108.68022336130345
3.7532926829492954,1.4189484976143802,21.82643836755944
1.2311737727188987,-0.26149929330915178,127.47393762847202
4.4253070161177899,2.4300240205651154,132.38529154381305
-3.310390129114829,3.6046737224781982,19.897514818625268
-2.132981947698116,2.612635296890562,20.051142834161631
-3.403687114033398,-2.9366218564452273,8.697904530985852
-1.5701473935809074,-0.83045066509060206,149.80713586844232
2.0555557743903954,-0.82859351878711252,75.939443837511448
3.842267847807749,-0.4585096707397982,19.607565496138037
-2.3717806646054318,-2.3779075566345624,73.920838418172551
1.6520750538531628,3.8377325935558595,107.64013901058885
-3.1944728267695193,1.263937089936241,74.126886256192904
-1.4631785793268826,-2.6375375933409191,134.44263541777593
1.1589670385682505,-0.48383051686541645,134.27008134908519
4.9602890469493346,2.4560581433239017,273.88062296149599
3.7322595845679558,4.3585162507082753,300.518028350566
2.4806374818812564,-3.7787379690593506,169.64145860504954
4.3121182453325329,1.8635350779219859,90.067889009396723
-1.5250261483323242,4.7792351485831759,220.12113744569652
3.1100211024560682,-2.3842755068288142,17.00054650485562
0.76615200079518697,-3.4619642940889062,225.59295523474515
0.69486588520157788,-0.13455345523964013,152.98576910464828
-0.063246291807224964,-2.773235780265241,189.98572111128797
2.2023666048053592,0.75386329710880062,47.00095065181911
2.4358704303734404,3.2733847655712029,41.04918401252165
-3.5320704805541183,-4.3097704322341448,72.707544287390391
-4.2349390476504221,2.85278750123795,105.38365820051067
-2.8004734711470585,3.480852553249786,5.4678672708925493
2.6530232110515755,-0.14816437965653684,35.59491050775091
-4.0533504031484711,-1.5964523517441762,87.023157264867919
-4.8427846211483008,-1.8360215387488128,184.48250691488292
3.9587506428843895,-3.2154243057018141,55.377243530125646
-4.6987152332376674,-4.7876638413511516,165.5233329914177
-4.0072679985365856,4.8538636901945917,255.81984140894798
0.95389715812926301,1.5209103066301912,87.365474195212045
-2.5423136646777147,-2.7202768590536603,57.252769944908927
-3.5038048463106195,0.37887555671498774,110.0757086923643
-3.361267300429553,1.4743789985835276,70.176473486181067
4.5809671629161812,4.0852875193221827,401.62866003022748
-4.5121744216406903,-1.4376288226537226,151.97503652275023
1.3405821047907027,1.0093144126403519,88.669973274113019
3.9286488895767295,0.38492921225131926,31.769782538982561
-3.6948049248885031,-4.324307670939997,66.875340252585232
0.52174051339565342,-0.75492127455972735,166.76122494521502
-3.9271857705123256,-0.61162338371919844,125.89295094643499
1.6709350438672734,4.4524731642213933,224.22194016299929
-2.1604817504427025,-2.6728841029599457,85.158626663896911
-2.8305904955580234,-0.69571137595472976,100.92642879674189
-3.6428698271963449,4.4148452451027005,122.98075300325954
0.14245511103754804,-1.2421032599881205,177.61893006039023
-0.28817198582665782,1.4008354266222494,118.92105550792503
-1.5964451311413757,2.9292934978145198,30.493496971173123
4.450853122086734,-4.5565439525526026,349.80408272782785
1.2941976058247207,2.9553965989362325,49.744733056281916
1.5578399480318916,2.9257080851367601,41.612905395718478
-1.1466206580749692,0.22915758849524437,154.93246852323139
4.7774152991166137,-4.4523098936620693,364.11419704828836
0.56259887794522268,-2.1661750353388975,168.15902691394388
2.1965236362787834,-1.7513298746598083,65.846013434616154
2.0502967644728152,-3.7177644546224728,189.25881135681402
-2.6613785437285067,3.5210466513452623,7.6446655162710089
-4.3784404540732682,-3.5717084884044503,23.051804645475109
-0.93629836473418049,2.9506975721249615,52.040265972871865
3.4275168850749331,2.6438226284803505,23.181634080507713
4.2225292078760095,4.030491748907389,299.31558683991148
-4.5762292383562801,2.4700311990675905,184.03293424176042
1.0384436823475465,-4.1303222742261294,320.62322742818793
-1.7871971426474111,4.5678739272337445,156.36971236943324
-4.911812301577287,-1.0350162302909287,263.7070770330252
3.8730194500551551,2.3705740328927485,46.801034419452307
0.67744996002281432,4.131827336924049,156.62889622188058
-3.2575508016760448,3.9483539198978121,41.103205098057288
-1.2922857035584654,-3.7832152143673774,208.20194920685879
4.5829215949452742,2.6442297149338181,180.88618558241762
-2.8741875593123556,-0.18000075877023569,105.38161022958118
-2.6117832521293001,0.65445414425248671,96.755697956853396
4.3890698532139254,2.5813721581000575,134.04384778383664
-1.3447376972119414,2.2574301786342632,58.638182904258819
2.5711069535925626,-2.0346825695237394,41.352450736721309
3.7856216320076754,3.0962639199117987,81.917234384167728
-3.433771873248773,-3.7934303276468722,24.668493536034134
4.3085190458736715,2.2257693886756691,100.94580737182135
4.2232459098373489,3.224347657543893,159.26596721999425
2.3311125574366685,2.1604465762791483,11.59721188396882
4.0506020431146137,-4.4737938418334711,292.10059387545465
-1.2190819956912153,1.6394609967576201,92.600552853953971
1.898648329709399,1.6251519983286435,39.345443006464066
2.7490878893362645,-3.0112264430205484,64.850160061719293
0.21554205495117085,3.4531035384581212,82.670683269569395
1.861169938944677,4.086982229917961,145.635871188355
4.2580091666870263,-2.7246079424026819,41.329556516652588
-0.85448474209146319,-2.3235732291556523,164.62389725476262
-3.6578131992553535,-3.7017814874559369,11.022467356569175
-4.008170084525732,3.2484293081553126,69.328037747630717
-0.40273865529109809,2.2711292879111111,78.426598921238906
-1.5331423368251014,1.9707027602300977,66.223591831101501
4.7092410703013243,0.42680670645655283,139.09337627064755
3.0193083832933549,4.5247581485471358,278.98540930819291
-2.0841827184947799,-2.2663571546007697,95.196899769405775
1.5725540130288369,1.3326022495935401,65.094730388993653
4.6232574457150015,4.0123842524948437,395.28929929482911
4.9647129086832074,-4.7864201695272026,514.28027269821678
3.8978640652284557,-4.8270592640076053,408.37555158511509
1.7555554704378942,-3.0693369300569184,138.16431080075952
2.4836591722726968,-3.047696219071196,84.853789478451787
-1.0802163537385439,0.32901799990713076,153.88039708154975
3.8827514344554643,-3.8350710720197743,134.39812061194371
1.8657029590874643,3.1645658707559043,42.778582337415969
3.166797078914005,-3.5010580124079684,90.970065065670497
-0.63348510100348232,3.5085007617278876,72.136718418012379
-3.8996368904114749,-2.265320280810335,37.040145212797995
-4.0850547180203112,3.9869250613203491,116.73890042782737
0.034989555614528101,-1.4713992393277358,178.54521313031958
-3.9463743347071807,3.3686739902584222,63.245285849409427
2.4120673665508416,-3.3437387432064414,116.15016000179529
-0.19491977024127483,4.5497315834506562,223.50601142331834
3.6037326331727666,0.74747151960651959,15.528437824741475
-2.8612867608164421,-3.3263410530707738,39.139805958072564
3.8995808216809884,-3.2055393956451197,52.483922016879639
-4.035316380997271,4.612415658767965,202.77304188828435
-1.8801764278374948,-2.7516115657829654,106.09084061699927
-2.2571280032281695,-2.8647531551085446,78.018282446021317
0.43821765968706217,-4.6598817891345536,468.85909365159
3.4866781505888653,3.5251145552429044,101.36503370036084
1.4027435995748725,3.2040510051377886,55.765240606111831
3.0071945477798074,0.22571378947009446,18.534843826623984
2.5736564831840338,-0.23192235498636826,40.354884300472676
-1.4507923641876919,-3.3653452785682956,158.58523252027794
4.6811206391912954,2.9654636156341221,234.53556774365282
-2.7229286798525205,1.3768639021816407,66.14343782851617
-1.0637614881357775,-1.1719822608907959,166.64932549687597
4.6382672262280487,1.6607002919445435,148.36867804398958
-4.6344525488808594,-3.8877005441025272,55.542780009353613
3.4528937294909987,4.7811296764751052,405.4881097225732
-0.18552293396605801,4.464572585239285,204.74620183249095
-1.7237487905583047,1.7125689981969785,73.42740158733703
0.45004032895884283,2.300503519327739,73.779998841644499
-1.115081838481526,-1.8646090280745082,156.5662909451647
-3.7259384468200589,4.0071450453053696,75.891296757394997
-0.99335575626023687,-1.7706922601633313,162.46137126473093
-1.1708164887274455,-3.9401490536923856,238.2076278154012
1.9470799178073275,1.8261494309645716,31.925648056577266
4.6491707275350471,0.94205499807427096,135.70205789807773
4.4919118266868736,1.3772095550712855,111.77086588220379
2.9261444197473052,3.4173967792907565,58.791996303584448
-0.69535972689606673,0.72702509543223748,147.19626614411371
4.1667278103497942,0.65860529485103392,55.041226518217229
0.98619709337237715,-1.4858368049068931,147.04130938987069
-1.4786147171294846,2.1439606312252639,59.555696498648544
-4.8171195755544964,-3.5898946405684256,75.359234240252789
4.4133559491548997,1.0994505628002802,93.620496045324856
-1.9454415527250775,0.43305527507372155,122.69915688424595
2.5982517803462208,-3.3085233882377629,99.948996698155696
2.7529182882443273,4.2097630039595,182.19769222024632
3.8482873415850634,-2.3606525732093528,7.9597098051295827
1.0106653479352223,-1.9918894626950454,147.37886935956885
4.7324184571610921,-2.4359222017069593,93.719680564900813
4.0721776657618598,-0.01286958458566545,39.593415373384488
0.4471415559387415,4.548448348362836,238.89574049825904
0.59448228651058344,-3.9889556570442677,304.56800036266901
-3.8963686975643874,-4.8801893694590657,167.41119119857737
1.0502180272248438,-1.3278703427089527,143.5257958859093
2.7385733359902815,4.7624371851828489,340.86680880368255
-1.051003859321971,-0.8076956352045892,169.29581096790071
-3.5124666507850044,2.3869363191632829,37.055085664086725
0.23890538844743681,-1.0437894490910256,175.84833058789403
3.5660882563849707,1.1914717867127571,12.516555094034352
-0.93576638068418028,-4.2689383576694047,313.01084852608153
-0.9304763106987588,2.2970814587045343,68.463792381957944
2.7506148436705944,-2.8933912576223353,57.030959775477221
-2.0301381099542604,-0.84255640957789524,128.84165877247591
-0.47346518915568936,-2.7879155620521674,184.06461883822871
-4.6304842293274957,-0.86903501034689334,209.90120080776154
-4.1819377814412304,-4.5645836242052722,96.891642550602072
1.3774121185710086,-0.46117340529752138,120.73545379312471
2.00882986263791,0.049351696058828054,72.708167213986272
1.5353302896710002,-0.51248678515443302,110.87964517077589
-4.7468281196945057,-3.49225147991632,64.845215628199952
-2.5375643511958916,-2.8062910919133048,57.036770871395483
-3.8461956392748924,2.8760235589613412,51.107819951175742
-1.7550653550275577,0.59599071798210357,124.19504062623416
2.4144239471664921,-2.5105758731648806,61.949317105618377
2.4387064035734856,-2.7947865729641097,72.142719129897969
-3.4160310044307445,-1.6593343891005445,59.696289544858935
0.64416008844198647,4.9415130066367823,358.11112206429067
-4.2172973359199784,-0.6087098076377977,155.80634621314471
-3.4896905773664644,-3.653178682275394,14.283677480432384
-2.6947955458335326,-4.0299978984795723,103.19424886861356
-0.61016846001376823,-4.3377976399337168,349.54755931918976
-4.0417602389645033,-4.4544540005717623,78.223860055310894
4.1859039861051155,0.99535003354386475,59.832120999714327
4.0836808345632143,4.5891587956574504,434.5895940556976
0.020294302398355057,-1.7119468067911114,177.97706686117709
-0.9613746304883124,0.037653976114349952,164.12446124821591
3.2794529929259681,-1.9683658429932924,4.9235113822727588
4.8624974388879512,2.2648498446852194,231.22258250519116
-0.46009840215484132,-2.7594571545919728,183.56585216678204
4.6285720995591841,-0.8314649909000611,94.833298067294038
-4.0278168869037767,4.0180301745717699,111.58347385557673
1.3695386795751938,-1.2153304355813619,124.16028477701258
3.2782728465455744,-0.88570445992332125,9.9239474720550991
-0.29160150595012002,3.6484855999064525,89.040316486222594
0.76438505158741066,-4.7301399458189266,489.85163609009271
0.24262244286444101,3.3471688103274726,77.43666459570089
-1.4779901684439474,-2.2574579581480054,134.04846584763047
1.0201303644559889,-2.8408975478428848,168.21749560833979
2.7904645769074872,-3.574385671655099,119.4610840165049
1.8962319870069173,2.6739745602503353,26.563657087390297
1.7763345647920836,3.567971838219508,74.641261907091732
3.9114744778333534,3.862378115461615,206.55405019104126
-0.045135208479261557,4.094136831567365,142.07942716370002
3.5923155306442176,-4.7986088350961245,393.27821072510517
4.7838549373320003,4.8175243298407846,719.66394694237044
4.4557281521606189,3.8047730787194922,302.60546811993891
0.51013375279695428,-2.1900893216382986,170.04861431831853
1.8702895212356294,-2.7607522780276126,111.53471207383744
-4.3765746016940819,-3.3913423516344867,22.702300342676519
1.2428192230999313,4.5167394680361159,238.82992169971212
-3.0649217812609417,-0.45144210960652664,101.47583844560083
-1.203044058336169,-2.5637211867454806,149.46543028826795
2.3956038503651698,4.8802762531863948,369.27286051589124
-1.0907319982063952,-0.093227469256303763,163.39931064171287
2.3640413620397265,-0.95720639450599077,54.394257559229601
4.2191189745519395,3.222247864343311,158.25520271188674
-0.1161040689961359,0.69158565080564927,150.04623622314119
1.9276941826368335,4.6361018288207632,276.66499231323854
-0.50533240265917989,0.25163694698240846,165.48662694039371
-2.3457760353058115,0.64863860937113493,103.16626489200758
-3.393426287215402,4.4348335801550203,110.51729756843943
2.0973547119558908,-3.8755807697215388,212.12432933842962
4.4771228828177616,3.0707840365105863,194.48764450341986
0.45130752266844887,-0.27334246443896859,164.44983082514963
-2.0392391819678095,4.2760296070621227,92.055195074919126
-4.0528262752718645,3.2992149994129765,76.147147392107271
-1.9896990133245849,-0.74166919013739552,131.79874666722455
2.9417564507818481,2.1744423500646004,0.47829672278928487
-0.33898051024360321,2.8493314350663166,65.181397597555573
-0.40055222720740336,-2.5770901247264675,180.58276653217135
1.4128414300172834,0.33332280848805951,105.16571891047734
-2.4394696300345666,-1.9769921147608343,79.956044650211368
-2.3355209003541284,1.6795943074882462,57.382506177105014
0.6960153136175613,3.391741570383326,77.788059669392922
0.50124421572795708,0.70153846225334426,137.02578320557029
3.7121982570847436,-4.0732704673105857,178.66071966437423
0.28826818904046192,-0.58466323490473204,172.86162531814688
4.5890940581880884,-1.9952587474762713,67.501947801950323
4.6140882634451117,-4.5942181615368769,382.91294647595168
4.2914939300272046,-0.034298515618567116,61.83273622394983
-1.0205373300596801,-3.2513648360638836,181.0073871185096
4.9619681279160091,-3.7698119823735685,245.24131874497539
1.4399404865463294,-3.2396322439667511,172.37229115841851
2.4782297124047981,-4.1508998862044137,242.66541539397699
-2.9754942201379868,-1.7716674997526569,62.091830021428379
-2.5111166451248765,4.1841799267196027,64.200149870577633
1.7567921532379138,-0.69098387141651152,96.752628063236784
0.97322387265475108,-3.9373914926645495,285.52624552314273
3.2120335786076719,-4.0141354167349412,173.97501309846598
-0.26921886789970806,1.0052088545022677,137.62453462244079
-1.9148503606058807,-1.0371043484289548,131.51854879220062
-0.046285991285611949,-1.1034470896171866,180.41520844182133
-2.5063730253564973,2.2723041681731058,24.843597163435149
-1.4692707550943904,1.8750341319355632,73.065410428771699
-1.5015101182913053,3.8819859241455283,66.796077000927397
3.7489783353738009,-3.3066543844646796,59.091002127062779
4.1607935813862778,1.419588562011648,60.459538628146724
0.85012899557032728,3.1633517016972874,65.483840569346214
3.112529512361494,-0.10431168971824611,17.034338755170403
-0.70744397347311416,-0.786860482286313,177.62637235679625
0.16303134987553314,1.8292758865777525,95.800500627659858
4.4485103328097146,0.76675428783660404,95.17274345207322
3.3991566267826592,4.2929246056252133,243.37546433589742
-2.1544450829247106,2.1124047987502816,40.044846630677569
-1.3579203087809288,-4.664069968371531,370.43864243246583
-4.4424552375618296,-0.65936696175519494,186.39169652078965
0.30437577155646789,-4.0388877313274767,315.87667774271529
-3.7154068246388077,-1.4054202855579483,78.347825943208235
3.6222464828699366,1.1118102225796465,15.035511370545386
1.4928476968513937,1.4175302317696126,66.313812628768318
3.4545439485276841,-1.3502028813766827,3.1400199399573174
-0.13742043914468383,3.4861428329001498,81.332579982725235
3.538690188512069,-4.0483589696512023,173.51144345535928
-4.1685792304139477,-2.8423767945287572,22.038780282591468
4.6343233427610855,-0.26970161753361221,109.44554089788106
0.11749038940807477,1.0144709190721208,133.69710540558322
1.0019880136668968,4.6268564797906198,266.28951101508488
-1.3457120756486924,0.26936560211825977,148.0060116927871
-2.5451569833770877,-1.2057453539353409,98.27878633705609
4.9363906458537645,2.1642221300456992,248.11415207733953
2.3729969168759659,-0.243947479994576,52.365885205759106
2.9476866532352339,3.4182856711583494,59.478737882420134
3.2070514632225571,-1.8683917344500389,6.764228343237729
4.1692301253443933,0.74481534717273234,55.978603576446829
0.43927121462573027,-3.6122359976002789,250.00346063413463
-4.3295319765716744,0.05740218196975011,189.15873823392783
3.6124975945770252,2.1273200740575433,18.746180589054958
-1.8071529504702384,-1.4775737300772325,128.73317539005416
-2.2048811292930988,-0.8241466872846166,121.16537368055479
1.5106511842899275,-2.2719297853289366,120.88446074344311
-4.3089051694184786,1.50207565906139,164.19293908121949
2.9466333732035164,-2.8301271737290428,42.148478738189013
-4.8592055733268156,0.20991597968273457,303.99597488981669
-2.9413875421194229,4.8324198050959968,186.02322061775038
-4.3453757825568786,-1.5946699537600786,117.01648229214649
-2.0561562874655253,2.0193142080617132,47.37585130976511
3.4406048939249434,4.833190833615884,424.21311227685555
3.2949308085977353,3.1267139433209152,45.760307562972443
2.353666168102845,-4.1035774348336869,240.13649046822661
-0.28579946830281955,0.71540596396691836,149.98641922687506
-2.2150406656035901,1.3754467995283912,75.889985451878175
-4.1061284794103541,-1.9561442812487146,68.235346560024141
-0.63214729542702663,-3.9581536108225439,276.50972285491878
-3.4396497223410654,-3.5061118370779267,10.589446569682885
-0.61500786041808642,4.5694544762764426,212.58820717317354
-0.84828823018344313,3.1510997043794902,55.158171983005666
4.2855883894688809,-4.4022748029003456,286.52787240630198
-3.9355551139375073,-4.9983638073338206,197.60857525175811
-4.9837251566464777,1.1480324889302498,338.32482631481287
-4.6724118333040447,-4.5770590218688731,125.18098065128468
-4.1252411694039717,0.050912684892439941,160.54034697904649
2.902601403537699,-2.8946692211517142,48.249294854910012
-3.2212374270134969,-2.7787869181988447,17.824340693547075
2.1427037246624545,-4.2160054314745965,279.74629679347788
1.6026356254498166,-4.0393606740766721,274.74993461067766
2.8953370565859613,2.0525012560266909,0.33037044821480593
-4.6949937968078164,2.1665557647597513,223.50590499311275
-2.0410205578241616,-1.7919633783855442,108.39889174519851
2.7481191571424759,-2.8560016618436763,54.986401474347872
1.0833674738550965,-4.1469976366736274,322.5134516689389
-1.1441670961507571,-2.6557395346708219,153.62980417524511
0.98936251543905396,-3.3984726805841081,210.7668791482225
-2.9187798985650151,-4.930415292138183,262.00327349202479
0.96500084078834725,0.27560284468511398,131.41637339382288
-3.1797435763534754,3.8453705383881633,29.964418281807383
0.546514878068737,2.3935975661979043,69.54270736987263
-2.0835947059199156,-2.5235628733465534,91.685170427397551
1.4658037508326691,-2.5942798493850305,132.43466580983355
3.6570087426513922,3.7323610349102196,149.37988091008785
0.62759132563574838,1.8920619503919252,83.733080273349884
2.0062361211833144,-1.0108692426870109,79.550420335124755
3.5037651179032547,3.1874610362651836,64.330325059042266
2.8800551780221362,-2.0781061004785126,22.920237434101189
4.4285641591547851,-4.0532280496563846,212.80664305819056
-4.7257734197929002,-3.2582316202798847,66.432259601604827
-1.3255672524954476,-4.1498355883855096,258.49573491611409
-1.5416582032949995,2.9519538400575085,32.193766204402159
-3.8667996472578077,4.3966625435559301,141.33911504248476
-0.82255459884741722,0.59395901962385622,150.45952154637703
-0.78586576885326931,-2.6532598185550715,170.48545033900615
4.1777391910892661,2.7259157851874036,105.49870690584903
3.3065757065335468,0.68187993918511935,10.801602270669937
-1.9305167317110836,1.8974797181192855,57.3071810043567
1.0793596838859818,2.961544490805613,55.367253545810627
1.273101534270948,-1.6769251076350065,130.73435784920645
2.2936964814009153,1.4840874332202771,24.372864755037874
2.1124427770071295,-4.3632976906271326,319.07466454071874
-1.3703589429144198,0.92901923955102905,123.48612651147344
-1.88596491026694,-1.1384381747525225,131.2503591598886
-3.4734034416714485,-3.3964965479463554,6.5675738495477223
-1.9832693188734423,-2.9998187289409062,101.33389259731514
-0.91391448818213838,0.74680952545845791,142.81132857095005
2.6043933674156481,2.2316452069357249,4.283967023691079
2.8883192392387542,2.3113005095843233,1.6338878541694779
-1.0758672999524426,3.282823034566162,50.325211134004284
3.6404707245370336,3.1298688188402313,70.404738512086183
-2.6316376624368969,2.6603347155100234,8.5240441014982125
-0.071453797724084112,1.9627832006682988,91.940580260268248
4.517968441421921,3.5108151405463222,263.90038392195197
2.1974575322606107,-2.6397966299832616,82.324801850521226
1.5785960555019782,2.2810801386530413,38.822518266653034
0.48565428381823672,-3.731842560560608,265.07574641998269
-1.7219011458867688,-4.81669098570997,374.79758575715709
-1.0391846342910989,-4.4997190255116069,356.97330858355463
-0.74478522582759243,3.9519793317869016,104.15287340365143
-1.4360996407127624,4.6349691960776038,188.73281417004083
-2.1647813313912261,-2.2941221855531198,89.318901932878575
1.5913350061742921,-4.4236328321648486,366.68695209914301
2.3092029577413156,4.6562654647604624,289.68323553309375
3.6520562398968828,-2.477258110699621,7.7972905362124569
-2.4604163467938966,-3.0912210021579694,64.611639058269631
-0.57110421083181251,-1.0231566314166285,179.38562936697741
-1.504445909929391,-4.1560026334598579,243.09657912139528
4.1917258809911111,-4.8477099434146069,431.12782389906096
-0.17135038729711738,-2.8721355858469204,192.78408912174626
1.3040690789656528,-4.2944982421661155,347.27468197569885
3.2634960899813237,2.5676659917044828,13.078894605539006
-4.890742392980683,3.0209431625880772,261.73656259919579
-0.15477356238096363,-1.0896615609873233,181.19127526574815
4.2275630563615874,2.3631186644611715,93.199503595448888
2.3405481799104884,-3.7486024611733306,174.16134096576192
-2.5014517713576199,-1.724349866766,84.438927765253922
4.6879303836315014,4.9386282269320319,740.73455830086357
4.4980135425113676,-0.32946176897734869,84.985989095306664
1.2554182121113655,4.3389718092590783,196.99794853225495
-4.0795733168671369,-2.255454121389262,47.384971089745775
-1.2486240077633033,-4.5896766464823751,361.12101972506662
-2.0185453085826746,2.9326291330829157,16.117734552001568
-2.5749024336477939,0.36982617646100113,105.07872764178359
-2.9367544782522095,0.39325432774379632,99.618779644898197
-0.77853207465471463,1.5310504768921929,108.08276839509386
4.6658646209850172,-2.1899805908003405,79.682606437726875
-3.8745614200531842,-0.46476899076444944,126.18916643100826
1.8994579437745029,2.8571776492618506,29.946645145360478
-2.9845069257074246,0.462737184912692,98.117188046149863
2.2854154416738144,-3.8144686022855443,188.73265134819007
1.1503142645505404,3.6393822915516854,91.14233936644365
1.1644693871916516,1.0074249499608872,97.829050410884733
-2.2060483900747911,-2.8314967044533921,81.781433197501201
4.2183255203653509,2.515939354991751,99.27026699432183
-1.5682194459953331,0.35235283625492908,138.35109520425999
0.79373175293241971,3.103300833704175,64.529969226731907
-1.9008543872610311,0.0060909450375321583,133.6987148299869
-4.1500765149359244,2.6272406292211645,96.371962683234088
-4.6857764367016301,-4.5966727900383484,129.62945246078149
-3.014595058621488,-1.7924895928739741,59.986285906347213
2.9847864147388323,-1.2660983965810519,17.089195284706797
-4.1910598547702138,4.6327150950172609,230.881657184484
2.5038434499552586,0.33521696218232577,38.538449640115715
3.084029303607279,-4.5284503128859361,311.46454120362722
-3.4572169012725418,-0.83392987552602627,95.306330084213542
-2.4438170686791767,-2.9678194507867275,64.33358494127971
-4.717613794991725,2.0719815137023199,232.75518567258905
4.2404570049340524,0.15586424342175142,58.423209105125963
4.9281594556013069,-0.62573649252683072,163.12479456669664
2.3595210970107416,2.648208372760676,13.382064287524038
-4.054247655922274,-0.84152364335752061,128.15919247217724
-4.8529246881780219,-2.6566012364826013,120.89252222114035
-4.2003926679866694,-0.045814463459859844,168.92857833067876
-4.8725858983721633,-4.3549912424778343,120.65927769265139
1.4977058373657162,2.7406779553772136,40.230821005600113
-0.22475877468811589,-0.61593998278568396,180.61820251211509
2.7216366340230973,4.9863259746823605,425.68786692124337
2.3206647165782019,-2.1999278426109976,61.091232444634961
3.7715348933755912,4.66236030009253,404.79038475758091
2.360918963033388,2.1796721002436534,10.55156435270986
-0.19785704367130208,4.4011290607504936,191.18950347539572
3.5481120606648826,1.7177478651234352,11.186469203901041
-4.8762898356927229,3.8228104544613615,283.08803181456744
-1.4319008722890731,-2.1151879472859196,138.09567829006571
0.091394313314458131,0.99176260426470453,135.10346410617825
1.1822065632482595,2.7235241802177157,49.87809224227977
-0.058573907417992288,4.7232236058929011,271.92551710419679
-3.7127690403911098,1.3791233856082172,94.967022059807391
1.7952111976074878,1.8786446848733043,37.600395595142146
0.26724424356787324,2.9601868562922711,67.615996390107441
4.4546065405082302,4.6914423291053069,562.0517378301829
1.8085870948864482,3.8860093988891755,112.96995940298571
3.1315436666001979,3.7924368764690666,117.3015576856338
0.55224812637767151,2.954480383705107,65.119869302710015
1.0263785994520731,3.9841936228838133,133.56317047113069
2.401613764052505,4.1914289142378518,169.29617277344795
4.7351895113899776,-4.2878545112672111,310.77927272503831
-1.3774447347162471,-0.77376099843681168,158.05219027047011
-3.5928178841752074,-0.80109105392967361,100.24981519718899
-1.6039955890265341,-2.7125891862158169,125.64701782120027
-0.0031885570158172172,0.56720071007590711,153.48515578980957
0.082583768037967964,-3.7368959555168129,266.63499410580056
2.4078375707632418,-2.9772524868384229,85.154249952000058
0.88180081662605936,-4.504419578942092,417.71416863217019
-1.3342196153830379,0.97200751155094611,122.630580880998
0.46108852972293413,1.5494004008732576,102.46586546098827
-4.8784608923883566,-4.2535531252297805,111.64811260764063
-1.3164626600280762,3.4419368633101399,46.394694394286404
1.0966075554035442,-0.84530263194287603,140.19244897966485
-3.8347175219326548,3.9333445731056038,79.842166513378643
-4.1830491229902265,-3.5376678811337143,10.537317645905079
-4.6660429762225535,-4.0002375394089436,64.6558445646682
-4.1117028597552654,1.6525556773980767,127.37046343878484
-2.3137484542884605,0.12141327469043262,116.99887196264241
0.67971438038001786,-2.9572026100313806,187.99964844144628
-0.99715874219905931,4.6334838950325228,210.35559959340182
-2.0021616739810248,4.8382285888281764,212.17723860271309
-2.2979887321357086,-3.0107935401773878,76.267962307749798
0.1362165743182171,-0.34160183197112559,173.73463582412228
-3.2685119872315456,-3.3163343704541544,13.732139134855847
-0.036171833316364754,-4.6314273062337143,452.06248681258421
2.786335789422508,2.4710765918719435,4.1673827792365774
-1.8539465121086955,3.6641925912967501,36.106265276887015
1.8541761602602067,-4.1160228825429694,275.5183190082081
-0.95969998494540398,-0.50048663996562848,171.35699520457544
3.8788372567660439,2.9837767549419834,82.837783129661318
-2.880304102663938,-0.06467645912238762,105.20249636814957
2.6919128662629728,-0.96453789997086847,33.670094113876672
-0.23467382852591712,-2.8845004963957535,192.43177570519734
-3.7326099372225112,-1.1171044138123083,93.254514475849916
-1.2911532958805765,0.29287788998858488,149.05061123562561
4.0044945750184446,0.37483509418542305,37.427933649425853
-0.4903823771611453,-0.438184216147806,178.65500086471172
-0.57594910620644768,-4.4188985587364336,370.44263389689445
-4.3690312320755558,4.1174284432440977,180.16620623527947
1.9231055756622624,-4.8979888074711955,506.54824873162261
-2.2238026985526287,-0.28799387887216721,123.78514760713463
-2.5658435425620159,4.0101873297280228,42.620160593242481
0.72889003309533074,-4.8751004675506877,541.52513702412523
4.5911861287264433,-4.8380181477650543,468.36723293450916
-1.492247191106022,3.4555863948204451,40.17142593478674
2.8030122056486908,0.87885886652549061,16.854740282064597
2.6683348940691376,0.68460551380756485,25.13309248354706
-2.7192843070257915,3.1988728407448761,0.42902531721086562
3.3142661268036182,1.1894490879693507,6.5350176930103672
-2.6426870692572155,-4.7326714733534221,239.24542189347756
0.47924238035751188,3.4357084403037792,81.710252933244305
-2.6070122560340305,-0.30820438854182797,110.83392850309718
1.7485353612487655,4.2028947395149299,168.06465789317295
0.94328863159986298,1.5597145752230421,86.244302273984403
-0.13275113190601662,-3.7196078964120076,261.07497711792462
2.5114855271615433,3.1475569096946341,31.747891395222599
-0.37943343043716293,-0.53601164345946994,180.07685528586916
4.4297312364599239,3.3879663100877959,223.60505378269073
-3.3039746616280401,4.0594833814956726,53.942388381505438
-3.4780659597352264,-0.10965089809862416,110.51279388777098
2.9349811116311439,4.4582189835999557,254.27272366327895
4.3750024037254338,3.1483549381457152,180.54397008175926
4.6040573458344412,3.9549346157283658,375.73198767662507
-4.3323123189163155,3.2615089575623362,122.15343082241129
-3.4104837428993831,-2.7310590478205192,13.121695342292313
2.7643417869889841,0.99600670521562495,16.102098673220322
0.65227836352408808,2.1019707117449027,75.507052311613705
-1.9996164523572486,2.7212838223888376,20.862113831706289
-1.5083830040790627,2.6994312534260443,37.796785769451958
-3.6134836019486505,-0.12879495848941147,116.01318525047773
-3.4750973152196765,-3.0546904340789398,5.2226762388219212
2.7870606550401513,2.4989767487451262,4.6665548799545009
-4.2373340472023848,1.5016534283344027,152.19797358214799
2.0624088332095925,0.2151249814136591,66.583402284680773
-4.3488667531995633,0.1162701582318002,192.95354540064821
4.309747669168738,3.5479720024025792,221.66408629695948
1.3433018525854727,2.4090063584907897,46.078536185203475
0.2736330024896283,-1.8441307462560008,174.11316654406258
2.5647628828729747,-3.1014966323436894,83.477186206862953
-4.9771119630021552,4.2212046473906888,357.86520069643046
3.8509347453476082,-0.67069035505297503,17.265226880128875
1.7397205190122857,-1.9034139099705563,100.23164491213629
-4.7895965777782763,3.4857233496859408,238.09028601273806
4.4781082528885392,-4.741785129443147,417.09725920064193
2.6557242779400072,2.7992950505634804,13.510028787494088
1.8859238018118312,-2.3141265811706591,95.265337855255225
3.3180083142198438,3.6439019759923355,105.42879220164014
2.6642618661654573,3.0604935725041233,26.017424385767182
0.040814165596309238,0.025939129968323371,168.81435677281607
-0.4470057462942334,-4.3510854701604371,361.46484735141041
2.5705987918467521,3.9003580736982322,116.52327402946567
-1.6334257542945183,2.1351046817060464,55.004142014787377
3.7747229460671257,-1.5567145953389758,3.5053210256159408
0.3919414337692837,-3.1288291910374095,205.42855379640397
-2.8554192239058778,3.2350325357096636,0.52301441804590854
-4.5741213597608548,2.2514248482478925,190.52427011943587
1.9444126552607344,-0.66250825657191204,83.435905120431414
-3.8673851408886639,-2.9249319974040828,6.410553216521607
2.3787212496156416,-1.7209173146920835,52.635032782459071
4.5637148335930924,-3.6877449694634072,162.3130453367524
2.2709350984855519,1.0964694485231332,34.966621050944426
-3.5078046864982766,4.6658465253260548,162.48718257155267
1.3614006509242333,-0.88250484343208946,124.20021450727118
-4.8341175666180005,-1.2777993808599182,227.07537997448117
3.414571907483344,2.2456097318171455,10.562333398550505
-3.0073184552463879,1.1413413111021722,76.434805985479102
4.8359830089493787,-0.51671690148071914,144.49593772381678
3.796615871950566,2.3472950101461532,38.51541166062735
-3.2612588104809825,2.9395047587980381,9.2584901213686326
-2.7713287450041757,-2.03241672746227,60.462041735513054
-1.6809997564612642,-2.8737466191261323,122.23657829458182
4.3215500703193097,3.0812395060041293,162.16601724394309
1.3907192912672519,-3.8218876825118357,247.05087906815265
-3.4837617785812309,-1.3435613207227401,75.361015101753551
-1.1629200975045144,-3.2024054867925305,169.50154989085104
-2.5773540317537682,1.0846822919847421,81.283423570146681
0.54185822389877902,-1.3002289299734935,166.88838977439997
-4.1851741532129747,4.8141027822146203,272.13400551680553
0.61974854758525932,-1.1590636152679412,164.01963037878161
-4.1825788506424422,1.3373517818736493,149.57806926817653
-3.9552996146997561,3.8660622633869508,88.3570645634599
-1.0740194974082162,-4.3715619032686632,323.95785804337879
-2.2001813944436561,4.4389468703993487,113.2947200788214
-3.1728155882128268,4.1308578080559677,57.71298451530636
4.7765047038575119,-0.66879372623460043,127.39277441059848
-2.8443838667013983,-3.1835978899667072,37.210232870292373
-3.0998295566608292,-3.0858751761272973,20.376083603984174
-3.7407086814386532,-0.084522569902294897,123.6680770275515
3.3207760589768789,-0.8223055410207607,9.6498650499299412
-0.56594855991383053,1.187159274942891,128.01211270014997
2.8998824711149496,4.8319460672093548,375.4928048021992
2.9107112398058526,-0.41486499387702924,24.003308541383724
-4.7120308253990935,-3.0739240302358271,71.20695674309539
2.0916217484574027,-2.8285021844112683,98.931693980184576
3.581769302448178,-2.6207956115339743,12.531666128612233
-4.0657936527118732,-1.756398800629408,77.939260626130661
-1.7018660397595191,4.3032532170529176,110.79928602590671
-4.8093678817666907,4.9089479936684892,441.33124715972025
-2.465136129897767,-2.9763144951384581,62.768880884986629
-2.1449514493135187,3.6212419444493875,23.465488153479516
4.0945699705248835,2.6624233954775489,88.528007896024803
-3.9773948804343968,-4.1231191358324972,36.75829752964124
0.23749684933511617,-3.1138682440169223,206.21871289643701
-0.39021701048996604,3.5263470585557872,79.053740470229187
1.9345146990783544,-3.4545397965435485,161.92543970339287
3.7644360664492389,1.4854477554805614,22.741168497633598
-3.2884125223894638,-0.12621994325542829,105.62156253309853
2.8041589185684943,2.719984149079723,10.429477394926622
1.207049094204617,-1.0129773741102288,134.15199088202289
-4.5886311422286106,-0.78385545119611777,206.39716031146077
4.3729478049172545,1.8460023318022136,99.983927410417138
2.3770518617751355,-3.3311170105094425,117.2600813999027
1.2355512146174785,-2.6474645081472739,148.46475411096259
3.1878836863030404,1.8676633914533181,1.1663910491080458
2.778050246128422,-3.0821670213580745,68.36339506907936
2.9796477383288504,1.9147011967536267,0.16835659635872494
3.3873633386663915,-3.61855266071443,99.7815599850762
-2.0441719689473903,-2.5539062914556925,94.254781572808
4.0655611178762143,-3.6944591668579463,118.16719078682863
0.79136096847368265,-2.7085796912066904,172.41914674400627
-1.4567661686342519,1.0061131195274484,117.38458168345915
-3.7053395580928994,4.5661725243743003,156.14018546417336
-1.4974816813425935,1.2342233399578291,105.23953213808329
-4.1368929725807746,-1.0336880524975678,127.18070119499728
-0.49180619201512688,-3.435725258840491,220.06224238480323
-4.570839299442313,-4.4553574888477101,98.111285616896765
-4.8492731939874885,-2.7859024509221491,111.37601890447174
4.373450627251918,3.1139549351716305,176.34789711905955
3.7316869144923999,-3.7437059668101176,116.16794830672238
0.47728594549738723,0.37064880555117607,148.96471239954852
0.76935077433429733,0.29942217193336251,139.89718183827648
3.7199007879254005,0.93906039906216776,20.015305062930928
-4.7434487546994522,-4.3102094524647381,98.407288967976143
-0.18621631059457666,1.969996700752449,91.841105812455623
4.1207620212250973,3.778645729540596,225.17993574620306
-4.9794158134852706,-4.8008396948247363,203.40232126874508
-3.2950491535163433,2.3335418878959215,28.318927372126193
4.3293479695218604,4.0558962543250683,329.09848752107916
3.9194666886065921,-0.025195996579555846,28.29554420485503
-1.8830924624626295,-4.6078386984860851,297.98695540838412
-4.9661485954080149,1.146109037893793,332.77632483944421
-2.6207798825282311,-3.1362169739095469,52.866154299837625
1.6853232155991806,-2.6448174616303213,119.56097343566874
-1.9394110022313416,-1.2567247857000172,126.3423789857107
-4.0034455197594552,1.5892728050191787,115.65336469665057
4.0173745285912794,3.6895660820613703,190.95153414891891
-1.2177828812362819,-1.9093751293536076,151.4659790099459
3.3961549165681184,-1.8118889463625854,1.7363160590708226
3.9849517077337087,4.2000292363670919,296.34042329155983
4.2570853630409964,-0.90994490570671349,42.266166670133984
2.8171828944942305,4.0783937111049759,156.04445509175298
2.9152475252766843,-3.7156700933819882,133.1577378476151
2.7248337948051837,3.5243600649646041,66.359056237605429
4.2548458413290362,-1.742434456251388,28.827945639912663
-2.4669446827061687,-0.1477372233023031,114.83330729332354
4.5581626745089174,0.82169720174952499,115.45019437938882
3.2936313216663784,-4.4466446648780327,279.27282193609165
3.3478764808796644,1.7910979923132881,4.1947173461888561
-4.569539263981377,1.8797539038293625,202.88635234537179
-0.37315863162814189,-2.8199817309225228,187.49789401504285
1.219903186500396,4.2793380697886718,184.44603960318045
-1.9639746121410568,3.9616800286430376,55.425020971188601
-0.6536138072387967,0.35949237964943404,160.92770755175385
-0.82016686181558285,-3.0681864780361274,181.97932851870937
-0.20159679290457078,3.742335529599492,98.372742574651582
-2.9273470619266035,0.55996200094568849,95.924383951139404
3.1792944652448156,-0.9534971569394477,11.883295655151992
1.4243363467393566,-0.80475829729534532,119.85610786998984
-3.2861002016690475,2.2751552712279253,30.409593730977363
-1.6231679021543011,-2.2687893313484002,125.16533560297184
3.0506306581345211,3.617762277044509,87.220495053603102
-0.58815152047667141,-4.758548236366055,464.22102959131553
-2.1596048192703905,-4.3534426395606305,210.16653976524336
-1.9376691396357111,2.0097716949067408,51.407378509849309
-0.44158729532882379,-1.2785299483026229,179.73236247039242
-4.5798270315292022,-3.5042411652449088,42.358164789208367
4.5815451192213317,1.0766220141955083,124.06835913537758
-3.3757594450098587,-0.36351943537226283,104.93264755512564
4.7304073721187159,0.7361014520922744,149.70637559471481
0.6507599562584705,1.9743077927947965,80.007019120814931
1.0434700878386014,4.5274866311204498,240.4423327102387
-4.6528090414813672,-4.2599508866689852,82.992120435586401
-3.7062678599514061,3.0104532954542833,35.727460478002065
-2.1406874383108407,-4.2013297601911646,185.18698173361912
1.9162732486951706,2.2174741952438364,26.144153458396879
4.062889164428741,-4.1571748100517514,207.60099562441437
1.114770379451663,3.8061157029433001,109.39858000332163
4.850019070439636,-0.97544855712870504,134.77502589740334
4.9964274860643059,-1.5695325003048355,153.84142555874479
-0.09191073032339947,-3.91226580030966,289.5921636205054
-1.8968757022817995,4.9913745213334444,262.35294484721203
2.0351954813981878,3.3973556021701654,55.235747154535474
-3.9545162068532758,-0.54526418562961432,130.32809023823575
2.6256922681633457,-4.121552142356637,226.77318898375657
-2.2647529743585473,-2.5250576788239352,78.837381446336494
-4.7395960484250912,1.117327582781523,268.34878948082178
-1.8570028893099093,2.8532202495979897,22.58706334672102
3.3052706765827509,-0.34062985540461099,12.980000785008002
3.8356385105927,-4.4371094755979392,273.55426897085823
0.60833567633754804,3.1667884352909699,68.925377862060117
-1.5025343442123678,2.5792641540329253,41.406370750553009
-3.1494912573430511,-2.6000676378580359,25.034352679778806
-2.9085238540338167,-1.2761427207207672,83.124806207467941
4.1974221391062052,2.549491729410013,97.719620639175318
-0.17049124396182247,-4.2544431863650649,351.2725034345026
-2.7497647430752465,1.9963976754765245,35.306059523267415
2.5855168208645409,-1.1321477982625532,39.486501799035054
3.1015345345502929,-3.8052997457987114,138.86770058081538
-0.73391820841826405,-2.7174720829652692,173.803707294345
-4.1474780483361755,3.1894648956987091,89.141833484414292
1.5623111371151612,-3.0768050781040408,151.62940811500542
-4.617438114560299,3.970580172898778,221.44815671778809
0.84697069927513002,-2.5000112975400599,163.40560469249877
-0.23720700608601231,3.7147870221375232,95.323218768257135
1.5938051925273902,4.9575208494256024,379.78612335448861
-0.94067595820021754,0.46400880627264662,152.82548523771567
0.31653634519926221,-1.7773449499922527,173.13228507286755
-2.6233447237997067,-4.3412560736584167,156.62674256991551
-1.0320611794144874,-4.7155169141800606,416.38795479660689
-4.4816810988281661,-0.23263942467180243,208.96165650018486
4.6799513209694634,-4.3695184528972417,323.99413586088718
0.34251682427310293,0.93563211714453765,132.37620544818938
-2.732392736975112,-1.5900300792956985,78.1564466121674
1.442438865501833,2.4751607081507698,41.851435947798379
0.86357833663017125,-3.1156551481150063,191.50511666158923
3.4064914676004481,-3.3483184304548339,65.560049640095272
-4.0721522339406047,-1.3981945527879889,100.63118743797315
1.7088265556145181,-4.3141306898832035,331.04934600955528
0.83037632509888049,-2.8653133206501473,177.76462095281346
2.5911813177336587,-4.348291504832722,284.76297094553775
-1.5381019349073064,2.013729833598326,63.928423173399679
4.1501284828601417,4.4959935087863272,416.42045172913896
1.9315897464680853,3.8416899571238314,105.64561033198898
1.5505196652087445,-1.6125384426979554,112.32992735387707
4.6105381356155934,-1.1537051935178191,83.991369326274096
3.416283130167983,-4.9057954795957839,437.49146816628593
1.1815770453184173,4.6288222575710964,268.34747712893829
3.1071271747404552,-0.67120229309780299,15.91798427936952
-4.8585857739589811,2.3626037346816702,263.45160794140452
-0.85718344443298022,2.8845455710759822,54.689357041992508
3.50523556771358,4.7557959739020887,402.19413434097618
0.44291935945153149,4.776401432675728,300.6175772161871
-4.6617647832367668,-0.70400366846861751,225.2444944602687
1.041367389593157,-0.63318954314405129,142.1640589412396
-1.2679272309389509,0.60289380861647945,139.73499646582837
1.6187427020614997,-0.77011609007712245,106.64527667691164
-0.60392178980778333,-2.9599241417981772,186.16871337646052
1.6952280487216056,-4.0747004430085365,276.51612512594522
1.9098135861929757,1.0451135326478154,55.767934998903016
4.4934878799085425,-1.3443843426832025,62.064978498087854
4.200853807848496,2.0874614034971506,78.722284535690946
2.8486587361511662,3.0571314114260524,27.014604355688451
-2.6795013906792136,0.27625971387713388,104.78112897109843
0.077341280012216629,0.6706148751521166,148.47153868332919
-3.4273472520307404,1.8159987616737379,57.397181669078776
-3.0323066481721241,4.925222326448317,212.10014791617812
-1.5740059127671637,-3.9612749556719482,206.50633042415978
-0.45049049203756031,-4.6507969248178913,439.69222687772458
-4.54331828298786,-3.5429570092826967,38.213703709816862
4.1366700262222764,4.7486375143135771,505.50187574559186
0.26096478217056074,-1.7331487688216711,174.35534137274436
-3.1369184277868083,1.2949895788539925,71.588545183746177
1.9855778392305972,4.7348949487363647,308.32174634553576
2.3927151284075299,2.5605050026265763,11.166233006896213
-4.2917615483482283,-4.6541890133097352,115.1763455825789
-2.1535810063311804,-3.4579997715604227,104.29757392038432
-2.5489686624033756,1.0029021075315905,85.23451144383543
2.5920661013618709,2.5204405664615495,6.8820568381091647
3.0379022708665104,-1.4194222324533734,13.971876127435078
2.1416789960282188,-2.5091836880057388,81.676057249505803
-4.8435961147218265,1.4761952563245426,287.63080905546178
4.7153436074668189,-0.56550348853954269,117.6874303659026
1.6938036945507351,3.6634731184645588,85.809667691219545
3.7810519972174568,-1.5676056279880513,3.5685461890576162
-3.6550647193871635,1.5808984219619333,82.04420455351395
0.38404590517935411,2.0336238527854542,83.924758285695376
-4.4491283329271951,2.3713455093079396,158.62204521337327
1.9400887548357577,-2.6108632473867908,100.04779085868165
-4.5249627763323739,3.0017606491327555,161.99893231360835
0.30188935254327198,2.2291713132890498,78.326160254242794
1.8728036175405727,-0.70851065430308591,88.650883004213583
-3.2440641635280141,2.8174528951023339,10.799921952798277
-4.9477227391817964,0.82399161716066871,331.58800498170905
-0.16584466810582477,-4.140178104441306,327.89811978388229
4.3479866584105018,-1.9291916816644594,36.854543288350406
3.935940434423248,-1.4892970491066064,9.7297928971293768
1.8565254853919502,0.078144674631000832,82.270692508901519
-0.54531755516182479,-3.1057569984394005,195.08323524090778
-1.3128353338838652,1.9128088559009546,75.883101837570877
-2.7574943836960548,1.8963229340714758,40.213217241586278
3.5638572314080204,-0.75597519333695473,9.0994068327324964
3.9066929249867659,-4.9811001718074905,472.19052214019592
4.3285691265395627,1.8496842001730815,92.457483502823067
-4.0007913133289588,1.3198058948610853,125.74730766351011
-4.5632877525542241,3.2290267218658339,171.66296494996627
-2.5670483841961116,-3.1789532931494007,57.886390779168785
0.99339862945787161,3.4053938940402411,74.91184921064702
-1.2248265401237051,-3.5703475403173002,191.28225922559079
4.7485840012681972,-1.053150971788563,111.46872099595474
2.6147830834956522,-2.3739047624288014,44.292957041762193
2.8229282951988104,3.014092135524864,24.08560845095381
1.3201933932435104,0.51444091404293246,105.75782961517763
-3.4792067475497612,-1.5184616022008353,66.976843537655995
-3.5388479162799191,-1.8400028184489985,51.269016488097662
4.6733417616980759,-1.4351157588906438,88.525508316744336
-4.1846808621098628,1.5405195625310233,142.47807310578989
4.3543018402817655,3.9448218540670617,308.54448537604401
-4.1292308801842674,0.66108247819439825,159.3691378801899
0.73332831098896456,-1.7765124143822097,159.46310682040394
1.0429107865213858,-4.5836166914475678,436.70901018445863
-0.40513085914423641,-3.7681915773879986,259.43888124794387
4.5432411101442103,-4.903435025972998,488.43984832699857
-1.5286193892683784,4.96086193233279,272.32387873935966
-2.24439674338837,0.92513664989160738,95.744125543287595
-4.5540519168329929,1.649887769484975,207.71847306438852
-3.063513422489629,-0.8610409637736085,93.032168272477151
2.4725241389593053,0.75168432729293766,32.798711786216195
-1.9650956748286337,1.1478331208720052,94.37227976151533
0.011439544934011892,2.2356059635240131,80.774902558131501
-1.6961258564958963,-1.0815511686910693,141.37294334495976
3.1935487356994141,1.3935684949817109,3.8269002822304214
-4.3559257704682599,1.0275226600600487,187.1215510583487
3.3787704279506556,-2.5014609595435759,11.297677535491266
1.605576544787394,-4.723227848880156,458.89915875225341
-4.9344077170146985,1.0546459479996653,324.56563254147005
-4.2386643458084761,1.4161077951398058,155.51823400825535
2.5729583435257606,1.1953557122413114,19.130230721545448
1.1245690231147689,-4.9621857542543149,567.49951863596789
1.2937737214000098,2.4494626312449892,47.375048066126389
4.7606981176282055,-4.5757755917486387,399.87734561413288
-0.37408142621371798,-0.040940901812044572,173.18424740156991
-3.6977461220402454,1.3048914047836924,96.73632350984218
-1.0026051796849438,-3.0086575503398993,170.19073434136365
2.5063010474122418,-0.81355231287217222,45.286038880299003
-2.6244806363498401,1.023973204786258,83.083617240159924
-0.67155512787668314,4.8661782843173658,288.55503561220684
-3.5268690513184513,0.14798529291012574,112.87228658948135
4.6416805379924693,2.4476234168237454,182.00876760037383
1.9250160790929574,-2.0233620577357891,87.781411448448651
4.1468746848547902,2.8377598480004798,108.65656822599091
-2.1695837381216383,-4.6222770664167596,267.88026889460377
2.5588019731349751,0.66405317943233921,30.354426544123527
-0.9037866710531901,3.6251091699378648,70.440923464355564
1.0642747130456325,-2.4948931863255099,152.90768464767706
-4.2657009305560072,-0.010839214725328006,178.54284354995522
-3.1985536667828107,-1.2849979263759419,77.276871226725532
-0.87470281026752872,0.11353350221369407,164.25006136747083
-3.488779747749438,-4.6793085587439602,142.4271753420218
-2.1043170416805372,-2.7253788836214143,89.249539012227842
-1.934006241303293,2.4441204367948686,31.952301428594922
-4.9754225087412278,-3.1174940395976938,118.24538271483628
3.6829689419945737,-1.1349221354364798,6.1597786029495794
-4.705061455508166,-4.3976539200105851,103.70943191553064
1.8373496275583321,-4.2765889343752397,313.93414436370182
2.1815095850792279,4.8913574775061672,366.89473008668745
-3.5147118573231229,1.5084296643268269,76.075839299011989
3.8666636534338821,-1.723904126411826,4.9864264688899134
0.89056398901415168,3.9796192766107712,133.41166432289501
-4.498887427736058,-1.9385572995348923,113.23216154425867
-3.8037209956524283,-4.1354856438287255,40.116506146795203
3.5423006106216484,-3.4488657499433191,74.796251852358466
0.31098992520498836,-3.9068191526127394,292.85654125376084
1.6412187630723771,-0.7124156861125357,104.87363319123679
-2.4220188932609625,3.4360461209210591,8.5677863533187804
-0.75706189248660394,-1.1003186695539471,175.73062427339079
0.025985161375254862,-4.8631745767696728,529.7229410648772
3.0237356741403136,3.5140683321042836,72.843081953212661
3.3826782285821402,-4.4825011702354622,287.763447008855
-4.3362391735651968,1.2259438102359512,178.21509519724762
0.31998487460310088,4.5445690785258854,235.60845242651214
-3.3317546993441001,3.9880095166554099,47.769009377452974
4.069203136635231,4.3064659522401474,341.13946695135508
3.7445658960136701,4.5084992617354676,348.12854194263502
-4.8606822635102986,1.8895956021304352,279.43518872903786
0.9335503887644867,1.2689320505656312,98.349917581658275
0.98414326691248633,-2.2875950033439514,152.37188854598963
2.1036745220961341,2.0933115104277675,20.346108778711915
-3.2198429339888204,-2.909435519425406,15.626219852003725
3.8921594344192698,4.7226530181558672,447.17602307960675
3.413180679161993,4.3855977043167922,270.17284430188778
4.049959440076055,4.9968811775305291,592.96701007928687
1.0401411695295852,2.2691915687234765,59.163015784116489
-2.4774808409302578,-2.557048939669075,63.681215677779676
-3.197890093040229,2.6954323425360807,12.293587016467328
1.0970849591438974,0.030708630104447465,130.20209136379714
-4.9441355573671988,0.62044002062210701,331.43674159296052
2.0859682680349696,-4.1075951803951432,258.69976150977493
1.9350520781485496,1.6048501682563865,38.127805236377249
-4.0439109104753381,4.3211836637550487,151.79132658467833
2.272854778119183,0.72446720096179362,43.767927976647869
2.6983306213356029,-3.4853283409669458,113.45978994326339
-3.8048759338687592,-3.2651349233744313,0.065590859573563823
3.277018452804576,-3.4457073257727506,80.16194575643911
4.0003293977204724,-2.1400522757135421,10.691265462662589
-2.2592756345479739,-4.8085789134126928,306.76810332728144
-1.4680005162129,3.2435371688332868,35.588991098033866
2.2094088029232539,-3.6116674942491489,162.79750974726289
-2.5298214680436244,-1.0014561849867976,104.08449141267519
-4.7803991307681057,2.5879553611054087,234.35427650583179
4.2123721929863613,-4.1955592495527405,225.98183556474544
0.21006251839809309,-2.9552597993314285,197.29730666950712
-0.026762950847344591,1.3130810094345851,121.93989094991636
-2.0820199915775324,-2.3704720316261936,93.634792223097463
-2.1800413121689006,-4.965999762792161,365.40561905576629
-4.5664935972303802,-0.61889397213287811,210.33606194384788
-0.57694460432122696,-4.8605566831693183,498.64965034897534
-3.7823506788116252,1.7381973267289972,85.679151697910783
3.4040993498954411,4.6630655551363667,356.93261612412914
1.6963247989682975,-2.9252864763211321,132.63927283920333
0.49551218032528155,-0.28001512682316054,163.05430658755489
-1.5220328952917468,4.1757400056169143,99.792296108298004
-0.65700675975273981,0.52693512867780079,155.28460362309946
0.84522644858331386,-2.0803400005262338,156.25405975037282
-4.4717216276643201,-1.3216965382984758,153.47196189242246
-0.39366344186080759,1.1018735866017888,133.11576965220274
0.99222003301108153,-3.5919011048688083,232.68822038974861
0.18769979784025193,-1.7340761184155729,175.74081943884912
-2.9926201911034584,3.1025657581852215,1.2545596702070771
1.8006042268346745,-1.0383137762085637,94.357163096176933
-3.0227033067032085,-0.72559864313030342,96.880216275883882
0.76583294393340662,-4.7990881198478332,513.56472164358479
4.2877184763003999,-1.4743265755762049,35.220637278662203
-0.87622981002528899,3.4211770339102809,61.045611679887372
-1.3286862341532268,2.3750074530025618,54.279395258845334
0.81772852452956357,-4.8052963163380866,515.0179502876058
-2.9284692770140848,-4.2032867312892996,103.81627045439933
-4.2726849169402694,0.91127637381196358,175.74253096248327
-4.1596611545508058,-0.59727671462592546,149.25589508498251
-4.5411311815370707,-1.0661259071835989,181.45455851226978
3.6586758132900261,-4.9957200704146647,474.05802488178819
2.1607678019418417,-0.53528107299911287,67.874084100323074
2.135565222681195,-2.5692576690882483,84.171167454611449
0.56538335122514205,3.0129798769198715,65.776164734370298
2.5898897837349502,-1.977368653040787,39.561011563983719
-4.4413468369806717,1.331901213102114,194.61091276495148
-1.4267683862076606,2.1341638395392124,61.644456518171211
2.5905528310662103,-3.7270064986355926,154.14876904561646
-0.8564428175042984,0.87550197372653393,138.45818759821927
4.5837092073036221,-3.8047071213929726,183.94217378336589
-4.9643124322657064,-4.8251021493382282,205.86121922885212
4.0454974385395008,2.4174684706231133,68.933236709472993
-1.4482313231045199,4.6545132008396966,192.71603897778667
-1.10266494434399,2.2953554803931651,64.113346380572878
4.3418900876100093,4.8273495332772463,586.99016527707647
2.6433623131831823,2.5232535929711446,6.2590464847605993
-4.5915532253602525,-4.4951856498106464,105.43717965134645
-1.2268679909520079,2.6471260594454362,48.377972709487224
2.6277688213042669,-3.2981506302047006,96.978571902129175
3.2436695094756676,-3.1598145838259026,52.027320853525168
1.5953457159312832,0.86347075474837354,79.336330505606554
-4.4789715529405916,-2.9032179312152966,47.224885844012221
-3.2155205118576471,-1.8299466109497691,53.355125677182762
2.6389764453604423,4.6161431724030422,287.56316790188407
3.7934245405924667,0.82705582287601942,24.147427371498452
-0.16990632163738706,-2.1163581778403771,178.52352287885554
4.0793399524264657,1.165823435304544,48.77137344745735
1.5559906627044207,-1.1426832774171998,111.63444309345905
4.9141541723368434,1.2246329915739746,206.94230996956293
-3.8551476706868364,-2.3039351708410094,33.197621971702354
-2.9464883880605917,2.7863382094309816,4.9837973618326847
4.7240248881944478,2.4397313920188237,202.74674323344922
-2.7628033959647982,1.4050225476880129,64.513113311942504
1.27708097729065,2.7276232334165034,47.056859370017023
1.4738931244838094,2.0438279265469657,47.839555290924778
-2.5322080074799413,2.8079946355018919,5.8819851221324377
-2.2486019907263879,0.15681517328238304,118.57144586492836
1.9133326682530027,-0.77750900853301097,85.969927347975556
-3.8910040624631557,-3.8518797812069394,15.653672035843599
0.35840910419487226,-2.1797669363844445,173.90957131003375
-2.1427104383905959,0.90222342884941042,99.689596217465549
4.5409764380602358,-1.595885188143138,64.401626833338995
-3.702979362370157,-3.7409531253192787,11.894253111210928
3.4719109246230904,-2.7996357200863922,21.621655209865096
-0.95363146152453915,2.8128103681085008,52.967774555773069
-4.0227581048892747,-3.9556219268651218,22.888535764628596
-2.0480239229359483,4.7086871946027564,176.62882994244188
0.88739296502796705,-0.47700157057174319,148.90029069066418
0.94725944429397124,-1.5346080653630016,149.10005157394204
4.6222761090234918,-0.98093979310286716,90.072363590288901
-2.0015925515976818,-3.5839940116673632,126.6579530364281
3.9677365064061672,-2.8367171265357776,28.780880626680784
0.18549519331863884,3.1671916969432043,71.161545521588778
4.9193882364640391,-1.6671688443795269,133.50335149992051
2.6285589131049578,-1.0423329958570631,37.138915691035727
-4.4226267841237936,-0.20806723778856817,199.23782236852651
4.1267508063403326,0.16613966868498764,46.490747474081303
-0.44423450944362308,-4.7165675447739206,459.93883018175165
3.5083917348922391,-1.5281485188493256,1.3853006917826685
0.95286801171941793,-2.1072939861938638,151.40447444461856
-0.89554064058627603,3.9596113150723156,99.492375441388077
-1.9795656526491801,-2.0898715540241222,105.3813187766598
-2.2106222043448271,1.7072221710650579,59.051995996800471
-2.3664224594753032,3.6568672819511683,19.088753664123114
-2.0583931999682896,3.5362678406552899,22.292322781293553
-1.4998926379130046,-0.78547306868652012,153.07189078452922
-0.66872014653219214,3.4459010770816416,68.194551008757259
-1.7101206838896039,0.6415622405295025,124.12865154141392
-1.6191795487245777,3.9216007319968273,65.556318006085547
-3.0924914975884952,-3.7612496876902579,43.455596556295916
2.69207751236367,4.0166078749301128,139.90537884351971
0.30712140266321519,-4.1418285030576492,335.87801920918133
3.3412426249875402,-2.4173565497622511,9.8516488919196057
2.09587710516863,3.2768911960376315,45.125924926861899
-2.8979580543290249,-1.8456998190230229,61.91823041227579
-2.8266178137996838,1.5461825449825994,57.436604323751389
-4.470762161187892,-4.2439666344201967,65.281159651652914
2.7962710695976245,2.0667809949579174,1.2457943566950886
-0.049830734298779156,-1.2318920247792193,180.16448463991711
2.8409203216604553,0.26780869082444525,23.78935012475927
2.0278857134160972,-3.1149956022589604,122.43665920627267
3.0338032353128597,-4.9485441849111815,466.63747138938265
-2.4518580113165922,1.7041907954393887,53.656937119095232
-1.8736759708480544,4.4680631257224324,132.11425494988254
-3.6069824299195257,0.49319543375329822,113.67472196499689
3.0989134879706732,0.58643729304615633,13.310096684227329
4.759296971883197,-4.4004684307350086,345.78036043690264
-4.7670984658059101,-2.4653091713251092,118.11478650325404
0.85417294609458327,-0.16716061553283801,146.37094248864344
-2.885360320709859,-3.138215182420816,33.791300787860308
-0.17912614897278711,-1.3730256719329237,180.32444702084035
-1.3227342314795205,-1.578378087445361,151.26776401205493
-2.2245581256658138,-2.3274643521813081,84.701192730740431
2.9237881641449173,1.2085170640083964,8.3867918466273625
-3.9148050167315329,1.8206805362257406,95.536869544013129
2.4605921238198514,0.13188632797561084,43.619355119926773
2.5500458193822686,-0.5496255640770018,42.675909369706588
-4.58458968594553,0.542250566507537,239.00527217356404
0.064064406196219892,2.5945448712187513,70.624423875943862
0.69110781199654348,2.3532201801128627,67.329830543965059
-2.8423703274956127,-1.9660205905153223,59.608418344515925
-2.3519431234174464,2.2890497397090614,27.018179154137567
2.0599356735811982,4.6868929844518394,294.199331697606
4.7564763163844823,1.5328004024008504,173.11438460548445
-3.2058867961358084,-4.5540490617636813,138.79387023937221
4.2970024641251996,-1.9546451388615842,31.604646644280521
-2.7708062463580654,3.5134454279345455,6.6592732752716266
-3.2649868770605162,4.6610752221761427,150.01905762976469
-4.2409269916054857,0.95465096035611285,169.74537595295237
-0.41607543712191486,0.49252218924812396,158.25804074273898
-0.5738534967745732,3.4615533663661822,71.406538687154139
-1.2774501777174114,1.3872508257341618,104.0547119617401
0.21170759309121845,-1.1300790172489297,176.42696076506138
-3.780322553081537,-0.42639483467111816,120.53345229401521
2.8439530127906636,1.7787175909755035,2.2686553324480214
4.5579364803182774,-1.2337641023055879,73.7952342536679
1.3966055517633276,4.8597623953066478,342.05429433960063
-2.0700602535543315,-3.9734464563516534,159.37412560328983
0.22578795653183636,0.74992131503395765,142.60844263224925
3.9579304182002026,-3.9035640803044602,149.31625540963284
-3.0255667494949599,1.6434476814807883,53.691451383200757
-0.52119793522167512,-0.57499044947099431,179.47006371845697
3.1739175614530346,4.1404107720108971,187.67117632735611
2.5743119887502131,0.24007347626310516,36.160286792113141
2.9503810006614515,-3.3531716359093267,83.660354039677571
-4.6876523779667316,-1.6971834013010154,163.6280395048941
-1.8928401711593339,3.4933753745900749,26.357659214359828
1.451099757717663,-1.3422156496233031,118.82913442345641
1.9584957985082649,-3.9304021049256179,231.38870454878514
2.8579493716593793,-3.4876994603126281,104.29262034386394
-3.9865269398851053,-3.8302776642529768,14.703638157978414
0.44631291601166367,-0.93403330769200643,169.98324087415278
0.16731717506520472,1.4642330979142191,112.38167347402451
1.0527615278927662,-4.1059061760073394,314.98766314768108
4.3369626777585228,3.9691988233726541,310.11916923955204
-0.46882082335984343,-0.28814369297912723,177.05834138614574
1.8925511297827562,3.9026017843413623,114.83191283875649
3.7090910960001189,4.2143758159259583,257.98753561643963
-1.2960818710304816,0.99477626246978801,122.69718291618473
-0.98019826771444762,-1.8820513083801247,161.81306772065227
-1.4797717650504594,-1.1861731102456363,149.95299169277061
-3.7515516502940089,4.3404537980072515,120.39174016011084
-2.2900706137553817,3.5974219829260203,17.990165630157172
-0.78958377754907971,0.78363037732700747,143.51215368996824
1.7216550015759662,1.067863747341101,65.676729177544786
0.60292570425623104,0.17085710083071337,150.07919816082486
-3.3807705783536215,1.1509785719757817,84.509737707902048
-0.15050357999030339,4.5610654099659413,227.56802358917724
-0.19937825372370188,3.9769622616197342,123.01639792048954
2.0280985217938161,4.2590737398363796,180.29618954113079
-3.2233124890529292,3.6677017341798788,19.772626341835135
1.88601774456553,4.4668116490205243,229.03615086321369
4.4680976407612167,-2.2154793946092544,51.188632186760124
2.9160863729020345,-2.9726169889692939,52.49720598990983
-1.301587434156338,0.9502591273252925,124.55544392837652
0.096967018784738457,3.0721770584484638,69.128816928318685
1.0680404302678053,1.5991828554690333,79.617112172603981
-2.972386178757906,0.5497364636370925,96.12112301981675
-2.6261573046208215,-4.937578921014131,299.4040492897002
-2.2671845604025527,-4.9004911410946459,333.2780187050962
0.92363489729801795,-4.1323204082899743,324.88964569082151
2.781340569299906,-2.9070201304780956,55.994000938411659
3.0887099221170633,-4.3034767190696321,246.62800783815391
-2.231469721666004,-3.0204501105907391,81.751294186131446
-4.7643731147841919,4.1748919476018074,284.08460669936392
2.8694646327409368,3.4787126730323177,64.043063522784337
1.846239725515205,-1.2049169925654306,91.079497938570455
0.063910089996247699,1.3734900057340029,118.08968520141207
1.66034662109075,-2.6366148150663222,120.97025456678222
-1.324680619731065,-1.3293730128672387,154.82216838021898
0.58037651380446054,-4.4043268776641282,395.46998349628689
-3.5457820283978085,1.6384939403777699,72.108134795546249
2.4749066643746396,-0.70075119655514939,47.360671332379567
-3.6483643623193331,-2.3057122630885107,28.430837483596878
1.4562938627700364,-4.8773534809479253,522.1183008767066
0.34438442987033024,4.4122896542332768,206.01426255931003
-1.901420917097111,4.9068222419752789,236.43467757542376
4.9065507034162721,-3.9041782883752605,256.99040565486678
-0.2000977579994796,-1.5996599209660154,179.28468136032063
1.2187382945690004,3.6227470343779302,88.63499211268568
-1.1809413750899678,-1.5453123374082471,157.89616623339501
1.4037760003118684,0.68210471376720783,96.004276008545162
1.7025822102683543,-1.0657471315844265,101.35209459986646
0.17484530558852818,1.0740621905651038,130.08471053104347
3.4115692570639595,4.1036255304607465,198.08790852939725
-4.6089923864310594,4.251209241023501,251.85716793163837
0.0065277974565356445,-1.9210408517644915,177.86249499880165
4.8087270604931724,4.0996059798410904,476.81344738647243
0.29691450205016601,4.7180783848709691,280.3884968994472
-2.7516336542124762,2.1000420699829316,30.295995413701281
1.1721018183483309,1.3659994428924449,83.927536595157051
-2.2451174365505659,-0.028846097787204705,121.31647399428643
-4.2711899911899067,-1.2093827633804759,132.61361535210114
1.2803416995919301,-3.519739557512529,210.38070790288202
4.3936011286549661,0.58366251991916229,84.119325259305526
-1.7288969758212986,-4.3903434223978373,265.01393893104421
1.1773167488574039,-0.89863431491017121,135.66553448657001
-1.1229658704140313,-3.5628122502170827,197.82779746428494
-2.0375841990449977,1.9162986549874814,53.111492162860728
1.8130618740324653,1.4714671752550315,48.085125060532974
-4.1269668064638321,-3.9235510552171915,22.654676073005671
-0.7982389372661034,-2.2953557844874641,166.6280562790021
2.3586552966793821,2.4519920575685381,10.788173868172304
-3.2845451796441911,0.99316666914352592,87.066466852059918
-2.3990694294958734,2.0584810713902657,36.793905245505393
1.3664310138703417,1.7437417565551865,61.322466317387509
0.0036778411082005746,-3.6174469731717176,250.75259414495267
-0.7029034596240864,-0.28380815715797159,174.51869578789925
1.9027592514783986,-1.3492702055661132,86.928388290804264
3.2915057884602312,-4.8314362930095323,410.47931300834222
4.3867067389763079,2.2094695295546032,114.40413835338258
3.8931831094124902,-4.8291135738813278,409.03833705186582
4.117338543805122,1.0111030521190498,51.952278171773351
-0.10243378721338825,-4.8076481543893994,505.90374674799159
0.84137657504970509,0.95643547953872776,114.65237158769766
0.39327780084440356,0.80248035988587674,136.41323794631259
-3.3024877242285013,0.038877885754055264,106.11310313398013
-4.9298580922754196,-4.5255655871049667,150.16979458611797
4.7981542297249558,2.52987384866673,229.39199464479424
2.8233538723470373,-1.3591918198773518,24.678733228694796
1.8206907162083468,0.12248091637368042,83.863059416295869
1.0785371261308727,-1.669495094885237,142.21736943990166
2.5398994405512667,2.8323196048258072,15.634057725501934
-0.01781946913887289,-4.3994915646416324,389.35356395858776
2.689477343659707,-1.3831938510112352,32.268561291998992
2.4119483884586055,-0.84432584853684034,51.339597175678783
4.3524743775101999,-4.1880371757423758,235.88303506130356
0.17803297427964271,-4.1170537774377571,330.14774894264173
-4.0509223000005159,-1.5404256736767517,90.281260429867515
4.029983768426316,1.85419057810841,50.557483935348735
1.7818214123901495,1.2741489480238819,55.83715663762333
-4.7062796600269587,2.7424480008055783,210.49061316424897
-3.1771698298949049,1.93969197579667,42.218571348254038
4.0678231825055811,1.1128784407791059,47.2249974518244
4.5871071684276394,-0.50685601764280186,95.558722862564963
-2.1943947799518342,-2.3040657877164343,87.156457555744808
-0.96891034052040492,4.9623215432524113,303.41185877678095
3.6217550021744067,1.3447439595227895,14.449041228376409
-3.6895637393268337,-1.8126709586189582,55.456408275152086
4.733792627952349,-2.6750945621481033,100.18883446285614
-3.0951836864447557,2.8085831184697376,6.7996588101498698
0.32061453453880873,-3.8632086451802414,285.84980191290055
0.60138636891871045,0.0517681461382411,152.98335356286438
0.95716700386954834,-0.78798644150898234,147.59353358186192
-4.8066487724748583,-4.3680690410668443,112.74468693410731
2.9493461541044699,-2.9119387140192377,46.792132954335187
-0.17317344723319206,1.6203849051694714,108.09550190958744
-0.13477244658237097,1.8372428437293635,97.756011629547757
-1.4194744107110902,-3.0837972213744411,146.8469180823393
-2.5865641665745063,4.469054108932708,107.89191122483065
-0.34590664974130192,4.5847098665527515,226.6039875914754
3.39377216306473,-2.5475417113750116,12.436261797090875
4.078905782548274,-1.1586064225098305,22.552614101401112
-2.3420961981389894,1.4633858626253442,68.260829457397676
-4.0342549945539208,3.0422269309074199,72.345046454083558
-4.8735782432804937,-3.1765492268510176,94.864247932341257
-2.1466802350527932,3.3007517455879274,12.610845992139376
3.3651089914998433,3.62843471146501,106.45465304948574
-4.8756742270968489,2.6706153604777052,260.98119731642163
1.6983755983447759,3.2471088723629009,51.1809547203721
-0.77639284112986129,-2.9540243348913302,179.15781643183647
0.10963208339328823,4.4607701646539581,211.81521058830236
-2.0890441192610583,-1.5109896524602293,112.69273927824307
-0.23307963303130119,2.7345862944430213,67.481926886778737
-3.6446044559849353,2.1579913227298597,55.575948715910513
0.37224886862995454,-1.3158533820770635,172.25981727090692
1.6279948706142857,-4.5246558110087687,393.7725583291076
2.1197761017516461,-3.0750433582000372,112.7436528730037
-1.7600586121544808,2.1067542776682231,52.263733614735642
-2.5562453427745275,-1.5350886665083308,87.844754573587451
-1.3922037813362982,-2.4741458728826027,138.23388324976378
-3.7317807568388632,3.4757804332269906,42.805721382677859
-3.7232816321491242,1.2822979594200614,99.610177912395102
1.3685901479347562,3.7739345542335805,102.80717830334262
4.7311290164921189,-1.7857642014509576,92.964654450723827
4.0937124482738181,2.1406475206387778,65.205499441954359
-3.0367881920688928,4.8958691868642692,203.84305912608275
2.8198313459390132,2.6657937356381014,8.709662302848642
-4.4847667815654333,-0.32502827961337921,206.71523540109166
3.0808978856912788,3.9658480440811594,145.48958680002889
-4.8513157325143048,-0.43185246122675647,282.56058562466296
0.82674471762383028,-0.92159856959373965,154.63873814721802
-1.9209991084383127,-0.51088902510064749,136.1580421059455
1.5404224225210141,-1.1880914706375441,112.7243947052508
-1.0521430985059381,3.947619926493628,92.071879394604451
-4.9010658546788539,-4.2154060614596451,111.96899681702008
-4.5285520194151081,-1.0326316559779065,181.28632552518863
-3.1676243549216863,2.2232586212999337,28.878272234122861
1.7333786037947529,4.3817076072768053,207.18001105694162
0.18392565816855289,-2.2221827820932969,177.45948623493533
-0.23220422450425371,3.8242819030751196,105.37540738956309
-2.3561981813149506,3.9976407237804832,45.994239329100992
0.53074640521579752,-2.1706430368796372,169.21409095614322
4.9557135074395742,0.16051357897397089,192.30212768641269
1.3602217932391483,4.9485234756738912,372.90181068757573
-0.50797117316045792,-2.0001065957745308,174.66326624644157
4.3249617535821674,-2.1333559107225679,34.566506814383075
4.2032062884230186,1.8908342489704442,73.841553871774693
2.0117110603067347,0.66819486492437186,60.126998185706604
-4.2552396785883673,4.6691598592960499,249.89366070209769
3.1577639285883468,-4.8721795551162534,430.66507666716564
-4.4310650983921507,2.9723231210556698,141.45566733295902
-4.3901907629269736,4.9238051154515254,339.39285016199688
2.7096897419355548,-3.1377963434667366,77.040247381316249
3.5784845579062701,3.2335126652556028,74.870574031646896
-2.6253216360900633,-1.8804198126926881,72.937512636340472
-0.24339395700459665,-2.8869287374654591,192.39516024969132
-0.81787370424906314,4.6226882495335815,216.225474884161
-3.8290348757202248,-2.8297278801975816,8.6537081041508426
1.0080229283955298,-3.299517757442731,200.40837784560097
3.7169142388247796,-0.78455960783787138,11.240355291821075
-1.268448617271583,2.5064764920362226,51.341480778612592
2.4631925615803629,-3.3200273634972883,110.17248621519684
-4.9226702736842221,2.5031106714875371,279.61805294439205
-2.4202053914900459,-3.1242509721890221,68.457024826397401
1.4810245636611077,3.5068291381594143,74.040361910087583
-4.0696987815159096,2.507717160760893,87.986040337417734
-2.7391497453573526,0.62350488474774224,95.687130780144955
-1.4052737790459879,-3.672972440830323,187.10555560390159
2.9110726456895764,-1.6458996686582896,19.306116042598912
2.5776513557517422,4.3870775378578699,219.75494464262925
-3.6127475898112364,2.923791399379736,29.018840498030901
3.5717131292587379,1.9109835602524585,13.50507553249969
3.7804901410918852,-0.25673821564240562,19.158619422946757
-2.1066169930081573,3.3989773954840299,15.990776257589765
-1.8343777080378572,-3.5615845156652388,140.19121384788721
-3.6678114734961325,1.2664701786033454,95.986920072571948
2.8357571459005175,4.4988475695357817,260.79078224068815
4.3572182113012179,1.4136834021808076,88.756937104968415
-0.56920813420159,0.75687487274257759,147.33797813968127
3.4680466089717648,0.40995030889664363,13.381608118060962
0.44360770307946584,-0.68590052563521908,169.03828898539808
0.23341009152293068,4.9537307687011971,351.77603848402674
-4.0967588962489101,-2.7419876938101875,22.054353995471232
-0.50893402927104425,-4.0266099668433926,293.85289288885235
-4.7260269137796955,3.4831565703616789,219.75267836930493
4.8860203776615627,-4.6471308334851242,447.21043250290813
-4.1778899654580357,-2.1457643216817752,61.779508637261024
2.7977270817262214,2.8829163603213104,16.96732514683999
4.2642168581698296,-0.1659007134645849,56.582009878654468
-0.68897478571598025,-2.7586018895452802,176.46866986783951
-1.6008187171780786,4.614428793646681,175.70522658346246
-1.5996301325529005,2.129892016289916,56.341913467434949
3.0538346368445222,4.7175304087322871,344.47934207991011
-3.2897773651911666,2.3133015078957779,28.950153131168896
4.7166427135356948,-4.5122817856858299,372.14248412806666
-0.014042937542441791,-4.6759287061694392,466.25896812688279
2.5291603009845325,0.39186204113498846,36.37555518264638
-3.4431862767999162,-0.15901593407885972,109.01777903864773
-1.9668280280630968,-4.560286341412052,276.63422780801079
-1.5808478503283818,-4.3118674268209789,264.39470955443835
3.7544410213292583,-4.1096182112027968,187.17021353107742
1.2689758719919144,3.4285653979479918,71.824145037236931
-3.0026867784150157,-4.9215615129570498,249.86727652002841
-0.55893471029316721,0.97491075492890733,138.00823397944922
4.4471089303410256,-2.1867837949053981,48.397052285304035
1.7526742892643483,-0.34976851177179746,94.789149633295921
1.246512384247934,1.9915205336006174,58.766909788504087
-4.6749968525753278,4.3256428779685159,279.97796291101577
1.2441931646033524,2.6027326575084251,47.949395157818294
-0.85583596325725786,-0.17500187645182308,170.28069751420679
1.8894327325469717,0.42212096471694771,73.439368449873683
0.83201925635843832,-3.0169745736499305,186.15738851462831
-4.9583694167350005,2.7740927962809376,285.80517806508578
-4.586821359279817,-2.9979736938072925,56.32973978899588
-2.8398857615624058,4.3977319547558569,92.392492959790587
-1.125353448921385,0.4083012480988728,150.30082361257135
-0.77976695128599705,4.8375726269451018,274.9088266070666
0.91805138695738542,-2.0602358119535964,152.64124374668882
4.5962880905969001,-2.4508566916564383,71.887252971716833
1.9726220744792151,-1.7595689727559085,82.377197131159548
-1.5869504950085389,-0.384209972650849,149.82472065730755
-3.2034492684663789,0.84289951032906529,90.127495633087577
4.1800782082013033,4.8091184055389284,539.69001023316196
-4.0949708778120284,1.8481260534680164,116.99055592879986
-3.9433669768432127,0.57501771669213575,138.89713334968457
-0.32424800976404455,2.6315565566876149,68.441564334639594
-0.39651521409605461,-2.0884504580995022,176.42716625768455
4.3637031250904581,0.23373218996536682,75.151170352397742
-2.463470342237422,-4.2780513393690072,162.9271222918444
0.010773964731414232,-0.15210013669190037,172.89318039058281
-1.3353693195333314,1.1223123213461488,115.58727363857697
1.6102253822138124,-2.4667385335566578,118.72503742083181
1.4161603254386037,-3.0998787706351045,162.4776696786266
1.669259880186944,4.793084763729766,322.97240586021013
-0.75280934793542897,3.1384216242709897,57.611840484572518
0.26126102283033248,-3.7086874833550567,263.56117362176474
-1.8191832673159962,4.8612732955499833,227.42382190982357
-4.3351137728599225,-0.23914888358772046,184.25537612151001
-1.5796733740024944,2.159175591337787,55.612674686704345
-2.6835737766370511,-1.1798551583813799,93.532571538610028
0.57571627414429116,-2.2443493245245438,168.66725679033394
-1.251486147294727,-2.4126326205653021,146.24580319298374
-2.7670984874396383,1.362567788030824,66.498898195064115
-4.7690908567671011,4.4358592165006261,324.32781643347425
-3.5778746379605377,-4.9386307609524938,200.62039932319627
-3.039126186956532,-4.8034356250322681,213.00913324259591
-4.357351149265619,-1.5859944214055739,119.14707114083332
-3.0190387428437813,-4.9990390041095694,271.53695754678904
-2.5964716162254016,-1.0557656820931145,100.18111523804515
-2.9612208182797324,0.46185034062998476,98.152344963892773
-4.8161605730649102,3.1800800374154718,239.30653411904143
1.3298471790968396,1.409866621022414,74.738332925407875
-1.2028681745515861,-2.5757388153825516,149.56892573375711
-0.28022983334298779,-2.9836856730239689,195.9847605869995
-2.1095302877807387,1.2164078042915492,86.661051166467004
1.8457983699623384,4.0607865337170974,140.97676857257682
-2.9823723122107011,3.9639869166254087,36.296436878346896
0.042208606871174226,-0.3586578916498615,175.61601030641782
3.1765272276561429,-3.187339978410229,56.926160147308536
3.3193293602785285,0.20610224666925614,13.286642938609592
3.8798545833659119,-3.8295800034276417,133.34947607520982
3.1051368668572508,-4.9884710983874321,480.85857508928365
1.1048474039446745,-3.2344421545028137,190.2103912473857
2.6513135039310267,-0.79711398435618541,36.519058723951865
4.9684637746176623,4.5364478359958973,676.06593226037387
1.1977415288195843,4.882208869902561,347.14693705242451
2.8904923543603065,-2.8825769504761478,48.192538161665041
-3.3814771256591447,4.9587872609780597,230.95626892981727
-0.76804199083927394,0.50932846702375834,154.40497664150257
-1.3295555584215095,-2.2993990162497893,142.23537674809594
4.8883527631240948,-0.30338250448669424,162.65264203963383
-4.680343851451477,2.6693848168137677,205.02626906806719
-4.0660866709561256,-4.2205836870016178,47.247843669472104
-2.2715163008682602,-2.6915482310154291,76.90003281012973
-1.5485576213618444,-4.6069187462587848,335.13396604391454
3.9742965273195665,-3.1947136225609318,54.120482191709861
2.3418774992716527,1.1047342083732259,31.273500281817444
-2.2759795679388981,-0.24734633141779838,121.72421165960253
4.6120757926094278,1.4354098407687941,137.15299465051399
-1.4579492409981567,-3.3589325728966175,157.6317150592113
0.61407472596151358,2.3123885626149585,70.143876691186762
-1.7421119153060163,2.0675972197291443,54.735364748241579
-0.03548162989043302,3.0586337235933527,68.426584496675574
2.5756051208411801,-3.9178558042636347,187.98652393519717
-2.355693274997523,1.781930504561771,51.657490772494043
1.9410696064944677,4.7641477645401071,317.19668807047952
4.7926709295333563,-1.3607142319051793,112.6770488444988
-1.4607427875894881,-4.7358755361823306,380.11600793162347
2.3106743667077438,-2.5312895019215347,70.061938520747873
-0.96663492697846021,-3.9139869545126009,249.49091811168347
-1.4345951512188559,-1.9696422849558153,139.81153336385995
3.6415673877387089,3.2060789516133816,77.78254840135196
3.9046814212298511,-0.27047377996924027,24.942544995703379
3.2511029324743141,-0.82650936219816362,10.978647456861149
-0.36127849318369076,0.44057520126270422,160.13036473007486
2.7701333449061627,4.0201389980205668,142.84562095947362
-0.7181879724967235,4.2304921296090328,142.71844785985593
-2.7464249350869405,-3.9143907059923424,85.431720314198103
1.7578900132982831,1.8054302764741568,41.194038036731875
-4.3755650045083012,-1.2122426689983605,146.20049968898599
1.7588138033895167,-4.5377090044040775,390.47091589474633
3.9645873873055244,-1.9226527730198235,8.2508646175596763
-0.76773413665040291,-4.6241750543533744,411.41931526654105
3.6696002238577048,-4.8586331794916822,416.83765101178045
-3.1450634660246237,-3.663889247365951,33.528400974222038
4.8282493746166981,-2.9131859325946321,128.2155388147313
-3.6728826431991144,0.21016356613983245,120.26080419298161
4.4438975389770441,4.5191598354998366,495.24259104144937
-2.2940666726710237,-4.970533391487149,352.19072003989294
-0.1202112431718847,-0.87925719960763082,181.05953941432122
-1.8408099134027989,-2.5965677565264129,108.60730500904725
3.2566316036104475,-4.3136717974603611,243.11574272434996
-2.485538857092926,-3.4243974399192121,73.026560886212877
1.4542082856868008,-2.9704855923872562,151.30437428363885
-4.6602627201539306,-3.0671688253564899,63.610790668593225
-1.7327100659785848,2.7167309344620625,29.716930135642496
-3.6470335219911423,-1.8583451502693777,51.943505049963015
0.17384289643439654,-0.65342000048226989,176.04849985178851
4.534196790093576,1.2808003521066178,118.18119109648451
-4.0291887815264351,-0.44101356537234082,140.36682492957567
2.939705757506319,-2.974565737780245,51.360166622404719
2.7378013987251046,-4.3840205145374336,285.95279423085793
-3.2004855384998008,0.9452295491543703,86.656215751371505
0.96299940818309171,0.24715642946096672,132.25152455091393
-0.83368869393020262,4.3148606903650553,152.18318923686715
-3.8091322601216127,-1.1609289152803552,95.033374226829167
-4.7964008064529651,-0.77688111555797956,251.36103689439051
-1.1991883504857053,-0.017866812931435661,158.99429340902515
-4.4284406082086774,0.27463887192693992,207.84703953170208
2.9899381775582761,-4.2804518135824594,245.04398713611732
-3.6418194246229434,-3.0562717543080908,2.3221793641196062
3.0041976341863901,-2.5706746006824517,27.486806890649241
-2.4210115350226227,1.1725616906891965,80.47017410751711
2.1675659091862256,-3.7630465684772272,188.31145560437591
-4.0624442398766636,1.2729428114668497,135.07205581282221
-0.54289465251624769,-3.1658709595733106,198.55805145618703
-3.5788863081347935,-0.36884562398942133,111.12528597811189
-3.9026429084922674,-4.4580425095683758,80.539534436806008
-1.6313438552827053,-1.2401024808993961,142.07138298668991
0.89870823179769044,0.91251379870765792,113.87312321984491
-2.6439987322314074,-0.87507499247747234,102.68002258948687
3.3972071180729628,-1.6396297553577139,2.043092168219228
-2.2471428678268826,-2.7271289009971653,78.574398729855346
1.5546081817085922,2.0699374651027522,43.769845099359877
2.4970257252802499,-1.412003867189414,44.449860220525572
4.034671235948954,-3.2551393989526178,62.320392894932148
-1.5947072029252123,-1.4504798599127766,140.28703705510176
1.6792166872313512,4.1621622053307608,160.21234914713554
2.8914502813466747,1.8392001434960026,1.1674242978442948
0.0077578882765640955,0.45497989146850859,157.23559936270044
4.9728215045151352,-4.5795319831297023,442.62246841302414
-4.4505408396071946,-4.9864844303452047,194.54717505647929
-0.94649534751476772,2.6352116599934829,56.78930285020342
-3.7288124697470142,-4.2363455597812232,53.871830600202777
0.35097858990009456,3.0272530850508002,67.942038426243343
3.6297484702925757,-4.4479511048846252,274.58594107401461
-0.57074847595949141,4.5836191699825228,217.69751872166194
2.9570728259438086,4.5534334935977299,283.86327218948082
3.253428318617221,3.6349302351712858,99.974558513267795
3.0008266936079782,-0.91247994238795993,18.480729390094034
3.9369941549211624,-3.9560041232713932,158.72747969956535
-3.4994733342403195,2.3597342470591709,37.31960077834745
-3.2948915807239398,-0.39875508815218641,103.03043030221816
0.7564186340521406,-0.89039658457911752,157.81322350374265
4.8340717356335734,1.0527940580805559,181.24282961421113
3.0712940037996699,-1.7876280031136185,11.791980587591182
-4.7405604398616594,-3.418502601695145,64.876490842671302
-3.0681920311756534,4.7307107124516392,161.45931564220609
-1.5928196773697034,-3.1600607083901582,137.03471376840884
-2.7905698234935175,-2.7969938609318206,39.987305150786035
-2.4267052461169003,-0.33850544614658151,116.41378351158878
-3.4629481566523173,2.9441340215471783,18.715336893558256
1.9459827021863205,-1.3055138529340766,83.787817378001307
-0.14343459082593224,1.1752261372735848,129.32619420721858
3.8096218129507626,2.946961504661938,71.920200600720108
4.0594808565944938,0.37167086790139781,42.088185878481333
4.4734211425347183,-1.555214652831534,55.607781683475721
-4.2358666471915027,1.2216479139219105,161.58907487512914
-1.4008438571821111,-4.7055575456713159,377.70222457856369
3.163357960056187,-2.8785123204077858,34.785198031741835
-1.6659453328738016,1.4866323866277984,87.078810668164465
-3.6290469671691965,3.9741502277051115,64.425756773647393
4.1279879408241182,-4.419057473955192,280.05260829493807
-1.3612851296104593,2.9857263516084407,38.266210303372134
4.7672074365944432,4.6457055887318575,642.45576803392578
-2.9227847170712478,-3.347206110102352,35.333604937463427
-2.3101109836908091,1.1889214849470946,82.376767183230328
4.8435665468795293,0.55748889587242978,172.8649666808609
1.22361451172707,-2.4857062835986414,143.88539001566619
-4.3268043964951151,0.98185997958245874,183.13058360312871
-3.7294716796532237,-4.8349092199104327,163.65274374978577
-4.7358611802092696,-2.7100493580572858,95.294525220514217
-0.96916585015600543,1.6534219780232746,98.091630133036404
3.1619679020336182,-0.078713481137261176,15.850822303913503
-4.2647235089500217,2.4346449139953128,121.07872699305355
3.1655153212347731,3.4841309326363774,75.240883210481357
4.0390114704296582,-4.6745349439734039,357.25141792401786
-4.2429627024308747,-1.2478971297119341,126.93121396888111
-0.098619541621401297,1.395946437631812,118.57314171981797
2.2421871942587686,0.2462377994392897,54.85468257266227
-4.2328645829034581,-3.1430138106180925,16.07825436172395
-3.3250783521576128,4.1546343828332191,65.837498596658307
1.7222706341979466,-3.3158508379482385,161.49986804277796
0.12439840186690176,-3.7995057202782885,275.73087472144334
-3.5392718835374897,1.5381455051664368,76.195863158108779
-3.9762444750590347,2.6197011229091753,72.128333754774957
-1.7412923842690047,0.4011238979728482,130.87924009744626
3.7870486306481066,-4.5661131993782167,312.5430550053573
0.86104491269952366,3.9282843985578815,126.4227894650337
-4.5328795650264206,-1.8093547427926824,128.08409028671304
4.3228121466205085,1.0757749783030821,79.091136829606782
-2.7864112743337555,-1.0249077088323273,94.471853668050969
4.871047148598219,-4.5720390379806251,418.99018340501971
-3.2136973564303903,1.0580759189703492,82.852916563084776
-2.1898986478342892,3.9727315641050431,48.443753110070183
0.47083161062225187,-2.9628842948442253,193.88094689596099
3.3532044517599182,-0.69904790499164271,10.180856489918158
1.8360062806722421,-2.4207021008360563,101.48228363109649
1.310354350744829,-1.3539490949639377,128.0164207813061
-4.7521752729360465,-1.2469441655933484,210.82260076119826
4.6396563493264846,0.20306370854187517,120.49989391414795
-3.9516659065389974,3.5430314978867656,69.128805139738134
4.9902444678657591,3.2150549374193442,362.34802785943509
3.1302535329580827,-3.2487955285708656,64.493478940184914
3.2650520017024238,3.3776989936150876,68.119824979902518
-2.1396523758900452,-0.9373441235645732,122.40304813438235
3.8704563021785017,-1.2756217102739864,9.5730029264327481
-0.77523428752389023,0.59822075708131361,151.07282659863705
-3.5848158312634801,3.6777366782095857,39.214950340732486
-2.372588704977483,2.2618456037996992,27.784750509512357
-1.6111618590597332,-3.5350926572181747,157.64449966492205
-1.8026720222470867,3.3963269249927635,26.423538360070705
0.38142036974295479,0.2776196901256176,154.66210148575351
-4.6138182776202195,2.4457517888729736,193.85183010668968
-4.1321749225875672,3.3291116973500987,88.437283747679444
0.7828739953364785,4.4136604413155762,211.59647646215561
1.596621012866585,2.6645910048964581,36.358906373991928
2.9074135279178392,-0.8778837848791845,22.764526021835454
-2.2304277886294082,-3.9012405164027357,134.40517302017446
-0.98486199961811849,1.4374673396471263,108.86165242402441
1.3974586068609316,-2.8774073597758791,149.36006439711201
-1.6536133284150996,3.5192728207170436,36.452615091180981
3.5611647041569725,-1.3956858884304135,2.3046865810980202
4.573142546816392,0.83168412406219794,118.47261145379829
-0.13881581370789853,0.10931781011874797,168.97981755437169
-2.0052425642685359,-4.7450926946476644,319.99239329619195
1.1792439915430943,-4.5290232197944258,415.72870573052688
-0.85895242598267174,-1.5892724625524943,168.90007071650589
-4.4397510847433352,-3.2310913026008592,31.033270661998184
1.4903403213367881,-1.274676738412543,116.16624684250206
-3.4469620100845724,-4.8420721656924917,184.65198253188788
-1.9040017964564582,3.1124251665640106,18.781028924266231
3.0187172280890184,-1.307969359293486,15.365207520104811
2.9384722094252549,-3.6697630993720947,124.88890513484787
4.7212034390413518,-2.2321965169275115,89.350591685518054
2.5257875192655135,1.0218400678537423,24.714894675285866
-0.038911536220752829,0.79565638545901862,145.13254747290262
0.46884404169291827,0.80950145214640656,133.94030588073201
2.8835054488706398,-4.3069504775211991,257.2138670750324
-0.2590644044807302,-2.7984046313012922,188.87552102201889
1.393063780820782,4.1851783089825574,165.57684790538664
-3.4097611383924642,-4.2509887500194568,71.830259442590261
0.23019858632884649,3.8114026360017803,111.08774539018833
-4.0167588782024355,-4.3879595716491711,68.412359832815781
2.8074094646633512,0.78278445779669603,18.270590790345565
3.9528152633939175,0.10392533555361538,31.579985686593147
4.7639392719038849,2.573436130532853,222.83311392063064
4.5167111780717182,-0.37261730969546036,87.002336642384023
-1.6457941137666081,-2.7211229948934208,122.81560530204857
-2.3292883898043426,-3.9849312837029234,134.28870813222099
0.28028533630079089,0.095274078440130694,162.23852722142698
-1.5187736154955989,0.34005715268869707,140.38978581125508
-3.7856251198142048,2.4923313020633291,54.831343892319381
-1.5164190522218428,-4.4017656004547669,289.58917958056179
4.3356651926898095,-2.2781969604121515,36.848045560896793
-2.8081241692143428,4.3305779747542754,81.506000182115272
4.3840376713066451,-0.62713837148307672,62.588519168256447
-4.1933889384065548,1.7484140958877639,135.63924561524539
1.4879988975534486,4.4168622063452627,214.99492464892796
1.6554847328298008,-1.6310881909246389,105.0253825572651
0.11983730558640548,4.2905667043939317,177.73722161100628
-3.1159809760925787,1.3715059362707329,67.820977388308421
0.12017596304862366,2.0860629376066946,85.5926282800027
-1.9721669290332446,2.3275862233330313,35.511351606430502
0.03721184753097706,0.86892071750173461,141.14705743708927
0.80875761490393394,0.12465272084179269,142.61344420583572
3.6741198559364534,4.6794545165907451,396.42989311103565
4.7713402223811379,-2.3982406885019794,100.1598748015579
-4.6867099646068437,2.6047165381975548,208.17518931348229
-1.9510337172180021,-1.453865498269737,121.52515888530212
-3.5433627883109393,1.8147937717738483,63.919192003025309
3.679457954280025,-2.2626571693089321,3.3127124526450173
2.3110240050133646,0.17777929541623649,51.736722793340583
4.6328355962900538,4.5140614705259239,548.66254050404325
-2.5699360650513365,4.8106556931523166,184.38441332225676
4.5027775106341288,2.8405930881817119,177.8320847635635
-2.6643350023564807,4.3073822478987989,79.182885381156296
-1.0380938058615778,-1.996122568353806,158.48183624476371
-3.7567580053529914,3.3769758770917733,42.541659838020244
-1.379841716347717,0.14276816403313752,150.04157417756241
1.3113478885173571,-3.0358362192888695,164.13316528902308
2.7884693602593371,0.86227879648190608,17.60686410392011
2.4620904203027729,-2.2758556200929663,52.452973361702298
-0.74036327508490096,-2.4050313262489338,169.126381589093
-0.8299356098537034,1.6780789183064169,99.670961630525824
-3.4153069827638749,2.008429205411125,47.867384011233696
-3.2592552419553575,4.3286193482164439,87.484509558977123
-2.7433347580158376,2.0948202358199168,30.579151472229363
2.5842201560775724,3.6795308274280742,83.64469859955571
2.8532829907406496,4.4090192010256377,236.2709454014153
1.269277487286228,-4.378989479786692,370.31909074477016
0.37750192316939657,-2.9937127913336532,197.33063163669621
0.27688717101210347,3.0614369126897056,68.828119026794553
3.9905981306864753,-0.99235461117611479,19.563847967602317
4.1633558412635576,1.8344662741154796,66.995635126150688
-3.8533491640416,4.8687128786524259,241.13492014293212
4.8247062876349958,4.5603514345949829,630.2837229761783
2.7559873210529942,1.2627086848694304,11.607686487233376
1.9293961138195428,-1.2648169915854273,85.016737775350819
2.0636012057745914,-2.1420876984878534,79.040025830532883
-3.6206690772568977,-4.2770083236591878,63.560795679203181
-4.502269590706125,-1.0286698565271357,177.00602463190427
-0.52772570266491758,-0.14069960833053941,174.3565043304375
-3.8403960982201184,-2.9447288174596697,5.3507001548607844
-4.4201504953243047,3.4337447810313897,143.45345326370557
-3.7997137025639649,0.43256209565493453,127.60724830030307
0.10740823637286123,-2.9190860783956234,196.07185476611372
-3.7982539654658289,-0.4935017624699487,120.00574926048795
-2.8430145166833616,-2.7505597765515599,37.310989043855429
-0.88914995175094269,-3.427017329995905,200.8155361254509
-2.9960619184515465,-2.2598642971349792,42.251234654660706
-2.4355811657891406,-1.8758040542893459,83.225825085660091
-0.41027819047452496,-1.9988110020988055,176.28373790871603
0.089964358629659458,2.8044587514593271,67.946234934195274
-0.51412658553248125,-0.81418671772303952,180.33858479860936
1.2647312350749971,-1.7789168370185298,131.58697259652152
1.8693172216260674,-0.3756014161605421,87.010344714881953
0.277255970149759,4.552678472550209,236.69850150579251
0.81660668785569879,-3.0192998912485409,186.88920188289111
-1.4804062247631817,1.4411414203927153,95.281498864707373
0.21700907780502376,3.4911186567335424,84.891430744067875
-1.4296008214041129,-3.3071621219619547,156.67973018870012
-0.41878140099159378,2.2911142207829238,77.527821858143142
-2.3630651061449681,2.8854614396669014,7.4789741781876735
-4.0882416702965738,-4.8134848690145455,146.77052627605218
-1.1963470829418905,-1.849453255965761,153.18438085462955
3.931199153646908,-0.81121313992082733,19.083915878497184
4.8611091663859121,-2.3243019195111954,116.86565108443206
2.7833547359984401,-3.9512451753367892,181.76205522802704
-2.7251152255822224,2.4721940749107327,14.269873771944113
-0.0069584940843707699,-3.9193995695586956,292.38862713275734
-0.070305278769920321,2.0105333777364951,89.890820037851796
0.21835423747275318,-0.93852545671728826,176.2118658864195
-2.2585130478804398,-2.2007460435815442,85.102065753454028
-4.8333023240749853,4.8065525058716467,421.72327289731192
-0.62072098708334877,4.1345856346076442,131.75009515779175
-0.40438758372861905,0.016784486615540217,171.88639302556518
0.27501150994407109,-4.0996789158737483,327.37636656263146
3.4607528891406396,-0.46046044567738331,11.337032253952042
-4.7006542186821596,0.27085060064222599,264.40267429053324
-0.11381992703466004,-0.58358251987221621,179.75635587876769
-2.9645556167382803,-0.47867702216115848,102.01504716455185
-2.7401788349708895,1.4506532695492078,62.469924826198955
-3.4171543646334048,0.071239887148748515,108.97117322161692
4.9332876825125425,0.46731538705868658,193.98448011606598
3.7293846841898528,-2.9691602936125987,30.754027476742433
4.7749749796264123,-3.5022705772698322,169.67787471830215
3.2011723674937365,-1.2348449972513853,9.1205320433190327
3.0348121907442298,-0.032216960853200582,19.034649007029426
-1.9988285440401423,3.7628041724624577,37.134012066990124
-0.77320005454989271,-4.7856962664413683,459.57850903032431
0.77871950495108866,-3.0390337346412415,189.52242172269283
3.5395313865263951,-3.7640382068052909,119.64948152979861
-0.60211892576992909,-2.2825675918118327,172.64861058909702
-4.5584735267492293,-0.5406498816887142,212.2863082805913
-3.109538190786544,0.78862207192591427,90.308735182887006
2.4265736037500201,3.9152377190142076,117.11584105263455
2.5618955546296238,1.6155233122824875,11.301262620228838
-2.6186908010678671,-4.6628162263622386,224.50397689620956
-0.37824774977706532,3.0411211587149847,64.584382979411686
2.5053013494112699,0.35477717481469107,38.172125968904453
-3.5792200142752515,0.93810839746147678,101.6305349243158
-4.5336761194986366,1.9929433021406959,190.51858336349619
-1.8743742191564423,1.2490274377724724,92.407877486240068
3.5569489058538224,2.0536156249934798,14.330257600457893
-0.068503241306020257,-2.6466745382208829,186.10771577539231
0.932834687172722,-0.93063640124865277,149.38492922252664
0.32772737195850254,0.14997436630177496,159.62347140177451
-1.3899928726283073,1.2873604011685842,105.86630115002336
-1.0965329255902749,-0.12221765147829,163.71528081819216
3.3225972748641492,2.823146158109628,26.623332504000878
3.6422060087054433,4.7019925513103829,400.1459957471385
0.38577625355096501,3.017903862758013,67.577804946432224
4.5692221442984362,-4.3046084180376321,290.23416541719519
4.5558774051960054,-0.76744561501175834,84.236031125097398
-1.160536075081259,0.4004215491270644,149.61627372819908
2.5639179588227803,-1.1802265757648844,40.694162525768839
3.3075832676733778,1.6585853907318659,3.4422609959971431
-0.98264840813384779,-2.3908580850106342,159.52386840049815
-2.7747791243880484,-2.8813930186888168,40.384872232000987
3.3261190185786678,-3.696490836932993,113.00513078325704
-0.83295873974804113,3.784930880600248,84.682398727387763
-4.1486219722853237,-2.9220627162269923,17.630526236716108
2.8975675412597868,-4.7139618215192529,381.85235444017525
-2.2250716396806922,-2.4236194537072411,83.01637457245829
-4.9575592656535523,3.1582529301219413,284.0141537595116
3.6669425131585029,0.44675969351928746,18.18935500576012
-2.3213060316371137,1.1358361390281511,84.531798987007377
2.5541146149005156,-3.7746429466983527,164.16140211481584
-3.2516127053122492,-2.5644013328698438,22.457565821148926
-0.59322255494376108,2.005461603329751,87.449488236364914
-1.6585739871986984,-3.8867034684842841,188.85379421088098
-3.8987529058427883,2.9024189962528926,56.572474552342236
0.20798949300069314,-1.3033062207641843,176.2515006420133
2.2676906203127629,3.0590450955101076,29.226558146435092
-0.83593391994870725,-0.18351925669413305,170.80481844061157
-0.9285225599357716,-3.7051575567186275,225.26491512290329
-4.9273790815338279,-1.1545359688836476,259.24605241273338
0.76338963579202979,-0.56846302597035603,155.65459986188196
-0.96037013583129838,-2.0302663158655232,161.33581558017528
4.6964109790799302,-2.1578370855293887,84.717281529693722
-3.4586032769566897,-0.68187347685342647,99.951512437844741
0.7730989093314955,-4.3008073662908162,366.73585082769819
-0.54488050184794989,1.7497979736825471,100.2597849910787
-0.054183489854981559,4.360516076705073,187.08338413957989
-3.2764215730834501,0.46657992528357362,101.21855312897964
-1.8164521559325042,0.22886151894678619,132.63440789302896
-0.1769349468255772,-1.2037558224805895,180.97745235273476
0.98552359078182405,-2.4622063384391693,156.02612410128009
-3.4853002167487821,-1.0216108333956404,89.159830320682275
1.3620856504675611,-1.8970949065251879,126.07903342590454
0.45967168707776729,2.2394759240598852,75.41512196944096
-1.242591458121586,4.8161669696455238,245.11614499926998
-1.7205930752358474,3.3696616620971653,28.746041880685503
-3.8770661799252109,4.7694309679193516,218.36541684695061
0.05614188247160623,2.8901821655698301,67.704144319964215
2.8215269749441694,2.3304958521758854,2.0713098490402384
-0.22832548313389456,-2.0666132489432636,178.12313122135222
4.5447365434178071,4.6733730891691572,581.07581997760417
-1.47321514522412,-1.6987676339997684,142.06638678005004
4.2753125995178998,-1.6520513645653878,31.654670252005822
4.578307684469328,1.4541449205421753,130.39762327087342
1.2796695323424263,-1.5597805367354471,130.10212840784834
2.7266431623310652,-0.30152340677092226,32.446036923477507
3.8759394816868973,-1.9131025457145201,4.7384639704786178
4.880101927878016,0.23893294026820655,174.67065491619567
-3.1754056177596395,-1.8919827372501832,51.393924947376973
-4.5812218649943048,0.82908224282405207,235.67632808481278
1.4237320077500346,-1.79721830678703,121.5023293400066
-2.4549322131946139,-4.9922789047328289,338.56935822700177
3.795398284454377,-2.2496039375812482,4.7802185004772033
4.1785973219824726,1.4422393489790348,63.005661721946865
0.31895936285300497,0.58246577098695518,146.63381298281118
-2.8129955040866759,-2.9755061577535917,37.675032422424593
-0.97475258566859679,0.55690585273795712,148.8623518135164
-3.1625637129926156,-4.5808373796951862,148.23057710761123
-1.0928628714448645,0.94091664959337429,130.53212511230203
-2.9789171763342779,-1.8265044316080949,59.749481022979786
3.1140983436529215,-3.6805225108385948,118.15168402559607
2.4055378053668397,1.356245652091328,22.467901260491896
0.34579841817999135,1.9729718116839825,86.969039911282763
-0.015679440821452673,0.13730756523627186,166.94832101912908
-3.7947428911441081,-0.9704814353506821,102.98272748820619
-2.7600505933937938,-1.2681476241166973,88.077689929166894
3.5764497800243973,1.5049625453850304,12.205765063878037
1.868992661320231,4.4002725916910386,212.18343052437453
-1.3336074665269448,-2.0260816266864397,144.38895676169412
-2.4710033887962202,-2.0994069229403967,74.548701160216368
-0.80720928525729185,-1.101710076962648,174.57882867335701
-1.6108124808634399,1.295757926218263,98.595531197602256
-3.4065831607710955,-4.864887705162575,193.99043770944911
4.5602982663899159,-2.8488755313554535,80.488392621886618
-1.8848622369350343,4.7124601686167331,184.96615544408647
-1.5211942294878913,1.3505943921818471,98.658708976187171
4.6623751127869291,-3.1979377727981921,119.08782175473742
-4.8375009878121542,-4.4280126425741582,123.94487197710185
0.99439061389037153,-4.6330331231852373,453.44582402871777
0.42420121528451915,1.7692603413944328,93.788438544902306
0.031938912892320204,-2.8687042833982201,193.90380275121652
-0.45808617407057461,-4.4503602804659845,384.7370995410763
2.9371236414872133,0.76221370584010817,14.719287984771061
2.0949006146559315,-0.38120429037368897,71.551925801806163
-2.4194638884295272,3.4382314011118709,8.6866039477560157
-1.2867815848524393,-0.0019407435250169414,156.0209054205971
1.3866790420692485,-4.7750857111755414,487.31519546801917
-1.9601589514941908,-3.2529536012963884,111.01272775805266
-3.9722162934376932,4.45426019047542,163.88918540257129
4.5934137010026532,-0.75764090407201135,90.627686703079178
1.824733435153286,-2.4020299172168369,101.80620255172245
-0.85345778370050951,4.3204738496415107,152.3377776236903
-1.6242031005835584,4.2540908978845753,106.61398720943451
0.080196147283116304,3.4540880066009514,81.953087580876399
-0.38095220436077071,-2.5769869574944568,180.96266071159445
1.2703745434628724,3.7293793975306997,98.889274763973489
1.4724354529632446,0.066038744730795074,107.34669290892435
-1.2590069600549096,-3.9957415603079376,239.24232713574918
-2.4428081763684055,-3.5151158116660532,81.551868470995942
-2.5219284526904424,2.8024147645442117,6.1598253842453694
1.411485854171195,1.9096163002411179,54.153798177051826
-3.4905945151093198,0.3861999679288397,109.41177938917637
-0.84428235176011857,0.17897019822783378,163.20733481149307
-4.7087457404444377,-4.6256063497433129,136.70645108141827
-3.8006798142782614,-0.074095630470950802,127.90024213886498
-1.4327402062771037,-0.94650875464778927,154.69085066899504
-1.4756533679314137,3.7435283075719301,56.468746306950706
0.61198524797288467,1.8871691038145011,84.347683545972799
-3.0350516401264871,-3.5923336316845091,37.188762009114242
4.4742487395618795,3.0838252507010004,195.25542728376652
-0.30393004893947495,4.9016188282887931,315.69530846216486
-2.1958669280775918,0.24830757183018726,118.59704724673909
2.1663733653446027,-2.6499520542690207,85.013935274427723
1.2106599478834381,-2.1224307440500123,137.52969825941011
2.8920645611099882,1.3288883484890412,7.1933657947643717
4.8192626661786857,3.5752237538400209,362.0478568939983
1.4064412503347263,-2.4446026877775591,131.62753583043872
-2.7841384636835227,-2.961838876644431,39.592649426940291
-4.4177159460498068,1.5354531359737456,183.12142083319162
1.5634059331117811,-3.1345270805889847,155.92324501513053
-0.83417848762261482,-3.1805312624168898,187.04222904068376
-4.1649695093178352,-1.0710969314164109,128.18957881639739
1.1353704759118344,-1.0562716694050196,138.48495356525441
3.492247202807178,4.1387534333578113,214.00336209915341
-4.7621462891208219,3.7002112489507599,240.21317773819814
-4.5484615700541369,3.063069520626776,167.29443780159997
-4.9197066815144366,-3.9896742366082498,100.87719562125145
1.2123660009406381,-0.45654337356514851,130.86191423444541
-2.192743115226079,4.1566919848601795,69.514786674362995
-1.2559926262621683,-2.1786831959014314,146.9024582284828
4.3823605830952079,-2.5434089341080708,46.886999225148159
0.70488361772095232,-1.0926955974732815,160.48493695528222
-4.5895687639816805,-3.3130126234655166,45.954142318618821
-1.5447101390095579,-2.4036474276793012,129.0430391627705
1.3659015939392916,-0.80210621336899557,123.63974984718874
-4.1725074231413695,1.3011613421888821,149.31987135114994
-4.7377729586129007,0.81540219180755891,272.96300627487489
1.908964471330318,-2.0833698511942282,89.662367885506939
-0.20328829917902702,-1.6368000166433552,179.11411278880499
-1.7966729941755726,-2.0241721304263254,118.04868730566619
3.2201030235752643,1.5449217969702467,2.7761346427162605
-4.633982277332402,-3.0981849339182519,58.541746747515646
0.036845950345925971,-3.9315343670168579,295.05495921103903
4.155880859739371,-2.6939563233072441,32.274768775455179
0.74357198294449667,4.001549822241655,136.72413464884414
0.53544304337551729,-1.4133964271947406,167.00968959068274
-0.71392797364535809,-0.70233507901827164,177.41306898993841
-0.36290987902924865,-2.3508262878055355,178.11803159573702
1.1685299544883163,-0.21384763126709849,130.46547303690076
2.8546255568729677,1.3813368359973648,7.1656769379168894
-0.16079182031204908,1.0714373391920002,134.21756900978093
-1.8387074865625301,1.4917274944660788,81.283172913143545
2.7619207922049327,-3.1005448059794438,70.785001748400049
-4.7243011477600634,0.12003996819036367,267.97368369358713
-2.8896528000054933,1.9026078664689594,39.868046384349348
0.071370697124738314,-0.56695501411562166,177.33161235095983
2.2940905320008156,-4.8498826825416916,466.1064873127267
0.090455635353771768,-0.73868923703295319,178.10379626828603
-2.1675636253396844,-2.7060085854579694,84.542560698830684
2.8685519245594771,-2.9339983632308044,52.594301516900764
-1.3462840238365765,-3.0803696157337743,151.80616075761756
0.43035886963809133,-4.6292773659642581,459.35573056662042
0.58440335593640569,1.0899782420677431,118.88330359301661
3.089947415030311,-4.0723434230174878,191.14931628356743
3.3404479338300561,-3.3247250229143552,64.699246216335382
-2.3112574885158876,-3.6156190991936841,100.15011943277534
-3.4507757850323206,-4.960211736725185,216.72688435571243
-1.9107375947998402,-2.7573324286760545,103.85009538441663
3.956848270487324,-0.70582871204125741,22.085783884140302
-4.2154131875876217,4.8293305274785574,281.11763975667685
2.282422289879892,-1.1890282679162185,59.629516711297647
-2.7793909385431448,-1.4272836838144181,82.053809787525225
-4.1560027520324754,0.27358357919473253,165.64135380921081
-3.6884059172609907,-0.023393276638651983,120.89159974139919
-1.4522649627921518,2.2122019144934182,57.267769149813667
3.3493123714884128,-1.9794470317246549,3.1746398462788794
-1.2934375610891014,1.4787099161413577,98.889632234916917
-1.9312435231739622,2.4785495600309124,30.733999980794849
0.23964042476033853,0.5325016915684655,150.31853152337521
-0.37299544976121979,-4.8377756149671427,503.44305635867102
-4.5755219603621127,-3.9917446229436675,54.32360354353942
-3.271894363822101,-2.5682154146187179,21.710507681605197
-0.96381660375680767,-1.1075137495324565,170.35072309864032
4.8453668146073561,4.7787278520576653,725.50900141611805
0.50845551548782097,4.4475169754388979,216.20775581312296
4.4379579547289776,1.2051524111282976,99.253662607614672
-0.70313471534764638,0.47541855996356119,156.51177374400248
-0.16230945164482335,-3.3354332139388245,220.4538495162123
-3.772624429402839,-1.1912695298196532,91.655405554815829
-3.9361713813209933,4.9276435229853242,266.85926344260287
-1.9287928713275586,4.0576506760286239,67.169295122456191
1.4350051793794254,-1.1622989432097737,119.83007060445604
-2.4246479421759219,-0.16948617603367921,116.27347273667286
4.2996815125567061,0.69770371806323705,71.893355474877012
3.3710464352409293,1.6755246986944741,4.8344518087381338
0.82810413218839951,0.61249692717835202,127.72612129757802
-2.5431822748148396,4.2851720108880134,77.844912783531427
-0.21175675231600533,-1.1239976760106423,181.28932361137453
0.017867233329223353,1.5845759392244734,108.63629201444257
-3.1253704711498433,4.0635820560480038,48.815487797488537
0.91226427511877795,-1.2241458754483068,150.8366165042456
-1.1331971064898108,-4.0904718149036121,264.55363500857464
1.9286454144609886,-0.33910586929005682,82.621277439076692
0.5073091687130642,0.14572276203918477,154.17433897923246
4.693463666929075,-1.4231619160664062,92.343507049632137
2.717916714203735,3.5500116281653877,69.234666736135154
-1.1564022349783469,-2.8831567609494497,157.42376727366241
3.8459566827765475,0.62670723585782628,27.144194352779902
-3.6744569680995127,-3.7943702795429495,15.530323884538204
0.28377561994597222,4.0325591361300877,138.54248070438487
-3.6917698766180207,0.3191764546302176,120.83861923779602
-1.0814757112825157,-3.494845434936642,194.63973925858173
-1.6347508763469869,-4.5840025380675566,319.93222462066279
-0.64149513684483939,-2.7558881739877847,178.07443771318506
4.1293292685960488,-3.6480575399574686,114.72046560671993
-2.8945774209767001,2.2765619675712614,22.320392862240006
3.0053813349135901,-4.3740078635260975,269.35568562895315
1.3758236930414514,2.516295370418085,43.939476247178433
4.2604814811621079,-0.057316831953471592,57.817279986258789
3.041861201109219,-2.2398728334546822,17.017047582781302
4.6590664662729644,-1.5802487190061432,83.320184596520761
-3.4018289616511987,1.9263368666139424,51.014107447708945
2.8516290306837053,1.6061324871538663,4.0536935631827316
-1.7597181736334693,-2.1260882712071782,118.56355255444549
0.34807543336991031,-1.3014252223755869,172.94286136568135
1.4279956954248991,-2.9382815223773613,150.9615599316613
-3.5650640213389124,3.8918650106698074,52.367916483036794
1.0700817175197113,-2.6260427327147391,156.70806643633307
1.7637703517550278,4.0378094472217825,137.325988500249
2.8459510373248769,-3.4329213295058949,98.343653025451403
3.6869202900321127,3.8344781743131477,171.0527376477005
2.0741935365079609,1.8715790261938912,25.316572503359225
-4.6199921185789572,2.5820506509021453,191.62351764833426
3.5544733627464371,-1.6518428222269859,0.51431414958377542
1.8294477113420147,-4.8508963879961886,493.46368156803965
-2.3166118437456928,-0.044596520642457449,119.00081904418568
-4.0873503537578202,-3.7987897181157235,14.817780318128062
1.9529390130568425,1.6829437622314369,35.189116987408319
2.1096768607129626,-4.8141437014801793,463.49225562534309
-1.3051933257872324,4.592173816797299,185.53209588480451
3.0226871977622576,4.1104281810538641,171.9319624573867
3.5282461167149766,-0.99165057486592989,6.4007803322694814
-2.3177856849300942,-1.207422334115507,108.49950983489325
3.8678868056210582,-2.5623230214137616,13.743173961865807
-0.35939511677019986,4.9501675654217507,328.99723071339361
2.9927671291673068,3.4248469895317104,61.543145325300024
1.8676145216677558,2.5245333746489242,26.414774240793143
-4.1213389705647083,-3.9672399521426716,25.395838127417015
2.448876283751348,-1.4971198453332528,47.586594562445882
1.2381234060437372,1.9853243446068216,59.289949750311813
4.5486179686661483,-2.4681929034831089,65.407346575526319
-4.0455159600800128,2.8728979327107993,75.677840206438859
2.9951452302402153,-3.5071283008402965,99.458466649777534
0.81842223044648499,4.930349578868686,357.73798478540584
-4.6757349118595917,1.1393524531554871,251.73919745793566
-4.2905738050702462,-1.2451971028195978,132.86148625844282
4.6973384576168069,-0.35930578736385677,119.33601113026207
-1.107978981167848,4.91414807024411,280.91202587204117
1.3505390818219176,-1.7558626331018918,126.09303334856222
3.6192455452530297,1.5298785814952094,14.250382172374829
2.1685773929867649,0.76734154110728703,48.579867814605365
-4.4086500258159678,-4.9849302801644626,192.56848025357033
0.10156442873586791,1.6575136129375636,104.32091656609893
-1.4647938278401385,3.5966553234068659,47.634713036721116
-4.3124371111756128,3.3957458646097773,120.89077351358621
3.5256504216758593,4.3994318053150696,286.17979849660878
-0.62716925072133023,0.25828114318584383,164.24947564978049
-1.8995417273193427,4.0831053689698464,71.354284183958541
-2.3527666050646481,-1.728352579114107,92.257378950265121
1.0072061610055458,4.3952621295713552,208.82105147079085
1.4964666243756106,-0.71757602257476183,114.72189627872793
-2.1158461634675527,3.1285370838581432,11.975149538580579
-2.4924223217806385,-2.1317310903218374,72.364476861912181
1.7608308040327367,0.69662978376783169,74.48031583175802
0.88956112328909143,4.4842939021582726,228.72529200844227
1.703560830696123,2.2346726259557634,34.468820151796201
2.2364768394175814,-3.2172563525249669,116.14108223521038
-3.9072018450154067,2.9752172816083524,56.662696739395543
3.1996717608032927,1.950374717488331,1.412008524216416
2.1902567678039828,2.279411148881656,15.541760541207179
-4.854565501833342,-3.5685383242247823,81.743049457286276
-3.4519151125978871,-4.2989842748992251,75.9169634561934
4.1748382318722168,3.7243537614891178,225.10252768946117
4.8609156492485042,-3.6956021785074809,212.47001423264754
0.74647896050370566,4.0813898752415216,148.71498755549641
0.69330684058897329,3.2988291862332293,73.071508847501804
-2.970662245624907,-0.92029212425114082,92.824211419024053
0.56186170158187476,0.94994987104232376,125.40214076344867
3.7737535845211738,1.2513448118330563,22.939973999717811
2.8411838906741167,-1.4317463626101938,23.452083845747609
-2.1637632815519687,1.6126911480451556,65.213985171829307
-2.645940358770293,-4.7251416329369285,236.91898723696568
1.3525806473065778,4.1703138779732072,162.92596648912954
-1.7744897365883494,0.76160993218042794,117.4109389959672
4.9653900529975008,-4.7467622650881829,499.49128470047202
2.6009697831654863,-2.2035820839828357,41.663389951921253
-2.401577840901814,4.8834011559998629,208.80957100160654
2.6160765525028884,-3.70728046427796,149.44312946786786
-3.7606703662603,3.4695609583420683,45.352418823358839
2.4965947790642682,4.3316989536344881,203.54310610280464
-3.3710968037004854,1.4810529621476531,70.278101263120988
4.2209654298346315,-1.3354537318120374,31.033622270548534
2.711645910170378,0.98674748835155413,18.063944769702307
2.856493303833906,-0.020338657180118069,25.349308782476591
1.8768375881569224,2.3402794639867359,26.515972126844016
0.52258996448491768,3.1753661649524112,70.025579634828347
4.2783063054682895,-4.3387205183241129,268.09255167252786
2.8327963753930661,3.1659337838376054,34.328307161625986
-0.92758534337954313,-3.9395331393755342,255.86514584373029
3.7473369012216367,-1.6345649506247391,2.3197753699673265
-3.5560640995889754,2.6415793920102235,31.182797537698377
-0.75594153428393351,-4.3793082827563374,349.74394826701928
3.9938801278887119,1.5624477144575053,42.745109471395637
-4.6639640447331052,-0.97913653798624178,210.12231737751551
2.6502755755879708,-3.5291569025712115,122.02262753242495
-4.624081660547164,-2.7382882801716386,75.451046753504116
-0.26317951456880628,2.4902460951229157,72.369412708152936
-2.7425345218169959,4.9889969689125575,231.73004767312796
-3.8054853498869656,1.6632863628565122,91.096016972862799
2.5861339701257835,2.3740427890655633,5.2491384921886972
2.5680785157457819,-1.2323027826862161,40.266491291652784
2.3477220052244787,4.0660648073129444,143.17124814945896
4.0025999681256845,0.068783352541980314,34.859991955374106
0.32489996207802818,-1.7026461928826686,172.9454817683424
4.624074654503179,2.575527202178697,186.02481491295833
0.46644921354862223,-0.79641654453349364,168.87097847571431
1.6307347747904579,1.5981237987842984,53.388109152540324
-2.8117335153388168,-1.3924807478318262,82.109788636298589
1.2618191993499774,-0.17341219852406464,124.3823715179749
-0.10632762222452552,-0.26304413789655179,176.12289564284612
2.3006790712691574,4.0384561170769917,137.57124008521896
1.626389154131088,-1.4969960223929868,106.87230290723822
0.14860536688031978,1.9082112062878505,92.564453225999586
2.4207602301075024,-2.0403440032604614,51.729442346223649
-2.9523802744013263,-4.2149167599836499,103.27398368247508
-4.0484568298080745,0.45219942371092792,151.72306550663964
4.9912053102890468,1.9242738771615109,253.66145747391985
-1.6369044206388281,2.8648299543677593,29.949417197258139
4.1227636664286464,3.7332847197793164,217.00949619875826
3.3293478369283687,2.4138052192192294,10.889302489969797
-0.86983676966076473,-0.59971478453298488,173.97557893825166
-3.1235012947678475,0.37323683218701653,100.44193619358909
3.337224437688306,-1.4927307450653338,3.8957020445514985
1.2172865338450034,0.20237242723289128,119.75268967600641
4.5101322035504445,3.6824973954034164,292.18435656880717
-2.8460708596041537,4.99551644155218,232.67700485689835
1.8522449573678648,3.7218518442541058,90.5690341185731
-3.1840308962811585,-2.9875015819082669,16.402997898849403
1.983478612633311,-2.6886793609821962,100.04516032103805
4.5657671373903259,4.9325711285608627,697.84886369735659
1.0482565422693844,1.9058070569637353,69.306383519008492
-3.6054100320420299,-4.801860850648386,162.91983286283815
-2.6801359006019485,1.1139680360172619,78.52597167834341
1.2547215596855281,-0.48127794585487127,128.54802913903845
-1.1061271869693226,-0.82372439848471934,167.53370991809524
2.7743059247781616,1.2448670428092878,11.397820861132722
-0.26627877455610527,1.3003426500280737,123.79783239869133
-3.833651044578211,1.2321203542118031,111.07415583447815
1.1990942448170925,-4.4740373702279346,399.11283232766436
2.6932561808157089,0.42821226347071395,28.012425122305675
-2.7386342188430968,-0.24090177313315309,107.70749493800149
-2.0947995350300026,-1.3970847511917106,115.16426178364119
-0.27762030039844188,1.0390593100626848,136.10574701901101
1.6915769895848225,2.4634278517107955,32.78488935835972
4.1004631815814356,3.7283891163691312,212.08301143679074
-2.0542229360123732,3.316484940415636,15.779540513994633
-2.0473563849384808,-4.5150205155509848,256.76977399021177
-2.5044064331865115,1.3483634377989029,70.501147790212556
-2.1977939011791841,-3.6252331148222563,111.50000105381284
-1.850156320050881,-3.3458287207483686,124.80274908000393
0.87842504078144756,2.2883415644310627,63.827387875514269
-3.653645647354546,-2.0147144974554161,43.600199933432741
4.0284845280659258,4.575265169542865,418.73426164369613
-4.0065606206386137,1.9361103096047021,101.52017371986267
4.4153127535072265,-1.0195697465167934,58.269392989779412
-4.2610914995110916,-0.81544181783052583,152.49241465321762
-3.4185509078044563,0.6660161615230562,101.32936769306468
0.90413223272613497,4.8657779881906595,337.32186709497449
-1.9155298170448471,4.4418243545269238,125.29438287671894
1.6687984264836828,3.5070992983781828,70.725986123843242
-1.6916656834569728,2.7518035695499199,30.266695049245907
4.6575814850484445,-3.6933227036454381,176.64603763270225
1.1656758402450338,-3.280461933596591,191.24571974030204
-0.59594504043797869,-3.7048792207619501,243.49388274553854
-0.16302873070684942,-2.9301747854569222,195.33462509154
-2.2361928107924864,4.3634551847924072,98.786011953480184
-2.8769870122720724,-3.2873124699052969,36.987055410259948
-0.63180815923241163,-4.9519438670556157,527.15848562353347
4.6987494359031654,-2.7653916020160678,97.684767074425295
2.4240809782591359,1.9072700408285845,11.226561369243312
-2.3817336568883989,3.2446662334271519,5.6511531851699015
2.8778660814632975,-4.5138366409704362,316.44441821104812
1.4644131835507714,4.235285599684417,175.15735105432026
-3.4543551932427885,-2.0484471843431007,40.410491469288786
-1.8202377537997987,-0.85195010623491818,138.42875036894463
-4.562008269687599,1.5417720844798231,213.26956492030223
2.6425292251411134,3.930389979050279,123.00657885505053
1.7461023462392902,1.4105908531277445,53.433159640145085
0.0016119801811083079,-4.0576292292621039,316.33664990557122
-4.8821794995198484,2.7061072380189071,262.33301522170257
4.1964160507298836,-3.4394712673819048,91.527178519196482
4.0514460797027176,4.7158353602597742,474.74321651738313
-1.8786010881160138,-3.6657528881349806,144.80988724941324
3.8685106723199745,-1.9140193248928128,4.4910627851651119
1.8265350079176601,-0.67527045182266487,91.794161976450539
-3.35218958017371,2.0904195059225064,41.206038552229089
-1.6084208241314908,-2.4454722669258731,124.81287605165058
3.681883125301507,4.8720260804972515,472.09549405338618
-2.6144156116058377,3.9383144750894914,34.813008965622366
-0.15851096761746941,-4.9640057454106223,559.69766319020175
-1.6686132950488504,-0.29783526119225012,146.09559975362833
-4.346466739673275,2.4289597881544109,136.1832090101509
3.2852388854212649,-4.0416979123348256,177.33173734644302
1.3398589790816873,1.5771660114477948,68.246415009800685
2.6355937616900116,4.5561116629753702,269.00742102623582
4.6291197688237489,-3.2008904809250867,114.25473518730658
1.4228225987369285,-0.26711143852853958,115.74142002339777
2.9042787880036531,4.204985829856362,187.27342572250322
-3.4358383108521497,-1.3166604740561283,75.9908539483705
3.1343295639797848,-0.46389523392748799,16.015128080570111
-0.05521871961120528,-3.468092340512956,233.96269261065584
-0.62850372267544152,-1.6320161238982096,174.39564333000681
3.0945480916751293,1.7528875451487291,0.80193470981905424
-4.1397086097316897,-4.1142133631873392,37.582290392436043
0.33754915847999101,3.4669293689125791,83.742546773872277
2.4323631536095816,1.6971371857870574,14.315385918313725
-2.2435084879519995,3.2632707161923662,9.2835917107805166
-4.7162330792441312,4.4504476378949391,311.73189350055105
3.6604578240148413,0.30247532672170685,17.8475411413811
-4.485663411955672,2.9567455454025762,153.40199497126127
1.7409632631124641,0.19461978165726013,87.702227741024174
-3.2331008639108187,-3.0940022034058101,13.693256943743318
-2.909662127132969,-2.2809788255518439,45.336678459654934
-2.5209029992351524,-2.357970263784809,64.730830070617458
4.3760446781735638,-3.4984751310267876,114.08991268834119
4.1081288874739883,2.5186222760695216,82.395274779246833
-1.6660580402733034,-4.9537915336342664,425.64443312086536
-4.9418684763021341,-1.5756429013274253,229.81449745525265
-4.046740226665789,-2.1432981989893873,52.092426778328324
3.9120681813528364,-2.622630427223823,17.193996521511927
-3.4001969882098271,0.6101040909172939,101.93246227332598
-0.09915685897071036,-1.7197300241738134,178.69506448831095
-0.90170113201681357,4.2315735204683342,135.55661808036831
0.19849811241057935,1.9423898286275287,90.500648789284455
-4.9328289148592539,-1.6709192297301767,219.55477093063672
-1.7982125392540862,-1.0035394094881456,137.61396206582489
-1.0058909423174871,-0.49704374331836654,170.13956274338045
2.4736025890911701,3.2052000065079209,35.836249205891619
-2.2013723493969115,-4.5539880457731554,247.77254773474837
-4.6934495457554419,1.9322255653323603,231.34046050279412
2.4876728031435356,-2.0740797490735199,47.455307315117572
-2.3533159853031407,-0.041027371746221064,117.73528719305278
1.2585956245708783,2.3183528271158256,50.510130076995324
-0.26597749846018282,-4.8232862886007917,504.082211126179
-0.81449830157901815,-2.779027565742517,172.02786314618649
4.846598273522142,0.36529458188381803,169.32636972990707
0.29109556869039999,1.5604770290303147,105.77752960094371
-3.7914983656229344,-4.4297580177054758,79.102657702881572
-3.671607332133457,-1.8520870089657242,52.832754212162314
-1.3565790360964218,-3.685957796899586,192.36057580613183
-2.4367097189538574,4.2778083579413568,79.167266055899745
-0.64974189664616677,3.8311184078440181,94.907128853121975
-3.6084507143915943,-0.69705501288501459,104.21893204417704
0.80132351497835597,-4.9796609573390649,581.13868416194782
-4.446628537231498,2.0795593492419409,168.4910674963574
-0.97038573560466101,-0.22008487588109382,168.40352101229911
-0.4212179770104898,-1.9411039822803215,176.25835603001562
-4.8971926285502487,-2.1253251503258808,172.3452910577719
1.2740991951266718,1.5650107730300906,71.758422620820809
0.96885945431508702,3.0782387176136066,60.62728480465374
2.6134003608850733,4.2505351924060975,187.16116987834297
-2.5546781487368593,-2.949074612367462,55.831930082563204
-0.59042644700392355,-2.2454652767176668,172.82294129554697
2.2399566230158774,-4.4906908979513407,347.04259261794982
-4.7504615370954308,1.3693885772805174,264.86746446148936
1.4802990660509359,2.7900882386238077,41.353597440488031
-0.81377012162821405,-4.20018639579619,307.9379813714333
-3.3266808531169225,-3.7904697635789173,30.195196337760763
0.82990091793418053,4.1877122342817046,166.70282247038475
-3.0294244697520343,-4.2995156682545659,108.99102450309033
2.9861607331129756,1.0646732497035059,9.3328583240720207
2.0759435800767605,-3.9591930220915796,229.002362370784
-0.40757358009330336,3.0565417329204205,64.230785831496277
1.1094792686377053,2.4575817987565527,53.479908305643676
-1.1833980025150064,-2.5803397447860075,150.67655282718627
-1.2755970096621061,-1.9787785993744573,147.86940471640378
1.6011303742649314,3.2528882756242297,53.726001664886851
-1.7174677086127788,-2.1729046382324988,120.48165006846745
0.56987637937308122,1.5552399162895147,99.265366430774208
3.8691565730090378,-3.8816674334397021,142.48786831134561
0.66108753724577696,-1.7794283983125747,162.39968675562071
-4.3477548267344055,-2.0099993087843444,88.128987211038947
4.3851843271614008,0.66985041638459197,83.896576613371423
4.7021555146622322,-3.2939951677571466,134.24037436792304
1.1876775755476023,2.874133081788627,51.089368649431449
1.86307432630249,-2.5058060683976429,102.00089080370647
2.1130539112734095,-4.0095049804726504,236.38449291147307
-0.4431281598758936,4.7682230525457836,270.2966595854175
2.671165987705713,1.414516684050505,11.42371735571815
-3.6860988616045036,-3.8202120772747739,16.791861083952195
3.9151054209014884,0.6353368463743081,31.824270417936255
4.5989602061461881,-0.57679355804922583,95.932677557134014
2.4574560458894759,0.022302128663418408,45.020032595230482
-3.3436629855177284,-1.3301577751659055,74.842036579643548
0.28533365125695376,-2.0371988219534378,174.42892201687027
-1.3392888330518735,-0.98733128483657584,158.14558533791427
1.0167053505382437,2.7094103120501591,54.505700219578102
2.658510092850471,-1.7491523042183461,33.922585478360574
-1.4824455047549301,4.6946599858216125,200.67589995522107
-0.9334162865036566,0.56919184468464668,149.28837730772187
-4.9074890973698881,-4.4894496687470875,141.88087638592157
3.8009599416939945,-3.0360271409197939,36.390530696807197
0.42349413082193088,-1.7075685300504135,170.35716630883744
3.1925085897034791,-4.5928364154792094,327.99627261993044
-4.1319036728142668,-2.3855916715824281,43.19715115165446
4.36599031560349,1.6899831760072033,95.147967225893581
-3.7167655739027818,0.42984829448249773,121.44773888571623
2.287724533740275,0.62809109513347749,45.044558465270001
-2.6673469370019136,0.96988361977946358,84.654237722451896
-1.4226926625801628,-4.2054965401975597,259.56300606415971
0.504650213662444,-3.2906035076770888,215.77985480080767
3.8963611076843687,0.22768388713272003,28.755524679341576
2.9195621240210059,-0.8007145420672579,22.566631022539426
4.0990597730534848,-4.148485471361111,207.48230995316925
-4.5407885089557958,-0.41298357144044928,214.02852512770883
-4.1165323273027425,1.3102232901141981,141.00755973724523
0.24502168443429184,-4.6329091936057685,458.86522667221834
-4.2145770169712415,-4.2411527442981898,52.228810174250015
-0.70462033615030872,3.5832179021613459,74.256926401325345
-0.71065205097701512,-0.24483654138984612,173.87684263470362
-0.41794974740431723,-3.9523136440799962,285.66487294966612
-4.4168086407652369,-1.6074881828743681,125.63798977953692
-4.5188095168701157,4.3175384089865787,239.4376173061026
-4.2081674072685473,-2.5262742547723946,40.783755821731653
-2.1569640711383711,3.5169964427756373,18.330655024678073
0.92933645264414277,2.3299669105902652,61.351421741672254
0.06851480530627363,-0.10563520179573604,171.12180684789399
4.1823901420831362,-0.53031745360807836,41.979466155693608
3.7177685594753527,-0.15330150553922195,17.740222348350272
-1.0333963173361664,3.7871570449506233,77.56575346660253
-1.9712493886866111,3.0352032643908835,16.69619934179654
3.5069396420041734,-1.4283750451739072,2.1274775295068857
-1.0566250286899677,-4.9502370154329869,490.58503569032342
-4.9858484866475319,-0.37960537026191865,321.91259282296494
4.7088015929624092,2.9000229926043861,235.48606209586072
-1.3542544709828945,-3.3320372295903145,163.75350544113698
-4.3495932591082882,4.0889551726105715,173.02654598254884
1.0538580961106963,-4.6843493111366961,468.29725593420062
-1.6171565989939292,-2.3413708073589943,124.87993615091656
-4.5303175471077468,0.56894121747362991,227.45137146924924
-0.90052270193062789,-0.55521875077420813,173.08183501488512
-0.18797968048242719,-3.8545677332704269,278.43411184538547
2.2531277031625772,3.6766070002465447,81.970989569427104
4.4808880793927894,0.18816218237836413,92.037195953896955
4.9155358899115527,0.99936051606096754,201.73693456147137
2.1862213577295524,1.6218022442060418,25.915264029780758
2.1801927062926261,4.4396226670747385,224.99101138028661
-3.6560544986247847,-3.8947907937747548,22.705201481913395
1.4147249469448777,-2.9056380643873623,149.87483603401429
4.3819417127298905,-3.0726085877227134,72.856126647908226
1.810847437134897,-1.3816817749848824,93.614857727866948
2.2197311632042336,2.2981022801296644,14.49930054540736
3.8074175668410586,-3.6022342173967514,95.728241706411694
2.7292106062274737,-0.43036420379644191,32.546453190827791
0.37488393994351998,2.5341629436004141,69.351868421754318
1.32243378171058,-0.41960992511319617,123.79039619930762
0.29382012992212481,-4.0205557503566656,312.49788212271142
-4.6065539039821051,-0.85529117913627051,205.97041539609575
0.13289305548027652,3.9989798877303873,132.02806651150141
1.8839566091928486,2.7965884151250702,28.977110272203916
-1.1664049024003531,4.6066990853430383,195.76919657553651
-4.9098109659645868,4.1185320733817523,322.22061169398989
-4.5000433356612488,-1.3761186086423032,154.28593599513326
0.99560591048841651,-3.4118433913137851,211.88049968177194
4.2816570431596581,4.4794236759890502,440.43831156475665
3.8061621147632803,-3.3502221203992621,64.5019876322568
-0.46259852638847221,-4.9477379294783272,537.14630897073118
4.8390416309705628,4.6719143352572328,678.75256648284449
2.0654984233226052,4.0891508988081746,145.91892661446232
4.0847890507865987,-0.93324949455464346,26.762883916473879
-1.4201902581871382,1.4664355391039674,95.809491421841727
-3.6343111976926012,-3.4934244435053454,4.115723869332224
-2.6606526036344906,-1.1152341128491066,96.207223846227336
-4.7512434616970181,4.2436603531607595,289.36350285932411
4.6462697600529026,3.6034943880241777,314.42102995647485
-3.0342355428006473,4.9397631260580681,216.31089292969409
-4.1780019944329316,-3.5286126345128102,10.188641013122954
-0.43669813297889526,0.65245070983825126,152.31568866176957
0.28983562393509832,0.81426316869914928,138.61289286192684
-0.92403629089554684,-2.5832353305548321,163.60225706459676
-3.8517410806521148,4.1980184096167967,110.39879867296708
2.931407659309655,1.0817791538591761,10.156221167011193
-2.6122714573934984,-4.9908362563360127,318.00455265072037
1.3002946956542294,-1.587222309500949,128.84789274895232
-3.0000883258356557,-2.2631555949449753,41.966959635743414
1.4740004439635088,3.3925152010422917,65.335334045438074
-2.2845046936666376,3.0995162907308345,7.2945643310891777
-3.6688958517423491,3.162190380014815,32.066144926643233
3.8274598302788974,3.3384355360864184,112.39306349262057
0.29000870581777427,2.8149367181394771,67.099022705477736
-1.7247701041581109,1.7039914747876717,73.843447132012784
-2.9119118315303023,-2.8676414385025017,31.88615451509467
-1.8326846516689481,1.9532681498469371,57.52791615635239
0.32299282540575902,-3.8276624245650268,280.36123938984002
1.3633563948544314,4.3880951564118291,208.06252628773117
0.93109885501518885,-4.0182629356094077,301.81652641847273
4.4106991468330321,4.1050906391235102,361.15546547271958
-2.5728876511936773,1.2935167923258506,71.933207594836702
-2.1365351061328393,1.3431046749715314,79.696710649452299
-3.355443099718018,0.41999021864664332,104.07411123099639
4.9024383330548318,-3.0068280008246386,148.75374415404676
-4.2061442950036767,3.5226072581219441,105.77733696201383
-1.4106649383223195,1.9646143754096332,70.348996952836586
2.9654210847842455,1.8642742121514511,0.42951517609737927
-4.3389170649403042,4.7913087254223203,294.17302913617755
3.5947073150666835,-3.7336415662198554,114.2640625391809
3.381310767580775,-4.8488698943557313,415.22307051667008
-3.8577714480926129,4.9362920250643008,260.2680261689577
3.6468185434931168,1.83271774416498,17.073482901742679
-3.9035730911527389,-3.6598688984631051,6.5395162682255981
2.2108261718867102,1.2131671924716292,35.006126602758691
-4.870244246366644,-3.2276279350639054,92.201667652921898
-1.1139989056681006,2.5447936131794027,54.727990527494121
4.6642346708175904,2.8205658990833484,215.88075079355411
2.4234536080657829,4.9211177129830794,385.80544765916335
-3.0627487851498314,4.2290174715847222,67.99039756444796
3.9401101421346034,2.92089795045149,85.373575676991436
3.5550473363621755,2.1762126069027801,16.217524512295231
-0.78232156096790284,3.3336090652949153,60.857131977580003
1.2780105379784938,-3.0228649455359209,165.16821230379969
-4.3158607895402579,1.7153308945284813,157.38820256742486
1.0090804025025921,0.8798336399273099,110.06013537951725
0.89293194597584957,-0.10382142695676499,143.38855947524891
-0.41242781237792769,0.79304810065027986,146.75436875607917
-1.7037533706812176,2.4035889762452465,40.981965633067446
0.97577079056862992,4.4861306782636312,229.77508769166423
-3.8883823330916609,4.7057519488187367,204.57658678852084
4.7003107699441777,2.3012884479368196,188.38230557020327
3.0590169625782746,-3.0527015437235732,50.967045006568846
-0.32744149910752807,0.015101025425764192,172.01200185249189
2.1076949579978876,-0.55897554851762443,71.620998801651155
-2.5824584291076533,4.9556961617425532,224.68489407019248
-0.31332209176488046,3.8333417603421012,104.44543656490652
-3.1835076087994834,0.96807726182926146,85.505260302047148
0.8882771638754523,-3.3728532460233183,212.2341600321823
-3.7812573158819429,3.4992768964456822,48.344070893002893
0.44520145030526415,-2.4289822337461073,175.48230438058107
4.8025864873579192,-2.8151520833978974,118.36284821470095
-4.6413226666113339,-0.29993892035236147,238.33117902590635
-2.1268256512860075,0.72903007015707466,106.91458910824983
0.49420873770050111,4.0210030876909268,138.72419983049815
4.5868457673973033,4.0133845499172356,385.0022531040006
0.71396757272535716,3.7495127040856566,105.85416675058551
3.8386115453108687,2.3677416347391578,43.219811683065096
-0.18085298143177297,3.2319418846570596,70.493227380323091
1.6644941033130571,-4.7172760874270727,453.80920192989765
2.6072722469837402,-0.18625355949696409,38.250412488164315
-3.5857531818181556,1.5470200955005522,78.708375642328917
-1.5586353523974008,-4.2336530126312333,251.65696801323196
2.0461290000736829,2.9976528202596642,30.817030375227787
2.0736934780136274,-2.935104237885338,106.43654650224826
1.9552125949241974,3.7608651268703674,94.468567385249415
2.9830201540245067,-1.5310265513336119,15.994628565328938
-1.318494016589185,-2.2262241589066507,143.27536402994895
1.090771325702474,4.2604989366936525,180.68118678985536
-0.91048143879424437,-0.1504147901372761,168.75037476710867
0.66661934194286765,-4.9748817242133683,580.34798456620172
3.9495078999306283,4.3748123739694567,339.36190601929752
-3.5539333391941468,-4.503718583935159,102.91981660115646
1.3846037442911427,-1.3228718303265339,123.22088092418457
3.4477842238627581,-4.4383327191132187,273.32252529886074
-4.1461191294623747,4.3081845401896164,165.19062023042355
2.3322276015959975,-2.1656187335956396,59.696713742992095
-0.88234761004408924,2.2730664730294956,70.551031925347473
0.626544358296238,4.9762922186744376,369.90300179509262
3.971808927280712,-3.3895991746772172,73.511834448454408
4.1338171482451429,-1.9931616321097967,17.995704788492514
0.032906172129212763,1.5922997268512251,108.12419890161715
-1.9223033164168606,-1.4177228057544076,123.8623260481138
-0.66760269563659502,-0.23802679013080663,174.40095902840486
-3.8226436328279072,-2.4782600588179942,23.197287594747728
-0.68359826950024782,4.9459371722878558,312.73649281962673
-3.9494287689795371,0.31836977879024086,141.85118074385869
0.75991358806801834,-4.6154920679614841,453.02649536269399
-3.4742997369417505,1.5718944222391702,71.038789807016101
-4.370558407525758,1.8596424822884758,161.83425896265533
4.1425166900057722,-3.5141733677510012,97.099507978218185
-0.48834152348971394,0.97654361807820855,138.44817030889527
3.3886382029905509,-3.5388390381440562,88.763053090592805
0.981122149099801,2.2996370143477449,60.406665212315694
3.9027895360179148,0.28685035011414683,29.507682056852676
-0.89040303836680401,-0.88395470981531865,173.55158947958029
-0.67334969835509728,0.0070994869487881473,169.96059701782016
4.9482867991410604,-4.4262089029154543,389.70951154438882
-1.0081681791455104,-1.5166014172589994,164.83683412763889
-1.0551316785341305,4.9209121513793814,285.81253007184227
-4.3637523122389155,-3.6106790720147881,22.439336623179429
-2.1341534805681306,3.3097357801411569,13.145439392895934
-3.8543872023668793,3.0922991290837345,49.952493073968633
-3.3198232715764457,-4.6606507085973909,151.5262519098649
-3.4683376667771482,2.4310682509773374,32.752202279863234
2.8644194144383581,2.9872313175344605,22.961574055899174
-2.6953058503849987,0.37793615601656949,102.521754315832
0.10629989723912292,-2.277363966355832,178.90338124037416
4.3104018757990197,-3.6237937982387236,124.68940244362214
3.0317065666173892,0.73581908389172135,12.894586991990016
3.4510857734901474,-2.8850897697614797,26.699996807941918
-1.3487504419397527,-1.6833521658160859,148.44743454575445
-2.7140452601463512,-1.0483421637501604,96.142575841793587
1.5002952720238296,-4.7503476233634547,473.48716135757604
1.3493312331604876,-2.3095430097662524,132.09391984975582
1.8486636356673465,2.3607846751736332,27.443770101394279
0.2042951999540632,2.4801083216622981,72.294839886565924
-4.6780539914935915,0.8329938296800945,257.94448330534254
-0.32199191054385867,4.9000856191220716,314.47246092530793
-0.15515258585140224,-3.9707638494767932,297.56691003136433
0.12796877517627614,-1.2972396733643556,177.74741374029057
2.5695577843330311,1.1236759359748527,20.752013780987696
1.2110046479802712,-1.5220765075390008,134.28177635057966
3.5468971381929553,-4.3989905699954157,260.69089217296823
3.6140606819473859,-4.3188818122733519,238.17127423012946
-2.503740122361565,-4.4391314496988308,188.18036707382265
4.0929417584711736,1.629401820531406,54.5511940029211
-3.6750649827603468,-3.8782358260678453,20.941633195432747
1.7138473248071708,-0.94801182500581316,100.44292957212559
-0.38584177249178353,-2.183214322155584,176.75537633314892
3.760340330374266,-4.2381752270791404,217.95674946084378
4.7277068911804427,1.6928541054091415,170.49986931627279
0.96193385470364667,-0.77945023852511763,147.30279915453735
3.5870165235311351,-4.7145247239021568,362.06773804293789
-4.730751671708493,1.6301217473805636,251.59114526532957
-3.0186546767525249,-1.5074857532222175,71.530155166067303
1.5522378538119206,-3.0287698757896315,148.88949937539826
-3.3723810143706636,-2.3176042599826436,28.79258205296432
4.248093779641879,0.83574317287157385,66.343230634680623
2.8655579516401222,-0.9511664807336162,24.416805516168147
-0.061550570097307578,-1.6337687045222871,178.80914260721801
-0.28392132943152504,3.2378368300819069,69.244101370804742
-1.3500385297683515,0.65509369648588489,135.37014673585298
1.3782620083816157,0.49553386268490929,102.94697152940601
1.6070018292230444,4.5397876907930712,246.58417355604007
2.9692005259050456,-3.933343862189286,168.30266467278975
0.25361207368846728,-2.8106468928977506,190.29173991072784
3.4315371131100516,4.5343092580386344,316.90450043408373
-4.1694754380224461,4.8564562048897901,280.50906181148355
2.5364960694918404,-3.4095763123766556,114.90285426127329
-2.4281970962639257,-3.549893780189175,84.958846483236726
-2.6408819418117742,-3.7918936078151821,83.560054091562591
-2.5198254918051592,4.3187912698295055,83.505861814142392
-3.2467368953375395,3.22370636999133,7.6664464103262659
-4.3802269548866111,-2.5894158226814841,53.183151848090326
3.402040930481899,-2.3152880053126159,6.1392500793864819
-3.5885212597010057,-1.4257211194127235,73.406497957500846
-3.0231651202396508,0.20752120341990121,102.3346459184297
-0.68670266865537055,-4.9106349661956399,508.23214802274623
-0.38161036164528017,-3.4079722085660178,221.329952357742
-2.4317416651993664,-2.3958779497348552,69.615212120949082
1.407927351088464,-0.58133910628702612,119.7480813336736
-2.6561179840293363,2.4502211301357981,15.575482771570554
-2.2091295258561345,-3.5906036123105665,107.8576379902602
-2.8216212889989518,0.26040767915945562,102.85433001695353
1.6922454393674204,1.2898075335121213,60.154369811108758
-2.8848634519667096,2.220684989571672,24.74512322690877
4.90758565935338,2.394624008003067,252.86287009917172
1.549782651001042,3.2710104827267337,55.933737219293988
-2.3369421388677498,0.45042382574806616,109.32163058662621
-0.68256213182298886,-3.9483216170386601,272.25640643539975
1.2379434955022264,-0.88004322402908297,131.94752449268117
-4.7291518771408345,-2.875574004890407,84.04143754896748
-4.1908073103620689,2.3216185941098413,112.58444095026982
2.1140798221831982,-4.1703936204559779,270.91929633338253
3.8832234909357659,0.59677053907063371,29.48794285233285
3.2315941587443575,-0.50923008651156643,13.450134985152072
1.9759651897417054,-1.8320486275307548,82.48322243065607
-0.55400522152965692,4.2969986341434527,159.94212435473085
-3.2853590349192676,-2.504883699645521,23.438598787995552
4.505052952521206,2.9636452423039961,189.82873238003975
0.58394458264700511,-0.81841254360184212,164.75066072523722
-0.61779009446385391,-3.0347920444647114,188.94290276752429
2.6474878471430756,1.5422900207138426,9.891338992159703
-0.36096854486961227,-0.46901521726332529,179.56028644212486
-3.0047637344101146,2.7373488065871845,6.8952481588347894
0.73780587814266685,4.5051598387170682,232.36900765753202
0.703574099288371,-4.9014374859480725,551.62786134990006
3.0402255513487937,-4.8855528983227883,440.4863037024794
4.5490346124639345,4.5024891746632711,519.13608283672352
-1.8810044116208724,0.28003816216116562,129.06349305333617
3.2926038029899267,0.23789718395894077,13.334611530766303
-0.37664929558025761,-1.9876098768688291,176.7510309435948
-3.767368823231104,-4.0116517739121145,29.036154657438622
-2.0521787924377026,-1.9947749502433458,102.88286501546129
3.1605445398916139,-4.5060547757309957,301.53610011125448
-0.30479833311189353,-0.96386710106947859,181.57010888302665
4.9946223180428326,2.8154775848934328,316.02017475928034
4.8965481927396972,-1.3589255883843769,135.0266301384562
-4.1942535618547883,1.6878770065845528,138.19688322228484
3.7367301198590521,3.4125383937010501,110.9098397912384
-3.9612426855955172,-2.7348875746963719,15.949877371160474
-1.4118678960378173,-4.2740040084582525,273.50101641523452
4.7417631736423722,-4.5959131455810249,403.30743920312693
0.73425878124124733,-3.8598281581644467,279.6028371391933
-4.7769704556985344,1.2995734600581264,273.87803437965113
-1.3906850190619169,-0.8626447470327232,157.04729741357687
1.444996373230456,4.3793897468812393,206.15918778956117
3.0147470243912409,-0.021648158368518189,19.614796227132867
4.7039048103074794,1.9659943739998642,173.88106424782791
0.75716687203599786,2.4218930051421275,64.21923894591896
-2.6133837406201819,3.6267227132217652,12.825111265405949
3.9342717638687912,-2.9794917754929044,36.022203011469287
-3.2588802102893473,1.8806323354116419,47.439456932023148
-0.38876643366933816,0.52482936245535594,157.18495182187797
3.7349368068287632,2.6863323697307209,47.378374899987847
4.6830676652056251,-1.4446069352244706,90.046902279903989
-2.8937045250325064,-0.8895566046790826,95.216040811076212
-3.8847851900710673,1.573590200607331,102.79841949877965
1.8887501749431053,-2.6290547214315456,104.47979858796676
-3.5748175602788459,-1.3750907700274921,75.57426663579929
2.9083969305839483,-2.2915780409372344,24.700973769683589
-0.14105515098200971,1.3183832735526257,122.54038869584535
2.3918432451677543,-3.0411792984388146,90.762118262467737
-3.5474651315578902,-4.6385094589475662,129.63063136415553
1.1224820470590906,0.18942020566293749,125.33895868663373
0.069793797196223473,3.694644717199898,98.458067333019002
-3.2308677058580626,-1.271058899086416,77.581247099203253
-2.3325127773622905,1.8835460904899657,46.975313506193473
-3.0156091779278764,4.595868547314911,130.58693614440244
4.5850444951560707,-1.2517807762919224,77.646953792326329
-4.2392547636173505,-1.7183731835494012,96.258266528800789
2.8155274815728406,4.2104378825061932,184.71558012102355
-1.4187165055663598,-4.0044114499275896,226.79561034740613
-4.7145436132831113,4.1249416503493137,263.77606203886842
-0.90249723449379449,-3.3706003953880073,195.72869877154869
1.9076579723211431,0.16416441890682165,77.450351521081942
1.7155980598838418,1.0728768234160793,65.858588486063539
-0.47641483947962637,4.0029354889890616,118.88670183444677
-4.1582137893723274,-2.0024958089081233,69.48616568913809
4.9436507827341742,-3.6141661402737508,217.66946575627307
0.90640932965060728,2.1073595370482181,67.873225522616181
-3.2415124292339543,0.75484863433512217,93.610865604838068
-3.2245823829252767,4.8589273285637873,197.26816121321616
-3.9489382806311326,-4.7383051292635505,132.33053395833662
-3.9411795921547683,3.1958052765874658,60.262828328733683
-2.3278049915371546,0.26169759524418446,114.03341926347557
-0.020590445054915918,-1.6166865158581256,178.59098189510337
-1.1553533589446636,3.6064378093236353,60.240689936877587
3.1711449360063746,-4.5781108884910866,323.9372071851916
-2.8663625961195716,0.24286750715029637,102.64184149264229
3.8579406952407052,4.0179965396443151,231.49507356008272
-2.6756293397044968,-2.5596908179274465,50.725894232517263
1.9635584583600094,-0.33116330473650724,80.157703920310055
-4.8468655308783202,0.93696982814159213,300.65799497818284
2.9299319961690937,-1.8045945166058437,18.470978094766419
-3.9329730848485749,-0.092277727462102277,138.49315267455088
2.2002130686782788,3.4264713424422659,55.643409756824205
0.3696073408885967,-2.9564334924801914,195.4400815446875
3.697172661979204,-1.602233944094853,1.6793884847776068
-4.3258931386714004,2.3268106822455561,135.75476910849028
3.1224333096888284,1.8211946222777806,0.64031035230513256
-0.18288842900071245,0.042178259201798518,170.91027030289405
-2.8911753479422639,-0.38366867178531372,104.09427984740687
-2.4824613610854347,2.9314250478129971,4.4233774367522516
1.2221693902013921,0.31736108228201232,116.6662417944498
0.24365450335989358,-2.0017526744318954,175.06415850845329
0.61862155368662819,-2.4996852346796468,172.07317135869718
2.4944812982297728,3.3315492077570639,45.567854481650876
-3.9918764869796775,2.5017551739164201,77.708698272923101
0.31190319251216891,2.3966802936249465,73.243824690845329
0.95503642463048433,-2.8709399429612024,172.75994380916373
-1.0440347807903598,-2.9634096370107774,166.26874626975896
3.1159921506151278,-3.2037815435584909,60.906460121786694
-4.2486323951594187,-0.89728006818345563,146.93388627407785
3.6599297700381968,4.8451556822661654,457.85798302056384
-0.023116966912663628,-4.7267477882107274,481.98639697323131
1.3807079947674659,4.8849972444083125,350.55282836436152
1.8056225055938793,2.7888110603849903,31.183924346234608
-3.4426069516156881,3.7958811781629791,37.328552465130571
0.70527637544739363,1.8184723560297824,84.341254818858275
0.51251812225262672,-4.5630911144858661,439.57542952388621
-4.0133311368072855,-1.8557995383499239,67.864074424947603
-0.012451172998165561,0.89675910422560356,140.61501353705441
-0.27274988049101623,3.6843034985214533,92.143399580778549
4.6134750495914041,3.9249550654488381,371.38650620275666
2.5412032675379761,-2.5206082033617587,53.474244417576799
-1.0364758393017768,1.2600432366969869,116.68051052067983
-1.110000747620616,4.2171071811210012,124.3974081479147
-1.5346761476234323,3.4139301461418956,37.097592114977459
-4.4615635402640015,1.6416384079514943,188.09621242570569
-4.196121074148679,0.10197961825690172,170.13656465921949
2.8122809041798247,-1.15264830436421,26.183769747109032
-1.8773173051425953,-0.89611090543735994,135.28124021467497
2.0566494371278345,3.6903296579769158,84.744348826209048
3.5171138497554288,-2.5182927012073399,9.4917475305403123
-2.3401665215689227,2.0327056379851118,39.312608927676848
4.8954041461069195,-2.1937611032736322,123.35241456292817
-3.6039881309207491,4.6034795392167069,155.56373328254449
-4.0972705711734392,3.0070677843310616,81.568901317997728
-4.5179188867543836,0.075766807598524721,222.54020814196883
-1.7820320750116414,0.14373275919376383,135.75371697586294
-3.9314006261382346,0.88655811119343841,131.47142740994062
-4.9692652119627168,4.8058768362809765,466.04481235097262
3.8630147189953856,2.5477163923442863,53.117120549527769
0.67084778314062543,1.8138966407952752,85.553962630921149
2.3796507131712996,3.0908796722351077,29.382578209801125
0.38758325611361943,-3.3681028400299513,224.53715512384258
4.2985537986850026,0.41792991226214848,68.723457282166166
-4.6531724691426435,-4.4868448544129098,109.89604144405058
4.1760281161297605,4.090212656133243,304.24191505166141
-1.1954785768692817,3.7113053221140664,65.451567871982505
0.46374120475433411,-0.28502094578702142,164.2114331622069
-1.560546329157992,-2.2845785173339159,128.87067290961812
-3.0428385998483032,-0.31227458230389793,103.12593700341586
0.39608816005651981,0.77130703006525358,137.54934766851196
-0.53525693346912018,-1.2235330770743529,178.95290501321466
-3.1867594342624441,-3.4064767671655551,20.080159050036173
2.8969849829134642,-1.1694350399053386,21.747686141763065
-0.87338099973603445,-3.6670165300471886,224.39273667121063
-2.2356917285363491,1.3278112002731444,77.684960312665737
1.8013285492880327,3.1914317611148206,45.693954471884169
4.4491693480874961,-4.3922517216417294,299.64771452246322
-3.9874584990431141,1.8663941558324249,102.09221203895009
1.7917892939692424,3.9506553271663467,122.88557018200373
-3.2088842685833683,-3.550711789332702,23.848206823261126
3.2246230972024481,2.728221578898645,17.974518522678597
2.2987889884098553,2.9127955419835905,22.167891577911551
0.94644349477147038,1.0167042259543502,107.78247707065771
-3.8281286611475878,2.8879668060465882,48.993806737521346
-0.031562080095725698,2.2420780604960777,80.702362829250205
2.9018681153335084,-4.8897630874493778,448.28635556645975
-1.8638428701326744,4.2892132171888413,101.36512834836275
2.0241458697914583,-4.1764044567719187,278.16313730878448
-0.16642769988830874,2.0356771802505982,88.998440498835407
2.4418932737861008,0.79249124979468366,33.462595121148958
-0.31681055335777231,4.9221813794437779,321.71382062631068
-2.4882847464169719,0.33452719672695075,107.93231954833146
-4.7797922278945659,3.9144866563728211,260.96176098437013
-3.5254971370141552,-0.089163677050670742,112.41430430197337
-2.7737513910249687,-2.5356598853172083,45.312075059581758
-4.203595717239101,1.2304078812812094,156.31000699987553
-1.8257155167717016,-1.8469555375717346,119.82733119275025
1.1418417190790784,-0.31141847339202577,133.34353553986688
4.559864587709443,-0.17250620838030351,98.351601671634512
-3.3377953624756929,3.2917299809126384,12.030492975595378
0.7505809746857528,-2.1754933454884102,161.36583022329839
-1.2947244341635327,3.5799559764449178,53.433164402587025
-2.938285701055297,-2.121328610197672,49.714970341898166
-1.7537676965336142,-3.897615721560638,181.20088123587092
0.43276058649257365,-4.946894576291931,568.93746767387029
-0.83004655668383798,-1.7049960815712577,168.62098049808225
0.052183933691127393,0.52763592532276249,154.09449589228933
4.8492308912910573,3.7171042539495254,399.58028559965999
-0.12781753221890391,-2.218914783779927,179.16670232316994
1.7122238332260604,3.3880863576097138,60.237153843343719
2.8874041524555594,4.5827582221528189,288.92679056338807
-1.7432188299358908,0.48292580441947308,128.34453261047742
-1.453338092396911,-2.6596497590255876,135.24708929847233
-1.4612365892889012,1.9907586032187128,67.485329566267524
3.6519238136430303,1.8507068697992572,17.539034618091971
-0.97609157160982107,4.964882378175119,303.85153637624745
-3.6385513817844615,-2.5555724957328891,16.972565288129232
-3.5937563191112503,-1.3556843737784341,76.978296471404178
3.1453163000561375,-3.7024864641446538,120.22686285353807
-1.6168949473822041,2.7071951554484048,33.903774236300464
3.3609261041804643,-4.5503038527653583,309.35548046342211
-1.3522010790069832,4.2472236904181564,118.08132351096936
-4.8652033739142828,-2.3993959222064754,142.79841304843467
0.99654081769753855,0.53738561354354619,122.32934436650595
-4.6710957603059677,-1.874865141800957,146.51992608630439
-0.75161350690911899,4.8678140638679182,285.20556219991414
1.5485663894935611,-3.9658403484709916,263.55470574409742
-1.4879064517930214,-2.5613440178767952,132.48022671009826
-3.7446029158914245,-2.4632612562791549,22.18607827310764
4.0435258845627402,-3.3547191235643807,72.832816880895365
-2.8171432420486986,-1.6225969612787674,73.575903798879779
-0.60597591207245038,-0.4590273767188382,177.71849868426762
0.71924044374517937,4.2087787782603208,170.07684574166606
3.6720337304798569,-4.3721659532375305,252.82260910840441
2.4335160210296198,-1.8086211136332695,49.103540152665005
1.3141667324348365,1.0551957515630495,88.438542363564608
2.9521083184571904,1.9801119345837872,0.10913247138901096
-4.29255833163504,-4.8810119280485749,163.52123842834035
-4.8939393809437446,1.3642689321417043,305.57195717213568
-4.1130100590230825,0.098361495162464507,159.46684012636601
-4.6906382111426357,3.9778316019364635,241.47556235149796
4.1873869913270152,2.2500228790403218,82.225198789408267
-1.8174121410866202,-3.184487385374553,120.15883170872048
-2.2621759263387049,-0.069465720170299505,121.12514827565781
4.0853870035582922,-4.3205931100179988,250.03056621004356
4.3303753690665054,0.31410191192039694,71.674292486333485
-1.7267540921073623,-1.4953509887060976,132.63886202848082
4.7819346193849182,-2.6238325235595239,107.20985751810424
3.3454188222248824,3.6585289968071528,109.50307020930498
-3.5295592094236832,3.7905330007907203,42.279581348917624
0.52798746917288586,-0.92211810141074402,167.17116875604427
4.4516414309980412,2.7615514511806918,159.84956666661321
4.3183490319194888,-2.3591190566026707,36.289980094409287
3.7403237995204481,3.3132463185823386,99.297558873219231
-1.1843385728999616,-2.4641965506318888,149.94157199740269
4.7141137912343023,-0.83988929994426975,110.30415634917955
0.16004014718873449,1.4964292213475483,110.99775378901394
2.9563600222624533,2.2672951566560169,1.2034354110520835
-3.1025499263331504,0.86107915841887284,87.893331371200119
-4.7554738381749146,-2.8896019311272463,87.723013604124603
3.2411094950705088,-4.2045202360119971,215.82879946423711
-3.4564563726829176,3.3148438098298989,18.446825494459091
-4.2966447053170178,1.3334717202452815,167.94727370558005
-2.0743789966165682,4.8032046852038714,199.48538607771803
-0.43945784997814741,-3.4716727702434493,225.15724473943715
-4.3058256859873802,4.6967248694314083,265.37632153663344
-0.25603212574471801,3.9671225029607324,120.48843135410333
-3.0709761815661007,1.1806489903369242,75.441993361236612
-3.3299116302918588,2.5590961452006988,21.304263375677987
3.9202357869673232,-1.6107480795316933,7.8392815177106696
2.8250995521591618,4.157022642731663,173.06110180203066
3.9973150122603194,2.027103622706016,50.303127552137298
0.74034583314841917,-0.69690467338255591,157.63440157147565
3.53120927140478,1.9562473224149208,11.863571039850912
-4.2128325544686991,-4.9833829457648129,188.65280453668566
4.1891966578068267,4.9246910379788176,591.40390971486659
-2.2633609642064374,4.727623096874936,172.5926385242719
2.4306567871690232,3.7611655958875172,93.490251954801593
-0.54803789843675155,4.2068185878972617,145.1648982787809
3.8102277128589837,1.0138342256796733,25.209893441082329
1.6334690432792511,-3.9797259441656792,261.22939305282108
2.5340436796781578,-0.55297164482703121,43.640346448481594
3.8415286425288659,-0.85223496946348565,14.355084566987049
2.1724704675081075,-0.27512596559167246,65.554492571675397
-3.5709575745288,3.3438553497064838,26.337673195968666
-1.3784264982881798,4.9286620157287011,270.63213168825268
0.91935735194509238,0.95294520642411396,111.42895167492334
2.4524849382098424,-2.1068925397053762,50.31122140986696
2.0699685381057318,-1.4625994553212069,74.665654772917691
0.25408161368986182,2.5210184389429289,70.954932837384746
-4.9361268890001497,3.3644702393629196,280.26687198534268
-3.4932792690535481,4.2783406758656053,91.055562257268818
4.3583274014662994,-0.54153838269759902,61.069378296864954
0.21987655034902609,0.78747120301350115,141.25637274842126
-3.7271213152385014,-4.7714433797935438,148.48521682869426
-4.5265071924291274,0.33693699208343642,226.81041947962242
-4.8134068141944573,-0.57112378276689046,266.46439424937262
0.67283516232734897,-2.8763977585953544,183.98432864775134
-1.1829577988133777,3.3365081142533253,47.937522213719163
4.5671711860255666,0.13066994102854057,105.63042555564026
-1.9441785908228617,-2.9504047347916575,103.49784238106471
0.95017227651019276,-1.6132827790950364,149.01758452896283
3.3790037899402154,-3.132355533194028,45.693744971751691
-0.62397682361863005,-1.9253457100773641,172.49431306653113
-4.889443336124411,0.47470410208904035,315.11201553648863
0.38812752650418592,-4.5762149363717528,443.29346370869825
-4.3315396331034206,3.7455261413718457,139.70468955164509
2.9286093215019715,1.3823395208411151,5.75137109058773
-3.2623268361685369,-3.1045700942078649,12.373355944274172
2.068331128677281,3.6298436487772552,77.526589692514605
-3.8476339647136326,-3.9636675142572679,23.674425918872803
-1.2091782155165003,1.0772567131108914,121.26640047525261
-2.7112613154319356,-0.24555738005249772,108.30914541013
0.11175641089060484,-2.3525771849979824,179.79023798137908
3.1980010210569016,-2.4010179271061864,13.925983111548724
1.8383460312930788,2.952447905951133,34.430679935374485
1.5743450943455572,-3.9876363352484732,266.21488609587789
2.7735708743259089,1.6230006677381938,5.3722925410556659
-1.3111889866414641,-4.0343303030730944,240.72761704318387
-0.49606169649688692,-0.36782752227529514,177.87418573033693
-2.8902059804816798,-0.35481843328150831,104.35091631611577
-2.8641215389174821,-2.7923956907692524,35.510229092083286
-0.82426202620287015,-0.40176720760153906,173.68818497723657
3.2648080441850755,2.1825915038067158,4.4491950031633687
2.7450319194789552,3.989181725255289,136.1979946803539
0.47398726071829422,4.6094190343979253,254.71845695499363
-2.071853046433247,-0.57969079059040496,129.41646077499348
-2.9073155504496082,1.1578467210083581,75.319642129951831
3.9607901181953871,0.59153035073435944,35.104288936468699
2.8103962791464676,3.4304017617234557,57.534942846953861
1.8438478960625755,4.8396302227354262,341.26283847804262
1.6619606845014747,0.98398910180745425,71.714223787853285
1.7353188939699624,0.11855505052196147,89.507754484795612
0.33385887247444046,-4.4567249375125062,409.61827589719127
2.9367539329216825,-3.4417006520718245,94.399964125453579
-0.62539867621740175,4.6990004425371339,243.87962942360321
-3.7669751424596232,4.7720554764607996,207.52889782750961
2.5517451175618442,-0.91078386360426578,42.248501849687798
4.8589843336393344,0.54694379101249968,176.49051077469701
-4.5109890029138686,2.0461202904550451,183.49581642237956
4.7421602430492236,-3.9324212592594359,231.48903933130759
-2.5940337230382657,-1.8173317245920946,76.648597774298452
-2.2406429000517551,2.9592294679213715,9.3560239300440031
-2.6002318261359916,4.765097923665202,172.04230204293307
-3.4537527929339777,4.3412813705780788,98.211594451472024
4.7447389201443428,-0.066102690963065314,136.08760955077076
2.493917293110222,0.42061547261457122,37.7491889860745
-0.22512726146558215,-0.27730845748995048,177.13428850152144
0.41304032389286682,-4.8125445386057466,519.3554109667507
-1.9970834986686663,3.4478827768904807,21.057285127250793
1.3189287603018895,2.0256556774320078,54.8313372900815
-4.8034725546020809,3.2498614930380896,236.3430151562963
1.7362452337917098,-4.7555268706359204,463.39950913601297
3.6133524787796141,1.7776373964353951,14.750571183509363
3.9683560210058495,2.8921150250166461,86.806591012029514
0.59236864168622372,-1.1108785673180854,165.0630133560465
-2.9161085401595317,-1.0089429439109492,91.463748169261549
3.362671784797497,-0.19725876572725198,12.960773006313891
-4.0953303153347278,-1.3393923931745637,106.16088696163598
-1.909228247822885,-3.4253920715171327,124.18900767788301
2.5442805058267428,-3.860430501200284,179.48697113569256
4.0091838590012543,4.1354546121598439,283.9309443140948
3.5045024559197273,-3.5607293749044411,89.527643712805528
-4.306329948414394,-0.37168346200310243,176.1772508211937
-3.4676885828741852,-4.465571204446837,101.58827468422544
3.3337879779261748,0.49032895883074712,12.101419413381333
3.7414858476014814,3.0718973451506901,75.020518307784741
-4.5017838851936149,2.5628369031329346,164.26366928943082
4.1793507300706558,-4.0169090235153178,183.28960839930031
4.4242403450552032,-4.6434097796134264,375.89778406196342
-0.81614893048232862,-3.9536322463660443,265.20875138803598
3.2665559080086553,4.937220603454179,447.35124764070446
2.0543161107322474,4.1267968207274546,153.07996824202803
3.4832228274296106,-4.0837551059092458,181.90082512477068
1.8199624255060121,2.2419910915935093,29.679712391853062
-0.53087066767097735,4.361515377857728,172.47195502856241
1.4784284527998635,2.9437229132955718,44.347395153089835
0.33480689138216313,-1.0507093316842759,173.45747543917145
2.1108668028372533,4.5407089542191574,251.41258224662877
-1.0070694880344395,-4.7063982591425493,415.88871859930236
-4.6375193811052053,-0.8343043493171205,213.26848391278583
2.7124811635624209,1.8620813496381139,3.842379983991028
4.803568039943853,-0.18289186148421699,146.08327027800851
-2.947760427671779,3.2857628935330254,1.6706449849575982
3.6064668945111169,-2.571533957031638,10.682741408155382
2.9905830436564145,-3.4703867071012606,95.093354082045352
-4.3957227032786186,3.8077407308154712,156.76942646582216
-2.8369209822610748,3.2591290130420738,0.71062883932003018
4.3876079457938904,-2.5161393550281423,46.717540727995221
-3.1169035477778131,2.7681867843791244,8.2224424648258623
1.9141913852083352,-1.0542456512864087,86.189717567978946
-1.8729256027214496,2.7528441034697497,24.137459568415021
0.70090100555287194,1.2209241603452465,109.38460774426633
-4.1733681917567065,-1.5706875701464833,99.286576201468407
-4.2814324420451291,3.889653972747011,140.70244603731496
-1.7999139484483391,-4.9392403749363538,404.51945250037232
-1.1403764875922331,2.7695850786730203,48.244984069275759
-0.6647286969170203,-0.92450754119226453,178.22739470455326
-3.521893172603733,-4.8625491412693069,184.16318882739589
4.0588734568437133,0.7103851907104719,44.188664565841691
0.71020736496151748,4.4670441509721091,223.06732690321437
-3.423148937833993,2.3798731430736755,32.247938566206159
4.0578204592165044,1.3724331682326563,47.883542833767905
-0.6458619061301647,4.7714276079265012,262.40711838603607
1.2391812168195671,1.036018325168091,93.010635748054952
-1.9693512935469188,1.3088911592054764,86.440017756265036
-3.6960343758294432,4.2807827838844226,106.38642950143954
4.6999264020996954,-0.40982646206159945,118.59724795225131
-1.5986566097615569,-4.8455708251510075,398.06177314222089
-0.29216525438703567,-4.4617774899168001,395.57981872559537
-1.0134336965381348,-3.2821882700836862,183.31262813067883
4.7064319730887441,-1.5506082859375558,92.170238369367581
-1.5524631966327012,-0.73112706897863333,151.16774657459194
-0.69409021249225589,-1.8792527895760851,171.02419644304811
-0.175909807371319,-4.7510401684635744,484.17279235102569
0.97975610622476417,-3.1955697466101025,192.75038985772903
-4.9829732157254423,-2.2855715772177398,178.96025365671906
-4.1550615033414386,1.298662593137597,146.8551668197951
0.41919301960722155,-3.0625476098126851,200.67489516872422
1.4573865471432326,-3.5134915723976956,199.76744160206641
-3.6830555671308831,-2.6179673620945469,14.666373640135658
-2.4905822080115367,0.76524678030474025,95.553697362358591
4.3435448353693911,-1.0132743982021806,49.621100585002665
4.1734154355132436,2.7392967809695552,105.72087704703476
-4.6797918053140464,4.3230716200595403,280.88392516453496
-3.7890322968612908,1.567559149084941,93.667710464070808
3.4879792806464938,-4.4607011645705468,279.35062043461141
-2.6621786279449253,-4.500175977220179,182.91375057831749
-2.6549470593202882,-2.8220959635387515,48.736837302284414
-0.90672167246292901,-4.44307640194444,353.82009606362044
4.6472435859759536,1.5280667100320251,147.01447741738366
-0.79601018272311652,0.73859237343856066,145.26368627908357
-2.1584303224042563,2.6144678346271242,19.284647181496652
-3.4956220274896497,-2.3103018078721687,27.796405053558313
2.9171053529322721,4.4076804179471161,239.13700925813356
3.4254201112823051,4.0492234272999479,187.26867954245196
-4.7029812992935875,1.554015799616689,246.84806816937112
2.259240182146927,-4.2259520517559128,274.53013587561168
1.2243074009318811,-0.026967953509181797,124.13375823976668
1.4097182503686163,-4.251775282138027,331.87910090356229
-3.9089286373943226,-3.530662620989979,2.9842505190100881
-4.3108935616568109,0.45166213411770251,187.9318185785836
-2.0539855948873509,4.9497235255110752,241.92613693567699
-3.4980624588643012,0.2314074653462308,111.24243174082167
3.8370422712073982,-2.9958352835766808,34.308786491676337
-2.2824556362953423,-0.33368398835750934,121.61362921873665
3.4905913003751792,-4.9448138244775803,452.69995118103407
-2.4117668961902909,-1.5761597575149198,93.681464159958963
3.4489770806118152,1.7936836299483048,7.342771851255983
2.1536022460551765,1.8917476698823812,21.590166495621226
-1.3856225936031392,-0.42954001219749216,157.69063871732129
1.8796438802304003,1.4060705981830122,46.614595007213431
4.636853203171313,-0.076800136464009405,114.20821379245415
-4.1421301644420598,-3.7003269462479063,12.540408793097845
4.8101741909075759,1.3227387336609331,181.37921560141424
-4.1443617274265403,3.8743693928969307,115.95344774645363
-3.6705285458457606,-0.29525578249643658,116.74896246679151
1.9608451110807223,1.9190448747578026,29.256011094504593
4.925972843190392,4.8865936278455049,804.93591902695482
3.7111598826307368,0.33137944174993184,19.741574469742943
-1.6613403526529096,-4.1895281117030514,233.53830367511222
1.7597383150808987,2.9493924219034282,36.503696283637616
-0.45976337406308154,-1.6853216652341549,176.93851943615954
-2.5150380656347844,-4.6212702824122456,226.624569957181
4.5380528270973279,3.781871740862222,319.11186411736003
1.7611753365658203,4.7701617538609558,316.58189885518703
0.58988065200499662,2.9333215820320575,64.393386695326214
3.3575643989461046,-0.91711570190473157,8.2620519691958698
-3.2473933194120446,2.6057766595327294,16.581334636857004
-1.4936760660786179,-0.74342249562303131,153.54435048486317
-2.2426881952523532,4.6157874014932503,147.34610676755736
-1.7124125163534121,1.6749290548531341,75.759742812484518
3.8347187307334174,4.7837951694781253,460.91611969919086
-0.56869177740954324,3.3728893876600967,67.842548788283707
-1.8095690583294037,4.7204906533621678,190.5640435803659
2.3975545830784419,-0.42885321207757698,51.792458952378801
-2.0267173556666602,-0.26081717760606971,131.42691374018798
-4.5479345626770353,3.8597851584469733,194.6487745087735
1.5090027208989243,4.1191272662080429,152.89826817068467
0.13868636302218551,-3.1087649819191574,206.37228957533742
3.0964263591795778,2.4195320297831744,4.819521605587294
-2.5714340580007375,-3.4370785105723485,66.254478129876844
2.5028253899516981,4.7006838197061498,309.73497072758141
-1.8912397176879092,3.203850406533773,19.689291248698726
4.3337940029485473,2.7846064610903039,137.53430630693273
-3.6408146258639582,-3.8629606817762969,20.916361618984414
1.9499049246705535,1.07835805150272,52.559063042837685
-1.5858242196003469,-0.79434229481188368,149.38874313243841
-2.7019188870255739,-1.280689661012401,89.795486520193734
2.5371658174933129,2.6033612000461916,9.1969891258178702
-4.8329364197606335,-4.6264873367151349,151.37769859093203
2.6109161447503038,2.7385523542636268,11.762506608043465
-0.88776027222125986,-1.7035200446802761,166.83479822689122
4.4114917565658001,-4.9045026619864416,473.42413914740763
3.7898433104822118,4.5033218287739558,353.25403216244035
4.3838007609537026,3.8929393771519205,303.88875441409346
-3.9633581944626357,-2.042526107554135,53.229590085771328
2.6814215782909336,-0.19378782547151285,34.357315828930112
-0.21945138231388039,-3.2840780230298252,215.3757313032323
-0.78634009230826241,-4.3586442023706553,342.97320966962957
2.6632938097191232,1.5372682920560425,9.5097448390181381
2.1259347988349191,-1.737597292884336,70.975860121864613
-3.9067201095018897,-2.33976280053444,33.205896632528642
-1.2587950886149093,2.4402389387349164,53.961908726331146
4.2731116649163727,-4.6892724987660097,377.64558399051151
-0.1397216794366356,-1.9499292161667974,178.33431806307576
4.9815462986973476,2.1103229178835665,259.57077290580099
-0.64202997814669072,1.0663590542342902,132.97162279751728
2.2248931128297498,2.5142266625240843,14.891460459472277
1.1117435848178348,3.2641879902389963,64.969009351149339
2.0306503431714589,-1.0904349283795662,77.762079893036969
3.0756022827210074,0.10574742049989716,17.372257730968624
-3.610930902908033,-0.40818905944531547,111.7426293146969
-2.8383732610992869,0.41885299412990662,99.746856573343095
-0.2126790213658003,-4.1082124967577869,320.30039373006031
1.7203778719010661,-3.9273216797613566,246.12944039236203
1.9621623215920758,-0.61794713526609346,82.017885265373522
4.9956441557632232,-4.3623057874332982,381.91055008782081
-3.5698745066979147,0.15760019141427417,114.81389719312084
-4.9022721545382799,2.7670560359678156,267.64451477955174
0.91500847583991529,-4.3955152397797894,387.12348304126976
3.1029838889316697,-1.0149701427607871,13.914035501061456
-2.3145944067264832,-0.64105363941351978,118.75985360849124
1.7296078715593914,-3.9003504335648618,240.66983725638039
-3.7146780979518494,2.0651896806654069,65.256959242807312
-0.8672349718735326,-3.4580468332052279,204.58815231866447
2.0361012376341829,4.499717430876661,239.13117133601196
-0.79974393593666004,-4.3550477454827847,341.23980628894219
0.14643608836469646,-3.1180174680797172,206.9415113653146
-0.57775744681660157,4.3339778854921516,165.66261567808937
2.8743341051041051,-1.3248163890291664,22.127530528103701
-0.75070049240498893,-0.68365068964530629,176.70339466965672
-0.82802303751583128,-1.6909148636974001,168.81632430952874
3.3429197525862815,4.0673964361682717,184.06420535634649
4.1560888608227113,0.68361965956613258,54.043705443867452
-2.7489243772773548,-4.1206201424550484,109.49599775723652
3.5180037074800605,-1.5436654892473372,1.2360001962122231
1.3284718958206776,-2.448674082317825,136.61732056106214
-3.9382752519716986,-3.2060343733442691,2.1354545730969972
-3.6518324848034434,-2.0623943043154833,41.013833774584164
-3.9592825058218706,-4.7280686125499827,129.85672813099731
-0.7008232020843117,3.885661630129853,98.590226259242797
-1.8147031077709199,0.93026947006966942,109.11347877082125
-3.7634955841139224,-2.6428413128955399,14.551475832792878
3.7240276285740173,-3.4342098967307444,72.873508336230771
4.6027667581617457,0.059871922688482293,110.6964172997386
4.3493738441932273,2.4335000397065869,117.83532424448109
2.100665607095169,4.24436728963415,177.50048413184649
0.048403144750968963,1.8998226391443129,93.941366591905265
2.7462431230083695,-2.9681410028427622,62.055284360700867
-3.2024827397661837,-3.4428107354997826,20.254285709771381
-3.4242501952905129,-4.7364963518112839,160.33181962991242
-3.9683685493168706,3.0828119065139052,63.465983759864564
4.3159687625363556,-3.3782382727452251,94.243018344396418
-3.9579041934984422,-0.22555270802797533,138.67204913985191
-0.3989996656818624,4.2222052675273787,152.54933874948111
0.82267814233879211,4.7751833601161735,307.172925432959
0.34610360073241164,0.81025349142492242,137.37270533874914
-1.7708728088468457,0.052185142601127943,137.90504571145607
4.1756893077420152,-2.8237105783230332,39.563906522676788
-0.093938231532718852,2.6421188121538783,69.719551502226693
3.0958055060252025,-0.67660391318487978,16.256626295176911
3.1978214799480948,-4.2704648967547509,233.80632905185456
2.2208331654428832,-0.44793636730242881,63.418968208348623
-2.9553809614412194,-0.65596644216539968,99.263591607601171
4.1394242696321886,2.4257118625891234,82.424499425331746
2.6068652709278917,-2.1301618891013163,40.145685036226453
1.3412665416164051,0.013799659518793916,116.42383397321922
-1.1433860197851748,-1.8666059612423274,155.32467234882427
3.7034072135013645,3.7362272663885161,155.31656989118494
-1.3871039828300926,0.19754902988024625,148.51628370024019
-2.1856116337494731,-0.80674273931476215,122.26114591771972
1.2625656845734801,1.271797645687947,83.138186993542718
-2.7374036526029548,0.8548338467594423,88.151950232225531
-1.0032232997092603,-2.397781167149585,158.62483933721109
2.6698034366001435,4.3919344239552967,224.03860879588805
3.0202136714969754,4.5596295876874446,289.78022475357483
3.3115940538464166,4.7356120221750828,373.2095431387803
1.9112929532379326,1.5398404776003094,41.107969194372217
-3.3059119454272423,-4.2960288455549165,85.49218704165682
-0.15930007185239514,-4.5430945910371259,422.52098474789625
-2.3855786793174882,0.046189690577822518,115.74636721900117
3.0646875357887318,2.2831564088580318,2.0882370010358162
-0.68740192777115805,4.8480954158694995,282.42109028192334
1.2600946468894003,3.2219955292394395,59.860282821326265
2.8094512054185037,-4.0458946805132836,199.48477068655325
-0.05757129432951924,-4.8449613377703873,520.44542803002037
-3.346573526299661,-1.6730857433779924,59.133901785776111
-4.4601291581223848,-4.8562957279695746,163.27172411901333
-0.089177492009156367,-0.0060305179705455458,171.21363922627677
0.10860858558067754,0.5180982819535016,153.48679055004001
-1.0718656076903739,-4.4217330830560417,335.50101805638434
3.8545482532964943,-0.031307521372726299,24.527773652963049
-0.66605004981527927,-4.2317076950742889,323.57168375123479
-1.0957112265187998,3.3011208927066473,50.077306314280669
2.5522881307138965,3.1246222596719928,30.107970989414401
-1.9382801026111411,2.2487161768384105,40.010046877485095
1.4607090630538719,-4.6143575491040858,429.88606635776785
-4.3240861380943638,-1.6960868583229138,107.37776448450056
-2.6222664584171769,-4.4424960512073737,175.66301126130639
-1.739971226909542,0.19680423697068505,136.17301230385451
-2.4741837961356601,3.1722301195496687,3.2578215454966446
1.9612455722598243,-0.31520137177310126,80.17943355492325
-2.2663845874259758,-3.7964683957740184,119.80443038515295
-0.32301170041112925,-1.166697339534144,181.04395285322033
2.7256877193841564,-1.4789929470372467,29.853774937028525
-3.402672597969663,1.9418306025276806,50.333437291345781
-3.0403356475423697,-3.1193411225210683,23.868582049907864
3.6279725802718819,2.8606616904251343,48.378154029583349
4.0146920088416813,3.6668544804305672,186.59165845361662
-3.0415155373995377,2.7593816824259463,6.9124234227289598
-1.367925653016882,-1.9061749872120695,144.18497558255817
-3.4809780405426536,1.0466271122283901,92.770726612760384
0.71828839181019699,0.063917966483040267,147.98798669677106
4.7726294146029105,2.8067716386109183,244.64455685374787
-3.6635978077029017,2.7336554951613223,36.760985487295329
2.0377621328422215,-0.55607176248943624,76.463866586965139
1.606215797813288,-0.82988977203057779,107.69942784471161
1.3194433819807507,4.485012110542268,231.15440816315771
-1.1288588019446748,2.4745876817032366,56.599434231630411
-0.43743281318511595,-4.588880054954366,422.59896126978134
2.893784789185271,-2.9734046242931718,53.772905562691236
1.55304550274756,-4.7737625284781835,479.27793156787789
3.8471800413778574,-3.8116777713406913,129.41502962155113
1.358438481056754,3.2702910033071646,60.160872656529783
0.25699214523930358,-1.402114016772011,174.99913257499679
2.2061457721469857,-2.3119494295996197,71.619716844159598
-1.8762254503014333,-2.194817452160688,110.07329394555366
-1.6768028130726158,-3.7975903099526223,176.66609507100813
-2.9214780859368519,-2.6501635647555082,34.56359668094322
-4.7092834547116196,-2.1596045089724174,130.95729147783851
4.6903026933130647,1.1817065554337258,149.20219126654206
-0.50003161867805446,0.25207197560796057,165.50723234115512
0.53982920942416257,-4.3880799761720066,391.62322250556304
1.3765993379494272,0.25766086648877184,109.15533158671515
-0.60432490077200818,-2.2604520687322278,172.51073950362735
4.2089778023856681,3.3392983135030754,170.98662931855625
-1.4767686248864114,-3.5807665324582993,172.63811056566695
3.5827989084646017,3.3808283243360222,91.424921327141348
4.642310484670789,-4.1541429891808281,262.90696776992604
-1.7684353808197866,-0.88405758024308678,140.46990118814566
3.7421524535554589,-2.5992552276571153,12.40154390888889
-4.1352516244594995,0.056059213043763378,161.82468315179449
2.3618088027108595,4.5116770215595654,247.85372604267059
-0.92550382343768867,-4.1719023130141455,294.7855686316073
-4.6397029326473094,2.7536026812712464,192.83253911193242
-2.1233877167282218,1.8247632954256297,55.341970704203845
-3.8946773038643681,0.8829509321244835,127.83201204691001
3.0638620652617234,2.1446651309858664,0.72310119419089125
-4.465325409185402,-3.144332682281159,36.071341675542143
-2.1733500124958018,2.0297814732034523,43.571257259552858
4.1192427743604441,1.3617273042303948,54.780874920391319
4.7101329606036941,3.3103237665517806,285.26538002710885
-2.2054747863053996,-1.8318705588976787,97.704347442054001
-1.8950090426461981,1.2173329760451796,93.290198543372767
-2.6907968932918092,0.83084678050477567,89.586495785679759
3.6114908244821002,2.1804750857676511,19.702463062405695
-2.6449894182632141,-0.76328629482009447,104.85410777496081
2.403598118858592,4.4786724783634764,239.6303008014595
-2.2160335379007283,-0.91169852034810184,119.31804596496454
-3.7000942801275007,-3.4775487089403994,2.5602821715237187
-0.74947461900638235,-3.732146408188326,238.98671133851579
-2.0282921787118697,1.5910783079160238,70.244438736420449
3.1911039185995786,-0.14927261395088731,15.271847903899099
-2.5754003288338687,-4.0812051496145987,121.51568773769765
-4.5389410779525301,-1.2629324156734754,168.42181474077597
-0.075290686309229748,2.3462037273620284,77.256954006544419
3.4371008556698825,3.7036865150932687,123.51817111078331
1.5377904290898439,1.7929247463926572,51.868581330812937
3.003704252767788,-4.1524991485533418,213.06186178620516
4.111315903375333,3.5117556791762556,177.8203870693645
2.8180970543467687,2.7980093122163705,13.368033727882347
2.8262109747992703,-2.5249492827175821,35.510647564437043
2.3304807796671732,3.3938259599388374,51.633207666725781
0.87421666993561331,2.0783658910503631,69.80511838385047
4.0315546572999814,3.8326255520623391,219.92829719304288
3.8338126790066251,2.4854833677698185,47.305718758880232
-4.8636147283081215,-0.87101328499508845,262.17633665626579
-0.77738308849459781,1.3247452140054978,118.55147859148479
-2.2495660777340505,-4.9693449045755216,357.54440830691476
-4.7667568366133635,-3.3887896200097867,69.521918337006014
4.9667282947210456,-3.8345858624880274,257.25229348437392
4.7471752903703788,-3.7585049036446563,201.46516646706903
-3.9884746711687722,0.5615632256891443,143.83087909500955
0.26407543444576476,-2.5329437321670971,181.36044408854477
-0.93709934028371666,-2.3924668207632922,161.50625844026951
-0.043563611876628272,2.6796430488424319,69.215510822864815
-2.3287516694085948,-0.19633281873008546,119.63830870584366
0.69021792407339166,0.2352306063685905,144.96865643645179
1.2299745759953407,4.4377171901836139,219.35541617035435
3.830327717575738,-3.2127328001802553,51.361199691976921
4.2063124656113366,2.8888341281230359,122.63387869204402
0.40550222941090652,-3.841180597924529,281.99533217302132
-4.6102183114909634,-1.3478010358641952,175.23798428446213
-4.7703387858798756,3.0552154675268071,225.31010023460385
-2.9439404582245321,-1.5662095774287139,71.319511315072205
0.64573943021922009,-3.4624405093872399,229.01956695868128
0.16600006698679426,2.8813654207444781,67.621359479196741
2.7416878802512992,-3.2861178208462034,88.597931384164355
-3.8786848186349352,-3.7211427767174916,8.9146858594682232
1.7980878511657572,-1.6937456290216462,94.946971224326163
-2.4445625874523085,3.0914431177225108,3.7478625895359747
-2.2728839709160429,4.7673625937568751,182.17102698210019
3.5475522305412746,3.9356481757477102,175.36540774343899
-0.50394885595312644,-3.1617999860471309,199.64308936981578
-2.9020377414656631,2.4614958756245597,14.782846044314113
-0.3832557806042578,1.3389250298305555,121.77389859569477
-2.9547081431763629,1.9215945590881169,39.336106834739553
-3.8191574520514711,4.1811752256935382,104.7249322597184
-4.5080962094875652,-0.98655023384060581,180.47757534530956
4.1328915279757226,0.48096765265127761,50.004023523426341
-2.0252965940113339,2.2436059907656212,37.597302398100112
-0.68191042231351773,0.50363734189224907,155.80724458444791
-4.9399625955459845,-1.1673256499825801,261.59692539886049
1.0277096665407317,3.1328536005684811,61.153828697344046
-3.7424453888358031,-1.498507613938644,74.469879154777274
1.0056443714937746,-4.0675875972765363,308.90041189537169
3.9470239331333605,-1.8963910548114504,7.4915794852586775
-1.9173559778027021,4.7991811399236681,205.60054509831528
0.51971731194967496,4.9940461514134853,373.67946063127954
1.3706814758773209,-0.38939693597757152,120.45714016100118
2.1185633960984234,0.0053868001527916931,66.160110118162208
-1.4165481120845733,0.16869401288773211,148.23534605347533
-3.2726011688855561,-0.015303483858779998,105.61478325590359
4.4236615783005249,1.6951141432856804,105.43581178620381
-1.0493037155500442,-1.8435876677123892,159.51450669704619
4.4753749506774216,-2.7292563759947046,63.934426181720411
-3.0593390108942304,1.1285862827908328,77.449329029649249
-2.7656833205671703,-4.0066704815106133,93.670738686737366
4.3320365500466309,0.45646854307845963,73.667512296031134
-4.5374667726811522,-0.94709363627570653,187.89553719281261
4.2630537918496358,0.66567948277314848,66.716332630068536
-1.7483888162720729,-2.0257880967429198,120.95150207628372
3.6082029939770717,-1.0740348265451449,5.9029487452631146
-4.0123918766841369,-3.9689034679646928,23.743501647955849
1.1787050707543125,1.602500081205811,74.714420428832724
1.491951901619033,4.5886251156731923,259.24068139411781
0.70991732603224733,4.8029590536648818,313.92337138857346
-3.0523582960230615,-4.6854864181962359,182.20291486150256
4.4006445697002547,-4.6778104233885074,385.41725215380728
3.0466687927022011,4.8976397823523179,411.45421653339451
0.37174608917964136,-2.1852448471131258,173.65896224331027
1.7283883586854332,0.68937841857820814,76.635809450917947
3.4080597757028102,-0.1122144688883715,13.064397113115918
1.8807751713311491,4.1689461028477162,161.17805893464293
1.7193755820263945,-1.5373708566900088,100.30739251392107
0.1991131718895689,4.9670005290050376,355.26459865131369
1.4959630745157089,2.6387762077656882,39.624008075550336
3.1295177334544313,2.3808583547176756,4.6128323671323299
4.1643500614904028,4.7474465162283579,511.16402899892148
-2.5129368681500042,-3.7750648104397886,94.025531411937976
-3.0749482834715782,0.91986767538834702,85.561003793954214
0.46099914351170668,4.2980347990363921,184.53569345022171
-3.1127312722727529,-1.2675972157468154,78.999489510178122
4.6000732326119316,-2.5935389981033681,75.98028427435375
-0.41964827988286402,-1.2392235454634926,180.13997840083252
0.0023238348503227257,-0.94955264221824631,179.95321160877305
1.8150238615082657,4.8789086801256794,354.64942020138727
-2.5357598182852596,3.4714524381695497,7.5329784712452907
-2.1493421837813891,-1.9514454347727468,97.946899925198267
1.323117893573249,-0.60262359772522345,125.29725551864678
3.9873573105373588,-1.3191264171806916,14.435004932485793
4.199382657021447,3.6754569941694761,220.97082135482091
-3.4129262654071781,0.77530613165110918,98.297929907155037
-4.1547846219276829,-4.6715736991401977,116.35384339095071
4.4797064670795148,2.252604320203428,134.67344764327294
2.9937818750155456,4.064678873104139,160.74552885012645
-2.5515101983450363,-4.5014566678078252,195.58103526914437
-2.7316090573082534,1.7229266200392948,49.035590809086671
-1.662367277353157,2.9417498759123459,28.034821707550176
-1.5839727529500487,-4.1532915262183927,234.97596542051525
-1.2345894422438479,-4.8303819426143511,432.61613656995138
0.77283476265409234,-2.9087944623255542,182.18698696408151
-0.11875879961971503,2.2564193264286425,80.313838516344177
-3.3975776310161963,-1.8871890656856549,48.537605271895586
-4.3112929679150138,-0.47384815460005658,173.51671104627951
-4.9333168316993463,2.0555156386594353,296.36438975334056
0.85712229638038462,-1.0099862689201156,153.37614892178914
-0.90894302441471542,0.50582427766030413,152.0398984741515
4.8935866711309863,-0.45075870798248552,159.78309184259729
-3.1002339092283036,2.2167900725835104,27.581363094567127
-4.5064860117132923,3.8517062239506146,184.27209336446461
-0.7952072016958498,4.6926285173142226,234.57223856906248
0.50900242462898682,-2.4298111850455149,173.81265541124165
0.66939841043552573,-1.5912079998617039,161.88501983055534
-0.37135703930537911,-2.3389561077537357,177.8801602098944
-0.73107752141062488,-4.5235121328516854,386.75176629603982
-0.65013843678637784,2.3288387300229214,72.995407491915557
-0.44618397998453041,-1.0799345717652793,180.5921637161274
-0.79761876518645369,-0.85499749820490401,175.79832181393411
-1.1733832168373306,1.8730042056104645,81.829548063972908
2.0511172067860581,-1.7637241244112718,76.594960145140149
2.596365428336334,-0.62476289217489001,39.956656245316182
-1.6641232521330656,3.882852084242435,60.022820099882225
4.317659601796672,1.2350804218045219,80.144287739284181
0.14415149857709686,-1.3107908805582662,177.44008824162063
4.6350847591613338,-0.12178908899497465,112.89852572804396
3.0279497830330211,2.7839937512841573,15.184804762765694
-0.7268650435413706,-1.4846401139439029,173.45359700838986
4.8709326917076936,2.3770029339930279,240.49822686991911
-3.9849961815924138,-3.7445310931557811,10.510166568513121
3.713697430853216,-1.7328678099087806,1.2011612495633117
-4.7940658125710129,-3.2540542750101356,77.648162234869901
4.0102345960549375,0.88315378542675926,40.466076390148622
0.99065846232166077,4.459966574782916,223.60718104843335
-0.77034864940840375,0.25023236011275962,162.56019020758811
-3.8790224106151658,-0.51934565885323813,125.0003384575935
0.89708853461987914,4.2744566030368034,183.11745684980949
4.8542166825463884,3.4950548928208587,359.27195849425777
4.9999903454547656,2.5391699485862818,293.32008785325132
3.3892553944215997,-3.2360038395222586,54.629730527217696
-3.8164642336173937,-3.5392985396277714,2.9253623987297699
2.6561836780408949,3.8961970932720096,117.43285233597565
-3.5226906891462701,0.59447782439201902,107.4297188445848
-4.955306472992639,2.4538220686447518,291.49748918164767
-2.0130770248733731,4.3664437522933124,107.71982252841485
3.3243338002282883,4.0681431381472741,182.71197585229623
-4.9287196114668061,-1.9160187365004449,197.60707481785343
1.013204106595623,-1.4088563117171016,145.57151769839237
0.049441045541374962,1.0191422132891992,134.51939080196553
3.2057930211258103,-0.42762268288170624,14.365500609056133
0.2266365350933075,3.3243388139242978,76.430035450660796
-1.2997293784942325,4.6530022945129481,199.93539742096809
-4.534504735347328,-3.333367317195004,38.971611870459583
-4.3410927358903626,-1.781130585343508,103.49867058289533
4.4057452895722307,1.4481601565393944,97.442080698847931
-3.9957870353932021,-1.3124187912826728,99.345858477902823
-1.4622877138091024,-0.66005954026241653,155.09063749781347
-0.54673233222793893,-4.1634178585828066,316.74496144773781
2.6036965334563087,0.40507651277439294,32.4711301389938
4.5976681750478399,-0.5988710288738055,95.182175061110456
1.1202460780655361,-4.8406455198038358,520.8185199190043
-2.3076595940081401,1.4072473938379906,71.900749007860242
2.1775906356498433,3.9850808472030295,127.45614907753155
-4.0997441057778712,4.5069001057798683,191.26353286268056
-1.539749895184845,-3.7245682476478157,181.05210431900147
3.3700778270934624,-4.1675479439140144,203.26434819946013
-3.0575681106874981,-2.2334328598523641,40.789239174166383
0.80087640306366659,-1.7360180742233644,156.42626266197576
2.0337117076428557,-1.8894213784867713,78.572541573079619
-4.6996504428783155,-4.6356615972971564,137.45446354275919
-1.336828601739227,-4.9285276841444121,454.49564003270336
2.1166399291593354,4.529801374068354,248.43661387410089
3.9626294300621172,-1.6080742150598129,9.7788733558008243
-0.65411613912288402,-1.351055458519129,176.13690576859966
-2.9505342760183666,2.7566162612251972,5.743719986443371
-4.3985679834571272,-4.4578813934099504,86.939381262068906
0.33878773728244482,1.0862929297487911,126.06236141901957
3.8199943709633644,-4.2956515959432302,233.74745346889009
4.6709593507000573,0.54302201772999936,133.20750714140246
-2.2615125379714138,0.98804926062294829,92.63134043544035
-0.76562818110205111,-1.6069677046104989,171.3656029121164
0.52626495303950804,3.943548606454252,128.3687633656875
-2.3243737582402089,-1.3918476195170153,103.41774576253312
-1.0129470077515306,-1.2067946954210034,167.9977108984979
-3.6011149621611009,-4.3755023122595702,78.794249466488651
-0.69332435524046421,-3.059322512109151,187.1550144443305
-0.36515506419056454,-3.8532312870234393,272.65911173407267
0.16836716443711897,0.95919765356915576,135.19594376188158
1.6715778130002512,-4.381587613669268,350.81681053734258
-1.256513261398458,4.6501072875549241,201.43935689462256
-4.2764049956940262,-2.2484282008662255,64.094190084072139
0.024865050642540965,-0.46282295105632265,177.09230877733759
2.5403863005480805,-3.3274331554219612,105.71899669765077
3.8248939459373723,-3.9071621296698908,146.2646050653542
-1.2571953415700938,4.3824010320411997,145.2359967170926
-0.17440692905433774,0.45969259922741568,158.94239728615136
4.8068817350235147,-4.722613914398619,458.92669303762921
-1.1656343333495971,-2.2059659277464339,151.24333099652065
1.7858832172749253,1.7682724954555464,40.866920113952112
-2.7825817661772025,1.1937524078507309,74.106399690870106
0.37513135725139612,0.56461942128422482,145.7465272851812
4.2144463291783012,-2.784567610805285,40.500089767850156
-4.4300427894931094,-4.9074232541794549,173.91479304956755
3.8158030534042009,1.0179401020214112,25.574649270514371
1.0863250639229207,2.452303653947201,54.291467987655388
-1.3320277396645981,4.2198100187436474,114.83020038539983
2.9964876626815542,-4.5098817296036557,309.50246426165734
4.8379359511247024,-4.4357580415452986,370.25494785670037
1.9732867427047189,-2.8435426244397592,108.35378492953598
4.0600367809553255,3.7665850754330847,212.07095523733534
1.2278802845198502,0.63876450159948028,107.15883282233446
-3.7845637443656557,1.9035485725443726,78.596876840959894
-0.45316679029238571,3.8905815540183291,106.70154851922655
4.9053275503015286,0.47162180476358806,186.67067393499849
-4.5392536085579023,-3.4044239214182292,38.447538319715513
-0.79216361686987291,2.9114226497347442,56.13548367872221
-2.1161008142787052,-2.3355994604469887,91.862624276473753
-0.62443016490511916,2.3427280760987976,72.911955423907443
-0.88840457217567259,-3.1311494713748815,181.67582057514321
0.84315271779877499,-2.8136269042250812,174.7776467098935
-4.4737121405641131,-1.2012340203104648,161.65680464353002
-2.9482953182899561,3.256153072722622,1.3278655677484252
-0.079420582769719417,-1.7507607740782261,178.53534759612569
-4.2740291745917602,-4.2357044751185216,53.64179082424041
3.2688500351342604,2.496180084186566,11.008032104541469
-3.1203197172264634,-3.647791300038973,34.272801109925894
4.9776201686197226,-2.6407742557486582,148.52435803357415
0.43420799476935912,0.47392963638495367,147.07520276913456
1.5775826887828508,-2.4214141613025824,119.71710130298798
-3.7242031075970683,-3.2618425738233308,0.16093940639543572
-1.8227344278672071,1.4263456878451972,85.159312910117734
0.41152317488324641,-1.6219490108962855,170.73103938138286
-2.1085405086219255,4.8415392200893752,208.33783763847717
4.0269056440282966,-0.054597442097164439,35.461331095157107
2.4539385476687894,0.88034544750650756,31.013137284089307
-1.2501257472984144,1.622230961065493,92.640973738808071
-4.1437036750221443,2.9928798478017313,88.743731873257303
-3.9749776911159036,-1.2614451487370379,100.5789992194472
-0.25740136751276221,-4.5077200926383512,409.05830685873082
3.9769317867373779,-1.6158668126656806,10.410544757145205
1.7515085293752986,3.7948221252485919,100.88050622616984
2.2508765574962819,-3.4508653058292378,139.32360186496621
-1.7713349725056253,3.31265620589582,25.550290266727167
-2.7837939312471853,-1.7057138838290671,71.820439316144132
-2.2852822078862274,-0.0023166497473416925,119.62247578719999
-3.0462849709084696,1.5827798909588644,56.886950395789405
1.5121135809014072,-3.1738832880285432,162.33835312332047
-4.8884546244256262,-1.3939519696358325,231.22988902753497
2.4840448606591252,-0.088635024856479561,44.511216304573253
-3.5273508353632685,-0.10008244924992127,112.4156116231302
1.6312062100094984,0.96233118991666533,74.155390346776471
-1.9218336274885983,0.62591970358542159,117.39278683371711
-0.052259391542206046,0.80590356557037879,144.85950532523162
4.7341065995124385,4.8643475397526128,722.69996268300213
4.3197287390664378,2.2461001751296239,103.72371887067725
-0.36376388735591725,-2.6127037603693455,182.009586436029
-3.1403334936498917,-3.5054789100131347,26.178848153488488
-1.470865215901906,1.7820230012056859,77.80619942047629
1.1009663053449525,2.3099662550949285,56.236162086301235
0.72404882559898809,2.0450061329240965,75.461919541593886
-3.0121565857112031,-1.2872160224163491,80.140516838793303
-4.4196343545495607,4.5634851664744858,259.99068805152837
4.9591865186902808,3.8289971214790555,462.81911795863039
-1.343048476512009,3.4672969365000519,46.356342157403617
2.7532543946986552,2.016273780212007,2.0021978343952207
-3.0330144132987105,-0.35383779786905212,102.8073285279215
2.2332603732791423,-3.9973554099270387,225.90959353150069
-1.763012358891527,-0.20096441115110064,141.57683071961716
4.4037788226027494,-2.0067400791828334,42.834882321183997
0.70710461741153452,-3.8338765357819566,276.11613058786298
-1.3156762068266477,0.71448368013703245,134.10066272292903
-3.2934475313889027,2.2663185284601344,31.062461202293449
1.5262793611294621,3.5005977319795392,72.702282747552275
3.0779984029581726,4.6893521928561661,336.46069948790961
3.1686993173050944,1.254017186370243,5.1887454322674609
4.7510808562084126,-1.8762870546724901,95.638566608315799
4.5001163649501574,0.14192323446943789,94.37701298804491
2.9357641938783461,-3.905275148182981,164.66846950773808
4.0379837471938114,1.325286681923906,45.418395954347503
2.6874392712369382,4.152068494266608,167.25040012333903
-0.92922770864816595,1.2738072427562273,118.32170226064204
3.9850351363640968,-0.49580552338816375,26.893735846770738
-4.0686375974675197,1.59312458115126,123.84969523767785
-2.8405726833290208,4.6253030675211129,136.338642099579
-0.35080769934834422,-2.6185027072698928,182.37109510766359
4.7949648537417371,-3.3950480019488305,160.7891464161294
-0.090842175041313311,-0.41014867411326072,177.92591189807848
-2.0729474434226356,-3.3049773389982389,103.57961934011539
-0.19396034555187303,0.1955679053026067,167.12846569149301
1.8555167857071151,-0.027319704915034215,83.980805710367292
0.74180900838759989,-4.7312465463339421,490.5258223942472
-0.87745254454868959,-2.2256167762640571,163.69456677073586
-4.4933115829855188,0.77492489043477875,217.94987545976937
-1.6751250321054529,1.5166285583785193,85.226854769770696
-3.6738252615010443,-1.8650077593069181,52.175650756333674
-1.7313393405984567,3.1496354559704454,24.963343731497979
-3.9692075183188287,2.4362817363926501,77.047426353464814
-0.31512635500000918,-4.7038374991555036,462.86600808763023
1.0989106937409971,4.2030967079305377,169.65389839545804
3.2184302294257723,1.7951792928399239,1.6428690712214828
2.1325357016048034,4.5151920564490862,244.60707949241461
-0.39277000677400675,-4.4103297604903062,378.14852983189894
-0.69895546974428946,3.6697119449855968,80.07739981826893
-0.062016500463225377,2.8293514518532064,67.586314126703712
-0.14773522731658772,-2.7629682175904007,189.05544474315337
-4.7979086494240386,2.6806065454966337,237.37861498172617
1.6003611603119001,1.594312058240849,55.014685641928779
-4.6472801400043373,2.8413723381830831,193.36821020375118
0.6554205596126117,-0.083754366024118454,153.67623996124561
-0.76227398621882703,-4.0471248968049682,283.51874384117889
2.2811210317392625,3.7516533092330597,91.716521474844214
-4.5202830886439864,0.9979354702001153,219.56672500176839
0.1625014244499221,-1.7124122969758897,176.18487719093454
-1.1084978061771129,2.0008492801963289,77.230702864976351
3.237230137444012,2.6927733955187581,16.887411088963379
1.2030563416877165,2.9289162480318236,51.611256864883792
-0.30929321899263673,-1.4474461232598763,179.75437174003642
1.8272999151293572,1.988609004496328,33.659587418081507
4.5923764288448226,3.8527683547808387,349.05767480847948
-1.0474004112618407,0.76383698958152912,139.23403141360342
0.053929216456815254,1.8988949109183153,93.934580043882363
-2.0070045246450601,-1.5646429440782028,115.89225570708926
-0.35863566635200872,3.6376692933861889,86.830479325376956
-4.3923729950904837,-3.0051998641968733,33.535215403361029
-2.8196173935521442,-0.41777098351739728,105.05141632300281
2.8057101201310175,2.868075045422672,16.321069172390757
-1.8665341393786234,-4.6022862222167582,298.50109716265763
-3.8509221735121826,-2.0734849443135657,46.00717707038617
-4.8070851978388456,-0.38631624738561676,273.30481546861972
3.590527896021559,-1.2266615995504688,4.0706913833431182
-1.8453037507773451,2.658339116147781,27.532373348125773
-1.8296416151915729,-3.1829207731496094,119.097920458335
4.7043594346058839,0.96748859052503455,148.2218998220084
4.09851431398911,4.4261853734785301,383.07406940401955
-1.2419633143200066,0.70422881500334711,136.62113602096352
-0.49876269325331091,-1.3409595218077728,178.71791636138053
1.2895086374464837,-1.1975115117484938,129.2675504384124
4.5361544544517542,3.3173974128547687,239.21114165862861
2.0828141378327105,-1.9476127551690272,75.386810657850589
4.2670416809700011,4.6577650018886221,500.33843230710931
-0.19257218426634104,-0.11614925614380844,174.28489760713802
-1.7953749093743419,0.62992665884192434,121.6112863463749
0.11571585084589842,-0.83600165601522747,178.03313493251619
-2.6685335035864375,1.1087936553899258,78.892229339222538
1.6087282572582806,-4.013302255721217,269.20612440744355
1.8909792239171361,2.8302409951648846,29.521649825460042
-3.2900153082359767,-2.1884707668561285,35.846494307320988
1.7271724205185226,-4.645491675764938,426.27875077835694
2.2882349548060361,2.2932014488573893,12.345526822890143
1.5976680471850511,-2.9658095902361064,141.77981279859358
-4.8830217837650691,4.1780812600856212,320.81003776943578
4.5258031879402143,1.8015150418447838,127.93274004005569
-1.1917511508096759,3.8697979822020905,78.620343595502916
-4.3073207054775606,1.4360213568140168,166.27576028007999
-2.7548853828475819,-4.5478429587993929,182.75788792714172
-4.4259429892477291,-4.5811931955054703,107.48242818825237
-2.1414508155360656,-2.4870942203206141,87.969663775417615
-4.5118091393949671,2.4186135010297409,170.71103302549355
-1.7648888065630617,1.4496921953086792,85.814660691598391
-3.6623482134717662,3.0949332777130909,31.509548770820153
2.6885954872954088,1.029671231231104,18.087556667572802
3.1779602816520871,-0.77136103498905939,13.209147440850979
-3.2991631950240254,-1.823519889730961,52.395701176163392
-1.8158752357540182,4.8526789672063817,225.17206438970948
1.395989765589535,1.1717045306499312,79.9890126952495
3.0691325244146554,2.2593408903380627,1.8386239861338942
-4.1675934362137896,-0.67449259485508151,147.18647405441794
-2.051442200211286,-3.909509518450049,153.36149773567638
-0.95293607481393838,2.9685269204098503,51.48087905996109
2.8678542084654834,-3.832588208881293,155.10719029463922
4.7894079166167991,1.9671555727932768,196.11790238782646
3.8817133566661042,2.7152777800090968,64.109085743184096
-1.137040885550999,1.5260051342325127,100.66785598284437
-1.4216004944327514,-3.6284496320999491,181.45507297716327
-0.61879597348245863,0.20576761041753677,165.79834646170659
-2.5498968212242792,-1.9858528504813981,73.471122167925472
-0.76438022307544884,-4.7439434963443237,447.10135283424
-4.2545587939451117,-0.042302766733968156,176.45384213983283
-4.3627884252854994,-1.9579290046192543,93.608096339048871
2.7699346356564369,-3.4820466133518968,108.69385385237373
-0.78431802180905663,3.0039501762046825,56.013720939708655
-4.9658009307228808,2.1462176803523692,303.97354556594621
-1.22511421389492,1.2832648876818107,110.77449586486463
1.0846493361105765,4.0447717433453771,142.48854182870201
0.94167926340799468,1.2849878365759446,97.360807534767531
3.4893411723806018,1.4530088874217748,8.8674560583963817
-2.5144393458601453,0.38275868821484238,106.20382566676642
-4.2791431049993154,-3.1304406471636033,19.666500207782086
-0.53167870014707219,0.79142344448762181,146.20692765954803
4.7389086690168885,2.6400160050329493,220.9039100095309
-1.9930781128487816,-4.2971893134371371,217.98489263957066
3.6837383774176686,-2.4180454973200711,6.4274218588149461
-1.2704923961014458,4.7800747366656644,233.74937932452352
1.5221180806942316,-1.1830766940426507,113.9743670690424
-3.7549641026841916,-1.7667557361147872,60.047794680925982
2.5230293405723323,2.4469854002849001,7.0668621368233895
-3.1486717599749023,-2.4920765751486473,28.311298972520763
0.58249725974780553,-4.6043475808503667,451.54430164881563
-1.4073644301706278,-3.4339153858449576,166.537439164745
-4.1793145851125377,-2.0119819166269588,70.698881245203324
1.7177905175787265,-4.1594098358553762,293.49392839187271
-1.8939223552448787,0.63787742743237708,117.93283203843839
2.0537372919114372,2.0996112859731539,22.215623025175404
-1.751322427440098,-3.922824993688069,184.61036655967158
4.465510434982555,0.020755152989570647,86.730627986440069
-2.7698884273251623,-0.037887174609405605,106.74997267028188
0.2201745174784433,-3.2592003070966928,216.70993834202565
-3.3850168687895597,-2.7712730876680802,12.667025435552009
4.1019659030180673,-4.4208051289755996,279.0470558654801
4.6370714201801206,2.5224607646096526,185.64685259751224
3.526070605166538,4.3139878364586774,262.14536700497848
1.1863696025797488,0.34543148249511102,117.93391635283166
2.4813113563354063,-0.053672801532122172,44.370845402761091
2.8288635520448686,-1.6561699357763313,23.696795054646856
0.73106762721496832,4.4290736743494907,214.60165732391255
0.57118427607225986,-1.6490174094325472,165.61137563606002
-2.8998027435958424,-4.5613200647417838,170.09504513888655
1.9903506609474197,0.73752409116919893,59.644894875277714
0.73052400910297433,1.9838617026986638,77.398824187656103
-3.8170895066036925,-2.1974033472141947,37.746723101939587
3.8953034185370878,2.1898498531446995,43.349426523113458
-4.2854682906684776,-2.4307483290944059,53.260578333275831
-4.1307566892435466,-1.1738344201317332,119.02387729323263
0.94939076127440458,-0.66488017269953037,147.30949764815784
2.3288734264090749,-2.1819650745917061,60.199502637509227
0.72972539708321627,1.5132127841379885,96.023349803174298
1.1440636682356464,-1.2028479165340937,138.11860346408511
-1.3411116058964305,1.482141397760933,97.340520952200137
0.60539113017625112,-0.72209019747464431,163.4438796090763
-2.6815978533524034,-2.7775966456948731,47.251026964012659
-3.7875053908609155,4.6463037648497689,180.51776518995146
3.6231760842190024,-1.9281771338435592,0.15600214351492603
-0.59954575378509922,0.53005604425282016,155.78369075286972
3.0765786783650899,4.5765040412081017,298.96614190237375
-4.2019474370312526,-3.563104355625681,11.79957899380495
-3.5176428458458693,-4.4165939362730118,90.054520187582938
-4.6816676738896685,-4.2884568915138459,88.964299058097183
0.26992889066529191,3.3587588311101673,77.993697586951924
4.5849249090829147,0.10869046403799398,108.39716247331293
2.5311032447110495,-3.3698727184444315,110.84833721786794
1.5866479272439307,2.2866566596943603,38.423133854644171
-0.7214489141415088,4.0725341083244722,119.62136437425721
-1.2149594950183538,-4.9580673770291153,477.62076937803522
-1.6775605540209781,-1.1285432419807262,141.57530073081742
-1.8054766760498477,4.3365603438864877,111.59070919588274
4.4609676272260188,4.8904321694758295,647.17114016580626
3.8595103465834715,-2.8696533915997708,27.00614280291175
4.0403152437899266,2.6372013025864414,79.344262276495456
-1.4944319080043069,1.4595952511217458,93.894058447962038
1.1283575362992462,-0.029424661900768534,129.65011904846122
1.0005295025408554,4.3227915064281461,193.18005751119995
-4.3341591561704451,-4.4887352341673328,88.561842804843863
-4.3993363573613555,-4.0074001324093222,40.609174105035208
0.26898442236958964,3.6830277819627568,99.183669024979054
4.40299875640126,1.4517270827233304,97.02830629176222
1.5183992033428515,3.1439354198758931,50.192389728557202
-4.6181561906877482,-3.5486926212230334,46.901169038064914
2.4105104341513446,-4.4035595088632489,311.12029712951005
4.186039684836933,-4.8789882159232132,443.30638704890498
-0.19613103761239525,-4.0490517197823745,309.9335175936842
2.0185482563834034,2.3884229056946049,21.107623543774025
-4.4059231076802519,3.1762696271427018,136.02677122194606
2.3663638079802318,-3.9180424374717582,201.69502086214672
1.5345837153818307,2.4077610897918795,39.013963872459271
-0.21345539052228979,1.5743784346770493,110.40371165555698
2.7164815849786548,-0.22188083602555775,32.694830138373391
-1.5367461125965827,0.93377301246200339,118.11082724387983
3.1212377450820501,1.8414728625954737,0.57847679684206921
0.4833831851807604,0.19055148742758288,153.84169549753051
-0.27350159509331373,0.52260277542115041,157.21939528172786
-0.51577255949924794,-0.61457322476531573,179.74170635273373
-1.8137185312136213,3.8781649160386191,53.454830204672191
3.0720830348021071,-1.2962756493330723,13.22313271152489
0.67324676281093421,3.4971956184424293,84.548834836722989
-4.9725711021584136,1.2780153819417759,332.03442727172524
4.4310264177100152,-3.9964873785542121,201.14521925972073
-2.2546899868473891,2.6101870298906258,16.892343331292199
-3.6244280023908511,3.6965311216335053,43.265078570866905
-1.5306473393861713,-3.6579833465756106,175.18612880503551
-3.7782691314417698,-3.7558277306391945,11.306292986596542
4.1531085612404617,-4.6914707312826476,369.64455675235598
3.3399150707399805,-2.422992415405151,10.031310350345265
1.0468741113703715,3.1542823386217229,61.530408145400003
-3.3247786809337434,-1.5849845551283086,63.380204426708197
-2.1996266629896679,-1.2634423992369821,112.9426650570765
-0.076256661589485297,0.78073628932352612,146.132838959011
-0.59607354661884582,1.0497910105213402,134.23440483519755
4.7072263281548281,-2.1846770663781574,86.670759690541544
0.084094563551736279,1.719226875180448,101.68443646929593
-3.3363165602167841,-3.5843131011964187,18.230354690710499
-3.1149514680391679,0.42105875957279437,99.524514506671721
2.019889655297936,-3.6616502146087302,182.99625909423844
-0.93976200283724243,3.2277331206668745,53.602853016873517
1.3346062886439913,2.4866811225818211,45.590295526285914
-2.6011292951021647,-3.0307924727364788,52.951625080518809
1.4896921188505203,3.1277335288235069,50.210837065531194
2.9672034892432855,-2.6029222466019846,30.547608662829404
1.9363882395422483,3.3323724819194265,51.845768162025003
4.2769160660212968,1.9207443387271281,85.808355490952124
-2.2179276438060058,-2.2412591688598669,86.852000422360874
-4.7876757655861635,4.4722945839660966,336.23319910675895
-2.4937608124385529,4.756618813066531,172.4411416616166
3.3315256761175789,-1.3320161673597419,5.108193817850843
2.3145845159673293,-1.2482176426009577,57.265157401506571
2.533988098747761,-1.9899442047495723,43.405942469473885
-2.5798304986413627,-1.0590116307051933,100.74092294316797
-2.1793157064556401,-1.5157766421557857,107.67464534456799
-4.1416697180261277,-0.78838276552772779,139.45668484116311
3.35973118540171,-3.8718426574322007,141.68826438611296
-3.1047928043106232,3.7642275093507269,22.300154612100712
0.97635399005771983,-3.6465953177940893,240.41847917325856
-4.4432846585257586,-1.4204463691996905,142.4588001730655
-3.0890452883894604,-2.3541150715572701,35.207604787757589
1.6786182943747896,0.81639547144139879,75.92358389515006
-3.5678264590616084,-1.5032828400632079,69.073440839131877
2.6801103343162334,-4.9351666640696079,478.04107982409101
0.79218084865015381,-3.3237238964857605,211.00419729298486
-3.582208503991942,-3.7234440518634795,14.347126000452857
1.7300469921143593,4.9634019347992488,384.28204834953073
-0.13127383964268802,-3.2043862522893782,211.11494597381284
4.2016082998900153,2.5335564202292904,97.51037102661374
-2.0867265663207588,-3.5781439650474725,118.33591028939549
3.3900921761119385,-3.089116779547032,41.938590939737274
1.0564068834947529,0.21241495758421536,128.33162796821904
-4.4881626080458128,2.0411524574238937,178.70839090993357
-0.09759733066275178,3.054671440729976,67.965140486541756
-0.73427432204072396,0.29555879502172644,161.80834187709516
-4.9266119087917399,0.47028190198514963,325.85419026522692
0.908678667744093,-0.73791285176539123,149.84351282247266
-3.7376931658964607,2.3049243118935445,57.259331544704956
-2.716474306047282,1.2552104539064599,71.870454496824649
-1.1045838455878982,2.207296226136326,67.792830747010498
1.2478174988243413,2.3410064174122027,50.511537896707708
4.4974409685087995,4.7096195602275905,581.4506816073748
2.7188003354115962,0.26510226186398889,28.907650344913051
1.5305613362448112,-3.5326992336525622,197.745544129145
1.7947539033835582,4.7066859618107166,296.66097050577275
1.8912409835354449,-2.6315504359767199,104.39709889686466
3.1801298444454904,3.7059324433539462,106.23634054303342
3.9259472086318006,0.79770178670433012,33.094555346761318
1.0695484846968304,1.2695396001402814,92.379784931759758
3.6897255238421458,-0.72737281590248148,11.294734612502022
4.769985940861913,-4.7805027034047685,473.9285035894784
4.6860318796938607,4.1584071930368349,452.8847540790062
-0.4713978453936063,-3.4907078353077039,225.80829488468359
-4.8190841907254196,0.72378542542219471,295.21604446477716
-4.82682880141755,-2.6272127446693072,117.78097770149583
3.755256478455312,2.5379824102840685,42.027174464067357
2.4917327347721239,-4.0194391089871715,213.29569224382675
0.21499308290524333,-3.3999491247798512,228.82673688912368
4.8814115863365792,3.8365890294700531,436.49533624514413
0.19743927280707751,-4.2584908898051888,360.05183539068025
-2.6536127321829781,2.1610678207498646,28.064447041855217
4.9837484247366266,-0.049713528058207501,194.16521501003803
0.97281609069783759,2.6289059531941295,55.907900029729994
-4.5515069954881806,1.7097188769268001,205.00072672207034
-0.91751172276534465,4.5316683099160464,190.88423882745317
3.5604990810273982,-3.6290477631960107,98.492262774924455
-2.7945543510946651,0.060088713702524998,105.66184031088687
-1.7573870298601424,4.9465687907046743,255.63177134784644
-1.6935832826608666,2.059452604063102,56.69553282550271
0.11270604515270222,1.3470969728520892,118.66497446885074
4.1432630542606894,-3.7791401883397726,136.23446525306488
-4.7455538245973772,-1.36675318059301,200.65991717000009
-1.6076501600473527,3.0792251730177043,29.23924908638401
-2.3042969052475448,0.17120399835783928,116.48485804733991
3.3046884897028477,-0.61203257426257451,11.504805038774784
4.1573342160931599,-1.1776987444630507,28.187506629311414
-3.7695103885612635,2.1987104503544188,64.471982330422151
3.9941597720004545,-3.807247821823879,133.31738055508046
3.0169324949411571,-3.2966746704472221,74.389049344730367
4.1929783655724258,3.3704744065464052,172.18829840800544
0.79860851857996096,-3.3443545371152741,212.70374334077988
1.8641092048976784,4.629862584152292,274.06379980088849
-0.4664834239134823,0.0089877289977069452,171.81343422233567
2.3516761831767008,1.1444706755454517,29.852562773407236
4.924561887292052,2.3640822682846387,256.18477770446577
1.0739049709981208,-4.2295985956065305,341.26613452073707
-2.6764816887005356,1.9717504231700005,36.985927540948005
4.1416851651083757,-2.7071447085388365,31.861490622638357
2.7795577825602855,1.5123427796163904,6.8411425574800706
-2.7104058587174396,0.77284789821393041,91.348119349362548
-0.55083865640869067,1.312878342752688,122.00992922491878
3.5457997644750616,-2.411406049865203,6.2762394758955331
-3.2568409328768793,3.5941386910107305,17.328249675668008
2.8067159582752481,-0.98401793478182142,27.26279911146252
3.6206053018312687,-1.7309300449029137,0.28967306651466868
-3.7139321430806955,-4.1062131229622576,39.510035687433245
-0.94129136389209744,3.7594430505941752,78.722378572308941
1.7499374164211261,1.1182531756239689,62.501694189534966
-3.2635584022117907,0.2839636471484086,103.69617585592279
4.7966542756593959,1.6597938717275778,187.10987308854595
-3.7618776679454182,-4.7111463276466736,133.14579253326858
1.9424056951660971,0.10206408250367183,76.239566438391222
-2.8509091327623932,1.9300999459449555,38.411034395432473
-4.8307343351384056,2.0485341091091289,265.19631124546748
0.99722792893236356,-3.8013773455098061,261.99446438855324
-4.4326686534003095,3.4090199234941601,145.42065187768304
3.6616157953396726,-0.37800280751000059,14.329783667219491
-1.5141542491967601,-0.66397193295373391,152.99952999987138
-1.3134613316591999,1.0487964329885893,119.70185279815004
1.1266456502873856,-4.317026208072857,360.24113918450314
-0.21893806355748868,3.1825202675701885,68.831016718481095
-1.8821124851190234,-2.2081588154758758,109.47712502442238
-3.6074622277939254,-4.1740526490081882,51.114439216048417
-4.5678596125239395,3.5789124811473823,182.28743629815051
3.6533247582992772,-2.3137179188364438,4.027598447597069
2.9309687856923201,3.3187095154512054,49.057073557632705
-3.0818363612157622,-4.5930576009293498,158.46892156629292
4.8837199269842095,2.4889880299334042,251.94310964188597
2.3052994869047696,-0.11005618569007325,55.5161960443059
4.6727510864727027,3.7316446277020443,346.68737296004588
2.1394030914442341,2.9949225386569971,28.634988534801366
4.2245904088575141,-1.5271733162291956,28.498685213322666
3.7673800635901884,0.66083756402312055,22.670372889583465
3.6373957528162961,-0.24181325467625214,14.872742100038595
-1.9351301734790378,-0.17970836532816747,134.53939371735308
2.0349521508919377,-0.63014131564426989,76.953132290062669
-3.3340582553006493,1.2396167368569149,79.231944223638095
-4.984899256832672,-0.13329553115921833,331.33883824660461
-3.5193776918075157,4.4052366646909427,112.5126584800314
-4.8048597663757233,0.21791276542948879,289.63877702177086
2.78492483239802,2.4876805970849016,4.466933715861086
3.0092591921858496,0.90418243250779184,11.151133634629904
3.4213233479502136,-1.4438516598341451,2.7771753963242309
2.5350656534239242,-0.87206842581908539,43.376394331952369
2.5383226371843719,1.7287389637788628,10.168736122491556
0.4729730900602096,-0.72956361210547183,168.32200947592696
0.37995142570065088,-4.0805608247174554,323.70952083719391
2.8821514349200079,3.4985096793141661,66.610877357456417
0.36020652281963805,0.8390284883099719,135.8594448621069
1.091289531566586,-0.69442136845915758,139.77047892131401
-1.7790913741840315,-0.33565377545253661,141.86384140972211
-4.3678254567432111,-3.0093555860262375,31.033649540271039
2.2235576137065642,-0.01492917643699343,59.665922768445228
-4.322255150539597,2.9172109646374693,120.24903765141596
3.7681108895366258,1.8618575059145002,25.663882691134621
-0.22715154973902063,-4.0859493454505156,315.67154004350488
1.8584306500041681,2.1729364934752642,29.048672156115597
-1.5120679012252118,0.91534587380163313,119.70705412480017
2.7597590848086417,-3.2165319347800718,80.844697575560559
1.3941246178109887,0.21315707542149376,109.12172493853024
4.833496429035117,0.22483280814919127,162.92293368194288
3.9098563032362748,2.3459070430353055,49.818367717002957
0.07943112363994409,0.98950921470442399,135.38436103502875
-1.1005574293632545,3.9826848096112997,93.947213366605922
-1.7679436143760423,0.46971201160736875,127.88562027203858
0.30880240261329917,3.029109754880956,68.195781369921136
-4.8283380701617213,4.193751695512951,305.63641054218215
0.60340350173236157,-3.2579889456564697,210.8309093452747
-4.8384376296598433,-1.3544848026577223,222.31118645764582
-0.62655058802734676,0.36061381859175867,161.19496734125025
-2.641935826696832,0.11511815295951067,107.96101825504569
4.6052000488746874,3.1224490113621268,231.79171372021278
2.5455418082518797,1.2589117546735684,18.870711901227953
-2.5807676756353048,-4.5184202357218339,195.87009023666511
2.7772943660058038,4.2457397346821271,191.45926012136476
-0.8095635365723961,-0.78098723162277039,175.61340820556242
3.3017494790650179,1.2385639471090908,5.983663312405155
4.7014394383354521,1.701921607632249,164.33723840005888
-0.42942150423459768,3.5528756470488982,79.719606279737974
-1.4287735808819417,-1.640353037265589,145.26275564004663
4.5771947144832055,-2.4884024529041411,69.893990840908145
1.4349407202535813,2.7750284107109575,42.579843424764071
2.532391156566228,4.7100229133445577,313.8968428121334
-3.9090754849205003,-0.34842539200798761,131.83806650665119
1.8115953187749891,-4.997846508695174,553.34253972827082
1.2562994170359074,0.35166234016052833,113.85058094696073
0.88438116705503234,4.0360712580857925,141.73004631971685
-1.1490704730710966,-4.9948348307414241,497.55675704865251
4.6673679675977358,1.2291098917257335,144.99814171947318
1.9777804050340473,-0.25977979576034471,78.544910540769749
0.95620977631568316,4.6177933503654742,263.38287926886795
-1.6370876593006907,-4.6888122556507197,347.39344507616272
0.78409316669463891,-1.3886070273220597,157.0066597241059
1.6234736219309731,-4.9026610591977144,524.19228713438133
0.16962756347942065,-4.7818442863200605,505.3017056241132
-3.6168636360997848,4.3462962299806609,109.76876747272038
2.7402046650916372,2.8311196156742513,14.539161312557555
-0.22636448882596127,-0.23785656336414984,176.54624104187243
-0.33723344828612145,-2.3253381956187185,178.27172417099717
4.6153461190739229,-2.0926169246112796,71.362042929987197
1.3325865699773036,-0.3601793292348896,122.5265241571411
4.8827421900480523,-1.4346070284558654,130.11320831768052
1.6431685786619745,1.5214198698121706,55.203559720823606
-4.0092799629451195,-4.1964053719923777,44.337847302264976
-1.8590042908603093,3.6862040545324923,37.24773399573931
-4.047278576966014,-1.08253270303921,115.99576765477843
4.1135252513301381,-0.35545140366797146,38.594645274013949
3.3763975878546244,-4.1774320759203958,205.46376489919191
-1.6307276344973891,4.4935233772763024,148.45827094508795
-3.3561362139237731,-0.75977859712633311,95.872494530155478
-1.833166324679198,3.3086282956683846,23.224842768473962
-3.1917653891135149,-1.9010255058875631,50.632286020700654
1.7640727281816782,3.2534272729697964,50.090025818201553
-2.4534981527688093,0.1123608719709086,112.82737367244407
2.1918851320415911,-3.1896077760752282,116.8712744288387
-4.8746982225596929,0.38328131695538126,310.357515545235
2.269009036638268,-0.59648791937615364,60.720126800571762
-3.623585338900452,-4.6697352194674204,131.50432018367647
4.7397553257233049,4.0192640132858326,432.82098470759456
3.6716191381037255,1.2154158060700171,17.08865473661605
-1.6527836496486117,-2.7039496115829236,122.18985942817304
-0.17894145121459193,-0.85782025900764047,181.36290607762871
1.3548323496246431,-2.4692366308726048,135.54645264275703
-0.70939150465546597,2.3656408216116382,70.580498712715269
-3.7368507579449197,1.5518854816781467,89.75765473040309
0.80380529682910584,-3.8287390222385094,272.77034382814873
3.5290246001223906,4.7546113854127601,404.70881069415714
-4.9482093439837547,1.8113611589822423,309.09181398394594
2.2742658181797095,3.6554173355970594,79.305275319739593
2.3069372633605569,4.5201113104148014,249.03625673556124
-1.1548424696799655,2.415331949091696,57.964207569137727
3.9514531561812358,-2.7678405466528844,24.682420976552045
4.1523922891272953,-3.5859933105208208,107.29123722125352
-4.6430562819276178,0.3437869048090505,251.67089512537029
3.0561744142804095,-0.39581061598987421,18.568103970986932
4.7755724736803558,-1.9654864490521362,99.52289517111808
-3.5558122120898057,-2.4344182586716596,22.056605569759409
-1.858617159874461,-0.49640445531500799,138.84289185208024
-4.5945102301304761,-4.9337524247362028,189.28489112299934
-3.0134876641073012,2.0724496460513198,32.724137425881011
2.6295868894082375,-1.4821301717876763,35.720961632600009
4.3405610240956545,-4.2425242686308922,248.24771928855662
-2.5446891370948026,-4.7128255932324823,245.75770709658906
3.5534469690349741,4.6683168731197906,376.22964045510435
-1.5891029790374973,2.1736129766422341,54.638783989553836
-2.0646311164947013,-0.36196578193853313,130.20897264167249
3.3956006367198661,-0.14383356139114589,12.992191073683205
3.8518574441992204,1.5252067538681393,29.426676409764767
0.095021911855774022,-0.09419173364296185,170.43710723984668
-0.94325118585616785,0.70629930838176591,143.85377948282053
-1.0854423768382531,3.2672297227489491,49.667307575916894
-0.40625548683306256,-0.065686952193929393,173.61275351444385
4.5245795038503136,-3.0638952245134723,88.83770233546592
-2.1817279904853661,4.737133419967833,178.05205680125806
-0.20537708510628505,3.6742917513510331,92.677351147654051
2.6595944255970814,-3.9429806375454119,187.51954756166123
1.92603443720171,-1.5792388672872781,85.326586174291535
2.9538604010974314,-2.4495369532553046,26.136971602679527
-4.8312582597127003,-1.401157282298886,217.0591423295966
-3.6391651311338058,2.4067205664284508,45.116827788013168
2.4762330983727896,-2.5955313217608094,60.60576438785791
-3.3608641303101532,-4.2523249641774292,75.277265773174307
1.1963368657863969,3.2343297581295598,61.814988459853012
0.5572371772901219,-3.6543891380404805,253.51971470351845
2.1852555718752047,-2.9188761748753884,97.33193806937966
3.2301569240062218,-1.9639642677721048,6.408779088450939
0.90394933147362977,4.0088893016541771,137.621580057816
0.68050568191141991,-2.6113887535336309,173.12767007389448
-4.5211604316084353,0.8348150178424909,222.75441253640975
2.3509302540484098,2.5128827234163511,11.536968838157943
4.4177696211595325,-1.6630316435560615,47.00626293954307
1.6167817664167554,0.62166091597724371,85.252790963308229
2.7107451817946426,-0.58037064253966086,33.533442236139528
-3.6466986503592347,-1.452025962155135,73.619263421377838
0.32528297621105207,4.9133494014751626,340.8415888332483
-1.7331608621425505,-0.70332795594933462,143.55370447958774
1.2048036773059243,-4.6582020551919348,454.75499397558582
2.6601708844697196,4.1826785280399381,173.1204285051721
-2.7783845656532322,0.23615957180516389,103.79769877545633
2.3037389749536219,3.7976171156646412,98.179638830171115
-4.0510410268872041,-1.1506123795113083,112.76743563838409
-0.65842319238871649,-0.52436752263435515,177.5223838985234
-4.3835478745802323,0.87182427923526173,195.43743782085645
2.5885838566503381,0.40637993823544605,33.185131324528896
0.19523389551612347,0.55232118662136376,150.6051886945188
-0.87501092289772586,3.680701233828632,75.128220158983979
-3.3782091116476849,3.458022707350155,17.474862895558651
3.5130078730273109,-0.74250159574345886,8.9767065506747699
-3.6615066206747948,-4.0249414252886915,33.295538495117846
-1.7378895599566011,-2.9324832366206595,119.09577660535746
-4.3946766007829163,-0.0729956599012338,197.61793113628806
1.5610598836994072,-0.86397140121287652,110.88902068369353
1.7673313217354032,1.9974020555328753,36.109445478852358
-2.9813054873214884,-1.5540232991556318,70.687543483108698
4.3691197849177588,-0.14222856457113053,69.969977250582218
-4.9438509594619457,-3.0261741480777076,116.24486378095791
4.9561853541600982,3.6505160414537361,423.62549576742953
3.5774219278319226,-0.69213460755063139,9.8871781416597564
-3.669642393972786,-1.6049798261683961,66.24952066319257
0.90255642284434323,3.8292639366088874,113.77361306030305
-4.6315642588723867,-4.2622991359159448,81.019269701269224
-3.0569317507533444,-3.1115638817495794,22.862436899111998
-4.6881608533364645,1.5438603541078377,243.3949537825377
-2.7305733472380167,0.55440239515756495,97.73442145059569
2.5101551089517846,4.9341642642120931,394.32122696260706
-4.1226146664732131,-3.419331458651119,6.9629751985781709
-3.8086365698195568,-4.3966354731405044,73.41425504083243
-2.5610211908406417,-0.97832477711481936,103.3980551767971
-3.8935023341882573,0.018646987270117599,136.11656361164177
1.5416320398496763,4.4752658711641562,229.48108561726661
1.1107218259505665,1.1830452029528757,93.829458299727605
3.9248149013681264,-2.7372514101698724,22.291695279962205
1.768151557879623,4.1715283780250054,161.80967679731441
-3.0858500552300576,3.529022940598157,9.8167735653024444
-1.8421022206480258,4.1885463018116926,87.405132006975862
-0.91277272479303839,3.2626651086368614,55.132689457273351
1.7146715687921397,4.5238501465548069,242.93277109425554
-2.6990432497926657,0.61387198216693672,96.521517313649923
-3.786472696175764,2.4378511381005623,56.811325528860522
1.5840191916238977,0.22620165457318109,97.086186232362252
-2.7268618357856629,0.011616687391819092,107.23023843369623
-1.0722143340715418,-3.3496205040900193,184.14767801783341
-4.3538701654863887,-4.6877769992645346,123.49627104719379
3.1597847921526441,-4.9686728100677282,470.43145485407473
0.99914470671886413,-4.601963759286086,443.61514269753764
-0.27524007032597186,-0.6727705418749137,181.03886272401894
2.4897514170172919,0.2718610260676444,40.195462896719853
-3.8393340253373482,-2.5028293787939591,22.464057348101665
-2.5520272066938769,-4.8691798987255179,287.95845485414719
-1.8873299927358227,0.77862791548074206,112.92313994682662
