x1,x2,y
-1.0859067041913453,0.80671904266221972,4.3725217247311257
-2.8997370932080369,-1.405658614773202,9.0491634785632407
1.4758692776974929,-0.082902417778874415,5.5499412867874582
0.4619735506203857,-1.6747821612836558,6.5851003316249361
3.1032079415303926,-0.8939836487665378,7.8440168772309384
0.42240115132278477,2.1279580120886976,7.0929380078409956
0.86057492956952775,-1.7135632693811653,6.2391467925856823
1.7760788995318917,1.5271625835389937,7.6950498858545124
-2.9221119072899286,-1.2539366068064433,8.4261396699843107
3.177326339995072,2.0503156482980458,8.9971836305161794
0.67563992162183517,0.75896581299322818,4.574222168171648
3.2487117281572209,-0.99468627386341035,8.6937294754074728
2.0868297439767556,-0.12874031460480939,5.6725109420500921
-3.2917561162960562,0.88089761739034245,9.0990753200063388
1.556029050475221,-2.0919008128397119,7.9348857851656085
-1.297236886100269,-0.03798300588220993,4.6674535879385211
-0.4915923658384127,-2.0451298241076721,6.8833693173297306
2.3541217300189938,-1.6059561154693229,8.8543877306372991
3.2535839094857586,-2.053146799880758,9.5249337446112534
2.1599388067735683,3.0999879542267124,9.0376713519849901
2.43370365215576,-1.5800212444123738,9.0414713490085763
-1.2921728542194799,2.4424938076742579,8.638167357040329
-2.4522475812018918,1.7177034328575758,9.0613705052279307
-1.9912743193354956,-0.98291587980206696,5.4001629966576168
0.044829091292943435,2.4814418765222559,7.6545876639703359
1.0807158471081486,2.7559352224936013,7.9822212707775879
2.95848474640799,-2.9025406149271675,9.1481636941685007
3.4468502378675456,-1.639223777166785,10.608188219729676
2.5763217380078558,-0.45717117433661425,8.507842073900898
0.28991790588380084,-0.58884827896631142,3.9131678413238866
3.2307215415492916,-0.75300554566615174,9.1351150288334715
-2.7299751145132678,-0.87706557885746328,8.0419561365318479
-1.3103922019353145,-2.0146629497197663,7.1141246268429228
2.728986699181208,2.0002069809523864,8.7803677897839663
3.1002144642582712,-2.7261503681868615,10.172961887269265
-1.2980690733865021,-1.9269067012172176,6.9701152848831391
2.5712270024746475,-2.7613637543439933,10.328180037527499
0.41196614691043942,-3.0070218352027203,8.6211867794700332
-2.7633032233548382,1.7808457684257046,9.0064745965459672
2.342682603339048,-3.3363749387320043,10.894719636526059
-3.2474197785562011,-2.9160998332813679,10.376620234234155
1.8328009505195997,0.27544046537034106,6.1456409436105979
2.1775498274854952,-2.2566454600408026,8.6622992601506041
2.1263894836738491,1.3444073518428663,7.6322129604887294
-3.3375257002177849,0.86337426361576508,9.3678261482772509
1.2233420812487292,0.90768166580540122,4.94303013964538
1.0638888836592217,3.3334467389603111,9.2914014192247922
-0.050582584561021715,3.3233120521826507,8.9312588516228111
1.6457537328326035,-1.052921005447141,6.363633995969689
0.5584880671124326,-0.1577222375674614,3.4694179428865084
2.6774189732094484,-2.0295442467532805,8.970696128691209
-1.1247007445999406,-2.9381105969384618,7.6372554580538292
0.98510796623154651,-1.6263146185498862,6.2752988373126577
2.0805372600525471,2.6260451392053223,9.1758283673178465
-2.4907345659028031,0.73852042507422944,8.2820823118257749
1.6587484614273329,-0.80455165180406141,6.4063885776054583
-1.4782694618537802,-2.7078907164517574,9.2551530520621128
0.34994006211126338,2.4462289912088275,8.1519473849575519
1.2878550874927948,-3.0870359122734219,8.8937498058466762
-2.119982983544439,2.347378800414865,8.8510279077317016
-2.5767209882756665,-1.5700561028793936,9.2569176183291404
-3.4110103456391379,0.81845021543093122,9.7338105323532087
3.3936433109102691,1.6342935575207402,10.493325631063524
0.83703673309112947,-1.7263235146553024,6.2665848218521774
2.8072553726541924,0.9664930817078341,7.6312669020550032
-1.4249501435072269,-1.4458387982631762,7.3095325925499299
2.4175667017771731,1.3126564597491868,8.6295585122832605
-0.68475343438214953,-0.090824001187992831,3.3316944002223536
-1.4939233344279534,-1.4725054286606181,7.4814457603264408
0.37109871779711412,-2.4038949545286954,8.0701772255490472
1.9924127517706411,3.0138515964134527,8.008058623171916
-1.2832946684272657,0.22824633596870481,5.1201919526568744
2.6220395455221359,-0.58642003770339102,8.5860018541951462
2.4660952553851274,1.5999263750339106,9.1117703665508465
2.8933076642279545,1.3693959258465505,8.9477676108299065
1.490516833540946,1.3417681567143678,7.1949824720074673
1.1524775546631778,2.1833937218223243,6.9790367777828042
2.4746475439936502,0.015994925239542823,7.6203576039043828
-1.4326965727806789,2.2054424755888915,8.2024799995063926
2.9970930631483004,1.0595574890394452,7.3344977939332061
-2.1014520808347821,-1.9994320969870132,6.9840822262555378
2.2665349072134591,2.9180669926901874,9.3908286987535092
-1.8295285125362279,1.6372497875323004,7.6673230303312376
-2.8076454538119622,0.97659675040283478,7.6248430959072309
2.5849788431177565,-2.936439017260021,10.186121569782848
0.060099434630921156,2.0316030161530394,5.1160803639003625
3.180365789708298,0.211914204485117,8.5840517525325968
-1.5804245760239257,-1.049456454488729,6.3853365708246876
2.8805226872992158,1.4582558421304164,9.1602130756084108
2.2415280907621806,-3.3443820557851422,10.624091895312402
-1.2514450639856105,-2.8475324933147621,8.5087926634825841
2.365136169615611,-2.7717640867787692,10.002933897404629
-0.20210685198421929,0.48481820101121542,3.4450759407309945
-1.5624412053203145,2.3572632368145561,8.8500399541506507
0.054981409437737216,-1.8022530945371475,5.3391078220285131
-3.10625028166849,-0.64000596544545196,8.8700352766816728
-0.26778176691448285,-1.2828357367896892,5.2479912987563964
0.11236969385184148,-1.1176914998979401,3.539260936557401
1.1488286174450497,-2.7237295891325335,8.3122684959893967
-0.86037842483172433,0.23988775794163653,3.6705514679237616
-2.9608470837338818,0.19594944750507715,7.6542251387264546
-0.4976105147292702,3.0480896445018413,8.818242388466226
-0.3315866079296188,0.33111258432392221,3.3875805992745427
-2.0035235658311183,-3.1616850645465671,8.7931233267336122
-1.1869737449399667,-3.2167582790390075,9.0579169909399013
-3.398166605893985,3.4712476939615913,12.246980186629466
-1.448332072398081,-2.2873882767585556,8.5261909991582492
-0.48654691383006821,3.4879577862534061,10.194899001903972
2.652989197854688,1.4639816919582005,9.2274705527179375
0.36347928677313845,2.9656734459612268,8.4356786439829925
1.8005151553411896,1.839421618034053,7.2950032529744657
-1.6551705144447972,3.4047876787884892,10.50978145545136
-1.4893158944534899,-1.3189873312367379,7.1307499449401348
-1.090417640939362,-0.18809392858910146,3.7729954714378664
-1.9567619658792188,-1.9330265246203466,6.6084351630417189
2.9923854988407141,-1.872044969174808,8.2465533218576557
2.8434289182920409,1.1317518441953709,7.8945227739624659
-1.0476079168838481,0.88604230312762766,3.8943662655714739
-0.095212932943288031,2.3850445770870685,7.4094208923694822
-2.3956790263399963,-0.5015404268132384,8.1620317416278212
-2.7794091448571208,-2.4350377531695928,10.165746031360909
-0.10024888445047297,-0.041586918779720872,0.594894326172696
1.4671476302018363,2.8480159611166478,9.1865623504850884
-2.4681380409988334,-0.15466181735257312,7.8086126891492071
1.9203577150427629,1.9555188202151221,6.6371393992345773
3.2230518693819343,-0.64820898684495454,9.3475547074112697
0.79727475482654064,0.53767482265237287,4.549378982207017
1.2538896738861496,-2.5503819095917484,8.723260738999457
3.4813015220141583,2.0713464478848405,10.485288543926739
2.5940444476291269,0.24681238855922194,8.2161577372275687
-3.0159190022615436,2.8647105487043376,9.3248653000566932
-0.67115135941704374,-2.8085807892195582,8.4798643541890488
-2.0897370224330549,-0.46929273300372687,7.0105811086331951
-2.9689218266000754,-0.36791027161232392,8.4523929097254502
-1.0040508937840418,2.0832512588046095,5.7552420031482896
-0.70941714041619353,-3.380354641403136,9.8351824395117315
-0.39923073394126485,2.472436159659062,8.2750081677713183
-2.1116800244720464,0.62734535779322087,7.0377311603262047
1.449569064429272,-0.95008210717333652,6.0653880670506375
1.240753026895117,1.5284736340409699,6.9492030581472832
-3.1093909079682329,-3.0263020455230274,9.4805088288418702
2.7912137599801197,-3.016155842146274,9.6643287774477482
1.2393695849087054,-1.670505658672651,7.0014559343062679
1.448271330766584,-3.4138804459875551,10.474994986829044
-1.7572053488206749,-1.6594527694603418,7.7272080681521729
0.89087686083678364,-1.6056585611515797,6.2991597260383507
3.0796853010626242,3.0887510318465043,9.5554060837955603
0.19349456000165999,2.5027109317321958,7.9729937924554584
2.6743441342869056,1.0050930339786124,8.0547412142654373
-0.61280305894130782,-1.2978973163538416,5.8025041088975868
2.2908844162029229,-0.91229100091127524,7.2580948633344349
1.9602151224839997,0.92530641823653781,5.4631229182694767
-2.0217436459552678,0.32769591778418761,6.449749190543713
-0.436125742625038,-1.4373052850008947,6.1480030999768651
2.941366145551183,-0.67358260926472502,8.4000786187311949
1.2787116930041531,0.6011452112500244,5.7294385215471912
1.3123112199493256,-1.8450580336917999,7.1035937003161234
1.0394090244665684,1.7633340789328873,6.0519642614370852
-1.9171003019741821,-0.11940131829025091,5.2514324633485181
-2.0868489624069877,-2.0893880568713121,7.2050873547794243
-0.34956278765376592,2.2173259583222045,7.3319663583347339
0.93182825844388528,-0.42826818775796394,4.4136235222144187
1.365146440245395,-0.90580893407223639,5.7669239439035529
1.9382837027781328,3.2563982625797392,9.4587585298886125
-1.8945066606458705,0.80205548674469895,6.0256179321985996
-2.9704910179298896,3.3627737146243044,10.934062186413721
1.4229407466926567,-0.033219320463499624,5.3170378472973319
-2.8387905283916934,2.1750303582747739,9.022356781536164
2.3836103169506844,-2.2880665237789106,9.5717518991963733
1.8624893229479209,-2.8452481564198733,8.5202307670257298
-0.68305756781619476,-2.9930957607669235,8.4186189433197356
-2.7397244996056789,-2.6050190241722513,10.348458302910842
-2.5399003729515228,0.44877838020702843,8.4476255523415489
2.2859793193031148,-1.5314430397989405,8.6178019436974171
0.86503177314899471,3.4727099697805137,9.8112153717273909
-2.2358503454646264,-2.6254053813383451,9.7026173129857334
-1.6517962943092341,-1.9931083016374496,7.6154519181729672
1.1554634356793105,1.6567644759655895,6.6844559096164566
1.4184823008336735,-0.081698100385746653,5.3592665231470527
1.7279341951335123,-0.46654219802566343,6.6184457452208747
-0.41593332227097424,1.0759572653146536,4.7164369632272773
0.47908121380608204,-1.883333247171074,6.6409156599028378
-1.8022437700231713,3.4030774466760674,10.337069292447422
-1.0669922098108051,-1.765354082912147,6.1225015354832486
1.0007374060747596,-2.4435604765022143,7.9192912784774663
-0.60761152908074934,-0.090164208059684725,3.3499543282515596
1.0841433876763151,-0.12605850802834206,3.3910387393804555
2.5191998331195862,0.034321909599908995,7.7209717085702003
-2.8019206339489466,3.372557569506264,11.131505449131405
-1.2699262358281058,-3.1360018248296977,9.0192636186716406
2.6657374288090621,-1.4681035422464417,9.2371693417562764
-2.2123989157603607,-1.7216152882792426,8.2354811736869618
-0.82904527717519816,3.1505108473623702,8.401310905040182
-3.1637607277792394,2.4675445067366901,10.585407257637316
1.6497891732154448,0.40616838163788005,6.4985297796723991
-1.9678997149148616,0.44779647838990755,6.6676131561918019
3.3037262686856685,-1.7535135338413093,10.077026998193608
0.53821678334990875,3.3394480112383569,9.8509721171421365
2.4381310399300711,-0.82051114946678805,8.0376699967309868
-0.74214289741843542,-0.99268628758708921,4.3261978821799048
-0.20092638582185085,-0.72443029182874641,3.661109006807898
0.88014891419971697,-1.0141848821967456,3.8077267840106757
-1.3523363067134144,-1.2682732215624748,6.6313568897978001
-1.594180569936825,-2.4888902786159495,9.1499580814183297
-0.71293561395908389,-1.5428271531952316,6.4411107039881941
-1.7116729422957486,1.348683951778801,7.3588410886774405
2.4316372763636958,3.3259634145352397,11.04565146189554
-1.3026275600094643,0.0073341718090143004,4.6823405763920753
3.3472552117756926,2.9539374526229469,10.868696833285746
-1.4171813168109626,-2.522657295723632,9.0396017252787821
-0.62384121254443414,3.3507443025920729,9.8464046107189098
2.226462155600176,1.8215411068300718,8.0653272338631581
2.8691648635616742,0.38341864924089952,8.4677962251710195
-0.5596024222400926,0.24860989234529907,3.746705004926806
3.429406871455642,0.055126712176664316,9.3861390484657434
0.3561443733138896,3.3707236374257006,9.8141435136769353
1.9377987738382663,-2.9435114405052163,8.0306633751207404
-0.25570500414711894,3.0256162112815312,8.0914399456995927
1.0171450179863806,0.1876259267012319,3.4499561491767565
2.4066947951783479,0.14871673363866211,7.6097225903534582
-2.8975427255209256,2.2153430262495668,9.1161929324979436
-1.7649574981621621,-1.9779805702324966,7.2514257541140097
2.2002714436485808,-2.7590510983617187,9.3766310594862698
2.9262944225109182,-3.4697460058870617,11.235262062697881
0.36136661396111691,-0.7210673091610631,4.2121982368766275
2.2619193255364625,2.1317862434262587,8.4810537324625326
-2.3494890908411286,2.2461639089125311,9.3332122599969072
-0.59452848020029725,-0.54700237016908737,4.4680804483076351
-0.55421101590096411,-1.2929648588043983,5.7800605291980034
-1.1936156538606721,-0.20091916059296278,4.4805151534443333
-0.29592673967884942,2.48751745923055,8.1576578502565358
1.2992148434230746,-3.1587827176814129,9.2537071491398066
1.3645111995186348,1.5864658189722132,7.3726783814675123
-0.94210996744449105,-0.74605660209559943,4.268147075404034
-1.022030797904395,1.4015233637748095,5.9771259933494854
-3.1489111410733006,-0.17575934555211736,8.2302299449626481
-1.6423825035116386,1.3403936100782063,7.3401354950450415
1.5075154422313934,0.33153217059118667,6.1654697927043749
2.7131302337634118,-2.3179797416619872,9.9193190363155672
-2.3539331318956291,2.674184117073203,10.047248695963184
0.55150899538376219,1.7992644557857007,6.6667474081182512
0.78902860163781341,2.339514635346938,7.7479646586072022
1.8034489206180249,-2.0228592951166577,7.1514881885664323
2.5400463286178203,2.8800820398139457,10.211860352485365
2.4941559219172271,-1.6571342479861597,9.1623983305958472
-2.7506785291081521,-0.66436352085047945,8.5388231065055962
-1.6330251505859623,0.0034262948110983515,5.6637001785518386
-2.4496254051222914,0.46833206517868131,8.2817060321500264
0.29223166474818596,-0.68852793246331334,3.9993017547410972
2.3528291875131782,-0.09644229842747265,7.2669493772501959
2.8790615993133528,2.9171301622357504,9.2990919755352692
2.3666555578851103,-1.5689470788338209,8.8782288951524198
-1.6298873452441107,-0.20357426711000315,6.0442244281854762
0.72792439126564634,-1.2532064163442356,5.500807663312532
0.48793033286401899,0.77815320570260127,4.4912118349656396
-1.6154216380988,0.58645111735382471,6.5852002755627552
2.8967707173614867,-2.7113436366632389,9.9861003353622788
2.4095593423882891,-2.6880115821831154,10.171920521216311
-1.4551740108435234,-2.2901891696308878,8.546042213442929
-2.5167311122489964,1.8573162771100264,9.0367067474447769
-0.46822143560051632,-3.2330562108549863,9.4717360035214231
-1.5278914712852381,1.1298534811184906,6.5704829455192417
-1.680861586878696,-1.9016200683566855,7.5319900609794779
-2.6580325093371915,3.233185545217605,10.850822680727125
2.6652105916471918,-2.7216685368947418,10.338357758570197
2.9184495528663303,1.954009283733539,8.0506474434365281
2.947882111383997,0.8024250920063114,7.8475684072234095
-0.52896064025372391,1.5876310229958062,6.5336957346604656
0.94460073032864145,-2.7856314090580225,7.7365645356871013
2.337449512758627,2.6779231504776231,10.001423524047333
-1.2578849488887798,0.077353528095267521,4.4653330369227007
-0.85625561483486434,0.92945119734893478,3.8505674235127323
1.7136364959340229,2.3647663366322753,8.8432259843421601
-2.3547807939463619,0.37668699388350824,7.9284721759544343
0.23752172053687604,-0.10756596170221533,1.9062425064670236
-1.5291151965987206,3.4358879737293408,10.581897363916099
-1.7106475174860436,2.8930808014510978,8.9758728414748248
-1.2670686278053944,3.4140501700398689,10.150936565885825
-0.92819081896292577,2.9387968323476077,7.2910262141911453
3.0899844746499063,0.13174323398132337,7.6646086250812573
-3.4890295757967396,0.30283942585392332,10.014326153514105
2.0129981213622692,0.6388286955871898,6.688849653698508
0.5554595089169645,1.7149878449454707,6.65859510133199
1.4967291036936095,-1.5216752079676403,7.5596876915513587
-0.095076204580659684,2.241206541822379,6.6008683193066844
-0.95967485880317671,-0.067166702609538387,2.7018993616610807
-2.5663741451903412,-1.1939368620998239,8.5635343965579374
2.555816516640764,-2.8128469480710017,10.276034119015472
2.626590213430819,1.5165656840620381,9.2655696470058757
3.0882836806894263,1.9025609740181828,8.4410602198087119
-3.4877449043821933,-1.0038979736055937,9.7462159485205841
-0.16154125405337227,-2.1576855522179512,6.2782039265833234
-0.93060940994146035,-2.3304017318534589,7.4578441974597371
-2.9700684133048245,1.4108535238333832,9.0858064263153349
2.971472646078043,0.23828477386598657,7.9012462506602574
-3.2350411477261476,-0.087161414686752536,8.4570696328136776
-0.34333457882275775,-0.90891994935384846,4.1314831308379141
2.0280792076724108,0.24092183152902447,6.0522182726492666
-3.3580848637999674,2.564473187815052,11.253760353705582
-0.88984684119254487,3.1658238283778983,8.2651424332375818
2.0179603808889013,0.18330330896329805,5.6871010316779405
1.3966377001922776,-1.0662938065074758,6.0580482679421372
1.2928052788151208,-1.3371274064541772,6.6689613224800546
0.67939771328484166,-2.905653642556393,8.3821508218084571
-1.7717857082295396,-2.6992751761031837,9.1345687991624498
-2.4318225411132186,-0.90082767172152201,7.9062335132668711
-3.1988458635005643,1.7615044876521253,9.5712917480722055
1.6693805154803192,-0.76645436629740349,6.4677083475524419
0.7191667781323785,1.1384086045336144,4.9322696034069473
-0.40336586451850298,-1.86485190971035,6.5252611946114243
2.940099953109792,-1.9920901442149042,7.9917200393099783
-2.6282859015588711,-1.583503818928842,9.3004118214655094
0.29563087618450146,2.7210612592314529,8.3444596897391392
-1.5011017743679227,-3.402862230670554,10.49613156933019
1.8826541699557655,-1.0542187166552046,5.6583659469216592
3.0444560484901624,3.4500350345115391,11.279750117536725
1.1242433042497328,-2.680514582462135,8.3048626590865986
-1.5857079051656688,0.74014307111354505,6.4717730930429802
1.03171532889343,0.17570019602996023,3.4253146377341714
0.16536713338014319,2.4982315992503459,7.9002791269084973
2.1520697621494218,-2.6989956254408938,9.3033499928109045
3.4116316461824407,0.10923467178416191,9.4136763869250579
0.59444618749564881,-0.99620099631080716,4.655369016560897
3.2345025609845495,0.16816903560136298,8.7254389579673415
1.9722018974957187,3.4104105983926791,10.189414371853358
3.1749946447455111,1.643468690085502,9.735273926143126
2.8953701667151766,-2.0647767257008196,8.2718049960680986
1.3806806738576221,2.9602157962168629,8.9911812449972572
1.2577254697833098,1.6941914953036994,7.0562092879362606
-0.076601714664315423,1.3581488870493761,5.0806832272182056
-2.0443561122238485,1.3497324628960916,7.3680880827132142
2.6864204720174545,0.01347717885389299,7.6850730728380867
0.29172800327974358,-0.73072389462112586,3.9974034590478063
-2.4175592816259499,1.1396749353508309,8.1219540125356691
2.0926366352406571,-0.58009698960545508,7.0269317488082095
3.2115520521114638,1.0076358372511542,8.4360216655121611
1.1972783468391235,-0.44889385449746921,5.2946342922491993
3.2780969409492116,2.6597206495369088,11.008847413235607
-2.3313193178206753,-0.33223320432946934,7.7715920211316245
-2.576380406337619,3.0653818628488763,10.35075680639893
2.4112515976895361,2.5804435244090822,10.158642584978127
-2.3761064903825968,0.36697241463400321,7.9821721873313685
-3.067263805180076,-0.40790438766921699,8.7684299612064898
3.4081634414774857,-1.1710485669577473,9.8697276280893718
-2.242247582589131,-0.20910477195404464,7.0096981132313552
-1.9099829494045215,0.35748760888752162,6.4080756367943188
-2.7968200645083767,-1.4538711449262705,9.1958425048490007
0.10430104147443409,-1.1244000039996402,3.5504777520553858
1.7127175030243311,-1.4117732286820317,7.5243071762513427
-1.1454209723999007,-0.55454126039766249,5.164964726036775
-2.4887465604517915,-1.4427809741817281,9.0228121347331811
-1.1923589337783818,-1.8886027376620693,6.385161843982452
0.93473506011439156,1.9093269432670041,5.5015445888558219
-0.20409503866933409,1.0717315751536534,3.7696737118300945
1.2076911299528303,-2.3141131133869504,7.9544775640281706
3.4614065536644967,-1.5248416649545273,10.62827455608585
2.2477949971188327,-0.95068993858763751,6.9348605855817258
-0.40949417257414922,-1.3839204898501065,5.9587486041535875
3.065354807603458,0.63909937989159005,8.7264782595064467
0.27282517816094298,-2.9423799910622326,8.0636669135316374
3.0194538168238996,-3.0129467554364004,9.0738728990170916
-1.7298297685115553,-0.01636874563535784,5.5149787917922524
-1.2875396202445955,-1.0077085844419513,5.3810061312243214
-1.0875038283480731,-2.5409278873884493,8.2445608661791603
1.4394937971493347,2.9759742239806437,9.156680781962125
-2.5881593598105193,3.2250084887817358,10.867103344260789
2.0848797229592,3.3035258820344229,9.9033530123347653
-3.2573167916770833,0.71527453179908917,9.3615563384072917
2.9757509527676129,-1.8298377322442556,8.4303347725143247
1.5910522345810856,-3.2803566156393611,10.178045726719658
-0.66902333705178663,-0.89484613362456855,4.4781869127895426
-3.4520420820227038,-2.2672847633683704,10.978227447192189
-0.12709089881334679,1.1526530223007816,3.8545148325643055
2.8379841749817807,2.6722643290654702,10.165657254199642
0.44649554244930023,2.9893154971849665,8.6475604636040604
-0.86604560770397354,-1.8377495401446304,5.8996174486824131
0.35722149623457611,1.6162284557845128,6.3880215122299937
3.4551147537888491,-1.409868016784245,10.51388246868799
3.4683428587438883,3.0428133913647253,11.311574963509017
-2.3731401184585548,-3.246095988863182,10.678838228439963
-3.3494718876388845,-1.223842220036897,9.8299326889127965
-1.6635252361468247,-0.87803340677754527,6.282679550509144
-0.49496400503150229,1.4326683271160014,6.1925842072934465
3.0505086159727144,0.78877719902482912,8.0952132634920311
1.0694937175425476,1.16147609064548,4.6721364008184061
-1.9157553202748294,-2.0431207872088617,6.7667717757304544
-1.7305668202015716,2.0570890396582877,7.540663404397165
3.407591263667463,-0.17763126517892935,9.5542701138194843
1.0685645795319418,-0.22354436648283027,3.8685694807789694
2.5817542889008198,-3.4378606008137056,11.422265706565941
-1.4734528401714746,-3.0651538596604619,9.3883072606057247
-1.6768102602867809,-1.0965001318640111,6.4449784660384424
2.5734709280811909,0.86444322086772196,8.2062548257138168
-0.041002773269168014,-1.3730978422954716,5.1059857515108114
3.4120029275853181,-1.7500364448826327,10.436560302924669
1.7103674840023473,-0.73014720678183442,6.5127131490330754
1.4579854531049854,2.0257403406989001,7.6554437032687126
0.011959377223139889,2.1671621553140312,5.886565426870451
0.91225915933651436,2.5186522908192739,8.0933288781059574
2.8404142525445337,-0.54384582923456248,8.623034543687643
-0.72479760766125123,0.30315402597328234,4.0369445136473416
-0.56442764743641538,-0.72332455294340514,4.5710118654700977
-0.8499480401199313,2.6120026329780872,8.2399840174487551
-1.831361398384282,-3.3085572875829445,9.9356084533578226
3.4080300002341266,0.52053033839164176,10.035139398649212
0.34134160230375699,-1.8143697017616416,6.3860656089140022
0.69525304054306503,-1.1294654675007032,4.9477130910459479
3.263711086440324,2.237051312860018,10.29162806498195
-0.31968777629023393,2.9875838431879318,8.3101139849942971
-1.449048008975482,-2.7942913150323996,9.1899455390475193
-1.9310560525941816,3.4995541203502825,10.399148243075366
-0.22074238623279374,-3.0632133818859351,8.0267251004797195
-0.31865197732792039,-1.631075880051549,6.3297216532571881
2.4023000843204025,0.086470552413323354,7.4627820830069815
1.0331037179863776,-1.3170009050629838,5.6043976763731393
-0.41002447233581218,-3.4816886455381559,10.137506129487093
0.30688321098536964,-0.6671586011944961,4.0364395951617951
1.3323038093093134,-1.6148549153448633,7.3069590093933083
-2.9833242696875946,2.3384755398153265,9.7545659066841903
0.85827736628035112,-2.3507732290733756,7.6607381771662855
-2.8002011842241217,-3.408926371328683,11.234134861060671
0.0034017184148593671,-0.0030322111137977004,0.013441951759819659
2.0488878929813961,-1.1038854533890499,5.9313470894034772
3.4233423125921956,-3.4243151261054927,12.222488105967626
1.9808194570910924,-1.5896968250735684,7.6769292687595776
-2.9337838914183108,2.7073232828392939,9.9622769439556862
1.2006792127911412,-1.0583212311432577,4.9118804525883064
-1.4636134763158553,1.2188447719928304,6.7636859702055236
0.061477311288636649,-1.3792171745016524,5.1600382254192745
-1.2812523206911006,1.2175790934377524,6.1381048545005861
2.7293429815470098,2.6581642241795969,10.335728945198866
-3.1758949349102972,3.0229972586984069,9.907283478694966
1.7274474295367108,-2.8174913188698287,9.0408058434344643
-1.2287269862003694,-0.32626458744132059,5.1605350400744214
0.085311964877737623,0.97844038294488378,2.7893330357389949
-1.6284377657968703,1.7703942662256846,7.7311113665140656
1.5504843419372687,-2.147008750494261,8.125416561896321
2.9739962420018653,-2.2720534768779936,9.4092179871602308
1.3333272341371343,-1.5294419129648962,7.2308433962352154
1.0906234441009692,0.75012652511922884,4.6084271759662734
0.11158376679844206,3.0807093411006479,7.5169075038586772
3.4091344038987756,3.0179006710524101,11.134296693911375
2.2606860615735638,0.4750722901267932,7.7020475311411545
-1.883300586120664,-3.0229306461237608,8.2541379288695609
-0.010440470238761712,-1.1185731500236771,3.2661677921349757
-1.0449069934856876,2.2090127311301666,6.7262332606951869
1.886935247948057,1.2942060929108816,6.9736015392506605
-1.8276495945141311,-1.854863094713586,7.1627007786678174
2.9594156275893688,-2.3851537295980743,9.919974286894762
-0.33240248351085988,-0.401964333339623,3.6213431098197439
-0.78707851433494813,2.4608194793931055,8.1485366713401994
0.37661420423381209,-2.1217921956698254,6.9687388411298112
-1.0483223698127517,-3.3187243998418579,9.1854654985519559
2.8942861899512931,-3.1813466198392839,10.004990618228494
1.5593468225638603,-1.571191585278312,7.6941661257358422
0.24113865237047616,-2.9908430133970092,7.9404363791542227
-1.8878804041816599,2.7606998782420851,8.7417291774642312
1.0149783847644587,1.8825452438663568,5.556923978605024
-3.0925557485565505,-0.36565894285056455,8.753332315722929
-0.85461555646407605,-2.1513775143673062,6.4874213326511629
2.8263279671371269,-1.0397841002120018,7.6100463693454667
3.3517003705072979,-1.6116690188138363,10.391883159668287
-0.71927143562675866,-0.12058046598847039,3.3718382106069846
-0.69444159905794045,0.87536604562639209,4.4403951377153419
2.238710090022737,-2.2840662937667382,9.0633432930492503
2.8463523846113112,2.844463734360045,9.6393541974139438
-2.6770084350782319,1.6804866415668593,9.2787412229923625
-1.2320123139850749,-0.69691964993241928,5.4483101874561548
-0.065798727317823769,-0.16070768323500761,1.1409943108902496
3.4640506574203034,-1.57806370365228,10.648625706180118
1.5014402842629924,0.33306913420960038,6.1549733370983297
-0.57991106857677677,2.3797612828691523,8.1253400229569159
-2.665873876732336,-3.159655765346093,10.555362198759841
2.0840317935590749,-0.53875679821906797,7.0191377633500469
0.26430271863177435,0.12972320730731735,2.186725321349293
-1.0879241155844253,0.22310508399363682,3.9603710420746872
-1.2749424579580486,1.9934840170482433,6.8821693294387387
3.1994890873916857,3.3740447123017923,11.533748839991269
1.101933330031958,-2.1284262850547733,6.357790574402344
-0.0068499420700209868,-0.95045630208857323,2.5812862810332646
-0.079870981330314894,1.2406152879789625,4.3462798380894583
-0.37161790189775079,1.0180798444531494,4.3975396514438145
0.28932111946875017,-2.722587438584426,8.3269452072821295
0.45042881778753863,3.3512091473237291,9.8585746944156494
2.8159836952249018,-3.3642352712958012,11.083878872241351
3.0223741534027226,-2.8790958582484398,9.2777940590271477
-2.693959505895811,-0.95572617873510834,8.0075529474539415
-0.2457989535343823,-0.98117175426771031,3.7192120625864504
0.16643947070846288,-2.0507012734055916,5.7017861781401962
2.7110911851868291,0.42792043024012827,8.5869308033396852
-0.71692249096803717,-2.5400531699006383,8.3926863093161579
-0.74682371932856562,-0.49363520944887807,4.4958725365194319
1.6908989626395625,-0.84518841295916225,6.3047181389540619
1.3971823930655241,1.3588927143835683,7.047407504835471
-0.53177418073393135,0.62342019626039136,4.4780326217285094
-1.1855802295032434,-2.8544083079366165,8.148443567672075
3.0172034271219497,1.8027156162935629,8.6177440649946853
2.7672971932147314,-2.6692144729600242,10.278870821941776
-1.8661326260005426,2.9482349079617283,8.2665231100810868
2.2819552443976452,-2.2283599411667412,9.0107096444041268
-0.93974864024323246,1.5739960204270282,6.267889717609858
0.20696118891631077,3.020660157763456,7.808083377870334
0.38925092194510169,2.0053692068194717,6.6135132272494097
-2.6545187536039272,-0.94774727453119256,8.082836823127959
-1.5133349905269196,-1.2870031036005289,7.0754347660299821
-1.897009700144356,-0.72804651476055326,6.3222045557360964
1.913852059182652,-2.8592162702880906,8.3166167151891717
1.7289181477311368,-1.9205239666770269,7.3886024136703785
-0.92401334261760626,0.29755713658943783,3.9381493763474893
-2.6465245417040624,-1.4552877959784221,9.2136842297606059
-2.5001057575375483,0.92823007085480835,8.0507834691994358
-2.0253865172632777,-2.8812721862837214,8.1990939594289198
-3.1219828165262324,2.4963465900032897,10.48491289038062
-1.3618732410180217,-0.33331006079510406,5.7517759068905043
-3.1130544306558554,1.7424809943858328,9.215621391064678
0.68296775453458203,-1.5597325727388964,6.4863854744317564
-1.7174455436970235,2.3802070939874618,8.8854714679660898
-3.4777325231482572,-1.3679769322340607,10.493732274819006
1.6240901965738601,3.4697665569710177,10.65530653316198
-3.1313096673305933,1.5832020854806403,9.6313844024835564
-0.3129767975787181,-3.3627532210233158,9.7174510963366476
-1.351064330033894,3.3470568535445837,10.155574466415267
2.3983778742115742,1.3116446456072559,8.576768998788685
1.1726685250334867,-3.4979332613019922,10.082469298951633
-1.0537803213425119,3.0709877198178113,7.5656585806546843
-0.13828044188227384,2.7800282745886102,7.7095170302192848
-0.34648253234020565,1.0060838496462807,4.2728767784981585
2.4244361102439989,-1.8556714711913047,8.8588120721324035
-3.0983844805185297,-2.559995291114344,10.445394172061471
1.8552759130973637,1.2694758698005568,6.8860098984326523
0.53940468632614813,3.4568608050666585,10.143887148824343
-1.57474932972105,1.2986707049226123,7.1822265952722564
-3.0446139675176256,0.59266688020323155,8.7553359631791015
2.6929166717488284,-1.3443100345151304,9.0168038008106262
0.10667100723663792,0.16041610096820857,1.3236318568479746
-0.2088881115636525,-0.24929432265016738,2.4786048916824832
1.5499617024101546,-0.57112765418393963,6.4888415260073948
3.0123196835476858,-0.82989561054876226,7.7676836231016413
-1.6233434502968174,2.8307032473788238,9.2193654932699456
1.3611544837772609,2.03980145767453,7.4023800563495925
1.3943855628704958,-2.2925968862451738,8.4430682977794795
1.9471556331997197,-1.9539693899848229,6.5879847694129658
-1.4761921689219646,-2.0503677106950797,7.7460867860119738
-0.72807708451194086,0.14245981637853422,3.4338909734670473
-2.1603705007097354,-1.7744337329118149,7.8399284142346435
0.37169711144935924,1.91790032873425,6.4533960028181454
2.8319356627145025,-1.7246562714137006,9.0230882540420225
3.4187469030253439,0.23847662245094803,9.7298630606441403
-0.011729508735188965,2.6556230898765216,7.7351591366129036
1.5024835185888232,-0.63576392653548908,6.4025159883255149
-2.2805670516714089,-2.7671698717147537,9.7144061742583698
1.4647572451503255,-1.1516628932834112,6.5310087325813235
-3.1560471038699673,1.9160297296091624,8.8187063994606234
-3.1705090524529447,-3.2751805865947223,11.047070436371879
-2.5463138748221681,1.3128184030818559,8.8696348087146095
2.0225579426218729,-0.14866419449463431,5.496723392613216
-0.25785277003256191,1.499389310527385,5.9982489822794314
3.1218484087615082,0.47464240888631792,9.0465926649120565
-2.7015934933905337,-3.2387235037292355,10.811119199508097
-0.84695640899179603,-0.97454564741020899,3.8753299089624385
-0.81949073517659654,1.7477458802827517,6.2695366807100434
2.5957266964998338,0.7421468185350184,8.4196297519473706
1.2183352880280687,-0.60574141654335145,5.4744042204514436
2.5814844302534947,-1.8374112731990779,9.1020364539996645
-2.470208048423387,-3.3043675715867611,11.041405193585121
1.1427348288785648,-2.6533726228020065,8.3990518793309938
-0.59159007186541324,-3.3551902990258515,9.8814035791946608
1.1333677191528277,0.46619523721855582,5.0437519747855788
2.6506662718882792,1.1981923980482394,8.5875074801751676
-2.039711661536237,1.8325577557861923,7.0669854356115476
-1.9452762531033068,-1.8977294284864679,6.7108288638335338
-2.0975128201973101,-2.4075747417609064,8.9947224711684424
-0.74194555250778471,-0.71392334245953126,4.5570604213103501
-2.5604063647982418,-3.4312887152054423,11.40277436181764
-0.5139276552839207,-2.8785600232332174,8.6197887992976963
-2.5106483216813626,1.5395700939974617,9.1572802736452275
-3.4285352435489882,3.2936109142652512,11.951435745360401
-1.7442883379637615,-2.4857118092128809,9.1039767642747975
-1.2075435853927194,-1.6942103285693348,6.8552634680935771
-3.2464053815579108,1.9991101726317124,9.3862893702908821
1.5061860658085466,1.1891736943809947,6.7408165426240423
1.7647225688289989,1.0364699987603299,6.0402577668203499
2.4272998635319922,3.2148242790489476,10.691783571257183
-2.8259230617762499,-2.7607717027248975,9.977991086924245
-2.7229822425579413,-0.25181244264953317,8.2190254903298285
0.63005834972463148,2.6785988045350191,8.5938440385292392
-3.450620335887705,0.58078684823089599,10.123816096234016
2.0383674323407508,-3.3692092082434599,10.102419093826652
0.69471317830188095,1.5635080561995371,6.4844048973599016
2.2535909077624492,2.0026070519431682,8.0305272118706235
2.9084268187561024,-2.4433111624809722,10.078468179671091
-2.6443170891265089,-2.0359060889900116,9.0464760110098457
-2.2695819548715059,-1.1007235911569921,7.3114808500881221
-1.3412339721857847,0.49875259868033428,5.9199391780345714
-2.163283778078736,0.88021294967611485,6.477431126051755
0.51211865832215686,-0.085553135679448555,3.2009604137626262
0.46976164075397886,-3.3092261415233861,9.7415034134770675
-2.1033736285864695,-0.13587226097914895,5.8050537505497708
-0.88753314086788793,2.9272425996433409,7.4508186792607969
-3.0850464362251691,-2.7870631731144426,9.8833797656792193
1.0311215371811997,-0.98682632172907647,3.6859261530229723
-2.1575509059515205,-2.0635743548632908,7.5209342473725584
-3.0150056021400906,-0.17435521026553724,7.6023057409782098
0.10804999415381999,1.4188384137167986,5.4100298872652068
3.1374629969653896,-2.5811952440632382,10.564813225836334
-3.3780497833214822,1.9271631028636094,10.087024478839787
3.158464564433209,-1.5158886427700948,9.7343301989021214
-0.45558820143042933,0.48739633368221646,4.1433833974558212
-2.1956211087551809,-2.4948567315558998,9.500914305217627
2.9514847749011004,1.7112423687494704,8.9451736867220344
3.423787039514135,-1.6302006207615913,10.564034741462201
-0.79436288721689996,2.0611135799375138,6.2600418706439349
-0.89005373471175986,-3.3068910945710166,9.1616236100693715
2.347643389554749,2.7667377190410827,9.9559035101061593
2.1235883404160179,-1.5279985521785517,8.0301886049782816
-2.8191705647912708,3.3982251247380724,11.180552667319498
2.8298480259272729,-1.7828017104381186,8.8468142415645072
-1.2052152954707669,2.8508946109351987,8.2632371865230212
-1.7778391358240844,0.96208915654828964,5.9178094412678242
1.5508519442448652,3.1011374573197976,9.5397964193684111
-1.8043824189647504,-3.4162302961914421,10.370039102912635
-2.8107358901642874,0.50891724725627885,8.6336356190135817
0.62871530740307691,3.2410923181090663,9.4513152520965971
0.69228280779262086,0.9273586306170607,4.425833760427242
-0.20725887738234627,-0.31909494532551097,2.8407547528784534
0.0099429465455065369,1.0204548026951068,2.7016280104093156
-0.11081755699395623,0.033802563236216443,0.65071114613698455
-0.12889600654981237,1.9231356190566471,5.2919411966314662
-1.4663729435624924,1.4377716610300286,7.3731246207679124
-1.8848345453288256,-1.8356953441926422,7.052678718628508
-2.6358837272179811,-2.0521616467645023,9.0926786928588896
-0.51137227469408097,-0.65329794718240208,4.4759256021636347
-3.3174304828970209,-1.9581633331337855,9.7994803970034017
-2.4794671077283406,-1.4591238050402606,9.0280296186558768
1.1917308184173763,-0.85204955997171439,4.8478781045110715
-2.4467694928300538,1.3574734105940331,8.7980882453103639
-2.3691941914009131,2.5085159198894864,10.009018825313181
0.71688038362137441,0.58813794951801945,4.5868522832745136
-3.1618102791595253,2.3610318236181831,10.328361963460333
-1.2414605443162938,2.5844003894574374,8.7177291302486566
-3.2486351515622598,-0.63759555540899227,9.4696101301032325
1.4145277594904009,-0.4477113591032249,6.0983616077578766
2.6614113622676498,-0.20331431393447374,8.1192158879997294
1.6171762222670631,0.74705598274727869,6.4882126900294317
0.89681530657740627,-3.3810939248716769,9.4908969195805035
1.4748378381399867,-0.23054735776076285,5.8758383652886685
-0.75466375358879967,2.9478085376478447,8.0832980368303691
-1.4113542719524172,-0.36004731867662798,5.9658631887892746
-3.2720913595292651,-2.4527371495023162,10.922934474464515
-3.1752958967724223,3.4587102864925701,11.649289972880215
2.3061168638292466,0.73224705651702937,7.7180088945411409
0.99849365881732677,-1.2075670711352195,4.8126533390345436
3.4384157294708464,0.083156256139004014,9.4509633099403185
2.8299742581883853,-2.7192339767362954,10.081442593946612
2.5143374943599452,1.8743798648856886,9.0183940815779717
-2.5297726939234382,2.8822854574165326,10.205481184662151
0.44537416390412465,-2.6552034549918315,8.579555280515855
-1.5996860624751881,-2.8243451329027103,9.2451610071578045
-2.2936930653035033,3.4603626172910875,11.061814201320169
-0.45434001329854645,0.34913034920570141,3.8125772137196421
-3.1998581302105249,-0.35085293259871708,9.1639904589401162
1.9743688738999099,-0.075974090736361966,5.0399703609918625
-0.95373769823494348,-0.49646584370271452,4.5601618218094444
1.4413314753783899,0.71099953287349571,6.2288346872944373
0.062455179051765342,2.4693549660857936,7.6434475018244488
1.1747461994091015,-2.7643064221584202,8.3264988192039269
1.9796569798503931,3.4422014488091204,10.283029130484854
0.95545769237225642,-1.3762277381972803,5.8050971885428559
2.3045731255045006,-1.7864106731541389,8.529899073174434
0.80422545033990733,-2.7296768343143829,8.2356190703619934
-2.2364310298465306,-1.4136958975024028,8.2811044422878091
-3.4167940817609908,1.5087947479540631,10.531648908335541
1.9641887831152589,-0.10964108322399158,5.1805663258110606
-2.6277816098760063,-3.4616197812799867,11.466575289900684
3.0389674353887557,1.538051540602944,9.3641139241261602
1.4308431182703103,1.111726096052057,6.3085825417122194
2.4527781263617863,-1.2423820718469019,8.5264229736306394
3.3309393444439097,1.572006090167247,10.33846071548597
1.5100175162511835,0.46749956465217535,6.3526789519624209
0.80998124434039998,1.8044054626554678,6.1768923580906616
1.1653592285872412,-2.8999538102781042,7.9322988300275661
0.08201892115721332,2.0819629078950053,5.4352056154774715
0.73506330135939102,0.90443960143785151,4.3158926952395902
2.0644306154761027,1.091882257941406,5.9363531456104539
-0.57729721266292966,0.85494803077029502,4.5602743485384956
1.6859904586914425,1.773684693265702,7.6836255629966459
3.1865600457913681,-0.24902312638499779,8.7735646428221354
1.2021593132713848,-0.34364693880881747,5.0811254342140835
1.2653370535738544,-1.4229552474333631,6.8276387582948566
2.8612643726187237,-1.1585167670311658,7.9826054884492006
-3.4808480310560737,-1.3883849998497699,10.530489132351928
2.5325260915789869,-2.0446661242275459,9.1056596368936571
2.2521950748525761,-1.5327800724685208,8.5042336598646404
2.0940455920833667,-3.165285195296387,9.0729448619224584
-1.1997879524350581,-1.54341905720137,6.8275319075635501
-0.91914197069131776,-3.2213242102309594,8.572060119824533
1.3962457227801606,1.4999984806984195,7.3425677588238933
-2.1852875115934371,0.36399114508918151,7.2200968854526035
1.4049112448532144,0.25601912921115666,5.7266503706107486
-0.046659420796978601,-3.3960582770630734,9.2616015481494074
2.2589969667827487,-2.7887389592248444,9.5822147606108032
-1.6560244368293147,1.6681845582049331,7.7825965460461326
2.0455021555944022,0.56337676973080786,6.8836405835307026
0.60384020968516072,1.0331665090987379,4.7358683806694231
1.202759098621855,0.42236048469763254,5.273322934293919
-2.3826325700776421,-2.6538528573935922,10.120759695280157
-2.9102561988542313,-1.8186373903361688,8.527719930653296
-1.5284334005693805,-2.4334708945410748,9.0102241760502153
-1.0316571127723426,0.14189811797070595,3.2221082442331657
-2.7001746894241432,-1.4961377872102055,9.2731634791675095
2.3838053052760513,1.8512727766231878,8.7396283460696509
3.1591761981984696,2.6293855863218276,10.605529955113253
3.4851893174506685,-0.47699775738830397,10.186397700012447
-0.55631269461366539,3.2886841706315915,9.6847577066879218
-1.8797465052979314,-3.0256122803186689,8.2757618922556251
2.4219395475625252,-0.77684982894530208,8.0609011962561965
1.9479547991413426,-3.2864813033972609,9.6334789321443424
0.1277964458748615,2.128279613447714,5.9238481676228147
0.29486446736008398,3.4222470168214114,9.8542758395696168
2.3874717174316054,2.8754240255699255,9.9543874504857595
2.1364913401424479,-0.22306953784413297,6.449113728997748
-0.33674482251200377,-1.6790542594821349,6.3980139824049331
0.41869174502250139,2.3429098038460037,7.9434151502776551
-1.8568470887413271,2.0359872470795874,6.9512798477001478
-3.4873814332900466,-2.1635973395563544,10.738220267328483
2.5976065023881834,-1.3702562869678467,9.0443567256884041
-3.0573896579955626,-0.55908425863364597,8.8298481231022716
-3.0589422512674731,-0.8403053397010023,7.8630628601366546
0.13946683857581821,2.4245404873905212,7.6492497654861378
2.9218383981696725,1.566711056055456,9.2197271162990706
3.3106906396929494,-3.1658885727995489,11.186312641152938
-2.4064896383340368,-2.7369740572686716,10.139970840702061
-2.2431812114986922,2.5568017040987634,9.7157583027498706
1.0319121880783051,1.6166656230249563,6.3438489791737211
-2.3682583245360664,1.6649409186374013,8.8846970226205677
-1.2872413219103027,3.0101145044144699,8.6634833158036049
0.40581665015266166,0.75851345139687076,4.3310067887556158
0.8545461787357711,3.3240044666292619,9.3244039019724276
2.0743711645190279,1.025043191016473,5.7392722766550968
0.24420348640492495,-0.90321401213732067,3.6620160402783775
-2.0830251163447842,2.6525589147078232,9.1477063141287882
-1.8348855193365647,-0.43561071627473424,6.5859916081612866
-0.74787227852651306,1.9126179696473713,6.2377119811406203
-1.1962351674099629,-3.4470882944322554,10.044634548651576
-3.2697972188703419,2.8642635379037884,10.596821022569602
-0.75869068544938756,1.067426775008089,4.4785054564476496
-0.88172726592337058,1.8597616849443988,5.7826737852446648
0.95316477490913698,-1.2271118738711979,4.9302265383300536
-1.3128426609605106,-2.7274489888883444,8.9142847341443776
-3.2588861306499814,-3.4865421031627948,11.943513021979497
0.32155103786711559,2.0823161440200604,6.6291409272312904
-2.9571116414017578,-2.7823592309365832,9.6640707926551013
3.4701708091374437,-0.4824110396232224,10.160412615106498
1.8408470443854785,2.5325010080311738,9.070231358586998
0.74464450048665487,2.2704372868600089,7.5308550324587209
-2.6592415200840889,-0.22407330686494742,8.1776059479014176
-1.4667564931159953,-3.1160660229437971,9.5394375566825964
-2.3740055762238823,1.8449840072574526,8.7134573890307507
-0.55251343093045291,0.85149178911403567,4.5535503560537052
3.2298817163924509,0.66170566057743585,9.352964187280346
-1.3116426000523269,-1.7779672037137642,7.1818540311972576
1.7988973705373343,-0.82360447342016174,6.1455991561988874
-2.5895892974209804,1.0321888589708106,8.1652337641759996
0.3444943325725256,0.8155920008745694,4.148407983004585
1.9919857564941159,-0.30534277721468195,6.2884359784644701
2.9237031843918739,3.4443336018445185,11.186877070382666
-1.2771162138823975,2.2987088239793287,8.1394355590864276
3.0400075012337116,-1.4303966983486256,9.2504247732429921
-0.95084505436444733,-3.1155589078967183,7.7608630285415217
-3.0383314124863308,-3.1168036059622697,9.5558199760418869
-1.8773243410756875,1.1805957615834481,6.3344342864885945
3.3605483300230263,-0.11990693846127298,9.2418321648470432
-2.6356738733180665,3.0295279835747522,10.207578532213679
2.9981550635061494,1.8012254635518117,8.5912708436302481
2.8576047215973279,-2.4974231790073818,10.195543710037454
1.1693115584063163,0.79064541506851516,4.8910452731600316
-0.58934881247900162,3.2124350534525696,9.3802963351566113
-2.7440759007115814,-3.2189462643057847,10.640681513630703
3.0923422274676575,-0.22649673325180153,8.1829823359609346
0.44576096225884054,-0.60445714133856221,4.3135821544217841
1.4123448664311598,1.7530245922335403,7.5122279304609503
0.85712887771943702,-0.28920882665020198,3.911015538803067
2.0479763452995954,0.69364971496965655,6.6320421077762575
0.091218627828361321,-3.0309005355242071,7.2067681794232978
3.0981215840563383,1.5176665389156634,9.5249632110496858
-0.77077475106400772,2.3537442892140721,7.8402165856046633
-2.4224652147100567,1.1600738348816657,8.1987317398896025
-2.9124609897196962,-1.8826753333113699,8.2535885344895625
-1.7518820771439889,0.014862719250233525,5.4524860670516553
0.52248945812177894,2.5305184325493961,8.4670311641591276
-0.41485187391884404,0.084710855434544818,2.8800232457099462
2.3272757370007824,2.6396800762947139,9.9841366860438523
3.0086805631446865,0.31765133950068947,8.3396519037781722
-0.55551950213053969,2.9411428490782567,8.6242508665934796
-1.9178768610377734,-3.4943063601461173,10.39912715584256
2.1928879660188585,1.05768449280969,6.6416969800096055
0.53655653101641132,3.319279880622787,9.7892041595407218
2.3545527052137114,-2.9777907380548214,9.8177062518350606
-0.69847498322509827,1.9380739631552313,6.4183902190857118
0.10845039582070104,0.54103436824157569,3.3104033454143185
-2.4378936849865087,1.8759563166362563,8.874612596602578
-0.62206203346537414,2.7684344088103234,8.5898354211605525
1.6073718856465522,2.5872515427007654,9.2762561942567654
-0.021306746737378202,1.9535887297998977,4.8968862161303441
2.0549259142601199,2.7846798704538189,8.6752311933613377
-1.0265457105129987,3.3658058010737184,9.3849369300234251
-1.9305232408002175,-2.6819462388945325,8.9061822147834899
-0.75183108294851086,-2.0545910021199001,6.4299905626748135
-1.355389320903666,2.4418773268470497,8.7832427178443009
2.2677792246297059,-2.1678719682281566,8.6744080939595207
3.2385939189237405,0.40148984967656265,9.421948633804508
0.81490553118931519,2.5853024913992435,8.2935199969371158
3.3393570267649437,-3.0051098657955264,10.859973335210309
1.1933686879630372,-1.959510800922152,6.3288740095657197
-0.24452843543828351,-2.2830717437056434,7.3460877297913658
-0.51709999179124067,-1.8895563478639894,6.6645653532488041
1.4098969010862437,-1.5211942132524439,7.4031266524960415
2.3118682533451809,0.85267087855450097,7.4854842016059173
-0.73105824754118887,-3.0174201446447797,8.2765632078339344
-3.3360955450084369,0.0056352585084877838,8.9666031976642415
-2.8843761561887646,3.3475713771516205,10.922246741682848
1.7080776983888049,-1.8639085534590942,7.5115350722601448
2.6972181055021185,2.7050609079371917,10.326721146015901
0.97707071013021363,0.61108499437540509,4.6078571540012625
2.0685782641101698,3.4439593634579495,10.401772756457266
1.5105777818038657,-0.1029806319542681,5.6684414961139105
-2.7847604956364229,0.39993397980860568,8.5394804243268769
-1.5981257227032599,2.4276474802660015,9.034637830499463
-1.6875588911152466,-3.4421298712511437,10.570663975990882
-2.3654867632028402,-2.505783649928889,9.9975759300217337
2.1711130452188323,-1.4413831066615033,8.0879013515351215
-3.188191295213286,1.0651582454889832,8.3735200420667812
2.5789507600449477,-2.8223450210305634,10.268853938726576
-3.1936069198711277,2.1227136600480119,9.387752708420809
0.59132809733958869,-2.0349568728707808,6.8268855310918326
-2.7866420136457366,0.89388715971461075,7.8361961029663423
-0.88598585154766596,-0.30570535059744852,3.9727188108156106
-3.1145554830589157,0.89800013730859618,7.8980646477061391
-2.20788424200996,-2.9086717286848796,9.0509346036731895
-1.0693276560273999,-2.1606681710936924,6.4429286729615463
3.3353513173907032,0.39267464260141782,9.7558057006564383
-0.46063121854120448,-2.2999726725909806,7.8368703774856101
0.79800045052360513,0.79913311578845736,4.3200702856132907
-0.70605975305096491,-0.83675740000869991,4.4562988617463084
0.51444770526580363,2.2690517228604277,7.7533950621375034
2.2514285419433389,-2.9139659351093274,9.3086378062285196
2.1888640942426907,2.7282553140168222,9.3960573517395112
-2.1307826352390054,0.50422895200392581,7.1916609308910875
-1.7099922643980729,0.29035223196133231,6.2897737573903925
-2.5010553259230526,-0.77558111873394386,8.2509327073451644
-2.8628375558028565,3.1836120143993911,10.106496925346097
2.1465547772238684,2.3846091165724541,9.0824960492444884
2.6273739075924576,0.86716124318647303,8.2069310946409235
1.4216040484868433,-0.88001972401943496,6.0029632973302292
-1.3467075688002046,1.8922348389564467,7.2077352258103833
-2.7747461948442202,-2.5874328774853277,10.317586216387227
0.54686653380461525,-2.1953990149529754,7.4615394180223813
-2.6044778853269346,-1.6321003235414784,9.2885440886189183
3.2463149066044332,-0.51431188751076773,9.538537577535255
0.070488882148315835,-0.21257762886471054,1.5766460059785565
-2.4443543168440574,-1.9565716409118101,8.861588208884525
3.1952989608502413,0.12741466331367013,8.3179108607234582
-1.9696880511943571,-0.015423633225958966,4.8933884343218921
-1.1479394750878189,-1.9379655291181179,6.0324173861894046
-2.4391817866459298,-3.2596629706534967,10.86272706137582
3.4441842162305472,1.8682732625754248,10.349828115812063
0.90316753859337506,0.067800464301352115,2.7463310331655499
-0.079028145650546833,-0.12821325777703851,0.94526096353576605
1.4176346937336586,-1.8092726544514621,7.4917952518964661
2.3725812007357838,1.1167165751516679,7.8916231116976281
-2.7130441067713402,3.0978037297210808,10.205612410136242
-2.7931133043156979,1.3366880106143206,8.9283396462824811
-1.2642504003374224,-2.4215070717257023,8.5115538517677081
0.56225848551115476,2.9407332814360636,8.6186477316154324
1.5021189095861907,2.6882728768323005,9.2774551565242795
-3.2953986117661387,-0.44537737652525555,9.6791802246650196
0.33158068865278612,3.0744258496669268,8.5801185264830213
-1.802593513227724,3.1950429072710786,9.420560512381698
2.9458700845026904,0.29795796246289763,8.1794887409078498
-2.7659092028110743,-2.486673513417506,10.260319135094269
1.8159935954398101,1.8203311743249024,7.3005801401972352
1.7743861799833471,-0.26060527069857065,6.1547176136900248
-0.3601328808222366,0.51993489185855246,3.9869384054450272
-2.7796557083587365,3.3986855766861614,11.235509458168089
1.3066641199344282,2.3492987023929963,8.4161544211759374
-1.549028925996391,-0.40651177146188688,6.3620668100263202
2.6232050349246734,0.16615015666019239,8.0280225758163422
-2.0143761541063285,-1.0273944846617717,5.4994592564672828
0.057453566426730163,-2.3211571043115935,7.0301500008445927
0.40039990978499329,2.6236361072871066,8.5102707721233077
-2.9582760328330981,-1.4177344932075941,9.0926622442107501
1.7515398862343483,1.7336791322949177,7.6490257658252307
-2.145601806278246,-2.5187697366797752,9.3666412288534087
3.4301741810436255,0.5251660947495651,10.086836394639853
3.3690988644562285,-0.57311026997141834,9.9288881282069248
2.5767396024918217,0.39163564627287073,8.4487237455850739
1.9371202756786294,0.97490106505207841,5.4012825948030141
-1.2806399508542485,2.4257258359116065,8.5675118806574968
-2.7763747445119367,-2.9191446904181895,9.7238232133440068
-0.28226670769063134,3.3568492636527036,9.6355263913940252
-2.4568546866631316,1.6289379971187596,9.0987165751420171
-3.3197868511222914,0.36498232039300937,9.6661113116256203
-1.1979368317569858,1.913437762891407,6.3832214489670633
-1.2759659879018495,1.4137260737399728,6.8395573980589806
1.2425026019604344,-2.984496654068113,8.3730479345068325
3.0717811473528736,0.47660832234726147,8.8761984938902323
-1.3999185084327923,0.13713333610277489,5.4018079901497664
-2.7776262273213055,-2.5374065444790848,10.299853529081361
1.4589118364615654,-2.971510782932711,9.1864934349140359
1.7724468214077032,1.3132335265592738,7.1940571390003125
2.130155646344158,-2.639565943125739,9.3163088635739353
-2.2298373922898453,1.8999355909168685,7.9060346391643659
0.26290529413271191,-0.7995485433091325,3.8433920170610492
0.23993567114170578,-2.9763200587097671,7.9150085678738105
1.9032573761916831,1.8849443268445123,6.8317316301809452
-3.0314136353126671,-1.9060291065090722,8.1916273185022259
0.54254174666700816,-2.6288915121058634,8.5984645612660326
-1.1735957417088936,1.8336353197822808,6.3993449488377188
-3.4695673718648448,-2.9165397520054515,11.239402261119888
-1.9943215576968378,2.5743832325336715,9.0446527295934338
-2.5798653575722228,2.0302831163527388,9.0924919668298134
2.3350129391829846,1.9266727489378388,8.4703655923734189
-1.2623894135408062,-3.3599319783665433,9.9800125362686263
2.2450917976028597,2.1314639210335748,8.3840075690927982
-1.5960579548547331,0.64855692500501583,6.5508578198696412
-1.0201927773939738,-3.174380213102991,8.1733362208198681
3.0499211135190318,1.1933418915537137,8.2172206383415247
0.55488952332254993,1.5647205197325871,6.5088613516621692
1.8808642551472161,1.033944079473053,5.6028133451558055
1.0737300955909665,-2.6938913244191416,8.1307969692606719
1.9398534855060383,-0.48500671483999458,6.6771134635985092
-0.075120148176414769,-1.1319245555730415,3.4943353914983852
0.57211839854632451,-0.65092444806457772,4.5485885582594854
0.88890881542667088,1.5794067355673693,6.2946547661813916
1.6366714593693459,1.5253913065529749,7.7026758140368177
0.8700258650573014,3.3332304918001627,9.3341549137237472
-0.25193523777666416,-1.2429132488164587,4.9856919540866329
1.5737069274756967,-2.9338103510717479,9.2184434005347224
-3.2811831330135761,2.8975495970270693,10.595939808018281
-2.797873583971012,0.6161658251195874,8.5819581573099519
1.9042554197184725,-0.85098740620965918,5.7960237593061095
-2.3207650511945817,2.8552038714745755,9.7357641929011294
-2.5428488822909143,0.82191443542342491,8.2445123904987092
0.2465435944339216,-2.286024688176989,7.3665400724851686
-2.8506012645426395,-0.20245472054533575,7.8107098334720941
3.302251839782028,-3.2165091738578608,11.352722958396813
0.46455747283444548,-1.1035171393596217,4.9194370881503993
-1.6905917543163234,3.3953855215512716,10.460456824682025
-1.0611250628653917,-0.85760866466930352,4.0540421965579831
-0.10500974569007537,-2.5793068593250323,7.878517542296672
3.1315244382471326,3.2319144445095001,10.649573915734171
-0.48192954124474729,0.2000461448490789,3.4309564110785864
1.3725890422101825,-2.1618657038721021,7.8764172746083343
0.14508819305320664,1.6703585582267513,5.8716563153315064
1.134757670696688,1.7076337086897908,6.5313026299585637
-2.8184022022284503,3.188353842158044,10.274289307109083
3.21389485403681,-0.030901931075618005,8.1957060455834672
-2.8318651188213066,2.8920098859021097,9.5476157737131579
-1.8590005185760419,-3.2658367338629302,9.6576161655739305
-0.78141011496430757,-2.5380023283874786,8.3015510700058925
-0.92147257272240246,2.0664787238463802,5.7418925315980012
-0.84514202969282204,2.5123325872240247,8.1657424122991138
1.1155273100816672,-0.87405678605261272,4.2849387116872606
-1.2218641334118017,0.71616498495616376,5.3658592917876256
1.5568190157029811,-0.61947197708772572,6.5035088070467424
-0.12988322568099564,-0.23742869407272238,2.0040803496292767
-3.127562074084119,-1.3998127624090904,9.4540118920391496
-1.8707101537394577,0.24281692051603621,5.958803869698027
-2.9187364579732451,2.0647550412554629,8.2072311055788383
0.051755694643001782,1.0463176810179187,2.8794080616465934
2.2045017315987749,-0.91871146186218677,6.6698330290048311
-0.10747880156694878,-1.4345115767859431,5.4656332739241051
3.391077432849289,-2.8679269451843847,11.094689685195339
-2.1054738554650867,2.0472002334021662,7.1230541708998878
0.24970682439542724,0.011434676801832744,1.7648354153864432
1.7253252393031984,-2.7867833573195191,9.0990436177911
0.04989876175144925,-3.20192700674732,8.1352782668966981
2.0287910058845062,-0.51224236893985342,6.8479775653926076
-3.0701678998077933,-0.18294263488734774,7.844062556021381
-0.316682572035484,0.082665418959118497,2.3635008903665273
-2.5809255215569054,3.2664024685780637,11.003984767003351
2.1802182311448481,-0.040408248121344137,6.0193991306132162
-0.15702582544951582,1.7592051281053021,5.7826514938824509
0.6520325353562848,1.1241623474441571,5.0070437063482167
-1.8620181835198057,-2.4501744139015615,8.9168499967698374
0.78505407658348059,1.3050959592957954,5.6523263415108751
3.4785266896545197,0.22559009897607751,9.8444488171701696
-3.4893261975977001,-1.6629691130304163,10.672274033706582
-2.0818734987001584,-1.8159864001200179,7.2962728028607184
1.4545066287139461,-0.51269710725460538,6.2614141611729259
1.398988240398257,-3.1997253746873362,9.7321835761201765
0.51650775500958712,-3.3390076409261766,9.8491884678114339
-0.94036085518833579,-0.89612395718572824,3.705440807576359
-0.025733753695408534,2.5711455129220955,7.7718283019409231
-1.7139762472981486,-3.457162095604835,10.577615386510733
-2.1381096008201412,0.89131780339540967,6.2688740916487724
-1.7969845897113323,2.3623292809484617,8.7379019724531837
-0.22775375272279641,-0.094001056490531365,1.7790700341583374
1.8650546398874397,-1.1638145518307161,6.2612250543670775
1.2072554512599858,1.423339053571917,6.6248433520012533
2.4712512056975848,-1.5933686285720783,9.1192658617511064
3.3103148866596932,0.19367052207644297,9.216722146663658
1.1193539620235251,1.8390586566335498,6.0879743575220928
1.3813481414551827,-0.55625333018701673,6.0830209496244194
3.4762449215120501,-0.30200355940903778,9.9886782088368502
1.9095710661202299,-1.2858500594058495,6.9129015275380929
-0.5059820223747038,-2.4960584133812986,8.3991404031188885
-3.3273500277662129,-1.4815888246048683,10.2876469071296
-0.34923813017089556,1.1065462824875816,4.6397961638245349
2.4282109224585868,3.2342720085344689,10.760005865712275
-0.27020896790523974,3.1124981412570065,8.4882448540206088
3.2449956848474111,2.7293827813276756,10.785998197763115
3.0910740279965419,-0.30396235306709851,8.5386857565357381
2.0473053698523245,-2.3616992639033922,8.6955738606984276
-1.2825138575524426,1.3168142544913293,6.5596076920448994
-1.6671723026703122,1.7536123868500404,7.7252095856724985
1.4790891167583178,2.962166382187938,9.2058405859853689
2.0879245750327522,-0.42093836831488929,6.9338022141270805
1.2012215978918146,-0.2481402798330965,4.7337113978349166
2.2437043140791264,3.4060232630218952,10.811181081039226
-0.8553893249055835,0.36829656260995547,4.2167815785098774
0.73299604197743662,-1.2909082298010506,5.6706984760770389
0.59752547417491009,-1.0760538003613629,4.877853552601529
1.4972596282356232,-3.4862891219850844,10.654819401317098
-0.55113711008141131,-0.21717277528824841,3.6361808224729977
1.9437562177289855,-2.0191124092713615,6.6368681017016442
-1.0003314742773997,-0.54127329994388651,4.6730321239141155
0.13772548057800282,1.7843745006211575,5.6511489847329344
0.13307386181417957,-0.37200733475761227,2.8167308266460012
-2.1532827840490967,-1.7514945744666957,7.87481607358575
3.4751411894643471,-1.9934965374258604,10.363337512447714
-0.44436204007206292,2.3261366930829928,7.9136691494432299
1.1629250444405885,0.82002680355214075,4.7590048326739627
3.2725821886300137,1.74606348277322,9.961766718625281
1.7070246377810241,2.9362210689984094,8.9597472420856477
-1.1079676915149093,-2.2596344735620657,7.2755841486520545
-3.3761229382735718,-2.9036795328698051,11.007129946924481
3.1280889956319715,2.7699660497499359,10.136026346597214
-1.0446064377062405,1.3347192093547937,5.7264308364502767
-0.5285881916233186,1.3957529451069659,6.1126564621509161
2.9270580449490637,2.3959540476103722,9.9513996772537858
2.7439023293643974,-0.84229249289024288,8.1007585350221909
0.83427064376051607,-1.1983101826108751,4.9396554259606908
1.3274511999442442,3.3051409232892661,9.9646633231594137
2.5874824071251794,-2.4882269790390259,10.283791461537888
2.8147907966079222,-0.93112315015004654,7.6488232530838314
-1.1429181980072687,-1.422858681002138,6.3905463842914543
-2.0364413130947687,0.10218921143061577,5.2996730731255006
2.4351947417878517,-2.5636770156252062,10.189636889403934
3.3155420286169193,-1.848526248681585,9.9322578001922235
-1.7039333646216062,-3.1483944568691373,9.4956161148657792
2.343193426304194,-1.2064008688662291,8.0726687397945369
2.8870905131570943,2.7281325960875931,9.9494135868030646
-2.3684599945990823,-3.1647986779041144,10.363239699292286
-1.38796901644506,-1.224794369935895,6.5856438934908432
3.0386284500293455,0.085084991365775409,7.2085145998414983
-2.7668392160184201,1.956194633571946,8.6271157804608372
2.5571143479449265,3.2807762248854599,11.043601830107431
-3.3449134545644394,0.87827927623840285,9.3712125407918236
-2.7062160680111953,-1.843755429714256,8.9791272152272867
-1.2790829165070079,1.4441311729750996,6.9227038335096136
3.4860875482918416,-3.3787150103469004,12.22898831902711
2.6663637775237801,2.2329321055451805,9.6673763213845874
1.8388201221563323,-0.4791818060505979,6.637560191900679
1.7969139511618248,2.9311554522796248,8.5986976976373963
-3.1303078571513034,3.4320864142516854,11.45688506122082
-1.7903635639631976,3.0199199066220501,8.6832723871616864
2.3601633382439937,3.1879350262503197,10.426011073333097
2.3436206457637008,0.74822050973309739,7.8416729229411146
1.242871287398069,0.75621613017957934,5.3946998610415626
3.2972781157410704,2.6087645324941242,11.096448612819493
2.2160214998222765,0.53186935770249644,7.547480429864116
1.7200756643178874,2.2016398119150162,8.1885096736905201
2.3936634847018778,0.48017493434989333,8.1463200380037684
0.93788312217795955,0.053283974739566808,2.660071672864774
-2.8431439172620356,-3.1928323414512869,10.221140479020299
-2.3938863705176781,0.65775926000811058,8.1265535477486672
-2.40157392439286,-2.8516505255669995,10.017288235093011
3.4229249734158707,1.2954320300093052,10.241034495357933
3.1844704961188146,-1.5145610339321638,9.829363623098093
2.659727796540893,1.9741093203220359,8.9465494850406184
0.69625076826071286,0.46779372452532142,4.4362674477053297
-1.1583472284062859,-1.4760516006702198,6.5786509201732528
-0.59892888900224373,-2.1242391887611665,7.1304317167548597
1.4648968734012957,0.65370255530646038,6.3156649589077958
-1.030192035591591,-2.4254342568029781,7.8944541123654695
2.5482306674442565,-2.5327712315311977,10.305206896257298
-2.7445762649958496,-1.7657051806562163,9.0791404789259538
-0.63868057349240237,-0.85476680449568265,4.5354994409625888
2.6011432873343212,-2.2427973084545112,9.729151968432733
1.5959151033295234,-0.55711821822759067,6.5560675445239447
-2.9032534983700202,-0.3152725214669938,8.2499796446533811
3.2027752415353357,-2.8675856973382343,10.208315974241888
-1.9950800033406106,-1.8948293023846525,6.7190879577921372
-2.5377717000400519,2.5478219572180985,10.309544443398968
3.4825871914644599,0.22515345090969596,9.8515293908373618
3.2292935247373107,-0.33787602796090521,9.2614298547522722
0.21579850472019046,-2.8722080936319001,7.8354050986145065
-0.20282431446271953,3.1042772480251024,8.1165513151733659
-1.8428279116261799,1.770863119186564,7.3788740545735969
-0.56243140690657967,3.3757880851050963,9.9502711555829233
0.96694161177581073,2.1765548161132759,6.3996979944888537
-3.1794708339712865,-2.2039928209601696,9.7169945844764509
2.2150144281039603,-2.8311394181040628,9.2653113810147403
-0.33408877571283524,0.84342663683111851,4.1012097036879602
1.8593969587400458,0.82716915172015248,5.9863494092864222
0.23789764727211615,1.127749902963644,4.2562544119832317
-3.3090781477425426,-0.80240464454107663,9.3811084454242959
2.9762206442837575,1.2466724915094396,8.3894601875159971
3.2279727828231559,-0.17534123944263946,8.7137673346863771
-0.33004279061836117,-1.4783850206576998,6.0960571436380135
-2.6064067283152044,-1.9903193204354992,9.0276550473273254
-1.6121725816182815,3.2812634803654683,10.172716311490376
-0.51562124600118686,3.1637964275586308,9.2213683445201386
-2.8671924775649913,1.1940579957353847,8.1658872881992153
3.0735102545162807,-1.5320697210399883,9.4539632500645716
3.2942873636685963,0.13415406515507033,8.9558320956039363
-0.80745131437527684,3.2374573080854629,9.0005512240259069
1.1291025831397006,-1.9188914355304396,5.9373499301823038
3.150700139243046,2.5299873729044613,10.60464339353376
-2.2340871356409413,3.2484302252252801,10.209776095548065
1.6027082927731549,2.2849411123828771,8.6392221393844366
0.94003506600303144,-1.9892674971635249,5.4446460505676697
2.0451788436275677,-1.217634547221822,6.6467968006468574
-0.13047417687025264,-1.0270972706629409,3.1399879799474029
-1.2604135966548919,1.8365798633295913,6.8690117150502488
2.7802582737674211,2.7556391469564412,10.10196001918678
1.7837311191088707,-2.1859927800381831,7.9474840454917679
1.7893327515193089,-3.1492620858259182,9.2162194907467754
-0.88087778210403389,-2.7665176910729814,7.9340496906060203
0.69630064733403785,1.8208645468334241,6.4863039528702799
-0.047738809520637471,2.0370537561209403,5.102827930314092
0.17543046018995767,2.1073369917193352,6.0357763146055454
1.2176769728877002,-2.5466608808518432,8.6158575935497996
3.1704991630063235,1.2120902621826435,8.9132151069099148
-3.2399600155253427,1.9875681055907721,9.3357510585084214
-0.29744103942276734,0.84025383394036535,3.9574968998099287
-0.61703270165776347,2.6380915200064354,8.5845720344127354
1.1753056480666357,1.3416341649835992,6.2222118199063097
-1.908772306102251,0.2930498571715221,6.1662738488151803
-0.77642639539770286,1.663105730972001,6.4527831802096642
-0.93656335440878502,0.051383123604987979,2.6556920818180458
-0.94110583031786366,-1.6834620390718702,6.1916429989278825
-2.6393367256667508,2.0422364093167165,9.0665105504825902
3.4462479035700015,3.4657582712557353,12.316018619154844
0.80183975345013003,2.0915274715354855,6.3631739413014721
-1.7323404147204093,1.5037235653419616,7.6853079340498809
0.65355354332467197,-2.2726759156975915,7.7027476817429683
0.47360847355372249,-1.6540653807324612,6.5779099023951346
3.2727749197928446,0.08784865490428162,8.7051331250190742
-0.085512526302711223,1.0727154416437301,3.134993623111793
-0.18367328395205806,2.4288094710129977,7.7662778597153803
2.7535523051934732,-2.0755053697189751,8.8591832468746929
-2.0271003075415353,0.39388214255984488,6.6784536585013576
-3.4772653273789245,-0.79861437069600694,9.9343440282264446
0.21014743530401025,1.3550957826825432,5.4110353072031394
-0.23868400857434047,3.3105577164359525,9.3501576549766838
-2.5813122586447479,-1.3006277317235564,8.8760692380318691
2.1796404248039964,2.5568677495913361,9.5071568630209633
2.2519838519363296,0.56238911819411985,7.6886962911962566
-2.1219485801481111,1.2381498978245036,7.1003339800213023
1.6246782491946359,2.3543240971338584,8.8551914313126563
0.84163586649458466,3.357436374552079,9.4991091856658496
-1.197022477924377,3.156265938247202,8.7557753112915293
0.87729820829037664,-3.0887399253753847,7.829999063397171
1.3241675474873551,-2.4161426562872768,8.6538552868723446
-0.50199278260389102,1.4968074655390682,6.3523415504770497
1.8980781204199513,0.75805417883076842,6.2072485557108479
-3.2104595126538285,0.49500265061614002,9.3988894968190451
1.5747744589226347,2.0636169245562126,7.8487204758858127
3.3290274290595407,-3.1905817754437495,11.353654633670393
-1.0035221829942826,-2.5627096590763658,8.1276238861083883
-0.44481817160299109,-3.1285011171655634,9.0430641754356103
-1.7656470911598887,1.7984263453639198,7.4947143059563004
-3.2484494389811278,-2.8142240662381437,10.604676541407574
1.6006420754190636,-2.7892182909552856,9.2719239214097371
-1.235514045815532,-3.0497877813071494,8.476007958731838
2.3424571740700033,-1.8946004274760551,8.5294254199960182
-0.31945900127708304,3.1025375175156888,8.6441780714190131
1.8840085233886308,-0.50450454175345882,6.6584900842674521
1.9272520889108753,0.984272207655982,5.4151884078159753
1.677082501117094,0.51099000091662994,6.6233751142139532
0.72478607888500335,1.4252243565849581,6.1741505544064808
-1.3610722277507334,-1.4429375370054518,7.1564031180828529
1.4863699743614598,1.7251860591163233,7.6626806124609388
-1.3393344988167573,-3.1434009048822582,9.3370690755064416
-1.2820082265013744,0.13607192979429916,4.795228602816632
-1.2967932661896024,-3.2034741131508833,9.4512553939610555
1.6886432572214689,1.7862307492451874,7.6634197229386771
-3.3821272132190132,-3.4082626928706192,12.121607096650367
0.25677673706055337,-2.8966537292981345,8.0040833624177417
1.1274087303125651,2.6165755115798204,8.3743925967566177
-2.0098736078618984,-3.4650620715119285,10.357045487665564
-1.0834018878004277,0.93509834061115971,3.9430495711775784
-1.6125219863136775,-1.667632282929111,7.7779997553391276
-3.079771444145619,-0.32492960324212294,8.5755083711372571
-2.5890260698877277,0.5476223425722333,8.5561787472686639
1.8749858099307621,0.27425454368647184,6.0999080202759863
0.18088687084550825,2.8171840078796304,7.7868595154823765
1.9867942800934246,3.3853468106975519,10.107892778930221
0.28627062386431668,-2.3942374613608042,7.894658142160015
-1.2380454479228562,2.6648331753837571,8.7141713688476159
1.1646371432805731,-1.9348845595024131,6.143662096870095
0.97118160633481043,-0.54948241916369289,4.622037005871519
-1.215121013711383,-0.77859192357807006,5.1915584912517154
-2.1508950401788147,0.56218150878951079,7.2706907446527822
0.2802572841163844,-1.8919378615968201,6.1153979152621716
0.29795429520211947,-2.1415713198960002,6.8061509329856378
-2.4241175894184499,-1.6750482759422574,9.0228212560033203
-0.69965876101438473,0.41906552748032588,4.3439003860283627
-0.57572747770681953,-0.29087240998743491,3.8972723251126595
-2.955829356255304,2.0366060034582922,8.0480548927877393
-2.5881012654525177,2.6684480100451999,10.384177331560009
-0.057588426605649445,-0.37441083585601298,2.6392332216730665
-0.19697160573679406,-0.4724260519858543,3.3951870602160525
-2.8806118584769398,-2.8811236267869393,9.3967157306194977
-0.8141229141627182,1.2216532216253926,5.1386470918031542
-1.6706839834360496,3.4780510804126159,10.649395836289088
-3.1709808649574551,1.0954666216845883,8.3565053742916291
0.22163876815236883,2.1796264982507578,6.6935812844634199
0.064424545508412034,-1.4952222671395115,5.5727512707477267
-2.5861114604383162,1.4515072973506395,9.1651491391580553
0.84838275259768281,-0.94295786698760953,3.8685816503055257
-3.224190753457703,0.53286749669650657,9.455238035150213
-1.0050622796585169,-3.1687107996501869,8.1151159205907337
1.979430663148527,-3.4780630775066128,10.361320164797041
0.42456579069669687,1.8329163629693612,6.568676042237712
3.1624279483323479,-0.28180108099047985,8.7769536064887053
-0.36356083732238442,-1.2723027939904763,5.4593322594767848
2.5549130341494388,-1.9559797371574965,9.0194138952766352
2.2066423333100174,2.002948803916027,7.7104272546553112
0.10064228992823043,-3.4043851523284032,9.3722696152011622
2.716655108522712,2.4748338504214775,10.274397648606602
1.597906545566314,-0.59907549334406607,6.5639181487695595
-2.460383820656209,-2.3569319612053539,9.9141843876929698
2.88379194287503,-2.6922314638251663,10.055121348392994
1.1767190812246611,2.770633438990477,8.3198801882101137
1.309258787004989,3.4108812306129828,10.242630070920697
1.3016281444270961,1.1115024618809377,5.7684612803835726
3.2366337889914378,-0.2760878902827999,9.1237959850247883
0.3399557186895068,-2.6363042163081918,8.4337318193540654
2.955183521934452,-1.3642934850661379,8.9331926399696222
2.0353258141474022,1.8908086860676301,6.8181495185013041
-1.0489501278216813,0.81430657545795704,4.1823041113161388
-2.1558771238268619,2.9886426525812473,8.6655253301862682
-0.99682908584619589,0.28284667080597004,3.9564131710436641
-0.99884233877947182,0.67994016814668523,4.5275062803860067
3.258730403515524,1.3787296452687521,9.9149414471043169
0.34564033224628465,0.099138362737158481,2.5785669529054331
2.4408438173274156,-3.3831797204939429,11.198516169605019
1.4036244863085718,-0.3689271087753383,5.9573821477819031
-0.29003063947932173,-2.215534375411548,7.1539131996466327
1.1672238994383148,1.7332648801752661,6.6188667325874029
2.2054703597174194,-3.2138967076242064,9.9088726704327481
0.72376613640494369,0.13332030276424867,3.4078752863640815
1.1230443479518266,1.6876242215338539,6.5216363944744487
2.7387633472852304,-3.4701627054298707,11.424378024306019
-3.0859325148657062,-1.7722674983244415,8.9808271072479666
-3.4839514925150827,2.8083449726038534,11.369293933850313
-3.1263421941934908,2.7434018515249523,10.221268497560652
0.86344832586636766,1.9429952764582215,5.697159453207437
-1.876811583336633,1.9795277781518372,6.7720821973055632
0.62800385417166016,2.2755478858620304,7.7422993222439374
2.9777706335966014,3.3803500821502492,11.002942270461077
1.7240999179290899,-2.2856315509699989,8.5519305604079729
0.73980770592119161,0.88369904910141805,4.3208103142768444
1.1133156488888085,-1.996832414722008,5.8363173975253844
-1.7229591087447067,0.39303025545948911,6.5196687457519467
-2.4931583356770104,2.7452296437811441,10.282819586563472
-2.2055278796676956,0.52162308689061909,7.5033265958812176
-1.7134213578064397,-3.2961557210014036,10.118042828350006
-3.2688123431809633,-2.2443769471879245,10.343193688210986
3.1633742643680698,-1.0287226721984855,8.1049483137385678
1.0447797713667031,-1.488008701322169,6.270970508895136
-1.0060573130374175,0.90883816261899764,3.6989131568360065
1.4436445841378003,-0.6774465686131661,6.2542894382549861
0.99563444863539274,1.184849645992518,4.6383476127698948
-3.0415980909848561,-3.4457454193877006,11.265422910483085
-1.4226633399565793,2.6739489313657554,9.1758927967445949
1.6965950924741708,-0.27891044246969576,6.26034959289019
-2.8570694322086569,1.9760661872964267,8.2426388433654871
-0.37716944446900147,0.38465291331363805,3.7047810337292475
-1.4055461825077993,-0.3085680616559463,5.8490998385123554
0.039769496149372419,-1.3786354285839462,5.1315941407125436
-2.526634795404763,-1.6273211253198594,9.2120169582112652
0.41547792521003402,1.2575356582536097,5.4997658754641314
-3.3490420179992513,-2.7979039276238176,11.062235414745658
1.9364783572515405,3.4450739148326299,10.291300542602617
-1.4922916290766461,2.0242888911566634,7.709268077358109
-1.4705152334657745,0.78923746881611745,6.2318759446489125
-0.53066233201711954,-1.0255701568845028,4.7287938197912531
1.7072016842793021,-1.164712225663143,6.6566735480472019
1.1682905377031947,2.9555801022975734,7.8914750254402986
0.77798927776023508,3.2851893944437087,9.332896613397903
2.8390811375151612,0.11465643560773042,7.4376114787214345
3.407082854810632,2.2793964234466388,10.916107224422142
2.4721160453983542,-1.9252484041623563,8.9231534043618108
-2.8501033380971936,-2.8440101077453446,9.628211885584804
-0.030964315345940463,0.10316072356645467,0.58753258683734799
-3.1944911795143787,2.702704679195497,10.626536117092225
2.0253757159695835,2.6932533321938692,8.9241043608072754
-0.35356429314219939,-2.5827001365650832,8.4064059936246238
2.5771025302397872,3.4909673643143426,11.500876127625721
-3.3341955443119136,0.2532522518570639,9.4851620570665371
-1.1589163583219988,-2.1531870994075684,6.8207907305701916
2.0149241952664845,3.0097241501059733,8.0251896436277583
0.98737563778019499,-1.8773810603494367,5.5450299367453901
2.8950376935317115,1.5626745735297058,9.2232170667339108
-2.1806893799392535,3.2013658456782768,9.7185866808965198
2.0038948270982679,-1.5594539712664379,7.7172039076726193
-2.1159051453397275,2.3756242207236493,8.9460855972465172
1.9905317855975584,-1.8302747619941455,6.9765613693229866
-0.16725407436579331,1.1264840608447484,3.8737366279653465
2.1733947168794971,-1.0376233739814933,6.4419176910742912
-1.8069669931551264,-2.3931895677954653,8.8255255574491986
-2.4558811880648945,0.8011574508949959,8.1148830921639394
-1.001591704703209,-3.3806435266059891,9.4276035264894311
0.063612073000780978,-1.6371649764553706,5.7100625861235592
0.43336343225235163,0.76075463107074981,4.3924329215777966
-2.8526573069346104,-2.9471912800755828,9.3540312597978055
0.68081703638541757,2.59448929281678,8.496744646912969
3.1850527335786092,3.2368467879666287,10.924858861338283
1.39807798274341,-2.8196849964239847,9.075107510966351
-1.5922767247152518,2.2763295121305411,8.6096917304737204
-0.63633304238082289,-1.2447576740999233,5.5733386856434137
-2.1997600455225639,2.4463122537772568,9.4302322564834622
1.9857885095139602,0.022572658252568267,4.916178822718031
0.79616741976972083,0.52104501207457776,4.5334960055313971
-1.8673029110622124,-2.1716240095226724,7.6066569710117218
-0.14327758751191366,0.2637864607850382,2.2429333703598999
-1.7269450071160222,0.3354975174440491,6.4031210630325681
-1.6502901187264307,2.5903361121092017,9.2753480857754855
-2.1816045119439962,2.0716119762384073,7.7169568559356101
-0.7202360399927823,1.3047347702574825,5.7491178145976676
-2.6619802054698609,-2.2114425274581535,9.5916274064625053
-3.3217694554925217,1.9801246243922463,9.8227226953159867
1.2032368429460254,-0.50046082763061062,5.3834413533686281
0.27224896242469843,-2.9550492814679639,8.0654971906043791
-0.26523912254276727,2.5261558248936051,8.1716867938873996
1.1014278422379116,-1.4221210225492684,6.2491084466688065
2.6431334316799422,-2.3688858658283487,10.089681649830101
-2.0658403440614297,-2.0935013573089236,7.1274738435610363
-0.89546472394927434,0.29979890209374016,3.9446756299002956
2.3784646359252557,-0.94931286838731266,7.6745699112008126
-0.75230914306190044,-1.611171090914592,6.4782909641675133
-0.85330157230276971,-2.917519619135895,7.617849060100399
-2.3434388927689489,-1.6445862476523905,8.8197263480196604
-3.4458876404356591,-2.2044758328546923,10.784941962875632
2.6413211988404743,-0.054802434591318949,7.7856786868236494
-2.1573306861413384,2.3904552430750252,9.1393388970282885
1.210415106428675,-2.1005062789901991,6.8301021407953968
-3.047828566430772,0.47816629401424837,8.8073661577546503
1.246521873857958,2.4655056353290261,8.5662837294967673
-2.7753272723289939,1.8270487788722782,8.8509745823266321
-2.8776007280271223,-1.5244534015521625,9.225472437928623
0.89509626810940102,2.6422801301458323,8.1528294150385658
-1.9432021419471699,-2.0383459917938875,6.692431750614638
2.7736000373769807,-1.029327612275944,7.7959672190594009
-0.80258076964231595,-2.0138951178443589,6.0638924839633646
-1.2534033750049378,-0.16567172362348837,4.7190065424059782
-2.8785495940805959,1.0743516797162993,7.5238324999020243
1.3746356372026352,2.7298778027291171,9.0774772630668839
-1.6066453986126281,3.0068861233322863,9.2553480294198796
3.4439600204632796,-3.0939166490299912,11.379027774745605
0.78021588812835674,-0.71239499046377119,4.5164818605898773
-3.2522417228556195,2.6192823905418887,10.949259584109701
-2.0706188878192391,-1.6230364668635227,7.8339034412811106
1.8862854728324638,3.2267028897852503,9.3600985677594384
0.64844553092439572,0.065346382598456376,3.3050202336927832
-2.1893728913269119,-2.1317290578463859,8.0469402768875042
-2.2306275775153912,2.8308267637595304,9.3495875929920675
-0.38840921862773703,0.47197098521759484,3.9573761771146927
0.21625265815458494,2.1065903673638777,6.250098262416774
2.7255590987387368,1.3691862327779782,9.0666175938240343
1.7320695239758628,-1.9436091803614668,7.3674365849023129
-3.2563670745623678,-0.048101747448860532,8.5199389716670808
0.54573154709711424,-2.4237002940151866,8.2461841058253853
3.327865405285845,-1.2277902858378145,9.7600238141763
-0.18535314664140712,-0.61878270767601506,3.6202748424917139
0.19299950167544333,-2.1052004526067085,6.118435138089712
2.2069570481565517,2.7522729327481432,9.4233610055011887
2.8914611266712678,-0.97975829529335634,7.3099968664406987
1.8862593216462242,-2.4989281590512107,8.9884283339075353
-2.9309231889830936,2.9674429776121514,9.0618228394830638
0.55728244701052532,-2.5061360085573332,8.427641005408784
0.84379484994561249,2.366589567743369,7.7542648749899801
0.70802285625899941,-0.19688758991351873,3.6585035468097296
-2.2240436706345363,1.1292620183449928,7.1334052160189749
0.95639143032004981,2.7964031247859049,7.6821401914523548
2.0089788967101825,-0.1495378294262939,5.4636438015993178
-2.3499914304073082,0.35701449604430913,7.8820861279774217
-0.75898400643850872,-0.43594216645899575,4.3975214448633686
-2.2399689408166652,0.2352546682184351,7.092964120742268
1.7676028002772366,3.3697507420585158,10.29072168550004
0.6152166455549013,2.0845276212195527,6.9525324389230985
2.046157689687166,0.68692679151766978,6.6481336368229442
2.1910085360416778,-2.3205073268662311,9.0154350790935247
-1.0840437122651667,1.2668828686645348,5.4587956026844999
-3.3800190516286297,0.83933764406902434,9.5903332862146691
-2.8595433611591621,2.0908766508414551,8.5071309098089376
-0.32225047939025275,-0.77079356809497934,4.0898582010944509
0.094240409721014995,0.089551218427259549,0.77136104168050323
0.63568095918451473,0.090159987367823824,3.3569562412238589
2.6905212667331879,-1.9094921308081949,8.9057880766317759
-0.19488978929639167,-1.3797481042052526,5.4720460172527048
1.0293128491332908,1.4256778986644765,6.0755552989803689
3.3784844817770407,-0.68823969512887784,9.859630346578351
0.63874839947448869,0.23635405079152472,3.7981828966353248
3.2457383107685605,0.33365640749584768,9.3221186552824751
-1.327304022006917,-3.2525487340094332,9.7633554390091124
2.3443558148085462,0.97269191680922518,7.5123026717988974
-3.1392974666412328,-1.6533889345609467,9.5733527401600078
-0.62276844805904652,2.2406028845571182,7.6040474606190944
0.032067100246139901,1.9215700959243041,4.942472390934892
0.83264514188573902,-2.9901713661297045,7.7131662806575605
1.9114891968316092,-2.1329818693161613,7.2410985302707616
0.35672728349371763,-2.6274254473399132,8.4548176257103478
2.2292822565869983,1.3811561304116724,8.176337295864105
0.84128040903765999,0.30890833849345034,4.0044168890852454
-0.062742307296308031,-1.3920794149296087,5.2206774738756252
-0.27870375846951134,-0.90838086055072864,3.8424467363609018
3.1338884061778192,-2.3365841913445924,10.134540829045246
-0.36683548697755564,1.6753057329643397,6.4550104757778968
0.63306422393034545,-3.0285398823526517,8.6363033344426334
-1.43949052738113,0.7281554450902199,6.2109778422496404
0.078404819123783387,-1.6831503574529214,5.691822466909592
2.7507244133689692,-1.4520091120993239,9.2142528414628977
2.8631495527706603,2.9063345675586234,9.3858143472032012
-0.00078673009190977083,-0.63842468673038599,3.2506931713049987
-1.6183383217530727,-1.1224610730588589,6.5892153369754922
-2.0122510177826385,-1.9611650704044421,6.6022803387096083
-0.66707626752869853,2.3839987665213531,8.0889566594222515
3.1368988927643979,2.0329259758654192,8.6698450661673139
-0.15676190498863507,-1.6890619315809809,5.8902997947033349
-2.6017084885810404,2.7864055521807085,10.303351420240284
-0.42503235396196493,0.28508142545470561,3.5405384765328805
-2.0746294470227151,-2.9353108047008352,8.2156758621725636
-1.4202692873309006,0.58178063612397946,6.2032776341507621
1.2433607765580836,-2.8548766420664857,8.4555125354079337
1.793141512232781,-0.26147378886123063,6.1368144305928034
2.1538928451116268,-0.0077227584354084833,5.7813065107291841
-0.47793466100645965,2.3207757860131348,7.9213751038308153
0.75141912889853302,-1.8764551155444689,6.2557899982621876
3.070497764863843,0.84108665835473317,7.9090123777444283
-2.986090270635863,0.48701140624705497,8.6806877536527018
-0.8428620171167136,-2.5681082237959112,8.2360076689274813
1.2446504127721578,2.1513145450970299,7.2857137427934706
-0.28021160722553917,0.47136331828420719,3.6542732117091639
-2.204604463306187,-0.50969290237167542,7.4965275584886868
-3.2779193611292294,3.1865568781514595,11.128159862448339
-2.6550172074181977,0.60451216253386519,8.6023028311083198
3.0731095010868161,3.1050700050703774,9.6123962650446781
0.095945557973994067,0.87442728954730775,2.9106850455328903
3.1179636654295777,2.9663911884831444,9.478509111015379
-0.55686262649591578,1.4362318271415875,6.2382893509285751
0.753905193817487,-1.3972553861559516,6.0614422159426233
-2.5940224753283494,-0.39172509125427268,8.4699747015078
-0.52291897369953144,-0.067668306262053335,3.1939814840243699
0.39167976064072585,-1.8459294821417833,6.5025734203643495
0.56681381042857648,-3.3133325415061199,9.7634752768838133
2.4470174281794552,3.43315812739172,11.3056731616224
3.1781707282406577,1.7437727021309346,9.5207982582071899
1.867519303791191,2.1217537498015906,7.3001430952058541
0.56812912896067402,-2.1674931706305367,7.3370794137277375
-2.4506797162417158,2.4760296503855912,10.119631116244451
-3.2421401977003201,-0.30462996612155324,9.2330247476221459
-3.2762706938938995,-0.39498263630363173,9.5562708230196041
-1.8364668412942831,-2.1563307582052444,7.6101292592644576
0.36787463369108941,-1.5220628052838008,6.2562373291654332
-2.3165534242866714,2.6343856247698678,9.9548410133956864
1.1406407491623698,-3.0265770881626555,7.811510710904388
-0.3396216219882966,0.4882899483685077,3.8667032240146497
-1.5689647820919246,-0.91459384650094355,6.2720992116966627
-2.7410570810401511,-1.3777839579733611,9.0796370353260532
2.9890661141329105,-0.70012302880444732,8.3505552037182866
-2.2570588367890636,1.0394769946152858,7.0564445085592951
-2.6109055406184907,2.5827064686117698,10.378799383658411
1.4506851332840593,0.048277988977705188,5.4287737591317438
1.8149397928573254,0.6529144894589276,6.5772693308123102
-2.0740558266840958,-3.4720307412517362,10.47431840316213
-0.71995392257068058,-0.66880537038960552,4.5999994323393416
0.66651861225029219,2.0771785632248889,6.8158561489347669
1.5300285624411654,-2.8833280267324612,9.225717354813483
0.48702768706560562,-1.2439541566831398,5.5421118517692491
3.3925322859797769,-3.1979013460139245,11.57941381649904
-1.9427879530125618,0.48654738856852831,6.6811770965583648
-1.904172680456748,-2.7735851138832732,8.6647275492746143
0.38609739637666829,0.5072429668314502,4.0263224751763325
2.5714222080950675,1.860887101846056,9.0731432570375219
2.6501843801990379,-0.32402964294875769,8.4120750518975012
0.6124037971853884,-1.451790578201174,6.2891534836612948
-2.9344463485322905,-0.07654583134687698,7.0500530946433351
-0.36178293787196525,3.2100506619009339,9.2329967096493419
-2.8965225061386439,3.2491950333424811,10.419163700354249
-2.9954349654223997,-1.0457901736879487,7.2866117150443248
-0.39377305528985973,0.87257970251537209,4.2942754838782271
-1.5958337500853417,3.2864175907790285,10.196896939850722
0.7839977323260312,3.0311924180859773,8.0577179919448589
2.5669476265382878,0.31655798925430467,8.3279265173227852
-0.24845150022368623,0.21457509076946479,2.503444595526684
1.0780017200428897,-3.2286837755917137,8.6979052500989571
1.981049690436941,-0.40952910093559058,6.6163462817072904
-1.5160740959224126,-0.60079738063791632,6.4311950884606084
-0.1548493139774223,0.39039786221179362,2.9709263754923292
-2.1538743876584197,1.1546909325303112,6.8017207997696012
1.6686094560304703,0.57755892772481587,6.6344581732052887
0.23472023776261697,2.844123912961825,7.9735153613965331
-2.0825490348181228,2.8845879278249118,8.381388192895308
0.40800680312507875,0.43006067223154787,3.9082166386802477
1.7690214571133369,-1.552601786527062,7.7195174394952026
1.177641012989163,-1.1787870484477438,5.3706668474962278
2.4997692814928154,1.5402581059640461,9.1408748928455932
1.9317346822847847,3.296401302405271,9.7023951423627857
1.9622073463621277,2.8340613500429193,8.3432820190070984
2.1176421563020096,-0.51415456618844368,7.1432237371165268
2.406400162508997,-2.5481298886183339,10.125555029622126
-1.4815789329771576,1.0442712544638679,6.2564960313266553
-3.1250217139582008,-2.9635956800575687,9.523731286817247
1.9712011309831547,1.2785927943245667,6.8769767456234021
2.3604104625619184,0.30724625708880637,7.8256531160890663
0.88605070785637352,-2.8279664710701544,7.7205700180416752
2.735249048091581,2.3409323405115456,9.9695451193079414
-1.8193050516129003,-2.9353491236177573,8.4913127500290724
1.7974276650418357,3.2087181013553945,9.5127946296800445
3.1262649044064172,1.3459050974933193,9.289673181269599
-0.80858458444916925,-2.8776459023138683,7.8982435849288173
-0.17981729480424891,-0.90476021959977837,3.293264304484179
-2.6008838635751861,-2.0364966100785491,9.0950102204345047
-0.83935131513595218,-2.1033986874613717,6.2561004394889892
-1.8382224519671206,-0.47861174625377245,6.6370761782099343
2.9353769539553038,3.0983886544295371,9.4021490069811176
3.3044475596471834,-0.41887253310399197,9.6849393609982997
-0.95528893925344827,-2.1126633443219824,5.9457858723380959
-1.0087573167445005,2.0777880494756236,5.729683844777604
-1.3120705748313806,-3.2047713181667752,9.5112084038477374
0.037380208692959105,-0.7710493238180316,3.0496532856369249
1.24723723234173,1.2259822393227342,6.0131769952743319
0.53336124354727499,0.11654742168471088,3.3149667473798416
0.90492169641240849,1.7783494219640836,5.9835817719975175
-2.4076054403655798,0.78512415014298131,8.0042380766199983
2.9231199087509401,1.2034116897724179,8.1293723286634307
-1.9129514520285535,-0.15424971721620917,5.4381200932240716
-2.6587237275218554,3.2062702023716323,10.748031348430054
-1.9990797522419121,2.7428145695431132,8.730527465217758
2.4965795964632438,1.8725174424924891,8.9957711030966436
-2.1938634919301818,-1.3943015529643685,8.0689231248585678
0.52680639896516279,-2.9501781735055266,8.6444954167324131
-0.69110629822640712,-1.972528576678132,6.4705399959255807
-1.1371162845869676,1.3079928908810441,5.9069895482215564
-0.33744441556653593,-0.1914407816273771,2.8640979181934192
-0.087235190818996777,-1.1809075978473196,3.9111688724948479
1.7179060466923124,3.1364726066498303,9.4022380673335562
3.0142156079816349,-2.2714159877306774,9.4516402497654539
1.2137934920148306,0.45590103948049077,5.3769951491077599
1.3914146943903027,2.6538960271708971,9.1161417662132767
-0.048236570147115021,-0.11861353982246436,0.74999923442110017
-2.0859525610159482,-0.72593521884758294,6.6597195047338111
-2.0291490981944893,-2.8468266261542192,8.3437980361425268
-0.097591282405727675,2.3886921827276337,7.4290817548867096
0.40427497919029021,2.2448275304946339,7.5596297382429896
3.016804205735184,0.72299004661364563,8.3100787304184287
-1.6245698065081586,-1.1836197093839287,6.8078390964221303
1.8425181825815331,3.4286716105205528,10.346099826394608
-1.9730225417315788,-1.2677510333073374,6.8153559844508198
-3.2808158710881301,-1.3964311546805037,10.029036951087843
0.047072272748220012,1.7747905390874896,5.4156686311415321
-0.24805952531615016,1.559639798767444,6.0896206024629329
-0.73336226034426755,-0.57482090435893429,4.579740822497147
0.4885240110843827,0.41046470679047342,4.0461280810347091
-2.936026973472238,-2.949453086107487,9.0680646162165175
-1.1519846178107231,2.1660047025345239,6.8643607602744012
-1.5719824514962615,0.34084675200997872,6.300668717888076
-2.4851395803983398,3.0575545237682888,10.291977033488029
1.9237912354239226,1.1314098633949357,5.9440876977621571
-1.3060268088285079,-0.66194405129016198,5.8118329865194802
1.4202455768172415,-0.91743043336910679,5.9760876975591906
-1.816092295254508,0.86888526183025494,5.9552569111750415
-2.3693329092960709,-0.21662179608351639,7.6432930429043839
-1.9521640150585218,0.18006594194196568,5.5666878737592533
3.3231859066337268,-1.952150635399523,9.8308019357851464
0.35053418636456346,-0.52263404642561984,3.9675562434435641
2.0787326950745726,-1.7989615019969829,7.3539545260281347
-1.6547574629699928,-0.035371025184727234,5.6633855530184647
-2.2119290534905636,-3.3718128167619064,10.614921181664689
2.4506067070532129,-2.8682863518940858,10.116340143070326
-0.50924827060402711,-2.3058891484384456,7.8855108154671782
-0.19926564756685838,1.1765590331255167,4.3627581161755344
-1.0624095527735768,-2.5991273737933049,8.2153349571370811
0.39682041632991982,-0.1304155860036551,2.9211316264311016
3.4827580843892019,-2.0285319024926336,10.412751832011576
0.9787270524361027,0.54190427049593737,4.632069360768778
-1.3603122204332361,2.4896809842575864,8.8871259592400502
-0.66577617442614034,1.2241165377478049,5.453094403663556
2.5339898706687878,0.84219647001574938,8.2020646480345469
-0.37043914116127796,-1.5456652116577274,6.3052625315990873
-0.73964272143155085,2.9192065429341456,8.1559826733436562
-3.0583745480911251,-0.66327237195964983,8.6399855936695431
-1.405007969708616,2.8071154493976183,9.0999042229646587
-1.5445900384991949,2.8595500682979402,9.2381904619287578
0.78830182487471312,-1.9369819823756369,6.0518664083223861
1.1453169019564031,-3.3674131997450369,9.6543653313507249
3.0648250453385906,-3.032405775461072,9.2658258514150873
-2.4863787434007154,1.6738183018973194,9.1455955723216835
2.6555509291944857,0.57722278608807009,8.6141981381560555
0.047903386167308604,-1.2161934343302714,4.0895893934357055
1.2735392321179697,-0.48385132869263714,5.6582399086570909
-1.9917367026306358,-1.0316663915976454,5.4650492796168422
-2.0367346717359656,2.4022222248523013,8.8255891303330589
-2.8144422208369981,-2.2174968865841556,9.3212841819163863
0.71461606550778445,-0.94510987925055367,4.3700842978155521
2.0803498191499479,-0.22630741237762297,6.1734047336528661
0.91051895264008387,-0.80743248222078767,4.0591089135512064
-0.60547573667992705,2.8396409604973218,8.572855761863206
0.68204027093028419,0.50012701569834395,4.47983605401906
-1.7121337186079348,2.2149869053365778,8.2657410053280049
-1.1645810165009123,1.1426320450546301,5.0745871672406864
-1.3661982954083194,-1.0804320208414975,5.9753076045588323
-3.1131381082283651,-0.031536085380192702,7.4564489048804745
3.4937086267954811,2.2813795156285606,11.082649755865919
2.388185445390925,-0.54618444024248536,8.1516793398313769
-2.2888116761960444,3.3675437856945223,10.84055241768203
-3.3104761983338107,-3.1370579517780479,11.074241041180166
-0.0097911150072786945,-3.1949322437616927,8.0375337743160404
0.98924512124745689,-1.7452818007003161,6.0359929372891656
0.10908561422273344,1.9472281914060678,5.1763626722618881
0.092735360415359569,-0.59506703143245998,3.347092739401873
0.19954963033862372,3.0626732623602484,7.9061865321498512
-1.1560794598522448,-2.1347299611907373,6.6905725914793521
1.3649019086069094,1.885854651811063,7.2811432711365001
0.61626068680653656,-2.6569491186802123,8.5962287349696425
-0.69632791158259089,-3.2725606613803606,9.4680880099493834
-1.2167554988785354,2.1870778874742003,7.3351857085243495
-0.25066020280562107,-0.021452053327924325,1.7794776091727584
2.6296936781547746,1.3056830513805906,8.9164080322365109
0.45319492829743702,0.10230074811764611,3.0654505447984484
-1.8447862136121582,-2.1710839099223596,7.6715492584099252
0.33404647945690247,1.995805890389458,6.4143528144274811
-0.52004080954758169,-1.2791313436913381,5.7101512829645031
1.1184974133393109,-2.5383074763921254,8.3191388077822399
0.12790024561555047,-3.3269843501139542,9.1075738878113413
1.3371692038825094,3.1072347202374688,9.1834403461790561
-0.93492557323108461,2.7159209823524373,7.9721974847465411
1.3522772272157724,0.92491883800184382,5.6976293599578582
2.3887178324413556,0.93653485072412224,7.7232662041987936
2.8840782659072577,1.5175843211065612,9.2202965666182202
-1.3671838295830065,1.3210780152439465,6.8574060925830196
3.0623476811191619,-2.0924511973740847,8.470387621381267
-1.5068559540866893,1.0231217783821913,6.2646899810874999
-0.32122014410101407,2.9222363471537536,8.2689535458108985
-2.4669147916670666,-0.30488256736211516,8.1282960038140928
0.97273681850170934,2.4197856806668909,7.8309622340345921
-1.2860480880469947,1.6353688233846473,7.1733659945193526
-1.0543239877197501,1.2114885337861878,4.9761377762980317
-1.9111418426243811,0.54385547722035632,6.6732830919922463
0.066676212418698366,-1.8244899263641114,5.290899881379346
-0.52449487439332598,1.968443114456579,6.7283150690717726
-2.2817899499074921,0.99202079530091414,7.1588004892659498
-1.4035621884268403,-3.2342587290858962,9.874199163645649
-2.8250195194628418,-2.2226064431354429,9.3213824818833437
-0.61681740104659566,2.8178865473069017,8.5695608371667653
-0.67020002583153593,-1.6725364178092486,6.5947025383982023
0.87062297217937612,2.9014150037157602,7.5685253709575697
-3.42118338478944,1.372467533171152,10.38858997333478
-1.5735459183988043,-0.50555974190844033,6.4990697004860039
0.90542420483163433,2.8016882914359771,7.7548342458647408
2.5247022711917584,1.8555534748003986,9.0473770912903841
2.5027273661456633,-0.25007955335208143,8.098225809504628
-1.6372901781907052,-2.8456748850485933,9.1882894854966413
-0.38187642820265522,0.039124988605462541,2.6515718301242828
1.4826503264235091,-3.0756887345920325,9.4292264397510888
3.26127246685797,-1.4282271275111653,10.014627757476097
-2.7855708017745906,3.3884816098662673,11.200743799654335
-1.8220420224822009,1.8006046873042756,7.3414301270384072
-2.4600193429492783,2.0045171893603939,8.9344276326660896
-2.5312743815678744,-3.4679849679288552,11.445536217407119
0.041337511293062068,3.1751912198173091,7.9205947635217395
1.3855479361230083,-2.3971615316988526,8.7377869598071136
-2.7346330794225038,0.50071965847997291,8.6419438421562287
-2.1335654016299421,2.8863864769789673,8.6416651930864372
-0.52987349113150861,-1.9957999642556548,6.774666670439693
1.286864108429957,2.2945883912136802,8.1554789186734222
2.1345013855187789,-2.3642762926935745,8.968750416487774
2.8325055108327,2.236423562279418,9.3761138055367983
3.2624907863522443,0.8084235809730238,9.1342468930370853
-0.36530101195705278,-2.9376179461377689,8.4198391581901255
3.1402455328977545,0.63996736506534546,9.0074685379027049
-3.24124114964475,2.9533775637297,10.301815873691197
-2.192000438969735,3.4640111431629581,10.783138594055034
-3.3287348187820065,-1.0243401525571185,9.2040692667474904
-1.8183898861530041,-2.7308194412192939,8.9830378837769445
-3.3141714731834839,-1.5851497118570466,10.287919596772655
-0.11701726172671867,-2.0614170704557262,5.4802157981235204
-1.8809149092512329,-1.5426224574220031,7.6492874345059363
-1.5845554222125375,-0.51627733668320896,6.5225245924856345
-2.4958471315658288,1.9529301038579687,8.9637735687319697
-2.3347695311652608,3.0987009282412581,9.9988513235822474
-1.3501667873647971,3.3414724397477347,10.136734829056987
3.0862946362528954,-2.9664482845762574,9.2987668112124773
-0.83369190192940446,1.9635801576374483,5.835236502525607
0.86303936499867184,1.3081305680806574,5.5352402754532939
-1.879267874757339,-1.8746692743643723,6.9322439372174056
0.063947605540650709,-1.5827559133642015,5.7056571927197979
2.6954192694154635,0.88165784625704635,8.1048525575718298
-2.9767694392970525,-3.1752353511562732,9.8545621470355105
1.1975295904866758,-0.92695864389241889,4.7332984155353373
1.7612384200006588,3.1441263892171829,9.2938149920033339
-1.7979814942163082,1.236641508142351,6.819232143195622
1.3711365293907658,2.5608840962274133,9.0105662209767541
0.62214191223962079,1.3332332498934711,5.9316289003191649
-1.7505854837618187,-1.9290979624034734,7.3084036545945175
1.3547410808962015,-1.0019151123103502,5.7445501553812193
3.4112124745367751,-1.1912754480109689,9.9366509688267097
2.7208027286911367,0.6193848539443696,8.6064443200121659
-1.8642973684839403,1.0681684632106156,5.7691753930986813
0.22958509288642759,3.4981970327705625,9.889806417489817
1.118991588164989,1.4494425775346489,6.3838872248096017
-0.20315165955697356,-0.46806315657131448,3.4023548033057729
-3.1510911541190074,2.6796241017110711,10.495671572543102
-0.95219933183449879,0.86633299576432776,3.7961208671877422
-2.0811802204989456,-0.99766443904725755,5.7373316617920871
-0.54869777328745251,3.0386802148660523,8.7862042955122757
-3.3802904499574762,1.8292020097376112,10.223386802454906
-2.6175442136626179,-0.26021297955892475,8.2620904011271499
-3.3201726207485396,-2.9998806574489967,10.764485978741474
1.8474849342162782,-2.2533398580920303,8.1538049661065646
-1.1298880845679125,3.2565891891921472,9.0552273790603728
0.6255379477940064,1.339262514095708,5.952199983205702
-1.4294525809254774,3.117605327577313,9.4835379389385466
-0.47241808732023927,0.32632281778962913,3.792884603356601
0.86274187196830354,-0.40573834314915747,4.3266272862496749
2.197924706456118,-2.3361024458630517,9.1039758255570753
-0.54990427341853998,-0.32004816900546595,3.9370489345925179
2.1477110590844228,-0.68438804696512401,7.0731344715151572
-1.3908162694865247,1.1350269679672902,6.2572635706411788
-0.9435303708870233,3.1499679292983114,8.0115929894728648
1.6947236538364132,-2.4549269992301217,9.0800027524110352
-0.59645796021114661,-0.61147240019824212,4.5417234319606159
3.2666812885661969,-2.4882949964781611,10.952175947130105
-0.67806830766564685,-2.9305625920715475,8.3833741353054325
0.29927876404710041,-0.88857456842854443,3.9433238985789032
3.2337506220166254,2.6004813084320038,10.893940648734509
0.1321884353954923,0.61083407479728713,3.455401019805425
0.61102385146612548,0.34248406994815905,4.0864588507655277
-0.27677089564258051,-1.4574336144436733,5.9354555707395313
1.819698611187837,1.4933509688322824,7.6314516005876385
3.2223246904682377,1.4741611919709623,9.9356609738448896
-0.71568447026150039,-1.538113769519954,6.4315813170714762
0.43968427276012534,2.8241812047210422,8.5814469691909316
-0.090060979639544403,-1.3500640302447029,5.0648891204279956
1.0189085333891095,2.5961378355157185,8.14811043599558
1.4323833328290672,2.9821573829410672,9.1493719246102998
3.4582586000699598,1.6809727466571678,10.607309860175514
1.8634938420190981,1.6983776262651151,7.5341737532210828
0.25965555986307765,-1.7306033405215973,6.1900971938049096
-2.271748693144314,1.463086669494297,8.4960313736164039
-1.6214446256956845,-0.70615531208846161,6.5358430898017659
-0.9840940418899029,1.7024528764339033,6.1541995095505371
-3.2706787012905716,-0.65235608208235796,9.5360827053387069
0.1268787163745162,1.5955826144269176,5.8308907119712181
-0.56168676317899013,0.061050609895352714,3.2533998377129052
2.9067460111862626,2.2352353861808476,9.2220876821005184
1.0250668794081408,1.9704594739563053,5.4311997698067351
0.27969598271709106,-1.5480236995943244,6.1420405804899225
2.237058925244563,-2.6756932702816414,9.6736912813343956
-0.051083031402018975,2.4590461952713332,7.6030284902360172
-1.792218496384185,3.3161542460129967,10.050795570044897
-2.1099684872642106,-0.86348551253974648,6.1914710137409337
2.9003894416385663,-0.96132884266145702,7.2992172197417702
-3.4588888883470155,-3.0894634609694034,11.397104189671696
-0.79005399653862218,-0.017542093090117561,2.9713974636228286
-2.2264686289460256,-0.06960225419579924,6.4296875168821153
2.4764424032632908,-3.2638180533168994,10.929625000565949
1.2250115188724919,-0.31194142802987201,5.097883169488167
-0.97020522388503183,3.3023393807956989,9.0353199538281217
-1.2203998175314554,-3.4117927563496977,10.020644795817455
-2.9113296527491301,-2.4560088407760388,10.102768248048031
-1.5236054794441072,-1.0936056987448275,6.4532114198168991
0.60306361508719863,-1.6454455423965451,6.6140079275602659
1.7627896837545487,3.114396453175674,9.1448895204513825
-3.2311350498948719,-0.86772459856892548,8.7713533422056145
-0.32378314624368043,-0.11658855772039267,2.5086429532052108
0.16207597867195034,3.2700953512873916,8.9100990926602961
-2.8230917706496226,-0.63163249614394656,8.5438496217135835
-1.5183697627342696,-3.0245147261460414,9.3279270616290795
3.457710884894678,0.86006598813201318,9.7857207892324016
0.13182776322665823,0.041771812586792301,0.83297718980194446
0.64869658645162076,0.83086941627784583,4.5406731216710234
0.31082456707661965,2.4337640392472109,8.0566204242963746
0.41985142726737834,-0.4976407469009132,4.0861494102953806
-2.5999980952055646,3.4852784603102114,11.499138686603997
-0.14544757484143522,0.40943549595162576,3.0196524604935391
-0.035018014937401976,0.28872708407878322,2.0801328694783443
-1.6982076124305412,2.233564793326507,8.3716357316255081
-2.6627686100296173,0.2546865947886876,8.258276749501011
0.77050836328231576,-3.1008859768053285,8.3941141307477452
-2.6319852524019005,-2.7470983367347963,10.333416124269123
-0.24987168154301953,3.266192101655057,9.1828196768688084
1.8365370265436995,1.9086909666260192,6.9957526079884218
-1.159208706259752,2.6948066238289909,8.4044780274598541
-1.6056245611268452,0.34434951236562261,6.3529900351420387
2.6455374239803717,-2.1031191921624917,9.2191920738102269
1.5318437570626937,0.77963520354301341,6.3620703528662759
2.8619596768758528,3.1400143382020875,9.8507935216831548
-1.7145807614839499,1.3576148160933883,7.3839630771410256
-0.072612627011569675,0.91592153187894176,2.7426945913893306
0.38721620115456146,2.6607016831866641,8.5200790180475323
-2.2596114440385153,-1.6183376281563098,8.5470181144541222
2.4735862548381204,3.4966471025533128,11.434257507141963
-2.9243270756473341,-1.843118775721263,8.395852803643189
1.0532045654893372,0.43642578144965061,4.6845530844769172
-1.4409838868951246,-1.61722494249446,7.5621221049619329
0.23504796991321353,1.7971568402435061,6.0276564711039313
-1.7805056844227065,2.8032727312265964,8.9175687454708097
3.2311775650589443,-0.26356385131600213,9.056772378259021
1.8362150644389024,0.50561369188354099,6.6555428173087492
2.7759965151604531,-1.6493325314036758,9.2431167258602098
-2.518113203352887,-1.6586499255244167,9.1977118621548772
2.009355345275897,2.9165291819582535,8.058831986262561
-0.31423732014636396,0.2863369589207907,3.1515078733299511
-2.2214544197690858,-1.8474515239230198,7.9694722017490829
-1.9292967147146989,-1.1333452879629506,5.9488680818781923
-2.5214612327074786,-0.70779608027343999,8.3742635228814404
-0.88443983624731315,2.4068193324242735,7.8433318759165225
3.33846906367011,-1.5118031610633105,10.340936883490388
0.46330603411504967,-1.1410870746021433,5.0720971054822108
0.54311624334415942,2.1541055470032227,7.2903484563323122
0.46647062327207234,-0.61648981927107327,4.3668084344240761
-2.7055568843771098,0.2496175865889696,8.2267311209088394
-2.0329102681165372,-2.5389670377125988,9.0880867026263825
0.95357774568737064,1.552210741196177,6.2551033737469197
0.77856033183686257,2.5003214523127504,8.2452082093277461
3.4244371909324283,0.48176267493771663,10.064127321748533
-2.0166616501976309,1.2693106661492983,6.892284117105735
-0.66633301566699288,2.8915039072328588,8.425362570437688
-3.4146049569240384,-2.3583554679331415,11.122090221805895
-2.4829369878205085,1.3302567694810623,8.8121561718605044
1.209245575083715,0.26624971861519509,4.8523617597336681
0.77170224167556078,-2.190609902786874,7.0333023581742911
2.7431846564325069,-2.2269633508247559,9.5318660163016258
1.5820041916478731,-0.53396899117456931,6.5276845016060392
-1.962386157308867,-3.0297506450281193,8.0568209688849723
-0.67178446388725011,2.5400204736575684,8.4385446244213753
2.7970703413305609,2.4711784372446148,10.213185864363711
3.0988981724928237,-2.4575506596488088,10.359475916940688
-1.7081413595756381,1.2485329036899513,7.0081728619174548
-2.7617001258922604,-2.8247555333302015,9.9781521010425571
0.72916518300889432,0.55593229673107381,4.5647732051091374
-3.4953057661938951,0.30704580690271843,10.032598177348481
-1.3493195968341776,-0.41943214296520637,5.8586974885874312
-3.3644391557380628,-0.76221245834779472,9.6920047515646068
-1.3015050428473045,3.2638533770297808,9.7335777945405635
0.052455432455452033,-2.2142580436313275,6.3026910381115044
0.20148718351910055,1.6889950689864026,6.0306933572829351
0.84703062383133876,1.7433159171466919,6.2093749084858239
-1.1631239322433764,1.3525780553213558,6.2177867859911942
-0.79343514318115371,-1.811987081390118,6.2152328145955629
3.0687839618163206,0.3151616488913529,8.4990289197959594
-2.8088903726679728,-2.3522469816303055,9.91759094526806
2.9546653281496118,-1.9861827252614523,7.9708459033175316
-1.9761764158792825,-2.0401551599024961,6.6737671737725321
0.78117547382515884,-3.05290276566731,8.1420243789491948
-1.215823397850432,-2.5362870439251575,8.5984180736956972
-0.52821617010759114,-3.4404824053129053,10.109587227652659
-2.939020294707738,-1.9275330219808517,8.0605982418804416
2.9999095980364876,-2.9546193645255086,9.0282605411632186
3.4655114561238367,2.4678233647969776,11.384271751071109
0.11133992419471594,2.3438503544495095,7.2561312055374891
1.357904964183354,-2.6455435295174956,9.0458388091636657
-1.5074284717782389,0.78369062751935825,6.3159070650103395
1.1460291074864397,-1.38640976365298,6.2817737097719757
0.14725709878014914,-1.4923112119396564,5.7202346440270588
-3.2824873797572973,0.94190584228357821,8.9375077648426302
0.95269989928470267,3.4971980153252558,9.7611821327970247
2.9802748452472798,3.4718434281820594,11.242874963664267
3.173980923473958,1.8664661412467058,9.0789328786334984
2.4172527734703619,-2.3756201306692626,9.8796514575758074
-0.55740192484419993,1.2338341587983557,5.5444645328376367
2.8523138256144502,2.4361777367092596,10.100237588202315
0.7040680398260708,0.20653715175993437,3.6969833733717188
1.0366947202719832,-1.9197405852869101,5.5073681471376972
0.13889358655592599,-1.677849111141904,5.8479058574164284
-2.3765299898765644,0.6600480451107078,8.0723836637807
0.35321954018200508,-3.1550476086066723,8.9735625321407095
-0.40494339526225032,2.7126631865978048,8.5595957552680915
0.054049362442898818,0.55658598043394569,3.2363067312825748
1.8834050472904824,-0.33695874060423758,6.3411599001366667
-1.94613396861868,-0.47540845975580304,6.6748345687997244
-1.4429535052925457,-2.0517402587317823,7.68545711170351
-1.057235817111887,-2.8943741919609516,7.4154462523290103
0.314968424250198,-0.64656889117151684,4.0465626140501101
-1.9984747454379006,-0.97649836745585983,5.4126355127327344
-1.4677813137472104,2.0747589555694432,7.7996011702390504
-0.11593112976683528,-1.5333250966473979,5.7366409341327653
1.6010228904790917,1.4892627717553744,7.6320810743086511
2.8239989582468858,-0.55766587062125961,8.6225484609482503
0.72070063238440074,-2.3664111678060245,7.9687829748714183
-1.4656372010285983,0.33026535570041027,6.0646748323897341
-2.4249322113759169,0.11751975790531155,7.6031812875520295
-1.1683226888934177,-2.7523449613452429,8.3271417747868171
0.66537021456738454,2.9806270167258742,8.4579981198732508
-0.9117868609762132,2.3590048458729633,7.617160719933727
-2.7959799304821886,0.20883881863790155,7.9546584696060521
3.1038607081756773,0.837819477944441,8.0914720672224494
-2.532492419086716,1.5245167103529562,9.1775733493524694
-2.4299605280309802,-1.2328387917162873,8.442693369742555
1.2484720645665695,-2.1050868079386262,7.0783864763050488
-2.0797911988353972,-2.5618239316904621,9.2003754651517706
-1.6521251205096588,-2.0211630084896388,7.6621027860744171
-1.9394816249765443,3.1274502968920821,8.5798127657324432
0.79577104259472087,1.4651402114955143,6.2120317496466484
2.8892901942160192,0.44278538736907702,8.5707924637896244
-1.4131827473573573,-2.1718863597237648,8.0289297397378725
3.4479001411949994,-1.62497841073751,10.614863797122073
-2.4950001214244479,-1.7447355010159906,9.1186624278020503
1.0139372817775696,-2.9358268388285631,7.2214804823322574
0.36544165368397064,-2.8075739283224843,8.4606088527440768
0.85986697832231052,2.2787173949866899,7.2890166603577047
-1.7402278205507644,-2.7070394505946682,9.1820424535113006
-0.62929445743679757,-0.98704665552773152,4.6026365396798568
2.5644778742358456,-0.95518239692196882,8.1156274190533821
-3.1507332380458122,-2.5668876686162352,10.612856584018663
-1.3942641530307256,-2.6484380867946147,9.1195238378083836
-2.4398121437067712,0.22177345484302435,7.888309330663164
2.1582029532499778,2.0086596180340015,7.3733404086687884
1.317296409250325,-0.11443749860367092,4.9427849754084754
-1.060047323222236,1.6870701512835939,6.316531049592033
-0.80935050530853969,1.4385257029704484,6.1269427898198536
3.0418688614337039,2.6362966941329278,10.231533939008463
-0.48321399105177187,3.0562357690208142,8.8341400743710246
-0.89136360956537342,1.5328819953928852,6.2506632073695201
-0.56586750131006447,-2.1521942385307646,7.2741967877406211
-1.5085081153648907,0.0022038501027639157,5.5599142030128057
-0.84109344240540151,-2.5731068512170197,8.2423650475249115
0.15581077254687692,-1.5729897474084384,5.8805035038137738
-2.7703672799952255,0.77074965321193112,8.2635146051413333
-0.99519085242718663,-2.2580459583000345,7.0028469934821498
-0.17002279091174977,3.4541601554707571,9.6667806952326227
2.7138114327597487,1.9628195851681625,8.8107260401353376
-2.2162667790328783,-0.32031101079290858,7.2499637738764715
1.7747547438199556,-0.89929596364401121,6.0061770642974288
1.9751081462839375,0.45876650978597411,6.6937802183823116
-2.6660748301630921,2.858642615954472,10.145747163940381
-3.3112147438448338,3.3351282011005896,11.786647335422133
1.6956949153167287,-3.175020498050757,9.635409085947737
-2.1365711885803376,0.22631697139915907,6.4653942902828909
-1.330469545879426,-0.78527370014085918,5.767470205070321
-1.8441558704032963,1.5850710047806853,7.678792890710346
-1.3764818315799143,0.54070130619252765,6.0612483330238049
-3.1886201979486311,-3.3031219562991656,11.245219062826562
2.9108906346828096,-2.8714293388025438,9.3426331750993832
1.9326221989690788,-2.5609924265592849,9.0210845782081552
0.12949510711422096,-0.60765193924329708,3.4460096612548803
3.4322950219746673,-0.84815943548764849,9.7408323673793493
3.3488429798033996,0.87953557822213746,9.386348371717407
-2.9627062985775936,1.2283378427935352,8.2706952826979077
-3.3239528693563827,-3.2653589642988323,11.608795938489191
-1.1137070448160378,1.5786686743092861,6.5603340752344579
3.3096453421879524,-0.78879947464488609,9.4174495694660827
0.70431788582991128,1.1251704211580966,4.9057822338060646
-2.9987346431369093,2.5266381670679587,10.224678309382037
2.9516755041582687,-0.60840720603667764,8.5658818152867795
1.1912679627341021,-0.21294048270243238,4.5201214075545479
-2.296877414516953,-1.7489256183127506,8.560370455002559
0.67834735868957718,0.10652850562360872,3.3784330492667713
-3.1525420354432763,-2.1728889120909871,9.3980430519113707
-0.13184241623411319,0.75344826058049641,3.3513743782569385
-2.5349674289051332,2.411852635335368,10.123629868354554
-0.43987338707670132,-0.19896805656722272,3.3026806403938593
-3.1829786767293449,0.55859101585032889,9.2855084961920742
-1.963154978837192,0.75927572880649219,6.1924544828750996
1.4211615524790142,0.83410331975194651,6.0471015370662116
2.6995847273006506,1.5921792411142111,9.3159822178875427
-0.38129236636048924,0.34637483464597452,3.6024063083843068
-0.64498906134408962,0.68552361092497893,4.6065733918670624
0.8895541799701796,3.0877323388690128,7.773522454501796
2.9332592904941999,-2.0119705964271604,8.0250292668794199
1.2899230971310027,-3.340642676406854,9.9909341895813988
-2.4344836315905338,-0.59808090224109867,8.2676310641774027
-2.1516467235907375,-3.1559862768988021,9.3004127798565115
2.4616302142889204,2.7062138990181426,10.259264537151378
-0.56012123736973329,-3.3967257998316125,10.005340712323038
1.4055171248954466,-1.2252590728511015,6.6402355499673469
2.6630772130760647,-2.5824515317777887,10.383089197246663
-3.2505502616505715,1.0021183569187881,8.7097657304782476
-2.3636879487039497,2.4737124236947432,9.9502530972208056
2.7774030321128844,-3.1969266789043864,10.446853544019001
2.9077541220929586,0.91015648201429844,7.4015587080212129
2.3905152580323525,-0.96581902122026264,7.7214305527418698
0.36097264909266968,-0.97377059820786904,4.2622729367478378
-3.1390096994834269,3.4789249319589608,11.568915012952147
-1.5439259215302548,2.6521004973828051,9.2967050603690495
1.0238181240249897,-1.2413542236208701,5.1041266430938386
-1.2652339353131588,2.2528104149300727,7.8949861624378812
2.7574159513884755,2.6987772880470517,10.255159790014766
2.2344484037675665,-2.6073919535849557,9.7013500915545023
0.60188050555614581,-1.4753145215029266,6.3447154589100592
0.022493728781747713,1.2252582098410034,4.1281211169026228
2.5126469160819509,2.4662664518186137,10.189718630119032
-0.6791362762905071,0.3752772998784617,4.2310003059939447
-0.12413221807078845,3.0299834947342115,7.3615359918296317
-1.0298542255483705,-0.95650870630806262,3.6785255614964569
0.67643592391041896,1.793244507005161,6.5515995784953205
-0.25362582029557323,2.463247732148754,8.0196303538640592
-0.53859484741804575,2.7166118032781146,8.6450609682293269
0.49362239240037153,-2.5780794459449017,8.5300342937967724
3.3915063636512404,0.016747435539707922,9.2229858611112814
-0.59705230326608749,0.24536634943610691,3.7897283463544404
2.6418477174953505,0.6263863706682633,8.580830832874172
1.0591132875750242,-1.1122180746188604,4.2909690480832587
-3.2022089234543558,3.2215666928005318,10.930389184758532
3.0217270070991784,0.25286644140944992,8.0665158277381259
2.970505084614028,-2.2061279749765164,8.9937887882476346
-0.16086550023600799,-0.5206395146768581,3.4072860049748392
0.46706310870770196,-1.7279631233501598,6.6189477994567731
-1.9538986374067189,2.9773763286693322,7.9828486565841601
-0.38810439100864969,2.1025396903706728,6.9184470308838115
-1.0935108247237206,-1.5150641240322014,6.4408926538327229
1.2347985930482652,-2.8554876149118242,8.4104501204848567
-0.3188731992682805,1.9031057325186369,6.2727810396452597
1.099651323384796,-1.3615421916062491,6.0171756842635133
1.9281273317093452,2.6107609813826134,9.0115078549462595
1.8696368175813491,1.2280076969386702,6.6347590864227932
-3.4584334514381094,-2.4353538885902815,11.33248481654206
-2.95211832371045,2.9066246538144727,9.1413796486417791
1.2840396555094751,0.76124641543368643,5.5928649010994178
-3.1125454931841698,3.2219849079593486,10.507899072002107
2.6295165634102498,2.4045772405607053,10.165566661874406
-2.1355121967779187,1.3254809612080303,7.5947577806688713
0.63704548972515607,-0.52879704924728044,4.4866334206303904
0.49423874866886619,-3.2849409210659015,9.6714726811600595
1.7897465257362049,-0.32362744560616852,6.3489869714397962
-2.8899926790844668,3.1429900017132253,9.776952601904334
1.2270923881372333,-2.8193924586502819,8.4441026322426538
1.1932609209397285,-1.735613460300619,6.7321700720621536
-2.4574899150474501,3.1761788882763478,10.612218624438151
2.7516637845715541,-1.5095991034597263,9.2769012996451234
2.2175540601560897,2.8597543863125132,9.2087185726123391
-1.0180746799337097,0.59903256867733301,4.7004547442169624
0.96436357563660291,-2.1840921132654674,6.4581931956822878
2.8000782384397631,-0.321188188877084,8.3525959707967274
2.6604500806685483,2.5061233797837499,10.326100815043999
2.912492518081927,-3.2576663242133792,10.442485743790757
0.087938376296220699,-0.89717732877679879,2.8307065058675498
-1.2483840699875524,2.4275737349979591,8.4820568414357407
0.42487677285179215,-3.2719794486797236,9.5778194902944751
3.2276023209940439,-0.4578206285894626,9.4434406946056484
-2.452656653424317,0.79891843201420354,8.1102607427865383
0.84919335969421006,-2.2429398127398605,7.1021888349880999
0.11914093414635962,-0.34576042715256694,2.6394951575835854
-1.5303056096825796,0.43982419682632923,6.366253860422745
1.1920305914586553,-0.40363982462649428,5.1869676749578062
-2.8599879982764693,-2.4382571019090653,10.098083354954721
-0.23604960534502428,0.087711159257085836,1.8184156206290396
-1.0397624660608136,-3.2889442898996553,9.0008402314264924
2.4286476494548621,0.015106878893311304,7.4838857788314641
3.2793295059862828,-2.2333917182159801,10.345504990901475
-2.0776450659494321,-1.5627925370877778,7.8910406463286975
2.7176350397650939,-0.36345924274816133,8.4948720212214877
-1.8445485149112195,-0.008056447369167774,5.130735939192089
-0.1748089495215539,-0.0098381117490116132,1.139432476898282
-1.540893576290445,-2.6234428763972417,9.2802105686270107
-3.1569623793358494,-1.8351199556322122,9.0848984689704171
1.4266420710693462,1.7262885586838808,7.5541861678694531
-3.2938696505792642,0.41124907739691174,9.6402190161529582
1.4264491214419888,-0.11605385264181134,5.454840662960482
0.6146950996391034,-1.3205492428707157,5.8872907595308313
1.9011484525851312,-0.25522992428781555,5.9928831385339905
3.1987391818957889,-0.66022338479172316,9.2199565526893306
-0.36342272752472748,-1.5493027842500948,6.3008566639244101
2.9110952324685675,-0.71987685485713016,8.2401407831581555
-0.31259723078824164,-2.8187783988892892,8.3083959813990518
-3.1463260327099407,-1.088481742066997,8.158010288704677
-1.0641691065510344,-2.5997699931505371,8.2187468184441794
-0.86491894114548007,-3.1268182827167266,8.1037145759631155
-1.5446711727276514,-0.011834853664777878,5.624752825464423
0.36183667307957368,1.102523529135123,4.6655073115664116
-3.0805258793397634,3.2201609030915357,10.368959558122334
-2.8284575023708141,-1.0151013269887947,7.5585183313477344
-1.3920357296789163,1.208859504863085,6.5386573729687321
-2.8116336165722426,-3.2149454425305377,10.438684254080291
1.3569283315779295,2.0394165916073312,7.3845364107918225
0.84664482004386077,1.522763076222895,6.2751572330442222
-3.2007076072472476,-0.83132962248705145,8.7018050321906504
1.131526176207295,-2.4183703663089471,8.1004629127718779
-2.0526276010348719,2.4428884503734256,8.9767803810820741
0.32797727599845405,-1.4121928656638025,5.9095375232013474
0.87290529611293266,0.52266764447485592,4.5344365681427945
-2.8611455649571145,-1.1597695773569545,7.9897655791101236
-1.5595546245315159,-2.0023280489260817,7.7146649181792792
1.6486068684775406,1.9939185219397455,7.6225311495319872
-0.7927085156379019,2.8105002336764304,8.1101660835131106
1.4420124137934387,2.6978111283175998,9.2084715462438851
3.3456340583813748,3.4830028512426976,12.157831966861206
3.0515074912939424,-3.1945531049210381,10.105111370273935
0.77601615717103201,-0.40439759226665029,4.3281882321932414
-1.1849821270024599,-2.0654509788648054,6.5077601990531804
0.1998914009034598,-3.2570602488295894,8.9694766027626969
-3.3061360234017765,-0.82757037572871894,9.3037733983883797
2.3056375795760253,2.3298633015932015,9.4749431958419361
-3.2316230430456803,-1.1718500628226143,9.0774298509307592
1.4889061175664446,1.9446688005709563,7.6015451683254067
3.0003840703138884,-2.4171461776861349,10.051617446299019
0.31968932401351813,-3.1041228062468029,8.6515088176900115
-0.088813185026149988,-1.8412202737577985,5.3036015311438724
-0.62793691765621862,1.7537961006952525,6.6349442987001339
-0.67299744672336947,-0.066452755984196532,3.2907919695369117
-2.7403201251480178,-0.56546571400924428,8.6407389166795561
1.4391447162289532,0.33676290331564296,6.0055484271379207
-1.7867273635960084,-1.585711488815631,7.7222430865867153
0.6737346552226775,0.82263869853330718,4.520717813408865
-3.0242925541758328,1.7960662919647081,8.6659394354896655
-1.0359869864155051,0.41010692936001014,4.566903502753707
0.41224564003733644,-0.2583577860890407,3.41181671896884
-2.48939001146945,-2.3785512692549418,10.00490237822455
0.47789966118488802,0.41074480006876035,4.0244488972044792
-0.34467271315699755,-2.3395985331650735,7.824851369216054
-3.3768707873741834,-3.3239084350428239,11.926129362055903
-1.978682142371516,3.4200267658269574,10.221154246033722
-1.4771623403980496,-0.76204329409810345,6.2747118166116103
-2.2335400096589826,-1.9487337210640088,7.8747908568869995
-2.0027291723202305,0.59661525427535711,6.7421627647322744
2.455004072482982,-2.0057252244536619,8.9246831571655534
-2.2526640812991277,2.8762535151862867,9.3720221793785452
3.0948026417273056,2.6853318904579622,10.272848583682332
0.83047346975254577,-3.231165521736469,8.8893150190729173
2.8472127757490702,1.4905734124819459,9.2142792076504474
1.5009738983658867,1.1402797018954764,6.5647010449512813
-3.4473330322157949,0.15783627256102184,9.6223321569329467
-2.5496262690959415,3.0774715029754436,10.38652020752113
-3.2377759921759837,1.6299780681723472,10.002151043683709
-0.3783185367443842,3.4516494564272824,10.046142307803226
1.2334006513921647,-2.6619337271781558,8.70016859008933
-1.4961619428453057,-1.4849395342078973,7.5051646670582528
-3.0795114014093175,-3.1763829362876668,10.081485590448924
-1.0346914978724948,2.0097002527066623,5.5067059124025839
3.0045441492550298,-3.115083144164303,9.475549884637811
-1.7842447813876439,-0.92168894170062243,5.9342550118770596
-2.4971879520441052,-1.0871308273324689,8.1819804979937754
1.3227224255040886,-2.7654736240972815,8.912025366034749
-0.91309476120542454,-2.2248287499039718,6.8256715142357685
-0.83774953711845157,-1.6035226613296576,6.3603560975495164
1.480330136258476,-0.29566058103660797,6.034475870993905
2.9617138335222091,2.7440843679570408,9.8237812423311368
3.0190254217527066,3.3087568763910413,10.731398928724069
0.56137624161188615,2.8163622041027923,8.6233513575928011
-1.1641055545590984,-2.4625745100249063,8.3170675338378466
2.2555902206877816,-2.5784534817667399,9.7654224315347946
2.1139909222333824,2.6807808645228022,9.1962731493498993
1.0618221690438121,2.5781120599443517,8.2134090234784907
-1.5190689430156634,-2.2403190342083215,8.4517334658733176
0.74059108905196602,-1.3507595032949613,5.9111644856852195
1.7444314742494269,1.361419615366426,7.3803379455250511
3.4041696298561579,-1.1512004261819277,9.8009714726876105
-0.61100274846900016,-3.1288356911493795,9.0140408641075229
-1.1825170724156719,0.81196181861489247,4.9053399944201566
1.0499031066052691,-3.3792071699610196,9.4733809243009972
-0.84141414832963202,-0.73408223262508621,4.3915971272738545
-1.5238545892217348,3.2335616542422185,10.012363966838064
-0.83050734722293962,3.481739271388558,9.8873736652373481
-1.2632634623588914,-0.38070765656710481,5.4573580156199242
-0.42253671558497974,-1.7225347485293236,6.5652086971286217
1.5988752950197007,-0.85428207607792261,6.3380089152228365
2.6253352796547702,1.6481159308631224,9.2953369782578292
0.53002881943445956,0.79198360767845877,4.5428218446013062
1.6644806527281233,-0.18222085873843241,5.9834608084496175
0.53874511690664484,1.2884364139464344,5.756518011357219
-2.6452351512239849,-2.3804024152674916,10.11607716715794
0.66119377202291219,1.5381716935063636,6.4627600479907272
2.288690641445676,0.62481743337270679,7.7965691527789911
0.57870608024928583,-3.3182090791775822,9.7741938622190467
-2.8235928901451026,1.7905437472699379,8.8359291164974927
-0.52367756143706545,0.43687493531405597,4.1725575851714609
-3.3281259163481938,0.68125569359452953,9.7070890875155857
1.6539023030091933,1.3782233455332165,7.4429884434533982
-3.2568071444759408,2.2417241598820414,10.279701737069637
-3.0487996822098555,1.0585785309545086,7.4791044252712524
0.4751459872734709,-0.56363112893941736,4.3133408954400707
2.3415992316252847,-0.53712668661171215,8.0110313588716018
-0.26387663779732407,1.5348856830748048,6.0842413005512448
3.2875136082773908,-3.376114651287919,11.824160001888501
0.065685622250597486,0.9884997923041734,2.7297871288838849
-1.1710374733130657,0.10005981480507664,3.8799041500220248
1.0230188161954556,3.4050962390102324,9.5373466125669211
-0.95866533627154915,-1.9180147028439249,5.4447463141149619
0.93066861264366274,-2.7608732077102207,7.8440979833826514
1.0470484646075953,-1.4556935134735789,6.200494607001179
-0.12951946597052011,-1.1639859617478923,3.9477937978266908
3.3239909499117921,-0.17915035923329681,9.2366275852876072
-1.9644260335857207,2.7323231800040562,8.7513503608405028
-3.0385276687145333,3.0815535432901786,9.3609194738405925
2.7690396135558215,0.36892915563738349,8.4898359965072192
-1.503843610280537,1.0895502295348471,6.4117684655622149
2.7553232214260843,-1.6409550015174732,9.2696150091184837
-1.3022256239816059,-0.53493003230468794,5.8063515644318677
-0.38979172198236434,-2.1786864936874446,7.2481941999892854
1.7029399165121957,-2.672085418780326,9.2582646888466211
3.2530862584545979,-2.4471423097493252,10.854654914321474
2.0214405005408063,2.9374591778253798,8.0346580031978441
-2.1555208626094626,2.029287198909052,7.3974144583837447
1.392979495646987,-2.3160702809233857,8.5186001296862308
-0.10476017402655646,0.96319182669371095,2.8629385388140562
-0.75050141092028433,3.4337399621231413,9.9180535703684782
2.7755535709552852,1.663242864153597,9.2264858736884463
-0.78603353881603111,1.4480002696786167,6.1785187192036126
2.051916526933252,-1.1274876053456633,6.0815386270703584
1.6491483066436805,-1.7074694406693112,7.769951302837141
1.6120193796857576,-1.6979956498363913,7.7740257188274597
-0.85728592045243834,0.28110771995487616,3.8741495690318004
2.1569930236296306,1.9697963338198203,7.3333979821211024
0.31676767006937201,2.8583091771456024,8.2840816459815905
0.91142328391730132,2.4334793210784103,7.9007991775914874
0.75515548504144547,1.5995545684349084,6.4670121625185466
3.2859836394430948,-2.731034228256715,10.946281959329774
0.26921983616717071,0.70551693784769931,3.9238109568033259
2.5034355996390616,1.7570480608840224,9.1208853091932536
2.2468422325197714,2.1887039604246308,8.6650753888054535
-1.3706689712685445,-0.042768900458943548,5.0958073120569161
-2.072363394295234,-1.5467761445212567,7.8731401258039693
-2.1967326813290891,-0.93510796252133588,6.5842716165588406
-3.3582282263460801,1.9658681715180544,9.9926955245955398
3.3015270348310803,-1.3261477070605361,9.9484466106177649
-1.9342265712073792,-2.3155992749464409,8.3711397098357665
1.5996004987286607,3.3386406090716649,10.358067277733094
-1.4130340199745968,0.91131918453493999,5.9537132606951886
3.148397956967516,-1.4826834181703901,9.6726400759787268
-1.0142244137736269,-3.0158271659010101,7.2592277661112323
2.907011926341764,-3.2519755123001333,10.417495988795604
2.1616366434736953,-1.208920860703433,7.1494774575991222
0.66962932959305999,-2.6664637993372957,8.5498129424544391
-0.031956832494887788,3.4326775116563581,9.3755757811445566
2.2549111741207506,0.21846293302042197,7.1143566666308722
-2.3572347464064487,-2.8973846267951999,9.8337273734882782
2.6805467163404524,3.2862519508328623,11.016188301852281
2.3685099884769558,-3.3654364084117767,11.031212237229187
2.748004725663594,-3.133761741141381,10.238317459253233
-1.891642227286056,0.41274607851704292,6.5462702737116594
2.7858787653180448,0.95947183750559795,7.7196409973977538
1.1202750291662653,1.1138255750289527,4.6237355253644701
2.2155107496130997,2.1006558643894087,8.064478003698385
-0.20560881286949506,-1.0183750574837687,3.565368236932013
-1.3867755202694116,-0.82911058845520103,5.9346261420390682
0.51387801234455566,3.4307256142763007,10.086816989459612
1.2125207985902255,-2.5978542835333314,8.6376683341482057
1.7454981553412159,-0.72099248978654851,6.5055156417453333
2.7617905618107157,1.6848606474834984,9.2107944429608573
-1.2098605235280999,-3.1262004120179063,8.6598953666858129
-1.9881897493685803,-0.57649853503004778,6.7373359760531315
-2.9166577606683033,-3.1211083409555656,9.572565564691331
-3.3213777125764126,2.7976341904619995,10.963168157826457
1.505927283587785,-1.6329945095710245,7.6762112985778082
-2.2583864616340676,1.904605580792845,8.0765683426329069
0.86949158403022153,2.6410721059754776,8.1954252029634045
-1.3702855233081248,2.5407792409488579,8.9844434228243077
0.24259286744487563,0.74630447350357532,3.8074174651277559
-2.5193909977678581,0.35460064464717611,8.3135280891732286
-1.9615892734457223,-3.1562416326280975,8.7482007814035168
2.5693039207370809,-3.2947173588483487,11.088170039689238
1.0825103695892597,0.82901107860445311,4.26673867055678
-1.5913472587860868,-0.18731397599016653,5.9774314214307758
0.22974033981590836,3.0670129792591005,8.0907231462963658
-1.7087018347039722,-2.2754947906833638,8.5322612465687957
-2.0327536256837409,2.4961752016253635,9.042944248622991
0.31959276351180987,1.6110553328076991,6.3121211511104569
0.67325139563180958,3.3880795112048734,9.9059636687652528
-2.6364055818106888,-1.2099177704988455,8.6318684309206191
-2.6905170068480047,2.9047729921445207,10.034064297322763
-2.8888304422787554,-2.096231374320503,8.4325696662109273
0.44696751421550784,-0.20283784571984809,3.3380464462120365
-3.0516499160809167,1.1079809359318382,7.7110037447304087
-0.34293074535730383,-0.99241655924489702,4.2273322550396664
-2.3440648996881572,1.562196559626285,8.8133869151992918
0.50539392445654574,0.60428042475353383,4.4186641315634994
3.1497468287893664,-1.8075511280231238,9.1489982533695784
-3.2147330584916869,2.8525666008239634,10.32021810368607
3.440801244832195,2.8051648995413903,11.299405037775271
2.6305480844542171,-0.16558726226537868,8.0258781644731432
0.1109589056736473,0.69754413356549883,3.3715552410749616
-0.96750858075511514,-0.83365787821024284,3.9261376207750693
-0.97217474845411678,-2.8011045380418484,7.6524674795674663
1.8395455931798663,0.31189891573473627,6.2765588450944243
0.97787828398152232,2.8872942817441878,7.323728590472907
0.52389034466890649,1.512750514250186,6.39977199511263
-2.2140204329518918,-2.9944558970222812,9.0631327295773136
-0.9669869924008454,-0.82611660618393223,3.9573912408148431
1.8729250619172326,-0.52785670964239051,6.6633607426013697
0.55391194496335761,1.6045029685606966,6.56659284140461
0.47618210428952201,-2.1931428701269278,7.4307917276144693
2.6902259693047563,-0.0020864563418294679,7.6748907548086294
-2.4962701939369598,0.72896715780746479,8.3048257282483853
-1.265085495457055,-1.4869156004167672,6.963955217489767
0.6175768633552341,1.4775448530705892,6.3503075263651887
-0.65639883141659228,2.1138437310590463,6.9884035734330361
-2.689265598675262,3.4493204899126599,11.427440163816552
-1.5456478120891681,0.66218663901889041,6.4748044501065714
-1.2973443544831342,3.2001031447860662,9.4377121249546061
-1.2838425754178799,1.417088635803549,6.8739093022506896
2.3823957612526403,0.94371084511294878,7.693520801544441
-0.78835935419781622,-3.1872784576534423,8.7819564039461238
3.3462779592162226,1.8236778602740333,10.110316842564579
2.8713408396255273,-2.1692101848376422,8.894345623279964
-3.0767331727776561,-2.7446658593142499,10.023316543846105
-1.7187637420812185,-2.4455463120361429,9.0467512516026236
0.50353449778973314,0.22749583208229751,3.5707118430756246
1.1502245302796732,2.9368905461617674,7.7887343557564499
2.640656176726039,-2.3857687348102758,10.127803565984749
-2.4775546328916436,2.8806649169649834,10.15336422014518
2.5954745408951183,0.87632059695567044,8.1967367689089699
2.7808955819894763,1.4568447722715465,9.2084166795652287
0.037812982790831118,-1.6740832609147125,5.6432159444775323
-2.3586289258958062,2.912104594062507,9.8292455684941711
-0.09598884560183496,-2.3484490687309094,7.2446638987454843
0.97310371785627403,0.91815928650114209,3.6359731902617156
-2.5437653457561384,-0.19601131130596405,8.0461344891287734
0.8110527166414867,3.330406107824869,9.4547141503385621
-0.76294348970690207,-3.1450497495806196,8.648504149775011
0.99646481657017993,1.6340781282227628,6.2791230100875737
-2.6636065354088263,1.7874902033576099,9.1442018357714598
0.52869248775993505,-2.8667802618974831,8.6206020247139925
-0.19188477275771776,-2.6083205747378018,8.0912457633833395
-2.4724499654020224,3.490310981981203,11.424733236537515
3.2652485258739512,0.14497929546384736,8.8255323596039474
-0.99269414061723715,-0.72628867355072613,4.3815261736147022
1.6988375223394785,-0.33459799333721429,6.3994019782830449
1.0219871971438819,3.1405721902193058,7.9278669012459133
1.8806342701719849,3.2677468528671181,9.620050228790749
2.9928860773987651,-0.44384501396523302,8.6498152565637501
-1.4278310408479142,-1.0933570429857489,6.2420408932898859
1.4095057013059078,1.640072782553025,7.5108412858936493
1.3595341775117804,-2.3748326706562031,8.6250418309803525
-1.984485317762023,-0.37543842824631657,6.5335769405004598
-0.13733308995700755,0.33398923576348283,2.6379494373366086
-1.4320039918994656,-1.0449092674151124,6.1276447296268266
-2.4352696203197155,3.415767408939284,11.257519560982201
-2.9195480426834828,0.78580578213182051,7.9450479742671192
0.74610718363166573,-1.5608372419937742,6.4376688277661529
2.7015364331801628,3.2258623230006584,10.759302777576512
1.791160008960814,-3.2756364489809058,9.8735224636405121
1.6512393336994311,1.8179042332587638,7.6670231348942171
-1.6739894424382431,-0.46262491694105989,6.5851119269814724
2.6922767440950555,2.4947200789980677,10.308797170455207
-1.3419313425684161,-0.51611509504756015,5.9353014341033479
-0.3043881795208212,0.77657308141254155,4.0246304703601901
2.4187874089965122,-2.3618686151916908,9.8511798636902892
-0.32617742328123578,1.007133218727656,4.1902585312859983
-3.3975154321230159,-1.1239638093446871,9.7044005473565527
-1.4302614365873318,-3.3837070126981614,10.38399538198499
2.1934329141870279,2.7868087070479968,9.2718543413258523
2.0483781742416562,-0.35417966347112007,6.6240288612527642
1.872495458767264,2.4178309496211803,8.8236010705706391
-0.83695949034951145,0.23299453049092778,3.6629277072243198
-0.19602513383483933,-0.47596998193861761,3.4021185949603314
-2.8354888129525757,-0.058041813495559147,7.2658666848480795
-3.2382711632787986,-1.330113355648868,9.7127786545672219
-2.2995672091409638,-2.5151978871485792,9.8452788060847531
1.7957744917229519,2.7580107941315273,8.9792895790099472
-2.5683794938825608,1.7045524588132048,9.2337777328335768
-1.114444889649056,2.6441843030059502,8.3193395398427938
-2.1782623537057555,-0.47124735603523549,7.3648250814517695
-3.0055617578366114,3.0969331381638394,9.3709150685033933
-1.3252818967187685,-0.40695478266715712,5.7542338809332563
0.5234510729127182,0.37609515894441703,4.0335557742360884
1.9757586811721897,1.2497618657022027,6.7083079976774265
2.938764733058294,2.3928969320151587,9.94091519291662
2.2774838798700703,1.1146116493443365,7.4086923642346818
0.90948153501215145,3.1166285162591896,7.871873349346254
-0.13973428690367662,0.26298854641132641,2.2218416681847728
-3.3753398724366352,1.8888660068171541,10.115593440149174
0.59024473241933073,-0.19838042237667919,3.6350013091516118
-2.6711562008991963,-2.832846424619726,10.175594608930712
2.1858522651860604,-2.2583702979340119,8.7100449276017944
0.23090078045412277,-1.752856923618942,6.0715214661301111
0.69270044915794049,0.49230059150750627,4.4742434618450098
-0.47967949841161595,2.6747001658457341,8.6147412250121267
-1.879026209403668,1.8360063889170934,7.0664679427267423
-1.0406407219504379,-1.7742096681220552,6.0163873595937147
1.5550979341712061,-2.6933162754509876,9.3104589153068691
0.66202490384643653,0.6155959316955455,4.5892832319866024
1.8218923703370109,1.5498586239950347,7.6851869275536124
-0.90923472813944972,-2.5767300470277723,8.1505545891636668
2.1125829874535071,0.06531295751247379,5.5727754388400719
-0.49336482207894283,1.8096877890601766,6.6495313635155071
-2.9093384625989187,-2.0752645233498308,8.2750902069631618
-1.4932990765156577,1.3402339587438261,7.1955339777866509
-0.10645813970657292,-2.3682421571804775,7.359701864552914
-2.2588983937817941,-0.57950801200972357,7.7099701155723022
2.7837729161245726,1.2164430106695008,8.4696783860913314
0.99768621776724054,0.95647264797168496,3.6010526730605648
2.8221002147062864,-1.8701823843432472,8.5742319833441165
2.9327612418326412,-2.4797880707006459,10.139086024307966
2.3271836184029722,-2.178199190766815,8.9906976811724491
3.3135319967676118,-3.4948342488290614,12.097319573630926
3.397894015560702,-0.32214479222118042,9.8376685844898901
-2.2592200977917947,-0.96491959367740954,7.0057396049750249
-2.4213525545690593,-2.9100725750230434,10.027059993301169
2.7628770313201496,2.0983763728266105,8.9086503837786637
2.9500864457034375,-0.37967042929027039,8.4675029207800954
1.1146860136420447,-2.978333091117257,7.5728222578533249
2.9233499497136934,0.44335075675442681,8.5782431148078029
0.39210782878688955,3.1969860443874492,9.2380408655592898
2.0994560159599613,2.4470118356512165,9.106502321303406
2.0364880998906729,2.8701276189817442,8.2675177654703536
1.0641187125002016,-1.2707612759766977,5.4131031216387697
-2.310136031672215,-1.4072907057571227,8.5281615432833995
-2.3737544336574388,3.4683857278475774,11.24889137364436
2.8723034628228969,1.6896779684746832,9.0577386710072609
-1.2132872252742577,1.7132839460399332,6.8558890406100179
-3.2592038966720902,3.2583569721550214,11.349333636971108
-0.46743935551533156,3.3531172404388245,9.874363891309633
-2.1796913526473194,-1.8574201313196463,7.6862091275595681
-1.6346212429189877,3.0116217105699654,9.2175136932184714
2.7884137568714458,-3.3817356574325732,11.178071213371373
0.81148567492963153,3.3311616155222632,9.4569410356706687
3.4737807177228053,2.4986716580666828,11.428080319583598
-0.42348575618123974,-2.8731092597527792,8.5443977222824348
-2.2155014999052671,-0.076396856473604391,6.3656392891243279
0.38336553156167419,-0.61099728249127638,4.1877831552191687
0.62459601242508622,-1.9897341106185715,6.6711221014184154
1.8753583734644419,-2.2797727276052004,8.2454485017374033
-0.53015609029384558,-2.5365446218977712,8.4786957975641819
3.4406971460676212,-3.3149224115070677,12.027298357923277
-1.6058481318659206,-0.35118356583001464,6.3653762756462875
-0.011417136055277943,3.1110266802358773,7.4216476611450659
-1.1943462634750022,1.6376588998879082,6.8446898778220078
-0.49626478068584712,0.31923651438153433,3.8281708855902288
1.52813634724947,-0.74039754895288956,6.3948238333609311
1.9101903466194221,0.037947153775045539,4.973469014606426
2.2350786550143198,-0.049232064035762857,6.4522814428942965
1.7884370462154848,-2.0559157546414566,7.3119714940316207
0.70758522459829098,1.0015478524529247,4.4573694029138764
2.8098382258955308,1.1996886368050941,8.3314862461256851
-1.0699306920174951,0.40058489049199864,4.6540792654917666
-3.3428221640353097,3.4171522828537357,12.053649175571314
1.8955621325164493,2.9932321465236171,8.1513457876592934
-2.0513040927417627,-3.4794205475140503,10.442833076589263
2.5445345184651824,3.0526668629042319,10.324826523856633
-2.7143428041842048,-3.0849884420985418,10.156638891531882
-0.64455041546594671,-1.4904959547677077,6.3757549136430605
-2.9755567647740961,0.87316887762357265,7.4942117777721755
1.9307815613680752,-1.6195181258909754,7.6224008414307534
1.5392598278631855,1.1576335178342463,6.6769118646899308
-0.97332544970032364,0.74784217513554019,4.2792596340143092
-1.5827345742244461,3.0587352327078738,9.396645664979637
0.29435334849588779,0.27059264313617382,3.0007456186970138
3.2087620470956582,-0.88183592150137891,8.5828979722845151
1.3479446514367988,3.1586700700954911,9.4297481619571304
-2.1138495911966828,-3.2770360455232108,9.8562024237378409
-2.9911331352583796,-3.4413343635218676,11.189791641938186
-1.3574113710213109,2.7398461746933753,9.0308080924227614
-0.70538176972901656,-1.4778639887375871,6.3220979437232714
-0.014375707063023491,2.2379104064033672,6.4353110785201686
-2.2088113493275121,-3.0836923528496119,9.2702831775992216
-0.87187797080423035,2.6751319982326285,8.1563810828684566
0.54552740233742192,-0.52173663868236764,4.3661450655616356
1.6444651040521752,-1.7584831192502717,7.7348676323094843
-0.54972735267550998,0.13116236666978764,3.3819011220149697
0.12093689961312126,-0.50808255236777855,3.2702050053222216
-2.1990941911166786,-2.9291807485912038,8.9663296708652744
1.0067366422029451,2.7891720820165906,7.7074003587610065
2.6804929178893433,-3.188411624163336,10.644115632346248
-3.3355292192843105,-0.98393211677056547,9.2147547102637457
2.0716037795309017,-1.1347683457284381,6.2131934203546706
-2.6881904315041862,-3.3029858851697655,11.064107639673621
-2.5184076817051109,1.2571219632276769,8.6907963737497056
3.4190651148843578,-0.78164255423443274,9.8258789979042849
-0.27544407218014078,-1.7361046166923164,6.2362452537243911
-1.3226118076406386,-3.4197750536357052,10.292657247266845
-0.8579777189273825,0.99829489124394577,3.8590324748079716
0.98076859559126461,1.0696803971329354,3.8455786597014594
-0.93924509542936585,-3.1796649837554289,8.2345947196619811
2.5841717442472776,0.21897250923901934,8.1433971221605841
1.0221672743246177,2.244135795856594,6.9354891989053371
2.7529253030748544,-1.8661626608270843,8.8139600936442317
2.1483263008116165,-0.12090281663031366,6.0294070625848555
-1.2495418814942543,2.9303203197412211,8.3972293684365233
2.9877604601319634,-3.2909632155332766,10.60202243456431
-1.8038960612824433,-2.9155877041848957,8.5852674973040308
1.9663417187575689,1.4832919510176232,7.6093014700002453
-1.9669546489018528,2.8302523942248969,8.3573750816676622
1.8501309321931378,2.0725266079446643,7.1136403960177788
0.34937522733567494,-2.3285202440301966,7.7935763684583872
1.9248231446286752,-0.37759024347092218,6.4734486517129888
-2.0457010910870159,-2.123073835418678,7.22699535853668
3.3896756721079377,3.4467923545964814,12.198600567574019
-2.7301314643902681,3.3130210504477109,11.045089440784368
2.7116791273049596,-1.0564876521082156,8.0475479498276474
3.3389975248137782,3.24322730564755,11.580081400206099
-1.7622207232712195,0.88138331360072986,6.0816665152691733
1.0196863126352653,-1.3821456940873529,5.8957789072695448
1.4151420514970479,-3.1223772838120496,9.4707413399585683
2.3009285378239852,-1.072672524845105,7.4126980832274203
2.2379390067358411,0.73881408906003188,7.3843346280516258
1.4365016909261437,3.046238161927179,9.2782589045905919
-0.3902128907631579,-2.0795198206523411,6.8357393606963015
0.69014170825628085,0.56394919475341432,4.5614538854988353
3.0204696650316318,0.58446244427913818,8.707277621983522
-2.0717488617748705,-1.7888218038811798,7.3680267858541537
2.2029274227230102,1.7463337963291146,8.1354426819573682
-2.108990443300359,0.79680570583273536,6.4756683589077859
1.8352375501459095,0.91554498085397107,5.7671346804641921
2.2602334521417653,-2.6904983159920057,9.7437275179693437
1.245713545953004,-2.7474624149666029,8.6585800062437404
-2.6760053596390891,-0.50739941952346213,8.6268309365047902
-1.5394805408830021,3.1938595043362659,9.8727829805928451
0.89361232734524521,-1.5974507739666901,6.2962737446500618
1.7984516377811204,-0.96647568256589533,5.8398723629137805
-2.6808804972729225,-1.2829069392223724,8.8501725711376711
3.2237157809222197,2.8176847951342303,10.467879699773546
1.3302210781057502,2.3401336765817309,8.4496535151395271
-1.508854846766321,2.0602668933912804,7.8147990397029083
-1.4045926864978662,0.76626793586515607,6.0719059874804806
1.3827276281228826,-3.4366170550230732,10.438321511060034
-0.43771801364753538,2.3483079477152495,7.9802929633931825
-3.3910541131794236,2.2317739746169281,10.73539200643757
0.75229611433180121,-0.59742052610261309,4.5899611716958653
1.6825352694642435,-1.5082848431631408,7.6947534806030884
-1.3592570893808831,2.8489261504883299,8.9452410552624926
0.61872774463536206,-3.1077805377291012,8.919168585098749
-1.3423749256714479,-0.31230728400857322,5.6319596763649784
3.4892811842731275,1.2877895494425244,10.359084119481491
0.65858980528272681,3.4537226488828532,10.081977065544702
2.4812922343815611,-0.78851665163287077,8.1926037641278207
-1.7027457941382973,-2.821256006168241,9.0957211977687145
-0.72756872629544311,1.31597662364263,5.787473101995495
-2.8170101535500356,-1.9159186346698345,8.4755379734688265
2.2375146846966638,-0.24216821743018091,7.1044487585786857
1.263794871119269,2.7661579425055702,8.7018334154696095
-0.68272181084303929,1.3341525293483736,5.9051664702230937
-1.0379371092864838,2.5481968260395318,8.1565371522413308
-1.6828624340085272,0.027590680103164011,5.6211440850415002
-0.33116444490628316,2.5523304034084706,8.332102908414873
2.9743155336220859,0.63794795593141718,8.5255523108587923
-2.1665237218339861,-1.2007157226818062,7.1328193580749453
0.58448427010268578,-0.88450966637328232,4.5585061217219618
3.1043886993971705,0.51497443837925339,8.9986876747713431
1.6107136266911191,-1.1010619236371078,6.5219968548892808
1.6896842011897242,-2.1669629809851187,8.0919500652516181
-1.7983868851033435,-0.88820017464709977,5.9566428183923428
-0.5593854477225717,2.5155673863080406,8.4449673229260664
-0.3246204342986827,0.90600660027067281,4.0547623662181849
-1.1484365101472833,-3.2616872734510363,9.1554151130247075
-2.5421845168336845,1.0836875676452156,8.2371173611607116
1.8836918776501816,2.0431688952362252,6.868708675598409
1.9418057292661075,-0.41056705433014518,6.5681367411250022
2.7793233134974971,-0.66054484367333233,8.5258811405462467
-1.4831525851557061,-1.6504307366345881,7.6511989800817712
-2.614878599299935,-0.27443633235607567,8.2923662124575124
0.2151127001596298,-0.26629837309720239,2.6041623856964051
0.53515957895574395,1.8637734172393712,6.6630411254492863
3.2659383794293637,2.85459520392663,10.597463771897994
3.1743541351285893,-1.7196852833811169,9.5716040051105971
1.9006494022310525,-1.5749559044475188,7.6506708440434359
-2.3599932512677393,1.5236143503347241,8.8317265915410861
-0.60734935199939688,1.8379008708744387,6.6280395342926859
-0.79931180909267363,2.6964483247646651,8.2940574836213568
-3.2661348397547374,2.7413018052525686,10.850234174599745
0.90815525311872314,2.7859215722558552,7.8029603489023138
1.0779639306636097,-0.80609697037006711,4.3375604972102408
-2.0117306186297492,3.0143330346390176,8.0293635298814774
1.3717856253067753,-0.8749417987552337,5.8221035156361829
2.0371247023219734,0.59803224009942113,6.8241305138391617
0.77011229858199926,-1.9034961664827021,6.1526541200759759
-0.40023954527112915,-2.6408440316763517,8.5240953710870926
-2.6983694139095724,-2.4126108537151723,10.174503415527987
1.812780996297259,3.3962410943263421,10.300520723655591
3.2995448019805549,0.93736115113408047,9.0439013169157256
0.029271234408934532,1.9648913541422077,4.9079638223954412
0.44051499838914676,-0.086340037874748976,2.985073392128303
-2.3301185131291042,0.11107993244595038,7.1859678913145473
-1.0081050234443492,0.37357483746844311,4.3785845860950268
3.3341270400591752,1.1923579818358281,9.6691646226589612
3.281384725002801,2.9034949640604681,10.588143285056884
-3.034632098344086,3.3929751913267907,11.110070094158385
0.5628978983229791,1.0995095589064112,4.9783895895730232
-0.91787899552977548,-3.3744904356678753,9.4355673440356025
0.37302386931635301,-2.5303916562781583,8.3570298430151766
-3.2360885251350746,-1.6845174521426671,9.9242464936466703
2.7721992471355197,0.54602108822877415,8.642423876715899
2.4187070490014158,-1.1506210062430888,8.1584863833563137
-1.2775329482345943,-2.7038470135033146,8.8203037054870599
-2.1723915165310901,-0.68984708499006997,7.1782383011109339
0.18774258547399691,0.77259485108386539,3.546557249653187
3.4516572109142674,-0.1218346349118633,9.5567059610619953
2.8012735585763462,0.0031837521322848339,7.3289739857788483
-1.7785303434975264,0.18839678517794001,5.8674901142956699
-1.146340335147582,3.1809150438163005,8.6489792297555006
2.3915639314822759,2.6821730487670212,10.135268465657315
-2.0572150133422449,0.18422088350968613,5.8323769674991262
-2.4107654053165009,3.0259773434756658,10.073874862953208
1.5967540269194789,-2.8050798615883346,9.2619321843434772
2.4826564157590081,-2.501336370088393,10.199299249184294
0.084494285245682921,-3.0496353998104535,7.2499133056049132
-0.43308986058634336,-1.3376424568498693,5.8369684464232066
2.6002838995833466,-0.70349149840929748,8.476032752186395
-1.6412219560243158,1.7069618371452453,7.7717773773972976
-3.4420396908670097,1.148413122940358,9.9019646658741856
1.0871053306415597,-0.68914489732654793,4.7749605820936551
0.073941425884056944,-2.770050895422306,7.5376248677997246
1.408064773132879,1.306484899083979,6.9229122512139263
1.7078151317772319,0.47922305924012232,6.6211629597584256
-0.67235920594630061,-0.35370876050331601,4.1715367902207774
-3.0579678465932556,-0.28586801204359391,8.3376890338827874
1.0163215860194406,-1.076172373522831,3.9327768977871713
-1.9931785040321381,-0.49594716747843748,6.7603823356420989
-1.9215705697474801,1.617467043472252,7.6245509487362693
1.6721471284171798,2.9955698736849659,9.1031843168355788
0.64660379009397406,-2.9296848692250004,8.47232139120662
1.7025003741343303,0.69909999502828679,6.5638434185895669
-0.39331637965352595,-0.7757893801810658,4.3005425111128908
2.3196711712550133,-2.2260067876035787,9.1529719578536373
0.88927189317604949,0.58493380638908832,4.5588391187896988
1.7373881817631025,2.6674362253670036,9.218043820012932
0.91796035715683377,-3.3534046863721256,9.3447096896755166
-1.3950551698834488,1.2588496075431834,6.7304122798534927
-2.6737911260964609,2.7274193024051021,10.325014772928819
1.3221222390366139,-0.047342289146274474,4.8351884988950786
-3.1630577679705674,-1.3244855908481705,9.3690254906131774
-0.14109382971737405,-2.5249178016061307,7.8946208721542988
2.3004001139172576,2.0277780814315403,8.3555126558860433
-0.27341927039227354,-0.14893732149469674,2.3296447196138708
-3.0818712726554955,-1.2524228795971277,8.6902541918318743
-2.5172238997009542,3.2950281648726376,11.062765568795259
0.13718487711897787,-1.0230481512850256,3.1636597553990811
-1.3875336799402835,2.4177522327109813,8.7916235126563915
0.12168705136388169,-2.4411722840183341,7.663287807202174
-1.8822950082086052,-1.0383659325409003,5.610080354680381
0.13838548257970729,-0.54688189191542458,3.3961859785900899
-0.83179349745933351,-1.5250952675175951,6.2943836658838848
-2.1657697734268533,2.4629075285557231,9.3494277362566827
1.8428787501496249,1.4056407782886833,7.4377838761553203
-1.1057082815614563,-3.3763867481229033,9.5795131501363127
1.0214418668962448,-1.1523275506923083,4.4431489852431127
2.1218869662962447,0.38940421992669449,7.0005450345566196
0.48730897768788539,-0.77476748439376752,4.4900889135167645
-2.073099923613956,-0.16102382355779543,5.7728362464404945
-1.2635514727281074,-2.770899397733527,8.6937866081167083
-1.5344859267937836,-0.05058813008142593,5.6349917880534122
-0.2749884864585046,2.106218809824612,6.5381026919355492
-1.1541720904633079,2.7918096580875398,8.1606301258055787
-1.6267110074234887,3.0477506571562705,9.3117293684454232
-0.9600339069690893,2.4077330598388951,7.7879515708799953
-1.0894995201444808,-1.9771056742065014,5.6804954907696477
-0.74737711707861942,-0.74565241919989589,4.5137790681171026
-1.88818619828709,-2.3247163510639703,8.4557348907566894
-0.4058222691062161,0.17027263510910107,3.0855418255131646
3.2262785623451249,-1.3180446073940435,9.6254807063657086
1.0082843679955573,2.3651277803509574,7.6316118846362873
-1.38896823021053,2.9088538653894283,9.0025629866420136
-2.4225755295802993,2.1819184094528312,9.3153017375614375
-0.020231579660968446,-0.75809459469202434,3.0678831521709675
2.2399980558346959,-2.7797937638487933,9.5141074542432236
-2.4550786694812339,1.6761394908956824,9.0880201631214348
-1.916922237130934,1.5113037891938381,7.6201412736837728
1.755914828778125,-2.0412462256010864,7.3999832932549552
1.5207919989981997,-2.375133426049242,8.8688643813621368
-0.32679395605052886,-2.2143719719685206,7.2591012104396846
2.7162829304820262,2.4895355403960755,10.29406023449666
0.82986592502163958,2.6172641762361497,8.2758058402117669
-3.0556467157673817,2.1573510580766149,8.8284961354641442
-2.9469137812710637,1.926347955517719,8.0532215480167899
-3.2857836334025543,1.1268480738553199,9.2123707823099164
2.976890450848968,3.2881274799317213,10.580781156495565
0.64050460166573941,1.1347626902959833,5.0703823164643325
-1.6326489286122488,1.3000620477067315,7.2177940151594164
-2.8793972473951222,2.9650520317580487,9.2282698911639756
-1.8863510296152666,1.0882298657675307,5.7875195940516058
2.1971690031117319,1.5745877514984254,8.3187858664926484
1.0727313166383912,-3.0454471714195632,7.519400433610814
-0.57407286605998564,-2.2206190995411168,7.5574433100014158
-0.75165510281902215,1.1152641058743837,4.720549839429026
2.1394429538401916,1.9100882973697431,7.2858641878741697
3.320929920542075,-0.35316159974159156,9.6508672500357893
-3.4062709434485199,2.2697278253848934,10.887342497814558
3.2548651098907868,-2.7391375493728982,10.807941090645823
0.47047420861132982,1.0807926247211697,4.8422413064306831
3.4668239370436318,0.50495243549536806,10.160451929666854
-0.023815615306173044,-2.5299243594000314,7.7308106796328389
0.7926152158625186,-3.4832601940171184,9.9563508534672582
1.4931945029962312,-0.88132112006066565,6.1913128592530668
-2.2943720361708664,-1.3768485442309242,8.4099161927580841
0.86919274585064787,0.16103227061420711,3.2362611378641617
2.8590687270273456,1.0200985413562202,7.4455057820124662
1.9776226511494741,1.537497843000752,7.6754666692685873
1.6466549180328114,-3.4410004750445911,10.593488941708294
-2.4201944907956299,1.1405582461571857,8.1327939975722749
1.8249456441394551,-2.3382196484462101,8.6060403854393055
-1.0864453859472887,2.7694845643015764,7.9559975338926083
-3.4850548347215264,-0.1233719410219698,9.6357347453290263
3.4867717630433743,-1.3138781787056302,10.41046187886195
-3.1413587839654133,-0.98628038033449927,7.9076649221323319
-1.0891440728579269,-0.63698124357887353,4.8841762942054814
0.83819873568014813,0.048572521295111137,2.8615107749409781
1.3271997050043316,-2.708685152753965,8.9668513743112062
-1.3047550752124097,-0.77255754501959295,5.671786091426025
-2.168411580247148,-0.92385842479906133,6.395717056012991
1.6402202712785998,2.8680813531168532,9.1639656322406147
2.093498242041206,-2.3274832123414901,8.6725810358899693
-2.182114706456002,-2.870838481704272,8.9729071040729149
0.48270873008006898,1.6955622695427053,6.6172203281577318
-1.8871957443377545,1.8870432419362828,6.8699535275985202
-1.4001409477082576,1.9364648564853875,7.39606047674393
2.1841133325056772,1.2940612136709424,7.6845535114110817
-2.20636370645955,0.47081095898287062,7.4812186694541669
3.2074324166172552,2.7265008915956654,10.630435423769626
0.39618713867571653,0.047379663267593575,2.731604585663618
1.5419228283596498,2.6041278314602891,9.2670066735981109
2.4373424799009573,1.6578312678858138,9.0568360461234878
2.9984602928292077,2.5821090823928374,10.222404216002513
-3.2281323891039895,2.218373158063037,10.042586918666728
0.92891836650453019,-2.8390367607215197,7.5625793228934555
-2.8244683886894708,-1.8602677190798769,8.5970963052196705
0.17849249669539269,3.2090146399064183,8.6119970281296396
0.31447368359082573,-1.1560360753604346,4.7506683329484396
0.5795078744519726,-3.3361769431959543,9.8303624559301941
2.9463888915084864,-0.34395903505648429,8.3573570897216136
3.3970252819155036,-0.90418439574242093,9.5396697684096186
-2.0700657640338669,-0.40988118414238972,6.8478855400601617
3.0248592476223992,2.3825421317782602,9.9841040108247441
-0.9013513414852925,3.1853752499914609,8.3650101022287746
-0.66405342684836199,0.27682601665219853,3.9419882522809786
0.87901067604989969,-3.1314930974651465,8.0761612353849284
0.55458311553085515,-0.93009326600983311,4.5763150728840074
2.7640203195315891,1.2225841436981177,8.5360500586989154
2.1494368595905105,-2.3128723791405128,8.8130114584371224
2.5252360752082161,0.88916767923555717,8.1263808341104209
-0.77976858682490446,-1.9756346065363233,6.1086143739052723
2.6439335446364005,-1.4613574902255797,9.2200736313611511
0.17061730671622843,0.12909427202681067,1.5220344620948438
-0.072148964780860858,-1.2767509465625215,4.5852939115239835
-1.8269950687709067,-2.9693654912656737,8.441816943260795
1.4822941955004953,-0.55804585558016973,6.3504885388227272
-1.7495077925776674,-2.1570208307047238,7.8991298475725635
-2.2133567916765515,1.4576147049034844,8.2777566531229354
-2.7578015437275942,3.2902917017156224,10.916062682074349
2.352117552797333,-2.2475767775630588,9.3466822147578537
-3.4595913194928656,0.30794447487702259,9.9645692344969632
0.12735373626607682,2.2205447435449654,6.5627470662261764
3.1601114577253169,-3.3734530651035626,11.395147485958153
-0.067245641829107861,-0.78022706741684678,3.0810454002264471
0.89051970356202936,0.030475411053291435,2.6821456074337569
2.5863756189143476,0.77513966292881076,8.361191819956014
2.8834674688367725,0.49548203166410909,8.6151936901530064
-2.0551589906754661,-0.23868273642460158,6.133519960367952
-0.46592655402216065,-0.94720689585303175,4.5075124732326515
-1.8004999018976688,-1.6710321728314974,7.6665060965621628
-2.7322078001443408,0.61715189208143606,8.6069585090718217
1.0948187676203842,1.0934852646457358,4.3556751242122367
-2.4723594464282304,-2.9556815351051897,10.132555475520151
2.1949530495069762,-2.8632229865047512,9.0688614345352914
-2.3927511281093219,3.4366846599406369,11.229584389079424
2.1375416760764718,-3.1501309873573708,9.1888126479166417
-1.0009869314755018,1.9930149170218838,5.4114984623319664
-0.394479725370255,0.6785969181383873,4.2767618683824722
-3.2188550684686414,0.64575994270498605,9.3338542678061511
-1.5930213513159746,-2.0249231722907388,7.7455940453090388
0.43468381734742589,0.48793302485273715,4.0997259505383923
3.126165279360869,-2.2232459748352564,9.5481466009663798
-1.6045591641195598,0.7619892453358954,6.4621820057890602
0.78055341672283252,-2.1891235376552745,6.9950124070276445
-2.6536255897013681,1.0672226304281294,8.1849354301374788
-1.690220288899384,-3.071978253149795,9.2322085313830549
0.74141440544780224,1.17880710431489,5.0850730383391927
-1.9751418033943149,-1.8047788924523818,7.0789355328897852
-1.0213830982636098,-1.5132033177443085,6.2720377989454761
-3.2837733650530265,-2.0216485275842224,9.6483927937186884
-1.4674794471932313,0.99642577006779742,6.1452175500526707
0.18114693781209024,-1.8030109036033835,5.7873602555111106
-0.892839424158546,0.29705521555249703,3.9323625519977838
-2.0304666008326908,-2.9148559110979506,8.1046610611350349
0.43231488070374979,-2.0954306074817444,6.9818763251875495
1.8507555164744387,-2.8625692866065897,8.5079834829876351
1.4915824494892513,1.377269473723743,7.285672272088922
-1.5516131470601753,-1.9550028874987799,7.6601446693609194
-0.40241390592955906,-0.84142532680895821,4.3180151179148538
2.4224240001519419,0.50195945872949554,8.2325955063034986
0.77959069966212269,-1.0065857401513107,4.2061850404664085
2.7371648598369962,3.4390855918775749,11.372555050044316
-2.6533818615496436,0.31427942002051168,8.3941447403921874
1.2313742947608999,-3.4433496939260695,10.130638242423631
-0.71608259319168077,2.527365706399868,8.3745017853408115
3.4500647602065238,-3.406169185537812,12.232732295126056
-3.4286926905112924,-1.9131955508661629,10.262863676178577
2.5021770327354416,-3.4001578065175226,11.304708119761475
0.84032474736052709,1.7721151964085609,6.1605292041446127
-0.31397817468695211,1.9072372084018587,6.2534680565350662
3.4833959020071248,1.676965049445883,10.65425623192383
-1.9480398287930127,1.8411768934435404,6.9227247750372118
1.0853397942424099,-2.0033198203093097,5.6936970115454208
2.944984946162001,-3.3410931978780862,10.843961051408774
-2.5282050219122834,-1.3637330116725135,8.9547829263659775
-3.2558990034660211,-1.4811771188595597,10.061077847419574
3.2442834044445057,2.4103401141925112,10.758492165989388
-2.7781370451791347,-0.45642325714364773,8.6123903881816091
-1.0328378951870505,2.2861728512854675,7.2341756391569412
-1.1889208035975947,-2.2351494858330767,7.4739111586091518
0.21240250202332822,-1.0960960102838619,3.9429107610248941
-3.4947872324001668,1.3844681809984358,10.54767027715226
-1.2999544255040254,0.93583365650390071,5.414928555375063
2.5345831951071158,3.2321502800002841,10.881105886522457
0.36669809754015725,0.14016482827477894,2.8145795005429335
0.0072299854936965779,0.75053680466477424,3.0817780302223774
-2.7449569051285776,-0.42534656211329125,8.5852652343336882
-2.0672067847821207,1.8267808034357902,7.1892208443604488
0.82459181272080517,1.0124112789278543,4.0271568021598867
2.7867740516273756,-0.58558974293030275,8.618402179535563
-2.7636879279358624,2.3972255422583668,10.096595829131806
-0.65082903733851527,-0.82874182158832754,4.5402184079944945
3.2407032226965704,-2.6433223665595009,10.892830063350328
-2.7842483263731479,-3.2251518200568361,10.567429256308582
1.2320496666452225,1.4843977329014013,6.8504167516054206
-0.79617567732286121,1.0110301532610961,4.1461726545413846
0.20600872208922771,1.4438221416155663,5.7288071117817942
2.1652759158844388,-2.1612187766885782,8.0631094552429534
0.42376739401102359,1.4121775860224171,6.0632741847059215
0.033848914927444351,-1.8401897933610349,5.1694691687744587
-3.0464637191704229,-1.4900093029807659,9.3576995620126624
-2.4255284180626502,2.2513809280399695,9.5561494857419458
1.7009581510187797,-2.7386659354559946,9.2118400407723087
0.66255778560008949,-2.2977497685183312,7.7926871511543876
-2.1736374287206846,0.88249030900355407,6.541995731275879
0.32552774860548528,1.2682611648840219,5.3475968985325899
2.9886469241387266,-0.68295550522658965,8.4120968931583899
-3.2521989022509485,1.0762819284521736,8.8500403038603519
0.58341140208720077,2.7596148504427083,8.6285415811882622
2.3084521290264126,-2.7153054188669765,9.886331193847024
-2.6692263609653919,3.0499478448382149,10.181874702388535
1.1308741994205596,-1.3003225308347188,5.8410046138081881
-2.6674305695740901,-3.358913526189534,11.245196755315899
0.0024767958564488879,-0.570338698614127,3.2189648037735203
-0.2669462592688796,2.3464229523707933,7.6835551524207499
-2.4419789585807274,-1.2696148345624412,8.5773519498711721
2.8451478000560444,3.0468359169308767,9.4885440909559513
-2.086288828817179,-0.60887158373213079,6.9688455351027478
-2.1234846252044326,3.228286519146514,9.6089367905068599
-1.3451101716429079,-1.559072086970644,7.2973851686583231
-2.1025603100264729,1.8805345421959663,7.147730102551856
-2.4244249414643031,1.2728353191890509,8.5429913153225918
-2.9939950805134932,3.2649314920603443,10.456156095636869
1.7890150062036616,2.8521193437035768,8.7717994776151951
-2.028713772301793,1.6814729201869199,7.6126599589757831
2.4759862376853974,1.7321188724253282,9.096643892871592
0.62931781987574364,3.3199793996416584,9.7431901367445839
-1.4614366827838019,2.6245117864624037,9.2089143312927195
1.4574149559850644,-1.9810892890827081,7.5793265759147772
-1.1240715082287287,1.7075278163619032,6.488895954194593
2.6099794976008921,0.754241345756129,8.4091444368624941
-3.276651530095537,2.6542957019512849,11.008564966713626
0.16257088499166716,1.1562425874257949,4.0484822837693457
0.51830838821711378,0.37001264148645641,4.0086373406275371
-2.652045641283499,2.4586584255811914,10.263469793039539
1.6462269408724586,-0.53254150360470032,6.6068472947163777
-3.3176651743950822,2.3752404756224248,10.916074265645209
-2.0848284897907181,1.5442262703755709,7.9097770975251205
-1.9898101619616317,0.71906721249282679,6.3948216777524607
-2.4761135626440534,2.1294506637183783,9.2560845646172751
-1.1385519554122649,2.8038292435388099,8.0523841894845987
-3.2737661985978148,-1.3548116354959276,9.91691424310436
-1.6209894668907685,0.84941203582203162,6.3464368164189757
1.8229893764462313,2.7333519055056978,8.9667632038564253
-1.8320269729502232,-3.4643647150886601,10.442132367507162
-1.1458913014730756,-2.2006051859575635,7.0576466100268842
0.24217687036134006,3.3590066214889971,9.549378349016143
0.17685798804751984,-2.8479323003949046,7.6932359880741092
2.3797219017756719,-2.6812299971220712,10.108518569605872
-3.2207743321255293,0.82800317288488046,8.8356208033429446
-0.85146553512028511,-1.396962802540993,5.9455603930269483
0.52087496753648299,2.6305580324680635,8.5975160383633309
1.9732275626057048,2.7120869562159253,8.8172074831294314
0.6545073443236582,-1.9986897649043578,6.6205780521532773
1.2665051507995422,1.1968071299157641,5.9677571614252685
0.90387910132575477,-1.5484754271617944,6.2610446128919008
-1.3018067792583534,-0.76694406056917996,5.6673701752180641
-2.0644546542752913,-1.6825369841544355,7.7059801439040641
1.0882499279088602,-0.13319733850271032,3.4526336769974435
-2.1261129776647247,-2.1483399104969627,7.7609474169362844
3.2502747329889674,0.69505132693055849,9.3752729314122103
-3.0400331145119264,1.6407827225518394,9.265664510878711
3.3338050598817901,-0.23664797844732544,9.4403289887637669
0.26693857012525513,-1.2359098189791613,5.0019260766138842
2.1844857603596921,-0.43427506532197802,7.3495277410169262
-1.9978467664355677,-1.5942012880496366,7.6964641729989118
-2.8486483630489108,-2.0086130327553082,8.2989137409002218
-2.73475855600871,1.1973459071608739,8.4847594786102682
3.243163729505576,-2.5156434545802115,10.904250591556458
2.2075771557160788,-2.7411133971789985,9.4508067946089351
2.4211571784945205,3.3546486973816272,11.102496938218129
-1.69933627476055,-1.7527393529972903,7.694868852981811
-2.9232796489992809,1.7416899875113012,8.8405148116628123
-0.18573902262108177,-1.1427512730385452,4.0761563039146615
0.47306765328520139,0.47384191231663042,4.1521809568411783
-1.4514493927077328,0.69613362372598253,6.2645296191420421
-0.38691387678589173,-1.4004971495111853,5.9767685844381049
1.110519830023053,0.65938885273012104,4.9355697068875912
0.61026593498936688,1.7082598643229572,6.6458778351313299
3.3868695931961801,-0.15920305884790009,9.4396518920702555
-1.1988621719510473,1.2503658653951817,5.8941215153838904
2.929805033008642,0.97703952524705251,7.2180134748940787
2.8360038783801818,-2.5487736142906821,10.251553085619314
3.1126473125792735,-1.9795313565295696,8.4470125622193368
2.8717615324655572,2.1938435565671854,9.0408299509120074
1.6336485291120626,-2.5679415950668325,9.2592639595902479
0.032752344436197678,-1.3150784393501334,4.7761419966340917
-2.6450224266106321,-0.9679124080456587,8.0879739220271922
0.046331224657887304,0.98000931137186775,2.6581212897760693
3.0998828422958384,-0.21764352054683034,8.1726022664880116
3.2470932360042033,2.8696940013358523,10.462037079581901
-1.4381646966861337,2.0273460751317529,7.6156257449465254
-1.927210634627164,-2.7969063091026998,8.5360033849046459
1.3840168223745017,-0.93558406484308154,5.8362376232102591
1.9761052197269038,1.9503975103146258,6.5743936238413276
-0.70903312176544642,2.3216010236479159,7.8212757300415117
1.719303000885688,1.9654054804467593,7.4132871672960139
-0.63959695112199011,-1.0277994540204025,4.6766895721592441
0.18885215246833864,2.7316686705293511,8.0009282892703144
-0.90676268018017936,0.41443986187015414,4.3611710384937545
-2.6872032840268347,2.217677875660673,9.5864686548785087
3.1630108824745964,-3.3609504568895261,11.364777415181472
-0.38364823863885444,3.0494133080987389,8.6590334398898321
-1.4355537839420833,-1.1894438424973681,6.5930254931888221
1.6103440755633844,-2.6954809458325104,9.3140570591638845
1.3367534697378414,-0.12300188724604011,5.0727663432750632
-1.8032490599969004,1.9454822086226446,7.0871835547723645
-0.48248405461096278,2.0737915848829909,6.9669177757776275
-2.0092779460325261,3.2065892974615906,9.1218395513655715
-0.78256363522468764,1.1212382189428709,4.645259268525983
0.37848955036644272,-1.1780718279307285,5.0621334323296914
1.4853263199045488,1.4322172270491444,7.3944630068769897
-2.2755584549270864,-2.2749069809029034,9.1759592953041622
-1.5605666454974083,2.3246330680753458,8.7561566448357748
-2.790199360887379,2.4666882826088123,10.212276391187364
2.0080862062575573,0.56790753180726661,6.7843346473820354
1.7966195666927458,-0.78397086247134729,6.2760797320929598
-0.6371764741856687,-3.4473729177529351,10.086443850985509
0.49799386136366941,-3.3995170039347955,10.010239284401619
-2.553960053634095,0.62114690090751523,8.4927363240233102
0.030163536549588255,-2.4226298499940242,7.4701885078627051
3.4261833843437568,0.24240776602597069,9.7586710935285517
-1.2961156387626325,-1.3047177949951698,6.5661307828690241
0.95578460422149547,-3.109612303728261,7.7140616675298475
-0.47088850280040129,-2.6745449122044644,8.6096198954146459
-2.7769532105232693,-2.0108830723037094,8.6111914833706784
0.0079954581589447571,3.3151212263991603,8.8531459587777395
1.8647645999697513,-2.051432054995959,6.970116672159838
-0.017099806243653148,1.1632546326350592,3.621913413282364
-0.8046974016579167,2.6726826960556807,8.3040217220211829
-1.2538207437922342,2.3264896400232749,8.1712165849560527
2.4432830143963598,-3.1459696373641481,10.483744102344673
1.3122381730049755,-1.6646316934344532,7.2583211746193452
-0.68584627948599719,-2.5937454479040043,8.4907574093565081
-2.1047049579249517,2.063409288816473,7.1807809883907954
-2.2354972077202189,-1.4267809837921535,8.3045580479227787
-0.82297292435482516,-0.52775938738996819,4.5383343208028286
-1.9195828982663825,-0.94889777971457789,5.4545271646998437
2.3095758455938684,-0.030073922981464385,6.930495002146694
1.7668823377911167,-0.99345975458359881,5.9653958116697225
1.5929200778325763,2.014641868496919,7.7254587710852043
2.3813553928410194,1.5466481786023705,8.9038281793978626
-2.4802984039666196,3.128669650991065,10.48692967551192
-2.0013407501652365,-2.6133574555795849,9.0327634941846728
2.8815106453813506,-3.3367599374908288,10.882338202835317
0.62658048744975225,3.1911831761374936,9.2474293681755455
-2.9302579579773775,-0.72016514312941737,8.2328019630052705
-3.352452659594976,-2.0601201033822507,10.074730714186279
-2.8036836165051318,-2.9683330018143881,9.5652586323621094
-2.2065507179680424,0.2893010470361399,7.1058025386057455
-2.4371674726491541,0.57448794576427709,8.2789541425746869
-3.0972578983287828,2.3071172009318488,9.8716398459476871
-2.9215423932010101,2.0067052790555575,8.0427080340572381
-0.34410048622619005,-2.2737747389538137,7.5684398593082687
1.3027506456060518,0.48138704554939915,5.7675972917842557
2.7277741419141135,-1.850489538898529,8.9170956675598987
-1.6477516267230379,1.3836031298972902,7.4544266494684202
-1.6784354902171281,3.3580783289530878,10.369212395764054
3.4604216136491308,2.3358255658289302,11.160082325969265
-3.1344829614273011,-1.5539529055950339,9.6543875579226981
2.003612401898768,-2.2657471419119135,8.1095964892137076
-2.2662963840514712,-1.9050731953439191,8.1232187953565447
-2.7428712518289489,-0.70202657490267661,8.4743357704310363
1.855793815720471,-2.5271958877397216,9.0497335739920413
1.1994659465234987,1.1763470454825171,5.4865132688151341
-3.4162456119640061,-2.748119784196442,11.314735406577835
2.7795089479680986,0.4630762162719142,8.6176907546303543
-1.1634673335987165,2.7776016250525863,8.2425047329634875
0.88187712965986531,1.2630273719455563,5.2457167063240071
-0.2233970769949134,1.6283737280813195,6.0974958475217882
-1.0365141382992635,-2.7055570308409016,8.0240749904025357
-2.8635834639708655,0.041251879684824022,7.1296661704930457
-0.76164786448530375,-0.15654237159829032,3.4326521846903368
1.1112898488418832,1.4246758207449792,6.2885686755577233
1.5174841666071268,2.5387538606877715,9.180289041972113
-1.9091441566569416,0.38179406648605063,6.4782044453618539
3.2695511416523164,-1.5919746618851205,10.14096112386976
1.5791780145676935,1.6599248988937827,7.7605621487247731
1.7600220898335426,2.0388428121414197,7.3770735360171145
-1.1140447472362918,-2.4646041959988403,8.1799743337700939
0.8035278059773745,3.0188164404743709,7.9228511003331779
-1.9564276189017049,-1.7067570577766242,7.4493320045206062
-2.4804318077163861,3.427657324279993,11.335465416656513
-1.1624378584833188,-0.22078387980219327,4.377030276154624
0.95672769344185316,2.4855851163154492,8.0114163996377226
-0.007364523177443516,1.7587663168372822,5.4286330797721973
-1.0103032771381226,-0.67589497329788184,4.5612511724010858
1.5369386736869179,0.87478529496894009,6.268767499993686
-0.9789551462764372,0.971937095049908,3.5775350967286528
3.1014583504164062,-2.5819723429581698,10.448612954336671
0.17977716389711773,2.4867178418712985,7.908803464434472
3.2182340942078138,-2.9630118481727128,10.148638759372391
2.9675103245917196,1.6419655978699819,9.1459476549514349
1.1745333993281841,-1.9940049278712377,6.2298110842589978
-3.0154350011086368,1.7918386502168797,8.6666445531804754
-2.9850273317862688,-1.5802219523766698,9.2516935908861111
-3.0662333100916879,3.0763964076079535,9.435881671247035
2.4235655503612739,0.34287870311869595,8.0829880812887929
-3.320773378500085,1.9280496481083329,9.8342452464763745
2.5091654701402355,2.3567548184875085,9.9819849596233805
-1.8937142661871114,1.2060623785198992,6.4621198896978953
2.4871030718167999,-2.9439411929902799,10.15034404450302
-1.39628622117755,-2.8157339203276255,9.0737754093986851
0.99867400598509803,0.58692321960086158,4.664936034563258
1.2295197268046794,1.2314488187856236,5.9512468724056085
-1.7769427525059365,-3.4304780088563693,10.445702722235097
-3.1438116707828585,-2.7811999763240909,10.16970096385938
-3.0954687528784395,-3.0646897569585243,9.5248976820352969
-1.0430685318889701,2.2117072264731821,6.7416665809385048
2.7300346062632919,0.83721112525308694,8.1442946303203669
0.38161079883351601,-2.5862365635408509,8.4485880314808544
-0.30154142683449425,2.1038727758602258,6.6415296359063873
-3.0257163364940363,3.4772648240102129,11.298228493555786
-1.2208263247323257,-2.3529875806945975,8.16058036192854
2.0896748496299358,-0.25938730364171603,6.3874075161431101
-1.07403713201548,-3.2133742238023935,8.5798326978318649
2.3991834990356349,2.5792776270846298,10.134724909229895
-1.7590155424611502,2.2444077892630254,8.3087624105944489
-1.4751798715194084,1.5503469373113132,7.5616544846492566
-3.144215305561223,-2.2057313013169626,9.5385710364651324
0.58877232839710025,-0.14576084243591847,3.4751100384158207
1.7260654026995335,2.1614355755239076,7.9848545116560068
1.5236990792978453,2.8817417496995086,9.2238537510666117
3.2186924790454459,1.1439517471506209,8.8787864429041417
3.2439052034597253,-2.6379737380059978,10.908616890440369
2.1152840650864801,-3.0536188057158076,8.5600362555162626
1.7210576844756629,-3.2894175328236148,10.079253732456927
2.6281526924099161,-1.2965623615846722,8.8919451803095271
0.11473278386771035,0.36275392035702358,2.7143969161980799
2.5655014087898174,3.0545939153595425,10.328525651078591
-3.0769713082672787,0.70047809484208834,8.5823642649512379
1.2389154488680045,-1.4749105137873748,6.8554813763995153
-0.99090341628559608,-0.90000934956366496,3.6989332634638963
1.5834414723959576,0.64333222945123225,6.5371040940383978
0.37494938030109726,-0.19011134460409496,3.0287593859778212
0.22300952236989557,0.78274562079391874,3.6877094656006335
-2.2450612329038564,0.79502164095855843,7.2697792833924879
2.0416707169009998,-0.73953779745431358,6.4381593645911153
-2.3900977732242303,1.4117966514700795,8.7673761197788291
3.3399362993596755,-2.0537646775346809,10.004720197351904
-0.87727617142049308,1.3515425092649656,5.7310981985406428
-3.2122829083788638,-0.88217013991799176,8.6054205433077211
-2.6081400212481056,-2.6279364588460208,10.391672360485847
2.7587069038152663,-0.30292078411133305,8.3377955713990968
-3.3226469427730447,-0.21861283591012448,9.3448165197247928
1.5637194592695547,0.80604788074627809,6.3737123303553211
-0.15107031174753782,-0.13735884303141388,1.4356061828331015
-2.4542175998010438,1.6670021223633986,9.0891225196829737
-0.8756691455210448,-1.0654703292540324,4.0068461321644158
-2.8957550978653273,1.2992496774347808,8.6744033898992363
-0.13896142276789947,-0.49302213941960105,3.2791684634867799
0.30141133067317449,-3.14187288492937,8.7511470272419043
0.24896356804068454,-3.4822394913070509,9.9008452090661514
1.6114046776053828,-3.0712486227018498,9.4011117436899596
1.73685731717908,1.9184366314861272,7.36427217392378
-0.10830585436997309,-0.3171238934074867,2.4420501284115872
3.1524069361542404,-1.9645361792259328,8.7193209209431153
-2.3157240358843412,-1.3727121132935376,8.4732564043819441
3.4873786127368813,3.3339758390957428,12.137015514234443
-3.1841279059105729,1.3149063180834233,9.4284764362522449
-2.7203252078913054,-1.7979659355735043,9.0497745606670499
-0.22217597262798483,2.4531935721020588,7.9253029523573062
-0.66479429450102101,-2.1973307693821473,7.3512801251772011
1.3544077785640525,-1.0769473179099047,5.9120620448770893
1.3612748961744412,1.3919806060272952,7.0408818771522963
2.7559539234445287,0.97014827509652868,7.8224284494844962
-0.60433739936840647,-2.080761019914771,6.9553118911590595
-1.712722189928606,0.46856306050243424,6.6142900132139459
0.71523857656276046,1.0973347944830438,4.7489462418590378
0.80569466467997497,0.74951441248408823,4.4154541248196537
1.3177060520369279,0.20985144428003322,5.2358997381174852
-1.7951327853276597,-0.74922489333778319,6.3809126182849489
-0.16007063898199458,0.72080492461269952,3.5082952582114579
0.2806791226363945,-2.7584882673053506,8.2726632106519418
-1.588713078896633,0.44164079348044227,6.4681270199768015
-2.62497297764632,-0.099131048265054034,7.8702935711678759
1.8878090539725934,-2.7206847157693943,8.8617229082363824
3.2267942910717649,-0.9278031008722758,8.5929007077185346
1.6528602830952819,-1.6085413906215633,7.7753457614006685
-1.2726087097267316,1.1204777676321411,5.6424516176897797
1.2153567147228044,-3.3933490298994178,9.9524442664710744
2.6533505047445685,-3.4051773830764662,11.359694958033709
-1.0117867436947106,-3.2066234731317547,8.4034280957477616
-1.3442076979868758,-3.4877925370455176,10.470295417497958
2.0205396679127867,0.035229958773083769,5.0157086376944839
-0.12208913020143397,1.9224975343083939,5.25810723312593
0.22317506656116937,-1.988248234515315,5.8565499835879642
1.0911590048323729,0.44634047275630229,4.8399584624851002
-0.82474728179782675,0.22656645893377547,3.6474826158631259
3.4458660997459303,3.0375538702858584,11.258565190170808
-1.2802412412460735,-0.071622701763935037,4.6078906073101464
-3.4599803224941406,1.9338520093873681,10.326956240120197
-1.3332331674551914,2.5938671084639031,8.9635850677860738
1.7769711390976655,0.45371330120152775,6.613539691788084
-1.3837158460309733,-1.5984125966331979,7.4283666566228224
-1.3735470120075002,-2.9617067775947294,8.9691882641986922
-2.3859418548290225,3.3554603515100823,11.04139721382152
2.4229408142854689,-2.0240417869124299,8.8676579164459639
2.7390936864402269,0.42804984024167725,8.5888081502114897
-1.3751518450312208,1.6506801392051873,7.4345194394740126
0.38369679936239232,-3.4166921553398537,9.9725673970109856
-1.53888970995121,1.1930940698267181,6.7992503215223703
-2.9378357450571375,2.848323477233218,9.3844326463910779
-2.098891225618678,-0.19528292620747179,6.0966185483757371
0.77241267039348482,0.085819569060105128,3.1524890516395345
-0.2469713898452266,-0.41448848140272254,3.3804259333574507
-1.364952631666267,0.31562010767943249,5.7248925938970032
-3.0036568620571069,-2.8586149493273068,9.3321637872564569
1.298699091578551,-0.56069880964826968,5.8036800119335226
3.4356121916106286,0.084241516010108874,9.4444985457285018
-2.4824201888744781,0.74310203320311796,8.2592474548488664
-2.7530495983136225,-0.9153096434948047,7.895784599288266
-2.973257457476949,2.9528789372382267,9.0195923853817543
1.9175268223370479,-2.6110490344725594,9.0165244483422349
-1.981594673466069,-2.9753895831271908,7.9618509628885192
-2.6801098315429153,0.68252878656387317,8.5341373279150137
2.0810428122852045,0.12603632742921445,5.6267393402723442
0.044298388778938325,-0.32540313937067333,2.33849816953866
-0.51686686440808804,-1.3689558036548939,6.02392251963321
1.4339624802099413,0.75282951199237136,6.1739038465973763
-3.3312527652153752,-1.7680410617680933,10.15676357774259
-3.2609239952935067,-1.3040577157758535,9.7292233427400916
0.38007751653312027,-0.54987877581434441,4.0907474686599095
-2.7121159337493661,2.7098930930882146,10.304328432476789
3.2132808912019541,3.1332374677940269,10.549476132452256
0.34605942746529017,-1.7851165574117003,6.4132978187476049
-3.2979077791809122,0.1016744522654891,8.8877905185563293
-3.0375216163132972,1.0387575640057785,7.3748745296991416
3.1205138456067196,-2.0825483274396448,8.7325091851970917
0.27163715475495342,-1.9374768775073028,6.069229170645901
-1.7726423387320633,-3.3973328984051347,10.365823502443858
3.1086781250060165,-2.3884936286843228,10.224430619338698
0.47123585226349496,-2.6679597869258891,8.6061137927313691
2.7351322087496825,-3.4435464323139975,11.382791508954814
-0.60928405687662579,-0.023707878516518122,3.2568369218391808
-2.2351224591745376,1.6425269902340141,8.4412783897067669
3.0351152432272315,2.8890997499788238,9.2704590582711734
3.41821707634824,2.8203893822442021,11.230063742895409
1.6267795672562952,-1.4734830924085522,7.6247167878886195
2.6796467419150627,0.052861245131984536,7.732471923325825
2.615938748772062,-3.4838911893341882,11.498919277612064
-2.5440164222100394,-2.4654070686406513,10.220468985638355
-1.058084888584931,-0.33012483053534192,4.366538011409471
2.491309139862782,3.2531851496318129,10.913546619351607
-2.8618875149258391,-2.1236446065270203,8.6624637034724365
-3.3739741498686433,1.7499214479096699,10.330654397925478
-1.1792242093359278,-1.2963311153927606,6.0342559655601313
-1.9410594992816486,0.98968589111561922,5.3969505746756035
0.73888572176831158,0.73170429612460364,4.5415643350950212
0.5498852322369423,-1.5181075571316882,6.4230840443351092
-1.6704017349018043,-2.3195264246588341,8.7317941081076444
0.38199533761989812,1.6075610398834606,6.4176739697165424
3.3763069817513109,-2.5717924883147987,11.298081839374513
-0.14011622695137316,3.0276119549690694,7.4402407185809079
2.6142135331596608,0.4937903011570981,8.5732535646164756
2.7240851347268586,3.374580373069219,11.239223859257374
1.4293346757322123,-1.9082770937281923,7.4744406242364754
-1.2764057053695046,-2.4521388276573424,8.6189068406693252
2.5271687762095345,2.7763558312132703,10.293770309896326
1.0097660355487861,-1.3141707244698222,5.5432902023145871
-2.470749443475027,-1.1543738793856102,8.306958580305249
1.2915266433143398,0.62056730123826664,5.7755841641136207
-1.5016918120462854,2.3994929525970168,8.9109843916140417
-0.51851073756545851,0.16733426662784989,3.4214400914632925
-1.489907134682765,1.2481273542344971,6.9141245276187142
1.035488570771971,-0.30971116282465605,4.1972991501626211
-3.4250886621597134,0.97793828011787198,9.5821038249464117
-2.6706570610144422,-2.5146388277093878,10.334598066849811
-3.0226448864414692,-0.78294895778391016,8.0398425188806932
1.779467129705675,3.2097131153001044,9.5734662760895084
0.44965707387603793,-2.9541784044322106,8.6071777148041981
3.4162952408780995,1.7220324660396429,10.48087034088749
2.6834079472175123,-1.2092869062732134,8.6017041689979621
-0.6120263287201273,3.1841540575106118,9.2391520562762928
-2.0272507101565607,1.8498860464947047,6.9564109987703233
-0.2445891870009782,-0.4622486198200404,3.5184642245622193
2.5616288401729506,-1.4732045840941086,9.1653384687070663
1.7346897764128864,0.49268621969220749,6.641943790331684
1.6901847561628767,-1.3775125628722664,7.4440245736226931
-2.664798661477036,-2.6732273903536377,10.376407681375881
-2.4358512391231182,0.6565597198381159,8.2410998784496776
-2.3641615661469659,0.86575847686289897,7.7058443636063494
0.69992045692144078,-1.0636182033237445,4.6562031942736688
0.43882345547362345,-0.69047965523535293,4.3793930864550887
0.62255944558409571,-2.9803261849881642,8.5685171635035537
2.9732550309337586,2.2912714497851177,9.5160533587832994
1.1799880016901465,3.2021278304843674,8.9401169272590213
-2.5068075161540251,2.6879732855309193,10.323597896264422
0.18349207706994086,-0.91834639559739539,3.3054741678944701
2.3759320341753298,1.8548344090714615,8.7078964259818346
3.2021016693476652,-1.7520582412644738,9.6153244603642367
-1.7484638800965946,1.253331840038129,6.9797176529231546
-2.4626548793593566,2.4384922738404589,10.08026777748073
-3.4351697563009358,-3.2784400519562418,11.921771298791249
-0.6437081829746476,1.331556500007693,5.9187924695803211
-3.0590916437328759,-0.29965063087132826,8.402200696507542
-3.0322043980964857,3.2915752592564811,10.663108448071718
1.1572909680497272,1.7943194676365781,6.4202948293195163
2.4668649910942246,2.9783525836825397,10.137478183074027
-3.0560683214956716,-1.0527988530064083,7.4910106570457735
-2.4219943932061261,1.3267418913681555,8.6743545697825866
-3.0953541882287685,1.4797709033510387,9.4864947096166201
-1.7208677136347275,-2.0562517345830029,7.5705974298215537
-2.271178458382797,0.51577802483067181,7.7617717418500209
-0.39628638723273557,-2.9910037701171528,8.5579361116433272
2.1660521312314236,-3.3774119043882309,10.48029260673486
1.5463414596081373,0.13655086037139519,5.8014525379967559
-1.2314349296536227,-2.7876119501162098,8.5292993789517286
0.5174444827908653,0.28237882551796378,3.7680780550611921
0.015407263374876301,1.5260321876770258,5.5964062424812013
-1.7160916839590339,2.0183065930298776,7.4894115323243238
0.22765509190012256,2.8216669099899327,7.983243578424041
-3.0933650395740284,1.6522153922425638,9.4017906845752197
1.0697412092724488,-2.0011370451650627,5.6155702228612761
-0.50069459674945849,1.3880706768582272,6.0710172406848777
-1.2529769174492733,2.1998389962029403,7.5804504770697392
-2.0854575815958931,-2.5622321034244946,9.2153851173737724
-1.5951622890605404,-0.423134459445349,6.4565853991197102
0.29709997864170434,-0.85998586755576856,3.9443639490465614
3.2893190424909022,2.7729000193170572,10.883373503175294
1.4030698369677825,-1.1081298012139471,6.2074384373391318
-2.607027560483147,2.8756850243608714,10.20234859236921
0.54015300712013659,0.34902886913464748,3.996565399625446
3.0643413877062704,2.4934808063582361,10.318411682711849
-0.090323273371991863,1.5615761989424337,5.7278818944857832
-1.8343359967213382,-1.4338581974228544,7.5143430596635135
1.7222367805545051,1.4454508898262972,7.5933468131541382
2.8886485818930918,-3.4802835170098838,11.275999617469557
2.2753345498029605,2.0860540865444577,8.3747846085664541
1.0176082989514477,2.950643012562848,7.2094969424195128
0.11758534259557019,-0.28704181181755883,2.287098092328975
0.41066776872123434,-1.9588395774923377,6.5866221834017225
1.5591217752299045,0.94298805361331084,6.2591468387318443
-1.8324014070948138,-0.27216786116394109,6.1329324378159917
2.0410160082459852,1.0798047434851856,5.7759524740002348
-2.3618819737347221,3.0741317413090483,10.027608679222649
-3.0169761320315374,-0.32102266019426073,8.3711009081133536
1.6556766051218244,-1.0003408617969507,6.2580839289472259
-2.6646420099360042,1.6416227084706012,9.3057652372636674
0.86878376454453132,1.028845314910936,3.8900451537759082
-2.1784968631984114,0.33467532173345349,7.1100957948259182
2.5234462918737979,0.84836682091709203,8.1782980660527329
-1.2551215009588219,-0.37736962069792934,5.4146367049487303
2.6164268190084163,0.81025233890638759,8.3120678342278076
3.1077002131176839,-0.17806839837224953,8.0032398210135689
-1.5587800683730912,-1.2556865000481361,7.0327778770211786
1.6327734433958518,2.6971498207413145,9.3058868872420977
2.5603439735147884,-2.9887286688563308,10.219864030288251
-1.1106037096080561,3.3370373851782631,9.4237676666542054
-1.497735186772331,3.4428228412457011,10.577716745341355
0.15165967852162465,0.52355870455696163,3.3873313902927435
-3.2511071917587193,-0.96209715454661238,8.716274827333514
3.0926339512592937,-2.2394902922524529,9.4938957651706826
2.5450135415161679,-0.89668404944313806,8.1415720788719188
3.0034325692502648,-3.0521651709755804,9.1565449126850531
-3.3843981389159685,0.17226972376202809,9.4632215849986157
-2.4937305461556853,1.4622194605600773,9.0564153461460979
2.9308744112589542,-0.41623590098648666,8.5380882914487888
-1.534870046384559,1.5750220024634674,7.6710582853374465
-2.5848895281625039,-1.5277859924049566,9.2407786338479205
0.41351652237855907,-3.3422053863962944,9.8005491021103666
-2.7252128638468345,0.85374331207345566,8.1104164658197888
-2.1176586939444899,-0.54017953475068481,7.1440629895994956
-0.066671583145996305,-2.2887261453711885,6.8507969568072546
-1.2927955520900927,-2.7450409405063341,8.8343764801320646
0.75482818245313954,-3.2190831612353428,9.0699800045254211
-1.1495165037796182,-3.3676929411295369,9.6679320848540087
-3.2040747988012375,-3.0105744072983582,10.0796551918475
-1.9800505307922838,-0.16241052145082868,5.4840603109324313
3.4509515755096398,3.4187215050416855,12.254908000503455
3.1836581931117784,-2.707318917369772,10.570588014930703
0.11607638251019647,-1.2898358153327276,4.7826773439065349
1.1353961022068795,2.9261005757047025,7.7128843262896218
1.9652821086371715,0.55038561709842782,6.7193558060790437
-0.14880928725330911,-1.0414919852671556,3.3016897382328416
-2.7621263406355254,0.53320051932563217,8.6459017267132943
0.83212084442712353,-1.2264217315064592,5.1222428915459872
3.2620146366435581,3.1082735538437163,10.722553351513046
-2.3706076554603959,-1.4349021052560262,8.7544124795487299
3.4047627228173409,2.3525601545409529,11.089218249615163
3.1898505625218245,-1.5650850018557692,9.8576698698163625
0.0020079537562702754,-1.6603360527878432,5.641511058512755
3.1286077617918115,-3.1657524920555047,10.2421992439123
-1.2234477195067397,-1.8267850151138685,6.6927534945615399
1.7733968293437465,-0.18906179610406948,5.8797861893680299
1.98009781721459,-0.43761994754760636,6.6702315338235429
-2.2476695402801292,2.4973856100866527,9.6715686198967727
2.4798341327143456,1.9115120792982729,8.942348419381819
1.4617022060564429,-2.1366994957216572,7.9968099404429296
-3.0824768079791505,-1.2408533941116091,8.6283276196249012
-2.0504287915671675,0.016951003897818229,5.1088179485766254
-1.115369468078542,0.4583912198118969,4.9570930260645127
2.1081308507240246,0.14168024280651359,5.8632194665604942
-3.4200584459076104,1.1283599203527288,9.7882238383399578
3.0028722449033536,-2.3120086112247797,9.6526982348231556
-1.7578709325830419,-0.04121922873221795,5.4594842159646753
-2.5404480684370503,3.1357435403535936,10.559670527147304
-2.1172277213816368,-1.2395594497650082,7.0850930630515663
-0.4060686707406882,-0.57233393457772985,4.1866334002576018
-3.1476955515484653,2.3864626302816605,10.353769575986624
2.9210342002312508,1.2069297056145665,8.1527813984178987
-1.6105048704717349,1.2659670980329105,7.100864994911035
1.5242292537442905,-3.0794022902948686,9.4693504623866964
1.0478691093046217,0.061844915716966931,2.9167091210610856
0.91949301432607022,0.3512483217057798,4.1665647113670978
-1.5398903468539147,-1.96389389778861,7.6630035392483151
0.91007312062786205,-2.7233992979701824,7.9894800819208669
-1.4166422694433147,-1.9689459081276994,7.4667775758548736
-3.3860015981037739,-0.28867663670699084,9.7418307640184807
0.34038859110218489,2.7774084404542769,8.421878403978301
-2.5787505382478848,0.16537317564720633,8.0106079077815391
-2.2658480012433309,0.76270978226725106,7.4656633331083473
-1.1022971649643045,-2.6856828245882927,8.2268660088829897
3.4939646343735618,2.2902750872581956,11.105417207178647
-1.9491352024552167,1.1571896912449668,6.0865429797491473
-1.8140072413051236,-0.4513496896254714,6.6094133832947186
-2.2990312128896306,-2.3580073772872066,9.5370508239304179
-2.5276166638733706,-1.3919175843707015,9.0055719768329734
2.1021242670957507,1.2847508780594676,7.2626797871703559
-0.11623308649326658,0.32407290051348925,2.5091324605359766
3.2100125594059996,1.2356369406376784,9.2374465851314813
1.6545709872560836,-0.59355811309880835,6.6228629018147451
-1.2563028481340051,-1.7426946115423563,7.0002224078561301
0.84579069044323063,-3.3475520273103374,9.4493452397026978
-2.0879807989799004,-3.49364599059848,10.542224786818363
-2.7163223947000104,-3.4220463465032558,11.35743382383879
-2.5950618123569775,-1.1163650835730348,8.3457661042452074
-3.219926114505558,0.23385143185087554,8.893638182041073
0.49677998991203065,1.8990104164392454,6.6589022175384969
-1.8737272934995375,-2.4871730027862764,8.9797703069801589
-3.4867796717367097,3.4577436685850858,12.356358057891496
2.9417170255545972,1.0832919970837516,7.4209997921621333
0.9304212275535173,-0.082487224951552918,2.7645806960302259
-1.8128790947159108,0.24132789408773547,6.0306171410653207
0.39268488108896893,1.9231150580689071,6.5124123508866951
-1.7004859358792312,-2.0458377495762758,7.6033664602304416
-1.9423224661498513,-2.0472232310325031,6.7251552560689412
-2.7981587405746384,-0.12704113848811405,7.6144519854818764
1.0413597689062355,2.838051023270113,7.5674725809901435
-2.9778662451710067,-2.7466671321106659,9.8170593194681235
-0.12079879504362268,3.2709973061157536,8.7834241701876241
-0.35734431678827061,-0.38745828096351165,3.6545004856867784
-1.3171725690556135,-0.079012038976542076,4.8582733657829955
1.5349761569380576,-1.1530758703906479,6.6565129578795457
-2.3917097215738696,1.5013583071340628,8.8920604409257624
-0.98452248832538158,0.9035881612831016,3.6812772796162854
2.9833220228097588,3.4406030252885476,11.182539674075613
-1.5890872884534386,0.92243518961960103,6.2766684973097142
2.0781398284619392,0.45469165145847956,6.9526324461294884
-0.21817819092844148,-0.92273045506294737,3.5094595765636498
-2.8074340436807002,1.5490229126566346,9.2688526697461988
1.451386438033536,-2.780443942378775,9.2007268797734625
0.35798205785753234,-1.9905510511712883,6.4897679077262147
2.6550209181134976,-1.7476750680118949,9.2100790111786974
-1.6603896690711963,-0.34455908058564955,6.4040345632029236
-2.9080446110382518,-0.84937397779716139,7.651513078005987
2.9657853938176615,-2.6264035209393204,10.148876248244028
2.2906468618148104,0.89950398919345798,7.2771644700839762
-3.4322446037448269,-0.93790833868005308,9.6192122681262369
-2.1609142406627351,-0.47315688831700786,7.294351069616388
2.8592784665930049,-2.2515199034539854,9.3980440250774375
1.4939667332489632,-2.6411211854215884,9.2543643768212185
-0.93041881977779228,3.2030758932257521,8.4206007780657544
-0.21447471031075738,1.1870106498836721,4.5003707900282919
-2.5776410703749755,-1.4549299932961759,9.1610407877161322
-2.1239347112115095,-0.18803813384833123,6.1989850735260283
-1.9610475634483484,2.8844370269558821,8.1449756160360689
-2.8770177178323983,-1.6547706632299306,9.1310204954518124
0.58208131268006902,-1.6070363639754792,6.5749756657355078
-1.3678929191677525,-3.0608566662113073,9.1349399622256584
3.3845502100132121,3.0536949713575474,11.118985334541007
-0.032696304223164496,1.0774066340215107,3.0077181571525422
-2.5549270498009142,-1.3362928740874036,8.9328661667649101
1.8944321250090042,1.9203580349292722,6.7619247584067494
-1.8298858827495321,-1.9154215564423707,7.010008565182698
-1.1015927855438519,2.0588514910640523,5.9614697683678664
0.96241242765508783,0.93089837167342537,3.6091792086878272
-0.57942335103881248,-0.74803999402119237,4.5824997936286387
-1.8208590294176632,1.7852495692644945,7.3892624139354304
-1.1862770830726914,-1.3491642568132685,6.2978165648883895
2.6348366246557218,-2.757485455307128,10.320732875648178
-1.0922331314849356,-2.5760782455218676,8.2794539033383145
2.6318838970486302,1.5340950143797247,9.2811783726840833
1.6595366598182624,0.095145307395703149,5.7530707055618429
1.7944006464885298,-2.3216108659404151,8.5876715638685983
1.3294350813936022,2.1460012575943459,7.6561603883155822
0.62135957129150032,1.2979720837307092,5.8005384750596534
-0.13372376416474596,0.66061251425410727,3.4669472304520745
2.5319240604357249,2.9235159317592894,10.189548770721943
0.680356128796757,2.7204656931514117,8.5281987981817888
-1.5263003616998403,-0.80858682966113582,6.3217094680717665
-1.0971207791557518,0.011089023256774411,3.1120791448488987
-0.70030239694804131,1.1651543797318231,5.1105529153488618
-3.4387407697434611,2.8384602942265902,11.253604467269131
-3.2112229182554772,3.0778534917433937,10.302165439530466
-1.6175707893158611,-0.79378623764722667,6.4256522367610565
2.4854372551160253,1.2600692301209717,8.643467925916223
-2.9454233109073065,-1.0956019690359611,7.475455008199134
0.14410205206174176,2.1105104919783448,5.8900322316049269
3.3805590273115422,3.4383749555626411,12.168726188423513
-3.0691491152972521,0.28991057212069027,8.3953737997153581
-1.9049450560382866,2.7943519285349554,8.5862569503202835
-2.3111396835986953,2.2949898144986527,9.3791902311222284
0.74774685067540947,1.7658310389488765,6.4254029390616196
-1.2559367613825576,-2.2256037169336778,7.7249564652665121
3.1796185903230842,2.8320655489511601,10.180974423664585
0.9293308681482797,-3.1544159372111107,8.0727741637610642
-1.3367509728344347,0.75762388342794296,5.834126124454869
0.19209489325903117,-0.52993966030153539,3.5196553347743134
3.3372998067387636,0.73004190100419564,9.6574448237175758
2.5122739505893064,2.5719147589730502,10.30240071206687
1.8680217840150704,-0.7700992866384424,6.1963640554108288
3.3207466484892745,0.10859520849094606,9.0277610314871559
0.58906662374370899,-1.7015049719960369,6.6509788470076856
-3.3696534498310227,2.2852718590979508,10.836389030239465
-3.4256577527826773,2.3996459624480639,11.221029227152913
3.447710211751728,3.4280071814287076,12.26506236289851
3.2961592436323555,-0.36691764349001899,9.5861266757775585
-0.66124143021216764,2.5177582576898496,8.4109097024029857
2.8243458910282451,-0.76095398319962149,8.1975032280043507
1.7938251066022026,-2.4082694392847479,8.8853653055739237
3.0289831668017166,-1.2935946999805257,8.7372347619082849
-1.9785946091939381,-3.4748555987990306,10.355037020341623
-3.1646165166756446,0.73615185140691075,8.8499336967680797
-0.45518164837356512,-0.9207746892648494,4.4624817318228409
1.7499910902139746,0.18719171379382482,5.913168450735192
-1.4999969152586616,-0.41672664976456808,6.2772391174741635
1.6690306023236072,-0.59708738095285829,6.6326548186053529
1.8533164574941976,-3.4901843836268656,10.45969668941928
-1.1812231024465976,2.4603344249975097,8.3629633598822632
-1.8802286790137961,-2.8995839971956299,8.2931904915103054
3.2090132237430842,-1.1199767552862845,8.7154982263905012
-1.7477313331151907,-2.704161751484055,9.1722875072794832
-0.15015894266416163,-1.9598725546130689,5.3956268095498103
0.2077887198340731,-3.0759702599626633,8.0084809357543225
1.9107815006748137,-1.866539743245359,6.8768991715375485
2.3802471118894744,-2.6702276795299467,10.112848949322622
0.40243468138542315,2.8406530300990784,8.5186632027031752
-0.74518226917544661,2.4577856548227937,8.2014891351353647
-1.4479689289243169,2.1097379434518873,7.8748658431688519
-1.9317829472362491,2.9055150027705112,8.1226999825824038
-2.5261064775358459,2.1058962921473485,9.2519773755639907
3.1396289769507417,-3.2227425270101984,10.634213450944257
1.7849285801345065,3.006524036494362,8.6828830359988274
2.6238964845375321,-3.3465930346955024,11.230802071196107
2.9628651259919616,1.1187841248700519,7.5908316405376031
2.8457981210860908,2.3951938644556723,10.005644710692291
-2.8306950077876021,2.8772883056965854,9.5923644221596795
-2.2106920146924671,2.0260648923560538,7.7801519983929524
1.6533722286823522,-3.1930701564698474,9.7948543486893467
-0.37677110566264593,1.226457913577736,5.2841016527487774
-3.2966225404788787,1.6013734142223699,10.22866056676839
-0.54552615398067328,-0.9235220783877458,4.568844212744132
2.6393721469777081,1.7469885954957318,9.2162048045284202
0.46494874536082254,2.4103045179466722,8.1820486162175996
1.6737683897015483,-0.10613282382868805,5.7649376633307945
1.761012986775401,-2.4592824189959996,9.0408507250433203
0.15854623694156178,1.0841634056897114,3.5684665950630539
0.31147660367698649,-0.65744273115605312,4.0442623184085775
-1.6919273207150991,-0.21107338535639775,6.0592135198606378
2.5529952474632056,-2.7247051212977773,10.347208119458925
-0.21348185778426565,-2.7381463181264327,8.0760434991677759
1.3169062232210091,0.12271523569299525,4.9630449033386626
0.62851322359566364,0.49115094885714639,4.4221961434591144
2.5540852159790361,1.8457645379719638,9.0818258986007105
-2.47622413314207,2.0486647388333896,9.040501446405095
2.3507469608619562,3.2130577643658569,10.493957513322172
-1.1780867874566097,-2.2604315066889606,7.5676105822814268
-1.0860827420944288,-1.8739596492305581,5.8139426781109691
-3.1865551324845534,-0.44814129486186438,9.2742801033535294
-0.49968669673950439,-1.82125152748932,6.6529793220056206
0.20565915880343244,-1.8846314483922537,5.7535166517254623
0.57166063678124956,2.0549790960188137,6.9058903883067604
1.5665528234073482,2.8638797291525968,9.2343327014638206
1.7659072104693667,1.6023515543121745,7.7387599024979838
-1.0993654668456903,-2.0307608305591085,5.8398068874628386
-3.0946641429856974,1.5436801920373897,9.5194089053601729
1.9425702855469016,1.2044934397850096,6.4040928736960581
-1.9708741349491143,-0.81109503177189968,5.9509837360300963
-3.0867100193586596,3.382389812109956,11.192378915769472
0.98163939753144192,-0.21934988958707624,3.5618927541583538
-2.4584398587535441,0.076189793500953229,7.6325794826223543
2.4149163788645343,1.1448957753770443,8.1292948771308691
-1.9338597047655595,2.3237281216514303,8.4123930005981631
1.8567901118100725,0.17511685175573266,5.6432471116096288
2.691399161079544,1.3733066944216921,9.084269696459673
1.2908328259976933,0.96085399197672583,5.3584356337587238
1.5674625732947254,0.8034018671039318,6.3807184935497645
1.6852115068775806,3.369915706990894,10.396921713418335
-2.1250323462957112,-3.4507741425260834,10.55861448870608
3.3534222379604497,2.7821497022528527,11.101623487559776
0.55879563681545363,-1.3108576801628407,5.8480370446659791
-2.6132257764012046,0.37045969670558732,8.4628129918301713
-0.27159513059603446,0.22266971187880635,2.6694133172174652
-3.4224134179258314,2.9521282671183826,11.127407023573481
0.19624811224310523,0.23691539840706977,2.3401052496467116
1.3604216607995356,0.84619400244898202,5.8080460492997439
-2.2262674647205847,-1.4135205003672198,8.2421033612216696
-1.3213275118819787,-2.9559648336396025,8.7635157913719226
0.14277787346278092,0.39122859029238999,2.9351791192435854
0.45813388728122861,0.79176492429429235,4.4427237091611573
1.5534187509940782,-0.65406875502001594,6.4902462817739242
3.3174428295757519,-1.4885437299531352,10.264508428794935
-2.3398042584731038,0.34685618096077908,7.8294867882509003
-0.93310252733302157,1.654872577548228,6.2390614859588283
-1.9211689165146797,0.97728686236879447,5.4264913739909382
-0.91255202903587529,-2.1122150076676371,6.0318909223382668
0.71254234425178176,-1.0325575085384182,4.5176635121791797
2.7870968514615431,1.0447797442930158,7.7751395649596589
-1.9079086563480141,-2.6090239356208618,9.0240677791270194
2.2445576472541795,2.954492894868439,9.2405327831737676
2.2843982000895897,3.0881922353488003,9.7266879425904715
0.035835067252289132,-1.1736941701785604,3.7280464995572196
2.1965165612809781,1.728477134562258,8.146077961237026
3.4381856879330668,0.46031358033734238,10.084963272686322
-1.6315659392980439,0.91055002695094167,6.2743974055117491
-1.2608601140495002,-2.9882585937181982,8.484661575517455
-2.1151332904858577,-1.7409917737490743,7.728107902514612
-0.18751734894188754,-3.1476528589866168,8.2796273553601623
-3.0839717141190444,-0.34512811249217945,8.6603187128945223
0.71377403275466555,-3.0200316102405558,8.3559102893536146
1.1209875148820005,1.5105427108598413,6.5174546672115916
2.1089678678937558,-0.9317777832960914,5.9619455023524957
2.8093124266777423,-1.7435198011356574,9.0125885786913429
2.8316028042869856,1.0961924359725748,7.7719927479011375
-3.481852068964689,0.83332207506097955,9.8827165312850962
-0.93267096509697156,-1.0020947564787357,3.6375950011742972
-1.6759129076731871,-0.57836270830520808,6.6393263944376422
1.1471065965287295,-0.66101574234012705,5.0966199277796704
1.9849902174891438,1.512994592498055,7.6668517152810427
-0.26653227805342494,-2.8529994706176369,8.0983025124568915
0.86597121286810008,-0.5390658557393162,4.5460455958456798
2.2239356207677359,-3.4634083202347439,10.876866275228341
-0.16366733781934473,-2.8284371981440808,7.6808968162711917
-0.56697733114782523,-1.6198816164330851,6.5884075914775337
-1.1469855144678878,0.14547387357080011,3.9005735361376352
0.074555894411847845,-0.22132183635887914,1.6593316620672667
2.5750263598545695,-2.4250166730048424,10.180201322739318
2.0660423459063733,-3.3638703735160065,10.136149348114127
2.9834816032388796,2.495707897227196,10.182781463338925
-1.7092813062869918,-1.9259663342209676,7.4452203666722063
0.043047594005005685,1.8668372292134574,5.0968401330284046
2.6997168008268506,2.0206703912566937,8.8986053494827626
2.3846368168254015,-2.008377942053285,8.7161107515835354
3.445247690461354,-0.14671785147439032,9.5923073647780814
0.68146685883727631,2.0193874445076325,6.5895536940756152
2.9490076799304097,-1.8363010462277907,8.4011841389111979
0.076715107734288246,-2.3867598626237227,7.3838259847368271
0.68102827710685609,-1.630798083743064,6.5644911150527641
-2.4619994330661568,2.6788852851979987,10.267182388563469
1.6386186186176035,2.2534172482986232,8.5146689177583674
-3.2092278744784339,-2.3251222373364371,10.395011574025892
-0.59252637468221891,2.8405093476182897,8.5880761936589352
3.2821682271130186,0.30064833184954942,9.3960314383299259
2.8501619014739381,1.1810851613090572,8.13445320891649
1.2195463965246507,-2.6674451065675711,8.6503979710285765
3.3769634689935852,2.1657030423694019,10.477650045074357
2.0433509046425966,2.0080784740824722,6.7139417386996492
-1.5564210413637189,1.4364106738995606,7.5001188802941599
-1.208525877166589,-2.2194753775642697,7.4771381824227543
-3.0296590068546969,2.8537943710591946,9.4023067170937562
-2.804715436091,-1.8257459423537263,8.7709292291170584
-3.0017608356620622,1.9188449995808643,8.0834241011873473
-1.3973580070801424,0.15039814868371826,5.4245099977186015
-2.9773761571177735,-2.5979728933042208,10.190050694473745
2.7485854374943202,-3.1790005113659552,10.444256530729984
-0.11414863078064919,-0.95389687233486153,2.9053548355203276
-0.30016016180214145,-0.21032988868020475,2.7596906250317552
-0.24148822851840768,-2.3624919737022596,7.6813248784729122
0.11868589605912927,0.41642031377845168,2.9694958623802137
3.4422839299650203,1.7325072386410243,10.528232499232931
0.019672101979154366,-1.1827643371802132,3.7830770540590208
-3.0220176451760512,-3.3914982863231531,11.084955222428128
1.5445449805459921,-0.73755037137336377,6.4233171118800563
-2.5631579126900248,2.8808889037184588,10.215688878560337
-1.6860573709377051,3.3734005880918945,10.405895290270642
-0.64035688459204509,-0.61309808380059616,4.5768003068484298
-2.3506565974844413,1.8398406395912179,8.6332676130557751
-0.86825077436201337,1.4829683814863026,6.180153983617263
-3.4024193375738183,-0.84297687383571551,9.6603564502051622
2.5567590137266629,-0.077178763569880182,7.8149291219072357
1.6578371722195415,-1.7212008002621428,7.7586874432572301
-2.4404292550615168,2.7397743884427843,10.206542629145297
0.50563621726980656,-0.1504109542546348,3.3429215918760349
0.30147391731417361,1.077046347173404,4.3162613490145745
-0.93813704279638843,0.044254129658942709,2.6368805851546782
-1.3740176238309201,-3.475724161809282,10.499856451270889
1.7300927444805545,0.41197042189197575,6.5518558137965961
1.7800611746148531,1.2085563469946674,6.7158166142328177
0.74940590090378123,0.39565226036722034,4.3056062873795184
-1.3342142738748914,2.6350055484882402,8.9887961930230684
1.366143853581729,3.2187617429466977,9.7309196487409793
1.1679628358976419,-1.2552719003195425,5.7662222794914655
-0.6155154147685904,1.6093838745808906,6.5760536932224412
1.7045271298163698,1.8769020303978809,7.5024776630038108
-3.1678136220199447,-1.5612651938327227,9.7757112323739257
-1.6909315105838112,-0.83182353246497387,6.3305291041934417
0.62582174168917604,-0.62974371231813375,4.5788923725083599
0.97402744347575521,0.90269705935644051,3.6763359557059623
-2.5564611456898345,2.7681720869135296,10.317694500443624
0.61649227257333195,-1.5738673333259674,6.5298379491954641
1.5040458427179875,0.17604696531524677,5.8148571504521307
-0.13207821013634291,2.0886312728617655,5.6996201677682699
-0.18287704500196522,3.2352854497761019,8.7856304894450457
1.641675182518008,-0.25052844364912019,6.1757432839916753
-0.36228066789343849,-3.1312584082342623,8.8965025959203849
-1.5317870265073852,1.6011102004433173,7.6890147676831475
2.3331437527904937,0.076049247057389913,7.1269797081517421
2.4654429191910348,-0.72720749675502594,8.2423211302775385
1.4312776760179222,-0.27807245770075095,5.8631673485219409
-0.33327005275350485,2.6568185625377234,8.4320354493332026
0.54146728758670193,2.7087994908808239,8.6433421973218412
2.0602418894644074,-2.2311927742461704,8.0133644619157884
2.3753343105178235,-2.9601277736333582,9.8863389138079398
1.0154219059168703,0.34322583681159857,4.2837452230454964
-3.3635304426653194,-2.5289348939497502,11.247539620147613
-1.6542193567264838,2.1755646930779697,8.1858348446131934
-1.3126984048949981,-0.80956196842689065,5.6466129037055559
-0.45860624502430714,-1.6166177032986155,6.5232978739478114
2.6693582619793332,-3.039775850458236,10.15808525620881
1.5379021999550719,1.7686835757665644,7.7085766994759766
-0.84587589302346311,1.6358859172059645,6.3483811773625156
0.92768038309906231,3.1488291342348864,8.0371590386882765
-0.78641420337518131,-2.3293371998215391,7.7099355822083862
-0.8390293146835166,-0.18853521290923902,3.4344319794550273
3.1684518737390306,-1.3857006097918849,9.577414271671616
-0.0341524449526589,-1.3165243039196755,4.7863920468675296
2.3504899162783648,-1.0106829431121911,7.5643810539320455
1.5806862495594824,0.080721805261606772,5.7293809036718919
0.89901871086907814,2.5612378354183694,8.152956941047572
2.528214010077928,3.0019973814686667,10.229548291104617
1.746077715522782,0.059993019309605877,5.5243362566953067
3.0770707486599971,-1.4960861908960368,9.446172076930365
-3.1040097994718479,0.80507631320547102,8.2480361076153255
-2.43322415909096,-0.32318767445892682,8.0766838020135925
1.488665746821292,-0.42474837830614343,6.2616206817086351
0.88655445830312196,1.4713229975342452,6.139186364684047
2.0972132204362612,0.50744246752459343,7.0639554117411176
-3.2626157919840111,-3.4656068698525919,11.926271695388454
2.9950684865866108,1.937615357024506,8.0253387281858313
-0.83016662272301689,-1.8777585009601523,5.9343713142658778
-0.79847876455534372,-3.0043175288904753,7.9176130727342731
-3.2632419244834323,1.510671857731924,10.108379320463724
3.4541341994849528,-3.0216188331429539,11.250966813929965
3.4699717025413612,3.4300152513249103,12.297624084516668
0.097761035424929421,2.6092855507530608,7.8713124190610522
3.3186340898048918,1.1751869275964957,9.5443401350624235
-0.0058531684047160581,-1.3458246341180327,4.9428586940539425
-3.4938891647127828,-3.2486660425446816,11.922809038894652
1.0796897810651807,1.5184961928091445,6.4074542312196598
0.87517618098497252,2.4647826935567618,8.0274253398811535
-2.1745389496148224,-2.7965715503545194,9.148263947180693
0.37756546678221348,0.12701210175866917,2.8239531930444777
1.8178683473760753,1.4233304219759093,7.5000174875388321
2.9039718322293293,-1.6268137964597624,9.1632306270356185
-0.32254578704558501,-0.24495975398327996,3.0164155597539342
1.8520099845548801,-0.29480463472985852,6.2038092958232376
-3.4549671040722822,1.5161938960756887,10.612070026998087
0.35903539039549726,3.1830161426837567,9.1099715030683583
-2.3253371194313255,0.61406973220790917,7.9385465552819312
-3.1420861914011655,-1.8393084049402848,8.9814733185525011
2.4053056866286946,-2.7553897822521933,10.12296097685252
-1.250627074938822,-0.80895976159795069,5.3209067811608435
2.590743240343814,3.0531903902827198,10.312900966701898
-3.1853699484040292,-2.0627846007621775,9.0915843215104299
0.19244004686801963,2.1471415105258194,6.3609967726074004
2.7046539032972063,-1.8070037296724502,9.057373652596306
3.2066575652252167,-2.0073614578341132,9.1200467740906319
-1.0216150423942949,1.518583492835992,6.2804820590022992
-3.1208692371755915,0.019966295443081705,7.4951003725353917
-2.1944873737436956,3.3768802004596647,10.573038097461739
1.6086484304699029,-3.3154215423109328,10.28593237343647
-0.16984318392127573,-0.81190651297773586,3.3933453981741764
-0.6566431477223893,-0.46082131936643655,4.3964121370224625
-2.2037748651369875,1.9009793661151262,7.733992768613577
2.6423925238651176,1.4185731563275459,9.1586856296243795
3.102233420622988,-2.3242642519477466,9.9667382378467284
2.7011972780268261,3.2486138346983493,10.850845626964844
-3.0432946627182709,1.5629618803579888,9.3694640076515725
-0.91015642650317696,2.3081599870537799,7.3609493391083234
-2.538707759973156,3.2284337100779981,10.871003413223049
-1.3953919756537045,-0.20828389686947268,5.5696474436458203
-3.4379190695103485,2.591433015380562,11.424860613542794
2.0704566797072248,3.313730483889433,9.916187143410804
2.8819678025424409,2.271743220641393,9.4649733892539523
-3.3235104149383363,-0.62337175019708857,9.7605443075477236
-1.4925003766827203,2.7436132529390589,9.2646243695843733
-1.2404999816862912,0.12038760493961131,4.46811325867899
-2.5508862994039019,3.0850850091886262,10.407291776665486
-0.12089067500014927,-2.2030655379161193,6.4173077367256788
-2.0265177766950266,0.20372513463914288,5.8339210887398387
-1.5021991707314346,0.039231801100328756,5.562279070341841
1.0960903825732178,3.0872423545672332,7.8216990547262686
1.6914679783078661,-1.7914583136730877,7.6521732442067396
1.8670461476850901,-3.1251396516823817,8.7750942710224322
-1.6217948663569794,-2.431819822142276,9.0475509194053458
2.2735104336991769,0.963628209747454,7.1014386741754247
-0.06209372551735326,0.95064176167789149,2.6828679687823787
0.79125409751009901,-1.8835320653130585,6.0878951633824911
0.55955674483166806,1.6026157381567998,6.5656533724726245
-0.5159624479535605,-0.23632109730783268,3.6259890570200248
2.5900442516032598,-2.290940221667825,9.8763096860103516
-1.4144712072071743,2.7924908860893769,9.1295717265187601
-2.7421287482240286,2.1483109642899949,9.183516234724598
-1.7644174039010745,3.1297502787238116,9.2114401669220278
-0.28439255912999739,-1.0147922417313131,4.0097139933007959
3.055553368801875,2.8616942997723136,9.4451249236613997
-2.2188435221550487,2.0916944719077328,8.0480135320015407
-0.62127459687075604,2.0628206287081881,6.8659845014033714
-2.6056075437507369,-3.1608257298757501,10.63289604831899
-1.5060948176170597,-1.3280567318144709,7.1831175771322275
3.1960861551453439,1.5098058063436941,9.8694850828164071
-0.55267042223697649,1.7770764444056262,6.6680966485477526
-2.7693591035740948,-1.0854724371207998,7.9531945612979804
-1.2946877682134628,-0.56200717672665412,5.7889478565759198
-1.9544309058244229,-3.2178382001498922,9.188762660716927
2.2280052497485228,1.0828957946191187,6.9762407901257948
-1.3971216540855451,2.1031278091395817,7.7243412641437494
2.5750844241873612,1.6499605626729847,9.2633580456432245
-3.3529310464409354,0.70833632622616882,9.7498682082759487
-1.5477036713704875,-1.4937111970594539,7.5875402181159064
-2.7717868927947671,1.9327158330763847,8.6271515769156508
2.1732189423322614,-1.2001601397159325,7.168816783893357
-3.1528910555643264,1.8310590260772965,9.0763319041732462
3.2287894139094684,-0.81222595281926768,8.9357811148802249
-2.6862084491028586,2.1016948362573249,9.1425140819895336
-2.6111000503212471,2.3222950543281931,9.9694365401047822
1.7543432553496432,2.6008055005980264,9.20718685954796
-1.3180462919247482,1.8734358533790214,7.099045131009543
0.0039035137717799984,-0.50341374725602961,3.0927227843410101
-1.0911491246829996,0.72249009452726565,4.7005521937514736
0.92517876859845316,2.3943601019167966,7.7534447548003307
0.16817749274996707,-1.2211806443596398,4.5186753597397562
2.9146742973217217,0.98296873415564967,7.2461892335487992
-0.35928175183177835,-3.1521322802320126,8.9768049845516895
-3.3476104881514943,-3.2184295789727004,11.5198327997149
-2.2406517720618897,2.809568908538469,9.4505927554838092
3.2953543291974823,-0.53058186301824595,9.7117879362066883
1.4021261549166528,1.4780310015822913,7.3196937143912741
-2.7713332859253583,-0.055156509557384048,7.4932178366803619
3.2519879931981066,-1.2496219630951884,9.503666517676276
0.76778898491001524,3.1555974275296377,8.6853227282128795
-3.076079982870104,-1.6640536533067354,9.3164781108664396
-1.5413917581936833,-3.1507429576774069,9.7136261969439683
-0.15968988525001571,2.8936790554190486,7.5060710540151288
1.3378082274765832,0.69630861203655137,5.90771229509701
2.6720273108232719,3.0509808122606605,10.177552212810522
-2.9471236562333933,-1.3116104376864683,8.7162206438688354
1.7948630139829937,-3.4513245517838183,10.467601974414706
-2.3264897240404956,0.026126085648908504,7.0262541573621871
0.15630944385207002,-2.0323668446283545,5.5730829957131398
2.440060142652797,-2.7730317829445785,10.180907869477204
0.19872814719222642,-2.310933120668845,7.3394103391149219
-0.62404225719096029,2.428514723399088,8.2426194246175104
-2.980002590354943,2.5929982105687372,10.196356522496307
-2.8087587046258049,-1.6722743454796718,9.1742150965111833
-1.2500583389732474,1.7871026658090994,6.9040219350685366
2.0448116796686051,-2.961282004496598,8.0691688129647421
2.1961011345954224,-2.8635066765068347,9.0748952457897971
0.76397162671078789,-3.394866791357257,9.787624448798077
1.3541702464393506,1.6755864171171257,7.3822770028148472
-3.4303462328812659,3.1191678236467615,11.419570904035336
-1.6923480017489247,-0.26110645113060693,6.2108381520886269
-0.11470205037660319,2.3137198478767997,7.1072470630373044
-3.3148365784770988,-3.3975006789854518,11.947309003008463
0.3908711998629042,-1.6141164148713325,6.4389247840816992
2.0402341186613162,2.9868103082332969,8.0559978572323949
1.7739101936912469,2.1745677744030294,7.9159590525479366
-2.701346927838399,2.2510803063283351,9.6973126163293077
1.2011719973896042,-1.7596372096613466,6.7224649296970007
3.3934543734713829,-2.8427828780060502,11.134553477674716
-1.1349961643749626,-2.9748625699846891,7.6888013372609159
-2.4591576459789408,2.8186246242564543,10.174581290050108
2.359234912076416,-1.9428096533181818,8.5736487498762166
2.651157463036002,2.254252878429134,9.7543588874641465
0.3467604888961624,-2.1864453818535807,7.1815401666975838
3.1324373895192368,-2.8760367861322997,9.7586343971832825
-0.23961228429095982,-0.49916006937758617,3.5979733432642043
2.3643506477232146,-1.8983062681152061,8.6176458824518729
1.8085923754574944,-2.8307628000512848,8.7549510399749018
1.3983916539437669,0.35343609199327375,5.914161579991287
-1.718556752739778,1.4158637289744291,7.5323761000736074
0.68972878113288427,-2.2611565405754663,7.599195315968613
0.68719384859448684,1.6039675324389364,6.5372629059295058
-1.5864555560373701,-0.84260568633879451,6.3471452983060068
2.5392318333107218,0.57830023649084072,8.4837483071587645
2.5442552327345922,-0.3001177505777366,8.2673153955076959
-3.0196659969385919,-0.16940171814253357,7.5851266808120279
0.0049735310774088326,-1.4706275586247752,5.4655246289250812
-2.0536577889555643,-3.0485015542652065,8.2431386848862402
-2.4429758327833522,-0.75755542274622689,8.1475855386782694
-2.1432307420952581,-1.0132929758035347,6.1694920360592533
3.0096053611009861,1.1428685782252623,7.7831195601318957
-0.86994334277809582,3.3195771479627556,9.2688322061567554
-1.0209885690413367,-0.032393654662869587,2.7298140317558044
2.7061429155120491,0.16403896376692151,7.9588933894989626
-1.5921025936656887,1.7895185026886633,7.7208928559759187
0.14534050374740559,-3.2313423473812319,8.6210805473315801
-3.1955505103364201,1.9488673599589728,9.037741285597976
-1.0707207396433303,-2.3043542909746502,7.4272180820147895
0.23913028408407566,2.6849705110333639,8.2093774533386679
1.3138180221456963,2.6939511714342128,8.9357888799961795
1.1504340369622668,1.6599523698012666,6.6622619704359103
1.0462042875792763,-0.64072619231464989,4.7278916913882369
1.5001018675880706,3.4957407092031483,10.671671035061639
-2.388973615732839,-2.8623325161426028,9.9710499558925729
1.4753619258352719,0.7650049633586935,6.2677440387217374
1.8268084962127906,2.2619735073288778,8.2463698989069965
1.1867673633946776,-2.68480035900527,8.5188359316353512
2.5213816130625339,2.6021663377328936,10.32916759580451
-0.45013299697864495,-2.4842796378692835,8.3456790415456403
-0.35209565340169924,-3.473947010636985,10.059606045308131
0.08377387910464007,0.30600552491941535,2.2989048237485008
-2.2410166826649176,2.2285401382787171,8.8267371687964875
-1.1861918531769975,-3.4195482300821758,9.9459721868626545
1.1707132684705845,2.5911959972102796,8.5059745085353136
-1.8371762600005479,2.6235168955769899,9.0951932666187396
-2.6744901103101539,1.8958806735990441,8.9549086891069347
1.0346806433700699,1.9733792596070705,5.4564930999636871
0.21416194038897718,-3.1407589639034028,8.3694125950261338
1.5046988283113096,0.12281646346339592,5.695174719995908
-2.8018323003527525,2.4484999113119343,10.171147078369037
-1.1437347831339344,0.75207596754442019,4.8665014727346758
-2.5303135703494082,-2.0597806191598886,9.1359458268080473
2.2339856670152125,-0.56930367054389919,7.6143849979628975
2.8421559207690743,-2.9873983533177526,9.3912016240111704
0.30443537925772945,2.0552743816847059,6.4570648762209224
-1.4697489752912762,1.6060977978170428,7.6051626858009076
3.3523122286044575,-3.3559718627056565,11.948472936222206
-0.17937312460811228,2.5598597429067471,8.026747798649474
1.7919416462685298,2.2254116880782213,8.1360876190248828
2.2185860355130673,0.37995156004263775,7.404744049174802
1.6226077212400112,3.4119253439353256,10.540268088761755
-0.39403678103148243,-2.7143642262580507,8.5446122120805903
1.4347785778286291,1.2577006336622878,6.8310265576960472
-2.6303666620179076,-1.3305152088709193,8.9783563164834916
1.833899615714345,1.2125496636825543,6.6177847371316787
-2.2296930028311861,-1.495025420882548,8.3897069239085234
-2.2110700352139716,1.5640062791431264,8.3697338151169554
2.1362281942364927,2.7215621865673221,9.1872514412383968
-2.0071812303371677,2.1600697633227091,7.3841662356659583
-0.65110279938665938,1.8772168265319662,6.5479412997634512
-2.6023736048834625,2.9797541726996588,10.187611803839159
-0.96049666216823315,-3.1392074710543052,7.9089879071210696
1.3075960683899446,-0.65120400735274853,5.8247927909626718
-1.0613631869496607,2.4140059976814383,7.9089171852093418
1.59075368049721,3.4504294312093728,10.624250564945457
-2.6967126013069569,-3.1194038520273075,10.332287828294668
-0.34850773199644314,2.5169935814378315,8.3006194417372114
0.30003769240922473,1.9036762539019936,6.1969942925948942
2.8392587480907139,-2.1465008999526303,8.8625326763922576
2.1919148380845694,2.3923252596094304,9.2687936897844843
2.061349038158351,2.2502382142418753,8.1404003586613776
-2.7528311374710719,2.6429858455248691,10.320801211507591
-2.8190177968092494,1.1901823109206369,8.2614170298422387
3.1192271221522567,-2.5317558990299527,10.503323728871639
0.56346123288598715,0.4902769610237856,4.3401366486735604
0.29733772283561155,0.03118104081585571,2.1358240034703897
-1.6364487193938535,1.2142054895555976,6.9197239952967298
-2.6783886867295088,0.61996679532283849,8.6020624040966833
-2.1185703895421049,-1.3484342175020712,7.6161926938906319
-2.8984155076544553,-1.5056265469199355,9.2100784031037435
-1.5225603469646072,0.34727284427330041,6.2240466394354179
-2.3483342143402268,2.0507872107422402,8.6460057740855181
0.82161641215236703,1.7157835800322783,6.3187599671908217
0.28358077810558102,0.80584771377381603,3.924854753367228
2.4786844096145249,0.42448351422033959,8.3132976883003629
3.3419653815585644,0.62997128191064,9.8139526251389739
3.2342290368495856,-2.5665689849896429,10.89865090004121
-1.6452410894819751,-2.3592672022123562,8.8658466664379141
1.0026544539903695,1.6729352943224054,6.2331294490763725
1.7571243531366036,-0.92259916341374915,6.021609600719863
2.7948063176489883,-2.7264294906314914,10.136950581628637
-2.1298729573897428,-0.2738430391404223,6.6492059304575157
-3.2732917371724186,2.0859237447617147,9.7392161267061557
-0.94389887688787821,-0.074905824369162488,2.7283432721390923
-0.59517871012842782,-2.5803413708592897,8.5385326087652285
3.210539881854225,3.0024100671770553,10.113211130529061
-1.3174672960175102,-0.20810706458266459,5.2291768965626488
1.8457082513825132,-1.0333883316644252,5.7254047418980427
-0.96559520510987173,-2.121190057409593,5.9937637392397534
-3.1399812086948979,1.4759835475508734,9.6350130299701906
-3.3964538663178478,-0.34241523448233302,9.8661869100509136
3.4747261986220215,-0.13766924745726739,9.6434376427025494
2.5858386204439006,-0.8942424728692373,8.1704710043625184
-3.4196737209171753,2.3258045764263144,11.061399212463265
2.4609217107837686,-1.5441460521377763,9.0761160308006694
1.8410903030459487,-0.76376363491448185,6.2621990274376564
-1.7301893024233033,0.27211135685989252,6.2293574696634444
-0.86091595448161629,-1.5003199392913551,6.2223192395141318
-3.3556407166972155,-2.5358404637940279,11.23370184936044
3.2240541819713124,-0.31406031665149836,9.1770777492871929
-1.8498072334626574,-1.5268327258757333,7.6524216982161306
-1.0767441349469551,0.86783537481493234,4.0890101970715946
-0.72393235364938668,-2.2633959119977622,7.5430061530979629
-2.6184061233264462,-0.11275727618175235,7.9006042069877953
-0.89747045302583928,-2.0948984432491722,5.97294690334002
1.005300661113302,-1.4065739788611946,5.9694033065094203
3.3702395640256571,0.84450791114642954,9.543512967719284
-1.0327270392622534,-2.0288397874754898,5.5557815242568864
2.6867891544243765,3.2274643634585187,10.790393005199986
-1.9901296259619956,-1.3032301426615063,7.034048557245983
2.0048595842846089,3.3583233563223294,10.012002846888487
-1.865248739623744,2.5334524324770813,9.0466662356078054
3.3068462166795864,-3.4804547635678378,12.064146591419144
2.6283520710518058,0.24705958376155657,8.235651859776592
-2.1314863321520812,3.2307343873103509,9.6582576440797556
3.0459082400493322,3.4295303920956304,11.235624042323078
-0.53692476240652365,-1.1098289147686011,5.0144043036798394
-0.1194374190691736,1.0845387511734543,3.3596288044065439
-0.08195534995751963,-3.3623054092145517,9.1712904134378022
-2.0874919248042612,-3.3850025815537403,10.269114595117514
1.4608670741024827,-1.9884961614217078,7.5958640119222949
1.9196881346221897,2.0931406413172269,6.9839424338099434
1.4493079087917451,1.0741875538063788,6.2496508546409828
-1.5987056988747097,-1.8808332879453729,7.6515707359246399
-1.8392974107486386,-1.0058324501544651,5.6989948126630203
-1.9598158034368722,-3.2689991902383917,9.5229315052631573
-0.30830315065037706,2.0830020880014715,6.5794043734074776
2.4180290879746762,0.85088737501939349,7.9295774543214339
-2.6406713210170949,-0.052991251846009391,7.7839809357204341
1.4199438594352563,-0.71910783280930968,6.1634964180333114
1.3067026118449832,0.33791537366141,5.5474294039155048
-0.54091586975380412,1.2760870361762944,5.7099236317012654
-0.7756398003543179,3.3247245049343164,9.5132366251940041
0.77615213316385567,-2.6064974789258302,8.3707965646844364
1.0205764441247709,-0.019428353204484772,2.7098069247909287
2.7705964956734555,1.4381864514097549,9.1849111369051997
0.50485002642358356,-1.491841931688096,6.3434809564270864
1.4837913722796872,3.1833040965662844,9.8021447266904325
1.6196254246246049,1.5602775465626069,7.7307783557570282
-1.2917262618410912,2.8870084248609915,8.6475782500625602
-0.65305574200309602,2.310390859579595,7.852127416139064
-2.9595495194593457,1.200580432066749,8.0967548485076524
-0.9238611104504364,2.0927139337562295,5.879727253162514
-0.96136062014463519,2.3918356823193223,7.7269651029616888
-3.2035943648261473,-1.8181307238921383,9.4180700099059695
-0.45906704519607677,-1.4492024489686814,6.2036697036835911
2.3466130026955581,-2.880551208382867,9.8085621112566237
0.98360411542273063,-0.29064431902308474,3.9694246440650041
0.35176744698024631,-2.7356537804279402,8.4686550475452869
-1.7474781362031448,1.8951056334506307,7.3551180704533152
3.146911695759389,-2.4732255092743713,10.536939602915995
-3.3349934485865322,-0.42854718894235333,9.7928816454388485
0.2816766821886012,1.2853516064274579,5.302912835464241
-2.2094000746260427,-1.8130718730612305,7.9920173810489636
0.13446133873771515,-2.9811050621824728,7.3142092116517503
-3.0737295554198161,1.7629804380321117,8.972099213398959
-2.7311405180568018,-0.0047882030832591127,7.5724258198406531
1.8631447716666614,-0.38616480152035626,6.4866845241901459
-1.6342231369483087,0.091298553763977885,5.7596003924474637
1.0119652772933145,-0.34860476783877203,4.2961146606120302
0.60565789870589803,1.6910812132155524,6.6420507731549563
2.7594050215066295,-3.0662658589763598,9.9309183684253668
1.6345211508900865,-0.064457275525140467,5.7125330020291223
1.9597533831045482,-3.22591435738057,9.2410818389253571
-1.2078436312457073,-1.1323560113722433,5.296912489330861
1.0712067886521259,-2.5394977879575884,8.2075306095168177
-3.46190314489604,-0.5202921318405882,10.153225574015449
-2.572815540201467,-0.59251105436352791,8.5297062228378131
-3.0139422161101592,0.012036059998330018,6.9498784126957158
-1.8088482484486421,2.6433986299370567,9.1253077690086997
-1.9047390485051867,-2.8059041481804057,8.5425433383647356
0.50945563205062427,2.6995192194198196,8.6375250707903177
2.1718009099410471,-2.545335964197986,9.4745235507282395
-0.065863532008459735,2.2011770315169858,6.2321560818589781
1.1985363838944645,0.25394291028248306,4.7421648127082285
-2.9883322260689926,-0.61809549440015488,8.5894251249215614
-0.32740594018926039,2.6038587390192323,8.3872699302389062
0.078113504041285697,-2.2497289105828857,6.6157891032894049
0.067338040997241499,-2.0043604876357084,5.056665825204508
-1.8985819710581457,-3.1456281287010968,8.7957774470121777
-0.4904755218679564,1.0588979930432743,4.7934213329217847
0.61076097800979667,-2.3878529137643714,8.1387813304268199
3.0233780285050207,-2.3367034848456161,9.8023008688880271
2.2298091133748068,-2.6771932903842779,9.6450101729351552
-2.4074391463410567,-2.7999051796344179,10.085833993231235
2.8228317070752347,-0.99006525972959158,7.5630858069951863
-2.5954174779784642,-2.2015277553002801,9.589957036115127
1.22625718332782,2.1169466320757628,7.0068202513347586
-0.50849885155911023,3.3632338049450015,9.9175605251415462
2.2962170284646044,-0.58825501682776382,7.8481596120085069
2.6715301029430414,-0.57202722671247397,8.6245448620207625
1.0268538592435448,-2.3257461414690512,7.456472115972927
2.0553482973439632,-0.80980325750132609,6.162398804156787
-0.52552010550752559,2.2638389318581273,7.7361498583347981
-0.37333870786955359,-2.1651010360348795,7.1509273916635809
2.4533440374201412,2.1183215217248339,9.1769959561331049
-3.4421393858912261,-1.0551544956998575,9.6951949966172073
-1.2933512234411144,0.3190426427009907,5.4440067823138136
2.8698634887509424,-3.2147120137627998,10.273793255042822
2.812817425897987,0.63414135664749338,8.5467290951191597
-2.8844737649582006,-2.9523741520197935,9.2182192679924064
-2.2645495928313037,2.6323851259534887,9.7966846975125357
1.0830054780357443,2.2740173866821003,7.2807030493185092
3.3484888717008703,2.2103627685057932,10.532145424079241
3.2903600681048069,0.16942624160091047,9.0432932423945402
3.4271253139318745,3.2434152321064218,11.804579592035058
-2.8211043815988566,0.50342795559015396,8.6294357650202649
-1.6194720207880597,-3.186609789397028,9.8121253573762033
-1.9421266788781886,-0.39593766589567236,6.5342891282792763
2.0491362287326007,-2.4152722166226512,8.8928101100594699
-0.60107251648753612,3.3635550388765401,9.9002995411950945
-1.2443123403528076,0.11083116845267238,4.4631475179680749
3.1247915997716182,-2.5064717897356745,10.503710490313106
-3.360372569214924,1.5546233597236574,10.417211139152169
-1.686274811009651,3.4282182026844925,10.542094170893844
1.7465555330684017,0.23474150935287597,6.0923936045269294
0.2539164418063744,-1.3058508882546387,5.3164257011330704
-1.6959762656341641,-1.2049225719416223,6.8423782869627896
2.5961744724455551,-2.4615737933031379,10.251867967789632
-0.385036258459869,3.2299183945804808,9.3609527627336284
-1.9229665779015075,-2.3010235538141504,8.3011827790548995
-0.65730749728073778,-0.58503109996657487,4.5645847521817977
-0.95009554047648592,2.3636305706882696,7.6086591183935823
2.3177911350875453,-1.3384088425662992,8.3958268616487395
-2.9405996143058859,-3.1034139786037804,9.4207519026331976
0.25469863290815864,-1.612498411139963,6.1677077988267826
-1.9125462063514558,-1.7053653101567321,7.4642181731975015
1.5388294941707574,-0.20402824199264336,5.9505232214032588
-2.728291115268886,-3.2796095629658266,10.926628779374161
-2.5780023103749574,2.7287262222691968,10.354785941711564
-1.0632239668729779,2.3206311050803432,7.4992061976852913
3.0575571056317594,-2.5450992667514543,10.336139611941702
-2.7915462129858173,0.83484711634892861,8.0057002827285295
-0.83570722246583173,2.9225866289229314,7.6959472776940672
-2.7905159606260108,0.2004983822410491,7.9317965320764401
-2.4880867590102529,2.0476474875828865,9.0589124940021204
-0.014688960904928994,-1.9027668687914445,4.959001291308379
-0.91500167127181076,-0.10524635450441977,2.8790060383826557
-0.080613683201322228,-1.1732868483395227,3.8304789891924855
-0.71041125249716908,-3.07638666272176,8.5435147582853261
1.0875733554783098,-1.5705246263443897,6.4783454309503661
-0.37798185744039037,1.1223766449141728,4.8033164262546642
2.9723039876156498,3.3795512024283436,10.997737965481289
0.66027865616935699,-1.646716376521026,6.5904479610318454
0.87184697147607793,1.2825566384862395,5.379482668821236
-0.83647716311113207,-1.350265306199891,5.7774520483599829
-3.2723556591642797,0.5906595123323477,9.6094948689818445
0.35352210051310706,-1.3802650749373506,5.8553854280536264
1.1906671417829582,0.84842945415430826,4.8508189076472945
-2.6947243447966889,-0.6543459059777077,8.5706749737904335
-0.80981123812646016,-0.62360149059640513,4.5689511584440332
2.3583122343682295,-0.95178303049904933,7.583327540666609
2.688003621074027,-1.8736330143295623,8.9609166778183287
-3.4986256304543359,-2.1753321806028154,10.789247561242762
1.5761692500047557,0.6314574896727132,6.5305726294506456
2.2097399066289771,-0.87333250748491276,6.8182259904872815
1.212963888100794,0.70615773045494024,5.3394254405616799
2.5708634327159983,-0.73313419857704121,8.4105973908889116
2.6401355550565038,-3.3536987964010114,11.244581047067063
2.1609306035687252,-0.89837753078647298,6.405343289709446
1.2849697271781064,-1.1788018213398361,5.976028054314007
-1.6485649609982764,3.1728806433671641,9.7187910391232499
-3.4078668115875326,0.035941309231217744,9.2958048547988419
2.4018629723566525,3.1772916017158126,10.502349946223669
3.082448595751095,2.4781072901408612,10.345509400683845
1.0245542964150998,-0.13173542786304315,3.1379337068144473
1.089151245003861,-2.9870983522618406,7.4470087740005297
-0.71889139669803592,0.51252283647519725,4.5145969004813225
-1.8584126998102874,1.4669995951855759,7.5692552766845953
-2.1202872244202009,1.3977708276887721,7.7886973782180728
-2.7439529342553541,2.3858554460455075,10.085927702058974
-0.21002117251705776,3.1054500315912135,8.1603842792109518
3.2577258924915462,1.7356487195927386,9.9188086653761669
0.22813632232904446,-0.33485516633941348,3.0015414286873678
2.9092419447644247,1.2514452161646421,8.4222429832055461
1.2482858485280826,-1.4667059380154956,6.8704407802474652
-1.6592358117534214,-1.6757839023396279,7.7803988024190076
0.40711103011608252,-2.1741683822633515,7.2619300697451159
-1.1515444996236601,-0.47647287875964306,5.1350201457805653
2.2048023872407398,2.2387081216290525,8.7017569530109888
-0.74350449776005245,-2.4012406358828313,8.0493805168323718
-0.57022503051582429,-3.3371793738327789,9.8371964869349213
0.66846019893309272,1.541990863635033,6.4662042727291755
-0.13145754365744944,-1.8869663428520014,5.3621417113502972
-3.3346836093815999,-0.177157089323563,9.2786593894329421
-2.5412827648755618,2.1346995557054944,9.3512004702849545
1.1319272966990974,0.69780178387987846,4.9534967424084293
1.3145345749324857,-1.3805384271593053,6.8748308174070552
-1.9151987342173944,0.99040493958803832,5.4407205656027955
-2.7884367720331245,-0.93650007956308379,7.7379597475253661
1.7818016731961661,0.34041933902320887,6.3999893758539166
1.6183620542116719,0.79975107352465358,6.41730661227189
0.16858616790049785,-0.27406731511811033,2.4233423330226245
1.3921422037983051,-2.9862614658251543,9.0528558410997064
1.9711294702392603,0.5949712316169542,6.6893416709113467
2.5371732964175315,2.1093225248859433,9.2708493618578771
1.3689851627945835,-0.98448110365229713,5.790792412959977
1.3440809056317562,-1.9753169780304018,7.2124889887218195
-0.96276728888407126,-1.5993619098192116,6.2748150773074514
2.1073553002966801,-2.5193114866349395,9.2496775869629104
0.025652347902291872,-0.86187379833452216,2.7511545157449895
-2.4042488609358132,-0.47976805315888438,8.1748966763804187
2.4836438758303752,3.0889404119399293,10.37101717226327
1.9233882859056566,-0.22914295395259954,5.8477755484482081
-2.7799737438025227,3.4122998744351296,11.268479675105917
2.5007542407778605,0.25638920356146855,8.1075338639691914
3.1512257231634662,2.1452261726169848,9.2369471826945997
0.86776216845619203,-2.5000179043646726,8.1124748955708785
2.6027635316366844,2.0118710546439615,9.0541247558281839
2.7649035496101044,1.2183498160483719,8.5162120704377937
1.6285894294947063,1.2058474461926076,6.8899665969347854
3.3632070087476178,-1.4785089160988574,10.383028610563342
2.6680821716540519,-2.0261064359357008,8.9851308679139592
3.0894946003035937,1.2640973704647092,8.7836893655173256
2.7728851757611572,-2.1767950881446301,9.2287458207812065
3.0934119785573149,-2.8885506402023831,9.5035230061147491
0.18841627895666457,-0.8011046022111894,3.5015392020610427
-2.2533294325837363,1.1747448494985084,7.5133764277762385
-1.4020060984977141,0.9147944015602274,5.9123699219778523
1.6536841178866224,-2.9275690457621808,9.1078915965588187
-1.8331985007476388,-1.5929598234717797,7.6862059980411512
2.5590573728244532,-1.7553123430382487,9.1847735950788998
1.039035811803374,0.9207975137212614,3.7632880814042871
2.4683547680516105,3.35655551611646,11.174001283204616
-3.4518987737074185,-2.4676532635878079,11.362744349195204
-1.8629042924383452,3.1453000694683686,8.9116513083696045
1.8115840777631327,2.5679564861800168,9.1284757862915278
1.1610414822732089,-2.3319931499674542,7.8626017004937143
1.2409407216177399,-1.8107583781922925,6.8163415595594756
1.0977475076741525,-0.38083835189784399,4.7056534943963975
1.2499503883125032,0.63033911232818873,5.5996562283978975
-1.5275159340467561,2.6371753933215984,9.2797946220711882
1.5776316568045123,2.1507176590428472,8.1418592854892076
-3.2950334243811796,3.0367146817222235,10.690759865152497
0.28781482190262331,2.0969285342379456,6.552333064025099
1.8786584301075733,1.8249431561727079,7.1079630374619818
-2.2269603440907115,1.1033807599334242,7.0448401968199725
-2.8602066705582301,0.22913145880780128,7.920277852330841
0.58645446904053955,-2.1341020170930642,7.1840866946471529
-1.2110772435028401,-3.056891210433307,8.3525786647296094
-2.3932323005870435,0.71785020475163464,8.0602550250816201
0.86674196138197956,-1.0299739337033733,3.9013264619023182
-1.6226759238568049,-2.0124076595879479,7.6925131824698685
2.3677835103647427,-1.7646111801595163,8.7987384901329548
2.6387852984266624,-1.1658375109909898,8.4854698084888565
2.086975388097569,-2.8486043503318217,8.5310565040780109
1.8319485297210605,-0.76751673789463259,6.2647370520411449
3.0162280367582532,0.47743229166600498,8.7299785080680152
3.1544212389101594,-3.1640209303427818,10.370575558196085
1.8703581952800423,-2.0392724579811903,6.9064946687504776
0.21441378286014601,3.0093853335497442,7.8242768491249635
-1.6963523914274323,-2.3610204575450551,8.8457225384566254
0.96594458306150788,2.1261561550576955,6.0281696820315034
0.33901487448326373,-3.4859170007326128,10.064522314983838
0.79366746374443409,-1.8364470727155615,6.1640755787896033
-2.6569343254362412,2.486226607532311,10.302373180267107
0.72121618834807943,2.1396488038388277,6.9272860626675765
1.4861904253604994,3.063741912124434,9.3989605584783451
2.3223543981711536,-2.494452606801755,9.8800779221296526
0.050117885876518997,3.0635354056747763,7.2010434020019893
-0.58954003322249804,-2.7134668646083853,8.6289132530683812
-2.7910349821227989,0.93238536835763863,7.735226488000631
0.76337078771235767,1.3555692379424578,5.9016175486072413
3.07455680547341,-2.8964100613575958,9.387616490691375
2.3100374721155932,0.62943134293707903,7.8729810158074027
-0.064769251460437882,-3.4523871158725652,9.4636955101771445
2.3051351474697306,-2.4306661399762861,9.7286838762216039
-0.3508220213506239,1.9586962538699861,6.4179350223250786
-2.4843211284684283,3.1158656296746221,10.451701028737448
1.9820121611281731,-2.1661132231649658,7.4009587364461105
-1.36950008000038,-1.4647415747347901,7.2201609121119237
3.4768673407924755,2.9259349485143238,11.247071826391425
-2.5337133034438719,-1.1190874808921385,8.3155480893474447
2.3278546079255138,-2.1149467522495549,8.7485807125826138
1.8603926763231051,-0.70517282696842098,6.4251939514840366
-0.99417546478565599,-2.5181967464639414,8.0773981940976114
3.3810130861975836,-1.3696024253821735,10.286266040127209
-0.33313230739105615,-0.32251657861527372,3.3623432163549332
1.7150893087028942,-1.8956435322618161,7.452898901553473
-1.7880320921240946,-1.1554184355042647,6.4284178417604139
-0.070742773611484289,3.4336638557545882,9.418673306398027
-2.7561561196281943,-2.2649970718397086,9.6696057719162241
1.5145877640106926,-0.21931556433165778,5.941573038719639
-1.4970307849608182,2.9494093395497014,9.2148964733130203
2.6224241906461412,3.2440092930502136,10.919452507008756
0.48673293852658306,3.3943213065693651,9.9937728564904074
-0.24879311966690709,2.9757887282812767,7.9621887033981551
-2.8534580688490658,0.14935987580153753,7.5479200585197308
-2.8705295837064417,-2.2558338130984361,9.3996433361064486
0.027271226009007332,-2.5020089416031657,7.6860522512544378
-2.8740741725951544,2.2833988352927364,9.5367812534776064
-2.5477014000790414,1.4403664277295887,9.10742003660115
0.72564345111357209,-1.4511222541705449,6.2435105422454384
0.35758488098640084,-2.8091177498071893,8.4413333716582457
-2.7024563037751346,-1.8384432083232094,8.9971264451955033
0.6074993444924921,-0.36615509290865589,4.1421689971900122
-1.5729586284589887,-2.441767702725639,9.0550340734465813
-0.41410330997729927,-2.1915658255462258,7.3493829253072196
1.2063058899846695,-1.4766957598198465,6.7471821792261188
-0.2200676486934281,1.9387707315701084,5.7958629946587799
0.071236932886463489,3.3525292562975215,9.1085825759466914
-2.0069468982640726,0.31158420652104768,6.3468543615341169
-0.81186034085744696,2.0752569965428256,6.2383113603605942
-0.30532025194564083,-0.69366378407994267,4.0418305568225499
-2.6300049689833012,3.1645454862588638,10.624618891265525
-0.46967841995842363,2.0139576393608474,6.7826192967407586
-2.6869708651968467,3.0425814093595021,10.118036416668446
2.9752940209232985,-1.1863664991195373,8.0127925979163521
-1.9827153733032288,-1.6608783118034858,7.5846887887212819
-2.7833324979196243,3.4871464585390086,11.402864306391253
1.4530937855979271,-2.4075251346194033,8.8727654995681657
1.8614212426510299,-3.013902830106054,8.328388954798557
2.2530139361209836,-0.31025341522203442,7.3955352169073851
-2.0306466496171636,-3.0740088659084202,8.2859684965602174
-1.8524603180659442,1.8163079403281159,7.2078655293625218
-1.6892441646118732,-2.0681046453717493,7.7005433135961727
3.4883471723802231,0.34162596238711895,10.072625702917401
2.981779208146679,-2.903027045191247,9.1391982506604705
0.17131902887135553,-0.88679584444706494,3.2649684036187736
-0.80278842334461764,0.72186294974416132,4.4724351405837375
-0.66078025434658416,-2.5704688452632469,8.4892354874781937
-0.04512752249351637,-1.3298029102013769,4.877948873745531
1.5765430682933967,1.1757677062699035,6.7705968633122158
3.2686706972191653,3.1614600219882325,10.976951562426047
1.7653394764587365,3.3917907641427325,10.360814313168948
3.2928937095227679,0.20130735829486035,9.1574768023624404
2.8939183812078291,-2.3797709030702405,9.9152246645285445
-2.4023766751301467,-0.15548608365867445,7.6104882712221258
-1.3048659910625569,-2.5050294777321551,8.7920868467852102
-0.58883971964415238,1.0211739908367763,4.715204909523063
-2.5130637147818224,2.7004779357302287,10.326642204443182
-2.8291135860340426,-0.10141052875160872,7.4195370611822593
3.1693097383608677,-2.5293429164269319,10.666924705168189
2.9766135759646453,1.0723566421558903,7.3632562624072992
3.261538384082848,-1.3511031360610994,9.8618720478724669
1.1264002560428237,2.5735726221127129,8.3680569620185459
2.0829737171734335,-0.15285001428729217,5.7783433540166449
3.2833863156611036,-1.6666925508780617,10.134821376964293
-2.3779465622908869,3.2224768943626936,10.606358503032656
-1.7741809019598753,-0.034103707541929928,5.3989993317608267
0.77128784229067282,-1.7991373068804719,6.31029250124082
0.2647063564584462,-1.4545616824444161,5.9007251725191843
0.038707615150398667,2.2382900553004292,6.4602211240084273
-1.5989435373052288,1.9219538913035805,7.6394877178885086
-0.90031971174014025,3.0002557025089853,7.4038663595286174
-3.2545222593863539,-2.0423261911347472,9.5054825434971768
2.0098955391109863,-1.2142766374356939,6.5287849060816008
-0.60963081194884872,-0.057830053511052526,3.2926780992088673
-3.3319735536441115,-1.7598581481814362,10.174011678189217
-1.8117187797577223,-0.74992301716571852,6.3538737085737402
1.8582243731467818,2.9307380159139154,8.3200525939980388
2.4916228940266087,-0.52396021521290193,8.395586918002758
0.067143167898775502,-2.9490379131252595,7.0036341811910336
-2.8609287768758165,1.5951676411456788,9.2215836443144887
2.4580322294262462,-2.4817108141479123,10.138892820524193
-3.3948587571852826,-0.68758984112124066,9.907352310797247
2.1677648751994436,-1.9727757667152512,7.4097163188821433
-1.2306610880686453,-1.9123606095028671,6.5917312794567842
2.3133718089798467,-1.5397941759587266,8.710309162871841
2.7411046718326872,1.9737292908160029,8.721511926674232
1.8348684148062562,-1.2217683587143231,6.6667043515639826
2.1458801101413991,-0.15522251627080896,6.1704904269610523
-1.4533425286194523,0.64505111938957782,6.2897374746469339
0.14048072594254091,-1.8156263152635364,5.580661151920804
0.29051894364924635,-3.1803688054750716,8.8969595186454811
2.0140599744346037,2.299170225316721,8.3240904030450107
0.57600696002106044,-0.22503624084955343,3.699558229053558
-3.2374970079878338,-0.2757741130483371,9.1269464867233498
-0.82574805866780121,-0.055811274192951288,2.9163244618810182
3.0106174104435519,1.7761293244068748,8.7316545377231183
-2.3281349126820201,-2.6884909149492033,9.9691628335861235
0.24731854862614222,2.7409693575513243,8.1861276925524216
-0.60159892195077136,0.097955370450828916,3.3633179519410135
2.4298585359057219,-1.5654190912441981,9.0266826747260094
3.1312516054082806,-1.5389154560835387,9.643154387446689
-0.40308585376520822,1.1494004294583462,4.9913826368099699
-2.886541654444339,0.32685214116275407,8.2989687584787326
2.1390968462075612,0.94629670636350571,6.1418614835163972
-2.5071035409906592,1.6186409370189887,9.1837716602183299
-1.1605837769081639,-0.73547878549118639,5.0032024006875417
2.0667681310762047,0.83048296769428731,6.1110613753387533
0.42688524375231118,1.8386388516137178,6.57184166366239
-0.33593986569280654,0.63232079660145946,4.0922060281473662
2.1164955066958075,2.5015752423283129,9.2557714683492822
1.1956473619644372,-0.92012889292881095,4.7283193129549481
2.1275876723690033,2.1631048952250636,7.8605504329344136
-0.2859115102562737,1.1219599217043648,4.4570838018503238
1.609521141433004,0.27173216452584237,6.2060729837090385
2.0694574326283455,2.431676641667976,8.9871988038700259
-3.3045694586029084,0.57994813539628076,9.7287497988327427
0.21924222465537779,0.88494001481782547,3.5360955288048252
-3.3012601568955708,-0.1561536231501317,9.0583419307533433
-1.7802549123116314,-1.1287085526032903,6.321557531865956
3.1272216094193137,-1.3403850841875937,9.2741563334943606
-1.3289661613230779,0.050467490863230324,4.8798075015678357
1.681584384194232,-2.7830193325872155,9.1906876497752954
-1.7471178570564381,0.53817595554056297,6.6649336488938644
1.4486008534197445,-3.4355867663469657,10.521154838967902
3.0434737986684457,-0.84092393401818777,7.8006540131006723
2.3780205843491729,-0.10863383947200456,7.4069903618539641
-0.77667002686521025,-2.1202442755571194,6.6214322608673442
-0.41881936300893541,1.4719011879576085,6.2152453665359602
-0.77108605243231043,-2.9643071236164751,8.0098597650040144
-0.74112012312404563,-2.8457622483139944,8.2323959269329112
2.264336547042042,0.20106047957355244,7.104638684477667
2.1334433762557214,-1.7220115218045173,7.86646828656332
1.0947758765677635,0.43407903184904129,4.8295262217410979
0.025891399978520191,2.4844494170737921,7.6480695023633505
-3.2489650844590954,-2.4954757641533627,10.904569498739134
1.0355333573110048,-1.3024256447087383,5.5266232513245193
2.6145130644867685,-1.0780693786460698,8.2440460072900361
3.0570137614770427,1.6488449912487999,9.2934736137947063
0.54704906074853987,-2.032869365574244,6.856952861824384
-0.39189157271629949,-2.9331344418836256,8.4877074714189202
-2.7224391637675445,0.53727052717552937,8.6459918291640641
2.9421050865226794,0.85655213549525122,7.5754407816075489
-0.46493035216272016,0.75535253484231912,4.4517327645268097
1.4237643338772106,-1.8323201600169976,7.4917392601310802
-1.304084712457084,-1.0700777152366041,5.6325337203363901
2.8061519146374989,-2.7212071123563693,10.125231525662826
-3.0899287260393207,1.4192592084161664,9.3680522442686911
3.249545425433757,-2.0340897034524255,9.4561857468459376
-0.66981017148260547,-1.341757876088109,5.9422077552741364
-2.9160705952583839,-0.92913117104486931,7.3258530706658256
2.1707688158351175,0.69682468631813066,7.1527741267862197
-2.0333123281803509,-2.1175589790524434,7.1534802531273236
-2.3137721941621789,-2.7952795751552442,9.7995921219065423
1.6360240512312023,1.4071667134553794,7.5039774701283086
-3.0075704801421974,0.8399614690527315,7.7044623765954956
-1.2276760038039054,-1.3709098158033095,6.5411604361991849
0.64085006033677683,0.85846195131385183,4.5316361302958477
0.49737247568099541,-0.15365640968304817,3.3315631607111449
0.0307381876733821,2.4085540195909152,7.4185351844759317
0.64207139258167079,1.5520549625761104,6.4917536515843288
-2.1936501215806841,-2.6422165190946436,9.5431042375903665
-2.2764908999866851,0.37058407222316658,7.6319856320898261
0.29279026134111463,-0.461589841006254,3.6672574425688786
-1.1182936169597246,-2.4100519024008413,8.0353090494256243
-3.2233566242766254,-1.1491659366848439,8.9301685397763162
-0.95733384984503633,2.1826306508014257,6.4521314793245175
1.2526514670260198,3.1378469263781437,8.9444735537127968
3.1418342696348693,2.8294916413824476,9.9797880975185436
1.5618151618119764,-3.2843865469265121,10.194635258553824
0.43508084747835429,3.4235546602697067,10.036339821256325
0.3051231102148888,-1.7270191166650113,6.3260861466709599
-0.79782093780745633,2.5637500183533994,8.3055519955942732
0.85260546481776878,-1.0844503540804324,4.1843808033382714
3.3668715263778957,3.4763175080051001,12.194231593204242
-3.1047754888744987,-0.5929730577583161,8.9489773557840078
0.69689086874210027,2.5117577795867874,8.3691135179379135
2.9117306044597155,0.27585849516070837,8.0824798696400411
-2.3617957978599078,1.9369605908374981,8.5854396524588026
-1.375554192670529,-2.8603712085478832,8.9857645414701715
-2.0912641405822541,-1.287120449453127,7.2301977070710208
3.1761270799064549,0.77163865423628319,8.7822620265337648
2.9022971196553753,-3.3022594344709115,10.697360403969446
0.19385717794407142,0.3444891126710119,2.9070989659246749
0.75872948876231128,2.4409658345112906,8.1406728393046848
2.7907843287015686,2.2905603553006912,9.7147815780820572
2.9266454256708361,-2.5278328655542053,10.187074003837125
-0.54268694106534854,1.9301125185766068,6.6852002238478292
0.64434919485294362,-1.9315209659345267,6.5647900177192469
-2.8220057349451384,2.1915422673405098,9.162804293566829
0.2172233414818745,1.4875424741271761,5.8758602094884225
2.1036636260745523,-2.3823984482835421,8.9305421960815483
2.9444395829700216,-0.022020613668288558,6.9052412523169746
-1.7736594839693502,1.2812112900420001,7.064090351087593
-0.053531323305608947,-3.2540103403683291,8.5126488182023774
-1.6083693391582203,-1.9359429302111182,7.633848194080052
2.4034370357444628,2.7254920391346094,10.140963748775166
2.2668576861378362,-3.0191526325103473,9.4341391770470473
0.045843423812313766,2.845214109039425,7.2039563341258983
-2.1071842782872361,-0.49442691092331081,7.0950800492287058
-2.8582847556992639,-2.4727142861970006,10.162114125136791
-1.8689257204865102,1.2772972086346623,6.9075083734958227
0.18026789169861379,1.6202757510641019,5.9772413189363256
0.87991840745080463,-2.192529610104768,6.6811140138277807
-1.9034960911513668,1.6128678312992095,7.6325111268972581
-0.33200156774664524,2.0937778280983119,6.7145203578869577
1.4502770523210202,-1.554311202143257,7.5234639078712569
1.8325452776241908,-0.995057705079196,5.7142417350039842
3.0492267004822873,-2.683062706075781,10.144642922375562
3.3357758992246342,2.628245710149141,11.201230834569166
-1.3525227578051293,-1.8779490924227218,7.2392219677967482
3.2200579590388694,1.6410810641964435,9.9212980682550374
1.2862500390432343,-0.21646241377799624,5.0955191805890472
-1.6932608035905441,-1.0191815381146494,6.2152562569024958
2.3792264459775643,-3.0768965156290013,10.096683921306422
2.1780818605454249,1.4251517304421597,8.0807964357408224
-2.0461162277831439,-2.2960681053825795,8.372218423953445
2.1415985759211473,1.2716824417763943,7.3759665860624271
1.9852956498514915,-1.6767392615591996,7.551506657460104
3.4918896461038411,-3.2684815872242678,11.976698907436937
2.7284988353082245,3.0454784310207756,9.990480872650668
0.51872397752976429,0.52195561303383453,4.3240990332234048
0.93943177275035339,2.1403592474632545,6.1619405884078056
2.2822185918944342,-3.3637017437290742,10.810834062691544
-3.3252202153890069,0.02051919491530052,8.9139029506082288
3.0605246006907576,-0.671278025050146,8.6228397184412913
-3.2583528637895265,1.1180745617156536,9.0228066278342069
-3.1727674389597329,-0.39847993501896894,9.1490601498279052
3.0436857927375955,2.1585137823054348,8.7954111593801088
2.6981061866422706,1.2756908999396819,8.8183001736496447
1.6831903011107379,-2.0724153318565781,7.7297353679839969
0.05283405631537974,1.6609772707316246,5.6766682452854766
-0.092388879600171059,-1.0011081256480301,2.8644894513167749
-3.0025065218557532,2.544327743642933,10.23548549265014
1.6021951256735569,2.4851694324788518,9.1459262243130777
-2.5120692427199698,-2.7251699624517265,10.315199801145797
0.40847305691008584,2.2889846510109537,7.7406390587697604
3.2710431499434964,-0.27505177394656943,9.2802433749590278
-0.025111508363603541,3.0039305593837646,6.9396858815988036
-2.8325444137536961,1.1506779328520702,8.0229137894217306
-3.3594684264011612,-0.95896405256695116,9.3349843698313819
2.4569648678391349,0.8026938790058944,8.1151921026213252
0.67681049081899847,2.8031321924088202,8.4726555243570374
3.2605982842393617,-0.10899097378399336,8.6852138780865893
1.9264377721803188,-1.5349866458007637,7.6408554567682483
-2.8859417543864798,-0.64602842745010136,8.4782767800367829
-2.6520670727547802,3.4397734402346352,11.426574033555953
0.38530657688472747,-2.6870106854782243,8.5277220203094046
-2.5576675204640233,-1.3672615889358108,8.9994759363163492
-2.9083523928783852,0.33582316189191763,8.3221438198838875
1.996744228254216,-1.8954479059976557,6.7189762060733198
-1.3232786485147372,2.303250792634528,8.3020374884810337
-2.3451395170559586,3.1858865421529972,10.369729664432455
-3.4337115618883818,1.7636988840260717,10.471198984025209
-2.7377956035816222,2.9739967762324104,9.8503839139394209
-3.3186191314111304,-2.0844999240115678,9.9791205451003488
2.1059962071255365,-0.54911304334027378,7.0967545664264016
2.8213500750183194,0.29336066780923709,8.2416449481376173
-2.7600686133028525,-2.9946490883066903,9.7736775223313259
0.60792085942489749,1.7096772681913848,6.6472906378580454
1.649258355329736,-2.4406994049363444,9.0653842111742655
-2.4983997190325571,-3.1881143680344364,10.706470577401067
2.7318146976528475,0.043444059522836476,7.5993184418972763
0.33018164779372672,3.4256404976773158,9.9226155413668842
1.4001776136260222,0.7246126856252495,6.0991907117295803
1.8106776198654817,-1.2719382990702592,6.9678183966253933
-1.8391201396659083,-1.9090339852040978,6.9848889357471204
-2.2809106901702809,0.34850779352026251,7.6073251291063482
0.71052268595348167,-0.38679396216175688,4.2747764421490828
3.110898294599993,3.154565766972242,10.084060161972038
-1.3847140852764599,0.93353869497726638,5.8393508419958593
-2.1295277553754599,-2.7169327075845984,9.1720685138871314
-2.3785204868713894,2.5348901591696116,10.057512329546052
-2.1038348954584114,0.57085147841174066,7.076696845242477
0.66707767743861801,3.3118909659645945,9.6700576374342866
3.1965310620755929,-3.0851339269118907,10.234934737670082
3.1459137343146342,-2.3502177814643108,10.230993033220591
-0.72651776888995201,-1.3186495354270402,5.7999431141312066
-0.80654268081598346,0.5025526080111522,4.5115541457176072
-2.7698437718711442,-0.95799100755223465,7.780265756962164
-2.7433466358915743,1.5006110012044767,9.2720853145208366
-2.1445538820203378,3.3592535969999497,10.344744608885371
1.7064245628245276,-2.9238529535346562,8.9657178201061836
-0.41178535798574067,0.96784886152801253,4.4157289344425728
-0.40105712570851626,2.1328203293872239,7.0722345401142341
-0.84057176291727131,-2.8712830216710117,7.7690942075334171
-1.7974316390383263,0.48969176130900172,6.6473306858048922
-0.58071443006091972,2.4008813337477575,8.1846964489340053
0.84614654003503453,-1.5347234010283408,6.2932994176125199
2.5428136053293828,1.7776510678388027,9.1484115049120778
-2.1372540667928299,-2.2562680324403726,8.4738111551357491
1.6261052398333025,-2.262262939074807,8.5539433904031057
0.9172071987516297,0.403736074378231,4.3382307834911131
2.8385943964728781,-0.51513627900954839,8.6269282874162982
-0.2439976029603268,1.6555395191556288,6.1626093458175504
0.56591900737315193,1.0988249599174349,4.9754890099390536
-2.7522110828707653,-0.34599849658085713,8.4497584362425648
-1.1573357560681572,1.5208421700131982,6.6529702702559597
0.66597879402507054,2.3144490713701487,7.8529643072118027
-1.7096995935695509,-2.3882920153662175,8.9142330579968014
-2.4536931272517037,-2.8960386006784828,10.104598492801468
-0.83615649592262598,-0.99076506015372123,3.9372229701023507
0.82856811629312688,-1.2950852137169551,5.5245384617234414
-0.28243247083166967,-2.8356700642890531,8.1843268750381277
-1.5548742436855445,0.68325588940991278,6.4790731053669504
-3.1869612183843365,2.4489761888243056,10.635156910343428
-0.12748048928505096,-0.35279094115183129,2.7034365804044533
0.96023595068262502,2.9582092856025701,7.2045901162461838
0.37057158211358132,0.52821627721657105,4.0289551724083736
3.3535348682717157,1.5386016666934159,10.394516213489283
2.0423969557561508,2.824413472084272,8.4721755353820232
1.3106271054393925,0.20249512036447648,5.1766388251927431
-1.7569449119196119,-2.4518456631547911,9.0293460334454725
0.38122639355006926,2.8962622119816199,8.4558570034705625
2.9633505317599367,-1.4156536592532083,9.0916709781884908
-1.7760061974210686,-2.3837617409591063,8.8350945233455285
2.0262872145924478,-1.1254158310977029,5.9781370704316465
-2.6698655601702126,0.1591290410192796,7.9876470278868261
0.18952790309234491,-0.83223671710171843,3.4514235322982607
-0.50155145489565456,0.7962292533029407,4.5104787555891974
-3.3257635254617681,-2.6005008774785603,11.17844828712094
-2.2074240038084785,-0.24765373246350242,6.9601376942506352
-0.6005791600728605,-0.2650644344666091,3.8542914545959022
2.0017066458354122,-0.6494039917663712,6.6394564182992895
3.135638080683723,0.98608075219361169,7.8667828957559589
0.38773600544350728,2.994088975827438,8.5422021420200025
1.9257790616904851,0.36203180832901349,6.4280759138750803
-3.4052018079081683,-0.79298449709989516,9.7647900693745093
-2.4112132470168106,-3.1708361614499236,10.501718391788275
-2.1411655013743398,0.021852048539070523,5.693119867369866
0.67600731508796752,1.4054787367763808,6.148851620840329
1.2742562268770108,0.49466165207078205,5.6713853723356245
0.58596120617272263,2.5868529419655726,8.5491575607026284
2.4343233603885235,-2.617108395403033,10.217258386299012
-1.4323029493609254,-3.2114154972044382,9.839662362786477
0.49533430065284278,2.1492141461741721,7.2618286908959995
-0.043377550521459085,-1.5153388959707139,5.5936014095051902
2.3911766123616776,0.35994623761623146,8.017414555853275
-0.70293426673394688,-2.4476799385970063,8.2282767003395243
1.0062750645099436,0.0065472788320359854,2.6551897129326356
0.62989614156542295,0.96725600230229336,4.5722344192462252
2.1755277390718799,-0.037118389096297388,5.9777020502319296
-0.36790501070579618,2.6111709769488813,8.45732969834242
3.1978853975804888,-0.36734122142112602,9.1929702780539202
2.4484454334645314,-3.4881875239105442,11.393548832484859
3.1855079050960917,1.5512988999136947,9.8427996688229857
-3.3847835831701589,0.19126539097146633,9.5122791279048489
0.30722137920304338,-0.35197079568813816,3.3749814362068946
0.42872713285020003,-2.7972306786203669,8.5771609336840964
-2.8451249565805816,-0.31039777646248456,8.2744792295767358
2.8205419289080522,2.6918107322033231,10.158951277764507
1.6140171340344791,0.35885368425401021,6.388293291178357
-0.13647279930764533,-3.4263458247154208,9.5169207132622375
-0.26479826009237639,-0.26947411467975702,2.8607011834191489
-0.055167198677679607,2.3107441837865084,6.9664303145592967
-1.8910123922698503,2.3433348799711862,8.5369926185392053
0.39372490738648658,3.2959294686083931,9.6253706896989524
-2.5645750005887549,-3.3506162330174876,11.235900963039827
-0.93741778379883867,0.35251488783880225,4.1841338357358708
-2.9376339170337271,-1.3592063732958293,8.9078725211817407
-1.2713116483717526,-1.749426526573852,7.0543638758902869
-2.8161871747063616,3.2694600329231536,10.70255164497566
1.1216262506019641,2.6502772926747085,8.3351253235539318
0.84314111529933022,2.6156355470766623,8.2517832987596424
3.0852685911179067,-3.0335955245788417,9.3655932475235861
3.4141455454988598,-1.6604464297817689,10.528503633749544
0.86651425592329279,-3.2974261428196869,9.1631816710893919
-1.4971420878831276,2.6862801270059897,9.2727066464597527
-2.6223633613869843,1.0483188702843478,8.1787610997444702
1.1171553094360984,-1.761760643455615,6.3249553134165417
-3.1453012446850166,-0.04522187879766415,7.7061377037904464
-1.7311069047475658,-1.6414486821659431,7.7577574471204649
-2.1374625666882126,0.61421898796320562,7.1659745676980826
2.0076809153269268,-0.55341907588386263,6.7927826192337868
2.4857115412419297,-0.071334948474264692,7.6944111844082546
1.8732954457947271,-0.16700939204231124,5.5691536840401596
-0.98680556039287382,1.5584099353760381,6.2784413397208674
0.28525769090083353,-0.33677521147879341,3.2371370483151267
-1.1565126206852447,-0.53062021836115525,5.2044129705918252
-1.3218624209361183,2.1710600019155448,7.7373331062627759
0.82632757015702207,-2.2883962187107336,7.4231781268884465
2.0733244416997332,-1.3649621736425228,7.5148486275519524
1.4449964450096493,2.4512722833845952,8.9563401021633133
3.4333165396438572,2.818840131648833,11.26654184272595
2.7004856850671368,1.9974107493238416,8.8662054688727672
1.5155836876052575,-1.6369583757596764,7.6907822865560469
-2.943539584778613,0.83487565762565819,7.682462930225654
-1.7634112057428186,-0.23913789583686684,6.0890474848198899
-2.8940356539284902,-2.5013126870086855,10.17579358389394
1.2214393036646651,1.9807055226750663,6.5307348020319687
-3.0211672924976982,-3.0004853870240127,9.0595296386585957
0.91367551786935586,1.9979345171353069,5.5295819800924733
-3.3658197016929972,0.56449340932057357,9.9224290518222773
-3.1247462817458787,2.3723504542579281,10.2284215266983
0.53016372580999427,-0.6626648713445018,4.508674846809587
0.59239684422429217,2.3155808856764324,7.9158057642756336
-2.9153534575737208,-3.097055072238363,9.4404202844919212
0.90174853206837469,0.34994773301699045,4.1545643829247005
-2.1779217073495456,-1.58760846576083,8.2440764963795807
-1.8819369682089617,3.4035699307872154,10.220980439001028
2.8058050148144069,0.21781486280946716,7.9721570978000269
-1.3961743715659614,-0.25077923484786657,5.6831612275394683
3.3147279080189671,-2.1944566953183546,10.345587846762243
1.3948804118988853,-2.9640767364813572,9.0370793121109756
-0.95194611986975763,-0.67972292401823431,4.4658211327524491
1.1208019573722501,-0.37805456160116213,4.7965352069023979
3.350106697651615,-1.1475916288843129,9.5915723424577735
-0.25635237512540465,0.86278055758393979,3.7514484788527547
-1.3862685918408335,2.5926192938091983,9.0702878898425414
0.77319010321117787,2.5456664967944942,8.3240121123449509
3.3365594730725885,1.4847501862194479,10.316496827639799
-2.8927794831442171,-1.2354600694752365,8.352767339681666
-0.47398523211345811,1.8975405519221944,6.6402816487288554
-1.0638466956540156,3.0232887268158946,7.4086032829976034
0.69037482384881699,-2.3917200712492042,8.0887798730850715
-1.4369539077732623,-1.1878542517279636,6.5909492334530704
2.4361842656854682,-3.229358536895711,10.758045055099819
-1.5033270625733977,2.8787703799767357,9.2125816699097651
-1.0522460234856701,0.54359708443463806,4.8106804409407182
-2.862370665012147,3.2892249377108955,10.698794503020054
-1.6192053140095628,-3.3167149374334217,10.285526537886264
-1.0518660944836231,0.1446396073978975,3.3230861210005891
3.3001262813377119,0.51758225013892112,9.7272814745325764
-0.87680732143575835,2.2458685710892379,7.0480553512989648
-3.4095778502608312,-1.6857489597068258,10.499753636106739
-1.5099440047573645,-1.6151663041293962,7.6713316355152816
1.2763746136478398,0.0076713173542444224,4.5040822795718434
2.1100898622341564,1.0487504624953612,6.018854207241116
-0.68511095238081721,-0.75393995108357803,4.5713568468181158
0.63213589152958782,0.25146415871720595,3.8424560356102937
-2.3612829349979165,1.4769099963308285,8.7875781093170851
2.5970539573317595,0.836492341808869,8.2614114761320216
-2.3012349841824884,1.6114139043450075,8.6932289960463969
-0.6875888261490366,-2.2628747365222353,7.6105274320486878
-1.27033266452715,2.3286311046783155,8.2341113606645422
1.6165524323886062,2.7541236268191609,9.2880033755381284
-2.5772206335127072,1.3280463376085478,8.9377807702962411
-3.0703345647346261,-1.6220839949232051,9.3826547705570569
-3.4128651774915588,3.4843810924514234,12.287644952578651
-3.4433124233358443,-2.2937833817855697,11.031039335372945
0.99011514417798008,2.1575361863547586,6.2545369546027239
3.2211135886811588,2.2875541244006916,10.305768015757831
2.4456170455991835,0.55363065371948572,8.2999289941404886
2.3328373453011748,-3.3584256453556982,10.931992327743339
-1.8841533015740248,2.3497915078956799,8.5720563578813938
-1.1380775588974918,0.68430274843932981,5.0121031223235164
-2.2195484746490433,-1.2611108048472843,7.7169341500447235
1.4729469613543245,0.7374082917864575,6.2872117184083187
-1.5895429794603873,0.43816554636156013,6.4656164577440514
0.87618174467518095,-3.3090707231026384,9.202214494231086
-0.47021144573395279,1.273258429736317,5.6424730989065353
0.47867523610362017,2.7588154648526189,8.6315865832475147
-0.46359486154478091,-0.37575762396722068,3.9061350378072675
2.0309503144500374,-1.372014860285196,7.4222117133588537
-0.87274019241776957,0.67590263196605793,4.476930539469862
1.8343555527248014,-0.96395781172743344,5.7027106068455211
-1.6774985296474669,2.3378163445449101,8.7868919406841943
1.4703926569766415,-1.2727037146290416,6.9573522936668475
2.1495679805214101,-0.55059636623321584,7.2698011973496275
0.27858617707388111,-1.5061041628305043,6.0584709203418079
1.7142837726259934,0.25527673406729523,6.1859126595387046
2.3940568896674055,0.37942037415773688,8.0533166741194329
0.80638995819893289,-2.0166270339563948,6.0517797355503298
-3.2325407776858257,-2.4337758176187294,10.764430165768855
0.35862967272382829,-1.5416505559772946,6.2794145696289618
1.5519149405197208,0.94746248187142612,6.2537587978252809
-2.9273165587416856,0.5197006317856987,8.6296781435555658
-3.4926267520012342,-2.5520802035613723,11.492230078969273
1.4945237310555957,1.1821430247227056,6.6967237377177788
-2.3236122222526041,0.64643787439805145,7.9073773592291889
2.4057771348858248,0.04668128156452056,7.421221892268937
0.24331567474460858,1.5856693251461449,6.1130520607494674
-1.4118441405638986,3.4628310734436614,10.530868995899972
1.0602346002913503,2.8606106354373448,7.5348936783735372
1.0767254929212866,-2.6191170396896837,8.2386292929650917
0.90747632458533722,2.1115823354711534,6.0428094198421718
-2.7683502708460894,-0.18522850656936418,7.9182986339802088
1.9125953546947478,-1.2690505138880028,6.8189991633786615
2.7814104392039596,-1.9653711479220268,8.5656745681423487
-1.4935706493822591,2.2321577337223477,8.3969487331318859
2.839863301960893,0.76677056093114526,8.1473440179702603
-2.1693743979790803,-3.452447830348647,10.692233529013514
-1.951077082010489,0.28018968282093981,6.1181383828139069
3.4165246122742943,-3.2738919581114097,11.873896308060147
-1.5106486603128022,-2.3315089458269553,8.7409194309095923
1.5322989248356134,2.5357979198591307,9.1878641766345979
1.3266974633943933,1.7412510012264857,7.2715599777374837
0.11657331334253485,3.292238072189174,8.8946420570028177
-2.767009885019736,-0.37137173328469641,8.4955767981019292
-2.2788398165874786,-0.90567690636221521,7.195776199324925
0.5323424046617875,2.9946901518741189,8.7000230347512417
3.4859506134068763,1.6714576888024197,10.661928090070667
-0.26918958198876997,-0.95992825349262567,3.8201342832809999
-3.4998147757911053,-2.6340640828725435,11.518856104285842
-2.6306502388267914,-3.3232714709465823,11.166000589494342
-0.37108811575822553,-0.83078202027199533,4.2298733343815478
-1.6131066184349983,2.3702916841123818,8.8992198676373224
0.21153353092412441,-0.86019410532234319,3.5222518294488339
2.0961927147671169,1.2096486338696169,6.8044984505816899
-0.12654141425521859,-1.6976976916800888,5.7898964665743264
-1.9021747004265241,2.8995738034975709,8.2180775950472604
0.23327224116872713,-0.020445349299246907,1.6393881636477694
2.9226142782209994,-0.23789760984971586,7.8912124269553061
-2.7400001763500232,-1.1061890822987523,8.1141673745297815
-0.8713893916350659,-2.3703107535674421,7.7224257239751548
-2.6378957095154267,2.7385305602904007,10.339078776383712
0.94334193442910674,0.77880414129023645,4.1472026091846779
0.55636842677201326,1.5461555475227851,6.4779850655521436
2.8987214721525545,-1.5449823144539518,9.224775846892511
-1.170453754980707,0.30545649485079363,4.7917096218086463
1.4665892065406831,1.8098392845276772,7.5948884642985384
2.7644035037604393,1.0298535605841082,7.8305441246725724
1.1527722538280996,-1.3381165230862009,6.1146082955698233
0.89944157035888406,3.085863641517637,7.7248611320729985
-1.7613859264900196,1.2019424048173315,6.7225865266936591
-1.1290108830655585,-0.15087383475377658,3.8046109314071224
0.13388449673353531,-2.2265512499841709,6.6272618836378641
-1.7991010741855831,-2.9169142948928237,8.6048606613178897
0.7091665537717784,-1.8083583561319689,6.4685473898782533
0.17087779094475497,-0.30787638602657008,2.6273427892178596
1.2523473533224063,-1.4409963164995232,6.8277264567843385
-2.0763001911022423,-0.61204796863052247,6.9278846017468787
-0.83738423247658078,0.22125925173704175,3.6038356955378354
-1.0700694156653783,-0.77956878161987131,4.4091849492562893
-1.7509954601103515,-3.1496280042984885,9.3568128039781318
2.0338895945168414,2.891136593002412,8.1847185666662572
-1.3362266037243629,-0.16352551417718431,5.1847286607201752
-2.7287128500636291,3.0550962769732379,10.015188248912887
2.7897571965322321,-1.8044133732857768,8.878462608237264
-3.0711732430678484,-0.76864586935028534,8.2725990026270591
1.5827744702157016,2.7187080295517747,9.3127558860777686
3.2914241998440934,3.366704486325407,11.812419224733434
1.6395867455609245,-0.89324191958112253,6.2849731468051218
1.9262188389477277,-2.9726428214390674,8.0394136058877255
-1.5523066676209227,-2.4772303323628595,9.1109674790073818
-0.20610756274891795,2.8236815374875519,7.8845871071131288
0.35592861263516973,2.8344660808927102,8.4195831651855109
0.45287158372516245,2.0836862559585771,6.9697224281668326
0.10765340593370443,-1.2026721175107662,4.1479948347790909
-2.2011163204195237,1.4046937640870478,8.1238873398989728
-0.43778534622874243,3.312702574774784,9.7303456644878441
1.3737632946690059,2.9247263564320214,8.9554345763169216
0.10691876063324601,-2.4543764163906325,7.6727195555289409
-2.4292204916835276,-2.603080866092899,10.203050633717048
3.3882571795519425,-0.84462135724637211,9.6093450450173492
-3.4338807532808096,2.4001922576099197,11.237175963785562
-2.0614723486835764,-2.2662370161160346,8.2401775227327416
1.8711380348983031,-2.0266053160274762,6.8667749653009267
-0.65580483375149701,2.3589169486282824,8.0200704944111401
2.0699697537492074,0.84389502699980579,6.0626366669072169
2.1094621421250705,2.4799157988728897,9.2019337467973639
2.9654995230249748,-1.9293053536614488,8.0322330437155909
-3.425942375282145,0.27502027908553206,9.8258994656797878
1.4927239946763411,0.76907996140406265,6.3017003473205335
-2.8666319542631653,1.7789989499572858,8.7772647214262349
-0.2271464366424909,2.9689124515405894,7.8374716000624733
-0.52037597510439015,-1.7148952530197006,6.6498852800690109
-1.6972325902549026,2.1639370582481225,8.0633522172531436
-3.155120530861184,-0.86303462950108223,8.2908859665870231
-1.3253860159070383,-1.1386579683599529,5.9987791321626993
3.1730157501893199,-1.2922800909669445,9.2918685386830937
-1.8460685568315136,-2.521686066305131,9.0535764930259361
1.2370298414281553,2.1851671438343239,7.4266556246978954
-2.0040863406966309,-0.96049293345215592,5.435638019595654
-0.97988141670244921,1.6880692442731302,6.1841230342013134
3.4756967122729696,-3.044256409016934,11.326325228553559
-3.1357699786139341,1.2166384980166507,8.7472631355236992
2.3418030130069862,2.6517401456629681,10.021499044319308
-2.1343544165289163,2.4911330162746115,9.2958807494928397
1.7638556911671817,0.46990247627079551,6.6294968491625426
-3.0929713937028094,3.4115877961774661,11.297958366552807
-1.5555462508133517,-3.2005889062200987,9.8988891430010462
1.3483960428279538,0.23236074704009457,5.4459615813982651
3.2683274581999795,-3.1322299544589547,10.851836263949005
3.0518748967501423,-2.4095648294559844,10.124590365646007
0.40517564637248782,2.1900825329120845,7.3277059529477597
0.72257302909777632,-3.0776483524060336,8.5009263562968513
1.188799218714732,2.5723270498304078,8.5522082457995694
0.011590640466635271,-0.77718613323453356,3.0076172864061448
-0.9646282063810494,-1.7239958757360652,6.091878579646167
1.0385695512670159,2.6317030417315852,8.1549893275707994
2.913831572363371,1.0423017655438258,7.3205849710171584
-1.012822797725752,0.061362547318445149,2.7757501488384939
-2.7988485150133586,-2.1112597781866684,8.8312582980456984
-1.1714082696246075,-3.2215314732477478,9.0162507596214603
-0.17168629173128025,0.69415653154593926,3.575432161176419
2.095090113588653,-0.91092747051147249,5.9303762114714154
-2.8876828961137169,0.23108010628247033,7.8885893177080941
-1.8360902646559008,0.45608057782556966,6.6136712018831112
2.3346537118524413,-2.3147899036180961,9.5182945514238213
-2.2669122259634911,0.45980348213687261,7.7139087482497217
-3.0756533575072118,2.9285451411554524,9.3012577089933011
-0.074463725930558056,-1.2111365852524445,4.1087958979502872
-2.6790858834159215,-0.58781720234170232,8.6219602605659329
-2.0734498002106152,-1.9339001800726932,6.8525899144603848
-3.2424142423333748,2.9131546407252813,10.350772950649226
-2.6207482169075575,2.5319487015774467,10.346199669250145
-1.9297521949757839,2.8122793677264575,8.4698415310498554
-1.860342025869542,3.1958348780895598,9.2364737885499544
-1.3207286328453267,2.363864530788355,8.5001723414783292
-0.36641001376984228,3.3617520671273855,9.8023464731149232
-2.7512249131212556,0.68902599143881105,8.4938763387488905
-0.43454899323571006,-2.9124274483775499,8.5620670824682072
-3.4382982703403089,-2.801528653151244,11.298838498830342
-0.03599775899275981,1.2148138970575975,4.0601188392059377
1.5032389771653802,3.3455551041215257,10.355082269174517
-0.17731685715211043,-2.6393070806132699,8.055133829894821
-1.3925513645911805,0.82766916418788128,5.9575684038511909
-2.2518949972426254,0.89035689974948351,7.0554686973284326
-2.8542848598423718,-0.8073094168441326,7.9532198446115139
-2.6332936527864055,1.4021254891460213,9.1266965608699007
0.96216898806785167,-0.40639692533252836,4.3922200704834324
2.3169159474223449,-1.4970990076969364,8.684070757135272
0.39444569654262729,-0.84713698031714291,4.2960222175624807
2.6692611570713112,2.6889984255641135,10.364030287789234
0.25231453905148449,2.5173862543429069,8.1300329373841027
-0.36030234971863262,-1.8334074917234537,6.4294316075943279
-1.7342343498737236,-1.9980834873875479,7.3918686799190443
1.3048868926033519,-3.2002378270036425,9.4656564458062888
-2.4482501850015979,-0.71097532660230112,8.2208071213110454
2.3457523770847555,0.64042437433628585,7.9895718241295075
-0.97149314601493764,0.62110446610876835,4.5889097413752253
-1.1399856923272496,1.2748413680645765,5.742395085643679
1.0034787883528544,1.4917263820680402,6.2078067292360117
-1.4619525572537126,-2.8723595535327973,9.1685140846153566
-0.63298402653205343,-2.6714744774422914,8.5893260022367048
-0.18521234194134495,1.9533166213182112,5.597273077404278
1.5960217055120998,-1.461660636471759,7.5838087744248899
-3.2908951291964947,-2.4705380550751022,11.003440112986359
1.1701677055982147,0.79302830354151244,4.8887145318631191
2.5263578628209089,0.29501886191110094,8.2295413923786427
-0.51063411124523084,-2.6835045837919282,8.6314346191944065
-1.992891313031107,-1.6549066603257596,7.6091147153605352
0.93388459782259936,-2.2421172558694105,6.9127742665675989
-0.35951680458231339,-1.1955764497616848,5.0944826769039047
-2.6118245318740878,1.6369953410174283,9.2920410474376283
0.70288393084951739,-2.5585222690283373,8.4337077700133101
-3.2751315865663821,0.50370328681734211,9.6402217663202467
-3.3832745270069826,3.2402453535670563,11.695946515891128
2.733461078446334,1.1328155543101364,8.2286704306652414
3.0954799109038396,2.9077208772728227,9.4532260731200175
-0.44423643737107144,0.024448096791098273,2.9131098587352966
-2.3526170062751204,-2.3127159911115678,9.5639277854435605
2.825213860439832,-2.6604359439374279,10.203979248078774
-3.2220488880264915,2.964123729059553,10.173678375421796
-1.9746735396507069,-1.8124810272763248,7.0445157056108432
2.3019026224016432,1.0428089085595245,7.3485571501964753
-0.21780311374302208,-1.2757626758696965,5.0433500306928529
2.568377674767234,0.8386064054173783,8.2430087921740345
-1.7394833794157827,2.5213727439828242,9.1601885470759647
2.8018808428339863,-3.1676592387078526,10.217961056813769
3.4170657341060346,0.27331193492102068,9.7992114003544
1.7266266644622492,0.25801423635919996,6.1874509769187469
1.2461114160356512,-3.4291260409320796,10.135293015000723
2.7778815128845382,2.1973571570589696,9.3151527080444598
-2.4968924729531352,2.0698686615685844,9.1219972144767585
1.1983459741297438,-2.5571817188046677,8.5691131148016044
-1.5667643940794567,2.1352753951797494,8.0851739042195376
-0.90499733721985143,-2.793611617042199,7.7840656270128541
-2.5195831236265418,-1.019869584211702,8.1013064019425105
2.5489375799236029,3.0975656366268147,10.442658622339774
-0.50096663555896104,-3.4564347274934826,10.138909556092727
-2.5310248852301509,2.557962732626172,10.31146229340561
-0.020817264187598106,-2.3562293188111516,7.1815311914519704
3.256958724344206,-2.1243267584412884,9.7829365266299462
2.0158707729415273,-2.3421081708884635,8.5479625853134191
-2.4284247483055439,-0.56795699791610099,8.2581220634792558
3.2362610512887295,-0.17083937481268885,8.7459570927577062
-0.51367881754566413,-1.5694147150484095,6.4974631002137215
0.92598621946570603,0.40727789956581528,4.3544448445542976
1.6524263915614412,1.2664363282901894,7.1068067795311372
0.66493605658906763,1.2618941860348896,5.6250322716968668
-0.50507212799601175,3.2603577524636798,9.5881885732163745
-2.8760489648251206,-2.0115637210704929,8.1929492729642863
0.59858069579576423,-1.0576847317882239,4.8142745563022054
0.20440152081962015,-1.4608264313622801,5.774768418801294
0.85322920051165951,-1.7102370085320631,6.2598404589866057
-1.3507539983138899,3.4483547387049862,10.4092259668978
-2.4667403433235267,-3.3523562827826021,11.162005622573929
2.8182608364892872,-2.9209809648523768,9.5422277849999446
0.63147761934630253,-3.3657104338760049,9.8844801896704642
-2.5302371971366862,0.70777270503184564,8.3883951273267936
1.5293237712978334,0.97430738868985944,6.2403091954007408
-2.6978919602358551,1.6773287702680806,9.2733608480422678
1.7330350935223358,3.2944872744214999,10.078208610863014
1.2116508271684108,1.3476035832532229,6.3949040726064972
0.7452422283794693,2.5507352506128091,8.3708409469560827
1.7422980493025628,-2.3434878874922243,8.7448785407672247
-2.6716611779657842,-2.737858710557405,10.314847888187224
3.396425647213734,-1.2752092218995634,10.124297717203925
-1.1905338548852886,2.153370302134717,6.9995498640215388
1.1490947901860977,0.58274016129428308,5.1784241822139201
-2.0385307189400423,-1.9426670894996461,6.6938756731448699
-0.87537354702556147,2.2634114178730922,7.1617920311340413
-3.458943038806058,0.74162717511700471,9.990488445845811
-1.7223210568034202,0.79378436293153154,6.3725991375910489
0.24588558507960467,-2.7005146012145289,8.2193890229325532
1.1196953485373387,-2.5660589873302797,8.3455901001798303
-2.9383487409621392,-0.54461244039988177,8.6291433521786018
-2.9574979865390882,-3.2250685837141622,10.195690511519771
-0.54335532785411544,2.1018956475664314,7.0830513159863759
-2.2955879651344739,-3.1575561167582111,10.060958523253191
0.23348112945695609,-1.0537915831261513,3.861603853898238
-3.4207828008384422,-0.59933483490432193,10.050192903470448
2.8292697535518059,1.8065968390790346,8.7659954512942981
3.3255255983549379,1.142199990563201,9.4658762017945062
0.32718994906385168,-1.633391095322847,6.3491935312171428
1.8781780729326094,-0.92427759117311936,5.6063364821181487
0.56905992862142529,-0.69905612562827413,4.5691801567995292
2.5916400191521003,0.36931521814153001,8.4389502916079362
1.1042610568675419,2.0811897184696404,6.0857528889940902
2.2107030950772355,1.4210582141769743,8.1985927791744633
1.9475942809843341,-0.78416475347703152,6.0707848014145398
-1.4913352948785299,1.4663694196216115,7.4670060291551703
-0.54732088687461111,-1.0998296265055418,4.9785039130844062
0.53530103272863272,2.7199193004938813,8.6456980766495342
-0.76137807002938906,-0.18710046890491316,3.5609776250268546
-3.1665715985109615,-2.0175228140056345,8.8466966194652628
-0.6548299811595415,-1.722983539213145,6.6140609506666976
1.0020514846546602,1.010784252870911,3.649650396755586
1.180494865974179,0.43605425025735745,5.1991605327464647
-1.8464468299265095,2.1052637710642443,7.2857744934728501
-1.6565228427708993,-1.6012176364967252,7.7726321319673453
-2.8934321396411802,0.17913902716891217,7.6093625091051784
0.024780678485662122,-2.6825908709291357,7.69836929985048
0.080669931404661277,-1.3960429186981589,5.2660688250659042
-2.3118342752139087,0.19019570471106784,7.3176029841454238
0.18559851421349194,-1.4419296121764411,5.6719425785800333
2.3174287349471721,3.042061076007796,9.7536521138139918
-1.2389249864894136,0.95897063997083709,5.013936556529643
2.9041580384184282,-1.714289672777179,8.953575000723788
1.2643567837086671,1.4450593472457269,6.8770651071536388
3.0293578207129483,2.6392296051779809,10.200966787234501
-2.4809655611730719,-3.4891913537044639,11.432294757908201
-1.679366324700428,0.84698432585369687,6.3153113754231995
-2.8767842930566174,-0.29020168608839247,8.1689192353810487
-3.1904497864467869,-0.084936500203194765,8.136652290161754
-1.6087681706107391,2.1638750619012797,8.1812239397361299
-0.042566536037092817,-0.23183290011598867,1.6593875601162082
2.9668250270393983,-1.1475283882686109,7.7620924977714836
-2.8719298885135656,-1.6519037914723083,9.1407199081382409
-0.027863418519912919,-1.5560717606719157,5.6461275493189369
-0.67897202371864562,-0.43265565978136689,4.3597725702539485
-3.1911072096616859,3.2770861319997078,11.143789347883772
1.1619169710372059,0.9522000275119904,4.4494237488333255
2.9194502693052851,-0.44010191510721874,8.5722539421325141
0.41019529116558617,1.2101128040728453,5.2826381439077892
0.61977593783756735,1.2917379661243711,5.7766648186306533
0.027890197518981363,3.3603410348178357,9.0949347388766029
0.69356727427796017,-1.0206396263057531,4.5407975003025385
-2.8530672123029324,0.77629494706538349,8.0851124824393921
-0.71451693681906958,-1.234069255333528,5.4297151237596033
0.52961009377545221,1.1659350137212972,5.2441590358087602
-1.9219917970263207,0.89134379862446789,5.6050751255628484
-0.75426201606926702,-1.4742650636291712,6.2754062382262035
1.3045058695524414,-0.19750890432691737,5.128520791903437
1.7589150363759734,1.9909345541180024,7.2879921994809482
2.5801615966129523,-1.3352705399098972,8.9566559916278408
-2.6395592797009373,-0.90629890456277584,8.1395751190865155
-1.0012727254305949,0.77139136393303254,4.2290520753124916
-1.5775857996161626,2.2519476652808423,8.5225190976147758
3.1662258324683972,1.2946488345871021,9.2696712219256714
-1.0363920038533339,3.3366658299722323,9.2600076957408444
2.8123342389341914,1.696481934368185,9.1228802009386207
0.17304513572556468,-1.9681770433395429,5.5342254687875858
-0.25409787214622392,-2.1847306162206537,6.8597429710992124
0.34506903781594023,-1.3149361551963015,5.5973549421843956
2.2785463763812572,-2.7602689884685825,9.7177628917930754
1.7866179960979895,1.4413326219625286,7.5594730225564479
-1.7626995803454861,1.703366339966359,7.6766121040059048
1.1281311667350229,-3.401981578673194,9.7305385236817425
2.5350933668422213,2.5278826405316188,10.288607831207829
-3.0781071072840134,0.86188682881593603,7.8445017344271548
-3.4637688819912262,3.2516494602774504,11.892069330585725
0.023902682080445548,2.5694375346399561,7.7698951529831852
-2.681884125770738,-1.899969023084858,8.9355223821629384
3.4362892633638955,2.4904720604032136,11.360920289288368
-0.23273072723648403,-1.3161006214252842,5.2999773266187944
-1.0504343925189086,0.16360031678110865,3.4279072994086235
-1.0842522101876932,0.017651750088431228,3.0311237191139888
0.78183489513679572,-3.28781239347434,9.3351645417742404
-0.89600214870435391,-0.73709184925547699,4.3165021340270506
-2.1470640087916522,2.0281813734474294,7.3359123686173131
1.1855508519269833,0.74364120341718376,5.1158563621851521
3.3166731377173679,-2.1852031748841121,10.318907613303629
-2.6401167221836044,3.0917629691431516,10.35779582710869
2.5180802380840159,0.59537007140824283,8.4445779789815454
2.9047935097101103,1.6929594023482917,9.0180756201473784
2.6838714909819146,1.4523712245336879,9.221664687894636
0.54475925256242963,1.3814685639715858,6.0784878847879646
1.3668156522788566,-2.1104252462654651,7.6522962714340448
-1.7062023051089463,-2.9571441489074015,8.9639126389730936
-2.132943373328243,0.042997009182620616,5.662691973811576
2.9312651029828141,1.0707852877498043,7.3817150727281096
1.4345117866432968,-0.85016855485730325,6.071074514787842
-1.6940086863535548,-2.4718576090295921,9.1124771641682329
-2.304622719254914,0.88310718955987522,7.3859890046225765
-1.2481687011319651,-0.43472551380619828,5.4921845122998789
-1.0442841234314386,1.371234720364952,5.8993688323959681
-1.4626543106882566,-1.2836510553674145,6.9764332066867798
-2.2206352302311934,0.72856291803663442,7.3223260950956064
-0.23503718882365332,-1.1816492311745637,4.5608387285890863
-2.2446259986026478,2.5953872050676674,9.7346472078669422
-1.0805522744397504,0.262470136480494,4.1394781628029307
-0.01967870176912756,-1.8568826006046919,5.095743322775558
-2.270796755866697,-0.35677667070340124,7.5822651413844984
0.68270636358925341,-3.3214967080759874,9.6815116008316391
-0.9455440121549108,1.9791217946397328,5.4228619320884519
-2.0050080208640995,0.24578693801799112,6.0178511650835098
-2.4005567371503407,-1.9545691552551598,8.7320000422687691
-3.3772963630277069,2.2392467476970745,10.719794717473079
-1.4767481770659439,-3.1114871812202467,9.5361954540318052
1.7881284862337852,1.2206596629783721,6.7592070711346484
-0.26446959865217989,0.71303292515008021,3.9059389720016995
-1.5134423903146512,-1.8032091158755645,7.6659093473297943
2.4260976642461687,-2.4441883292889375,10.029469089917464
-2.8893088953623418,0.45151271782678482,8.5814682728532929
3.2674610024837758,2.6064753741313291,11.004368670908258
3.1715205616937983,-0.32784686306023358,8.9755742452504208
3.0116760229741084,-2.9463226688632758,9.0570167798813337
1.2854824662787383,1.4926820627771731,7.0379102759142711
-1.4403856497638223,-2.3451168102605693,8.6925260040602552
-2.3977578405392457,0.36643336890582212,8.0461407054004486
-2.7357476856854399,-3.2639085320222923,10.851674543864492
1.8257274435393231,-1.6108980030369284,7.6875196433204085
-2.8513507458252763,-0.34284252740522225,8.3718817998039068
1.2306074264549789,1.9287350443564124,6.5790903947655899
-0.17112638854157147,2.3380951751676182,7.3867081435657251
1.6710026262206474,2.319565406946329,8.7315307672366647
0.20816084356732834,-0.28792943707137741,2.6864077745716166
1.6998501133008501,-1.3710974638421249,7.425763997878601
-3.4769301046293153,0.18033540713525031,9.7411410786744668
-1.8283760369069506,3.0798526959105201,8.7029998162180675
0.57640944854029286,2.6131791925640222,8.5803164338674485
1.2078970932215256,1.2840828516273497,6.1068071141634555
-2.6267692007061041,3.4435332549129409,11.437292522651838
0.29840244504290503,1.1030799700793157,4.4199943711562817
2.2353484260195211,1.8873211568901107,7.9639191958233226
0.30957710686623185,-2.3676491190889926,7.8551887004585748
-0.44889191160873709,1.0162800766262805,4.6030350518366632
-3.466892804587149,1.6587251495910742,10.636844201825003
2.4001866156524843,-1.4238849230987816,8.8123287479117476
-2.3021914042713214,-2.0915563907075816,8.5410359082490626
-3.2228583682899066,-1.3249009098035751,9.6321700211127137
-0.27828113569800772,-2.3490898802023095,7.7209657576640591
-1.2057158418421037,1.1011857708416297,5.1269383906942352
3.2259810053066715,1.6834998358468241,9.8834964568975092
-2.2701256649514101,1.3778975251555421,8.3250353564007398
1.9896513698547427,-2.9962784341393038,7.9771427262367158
0.46078409499739159,0.284540861270413,3.6399433556522496
0.80729007110874917,-0.57519734449370752,4.5702396008165422
-2.9501040155225677,1.6225792731140247,9.1710326959664776
1.8416608623253783,-0.78551433411588656,6.1835658963878366
2.4541593629503753,0.59377352417427609,8.3154457944999081
2.1985752373667546,-0.94664580125970099,6.5824761119232242
-0.86441766097305228,0.55890653317459549,4.555677501088649
0.64751029999821164,-3.3800535397448765,9.9109162586048267
2.6051852527909256,-2.4108263505748724,10.170439698631295
2.3263108444893126,2.8438432659923052,9.7745924187721993
1.2533508846519847,0.90955593678545377,5.1437860173189698
-2.03120126277756,-1.1674639797109307,6.2665480555874744
-2.2797963929304008,0.97117631508580882,7.1408419573879485
-1.9619815767118813,1.5904259583700782,7.658857970299346
0.45862299720834221,-0.062702436204202794,3.0068696944127851
1.3656037768026597,-1.0723181723870097,5.9484670660629
2.2062848578389502,-0.02594451312854229,6.2034904604673393
-3.2690306901405459,-2.113674515422697,9.810818196369139
1.0647632434980361,-2.1429608920206489,6.2989990606831938
0.45629617103080733,-0.13073080482784949,3.1479638139335009
-1.4293530653197175,-0.65362610850412395,6.2253997524558606
-0.82183711601165577,2.5596152116957072,8.2626312903394119
2.129743105721789,-3.0417513423753841,8.6051030261977388
-0.76779757030571893,2.0019784515858356,6.2064403141408029
3.063047761477943,-0.86679152362325818,7.7511958854415859
1.184885906991429,-2.2192782389324264,7.3629335181252031
-2.719434468453104,0.018957772733747547,7.6104126851638743
-1.0528486438927778,1.6330391724932367,6.3762273944575547
2.0068404323190441,-2.5339363308564637,9.0453586096311795
-1.6319935627550961,-0.059199052580260592,5.7060095406314559
-0.76437809671787527,-2.1371099074679814,6.760733335802545
-1.9258561450379403,1.8425468961324887,6.9418191286860971
-0.34360836887458346,1.4856062442554094,6.1372873180755079
-2.6144726736395629,0.6360946649916297,8.5537800680898357
1.3669875747810059,-3.2292878430434535,9.7750520654158084
-0.55482670285889446,-2.5575657930968001,8.5137763752621911
-2.3477358030864206,2.7627446922613395,9.9608449055835724
-1.097358088305886,-2.3842038851286045,7.883259650922632
0.71974276620065059,-2.2107852032798441,7.2947484742012527
0.12182652970318175,-2.8364137383678698,7.4751452386443624
-1.3797976290862635,-0.37370919029361849,5.8897241674730374
0.53453961496804325,-0.68945567609632752,4.5299517147552848
3.1408621901341496,-3.2978161842858604,11.031446401776364
2.4472972314554271,1.2861535205256569,8.6336126477006925
2.774380823660751,-3.2674929389611713,10.788169105223909
0.75969554323869293,3.2741392851032014,9.3288381217759113
-0.9449301053339032,-0.65659132046282709,4.5083632619778626
0.56407537517496387,-3.4147973403695326,10.048625735043863
-3.1338389008513889,-1.083864580157758,8.0549092577327208
0.54101575128308532,-2.3993079757215501,8.1819334596572677
-2.8310186506270423,2.0782834609552854,8.5645897193177127
-2.3949560770783505,0.20197791053082614,7.6998506744464255
-2.7875500705686287,-3.246479236865822,10.661904150240829
-1.0555151656678148,2.7080932139096294,8.054535172991848
-0.33807857282629872,-1.8850670486984584,6.3445874053692179
2.6496253649519463,-0.27913369548215305,8.3171751897252193
2.3894984290386487,1.3999283755152545,8.7450057599774205
-2.9071984129408639,2.5862915681233947,10.193428910878003
0.23830826322989607,3.293103193578867,9.2723431404714631
-2.2904242107626733,-0.52518469835891102,7.8348672155632482
2.1305828172142904,0.17281515637085976,6.1605475286887206
-3.2370370915064783,3.1343861624167628,10.691364380850835
0.83603135985973775,-2.5535414849260518,8.2340729248126152
0.92475560284135394,-1.6375638338340381,6.2607621871961747
2.2728696958927808,-0.080051480324899948,6.7763372038544247
-2.2857769692498207,0.42321516010428706,7.7474217153830018
-3.1818354294454214,2.5515786419063593,10.718170324061802
0.018180036101616892,0.84091958684709134,2.807779818113552
-2.2561116720026355,3.0697366623996283,9.506145765222989
0.098067335101453157,3.0788390691446237,7.4463521625117064
1.58472279341128,2.1375370577033737,8.0912088730245308
-2.9485789171511887,-1.5032897902139397,9.2193944820294114
-1.2459986463594985,-0.64768041652369623,5.5702763164318796
1.5849500212975283,2.3966140941720209,8.960026205495323
1.9022719885575157,-3.2600054007523402,9.5323758488812764
2.8175316694022738,1.1041636413884968,7.8548499083027199
1.4961417838143554,-3.337864600036232,10.32898545639004
3.4107593127143065,0.0095135754140938111,9.2931315931540031
-1.4806125847475267,-3.4125360583252973,10.502402329208349
-0.47309430912428407,0.55773326166735071,4.3007279087719681
-0.83234044553824527,-0.37248474553291855,4.2338320664322175
0.48518647399071835,-0.3837166794205964,3.9746899831230778
3.2177498200147152,0.41960265749030867,9.3648942530962866
3.2118422801373034,-0.37640688849317838,9.2706197842177733
-0.73719726452354184,-1.9409872028459034,6.2763357994163762
0.41495907250724073,1.4472240333003015,6.1484669218004768
-1.7362387179132859,-2.9101840418694196,8.8719889094759861
2.7204839937574352,-1.5187428798982543,9.2905988987452641
-1.8856237789197536,3.459463975626532,10.363985273905641
-1.1891141363947364,2.6248477735148406,8.5663883680698518
-1.8908060668088864,0.3998345225589377,6.5183858102515728
-1.418749055655816,3.0868111273557854,9.3568506318014766
3.399742306374848,-2.3776985439941001,11.129233018486824
-1.1757705882139495,1.6652623866216434,6.7559465979717856
2.2874080183187591,0.50594353629940869,7.8185363760333626
-2.4121480176285979,-2.8538597842114806,10.042885481490629
2.3113749914786652,1.1471141732519996,7.713484553282937
-2.6381321196723007,2.2468073269973416,9.7353582531173384
1.0732994634819493,1.5476892676853975,6.424355116513091
-0.15854329083119012,1.0853498507291759,3.5751140348908486
-2.0298961520427761,-1.8014514811409783,7.177511690643712
-1.7818482484660978,-2.3447045234705621,8.6964273206885814
-2.67779195260918,2.393535615475133,10.140871422310347
1.6191767534910895,3.1971507637859782,9.854089614216921
0.80060030649464586,-3.2711983014414892,9.2023115988755446
-1.0978125979999116,0.10687548251657653,3.3814690929597084
1.4801906213355283,2.16671160539879,8.1370012313551872
-1.781052163070791,2.1367793601456055,7.6959246397483607
2.4986242951260973,1.7304913602562388,9.1353259259073525
2.2117199205007143,-1.6047584034175859,8.3704279006635662
0.05578875229246405,0.94417043254490363,2.6644629409332161
-0.16437066396640132,0.0047037931583107095,1.04827153964413
0.31897045700707105,0.85042881400396553,4.0403908941167188
1.7826747784212689,1.3505481661728211,7.3171026846884253
0.41027165271521859,-2.6097671838979553,8.5077753805591687
1.9786160018813401,2.0477589791641266,6.7017195283403552
-0.55845978430051568,-2.0437667891071998,6.8817389899148704
0.80543253993432007,-2.0374066976100154,6.1180523499131603
0.18593138958743349,-2.0665394636619769,5.8833521917834801
1.92747105717977,-2.7431878710085567,8.7362829515759675
-1.3700360288502189,-0.16159026054566761,5.3388169933854677
-0.37000452274974549,2.617867160853403,8.4663992297511736
0.9439311899579268,2.9254285946190111,7.2715951173625637
3.1990758784429367,3.2180040893278683,10.897273045832319
-0.61164534354435807,1.6272971414919928,6.5958138233933106
1.7842512142004532,0.078007877488867727,5.4526484450949688
0.56156965495574696,-2.2165173413044608,7.5454883625585438
1.7786347245004333,-1.5950291516081159,7.7292198147476991
-1.7071020641604844,-0.41802265340995648,6.5532128056819658
2.4333288084911597,-0.28472822876128534,8.0063591286717788
1.642765379577769,2.2255505395848934,8.4031370281854336
1.2699930905195185,-3.4259971605332664,10.188130872598403
3.0073897047653393,0.32250233933444505,8.3563142959325845
-1.2005901991177277,-3.3784637166773712,9.8611289111586586
2.0566543761614131,0.16793166845190566,5.7356592226603134
-1.6464475522842872,-1.4204170833135135,7.5365565653583015
-1.5254637002943596,2.3663227890381586,8.849979787211014
2.6678141915382918,1.1129690775312682,8.2878255801586196
3.3836909672434619,-0.37665917092215118,9.8788095977637891
-1.0958529080167998,-1.8908269364880139,5.8124765933019908
1.2770790216962356,-0.41264771775775744,5.5760358980002387
0.45739487764087317,0.00018902132390152815,2.9530680830753653
1.0520625187411436,0.19043697388912051,3.5972093162234344
1.2518086185450548,-1.4838547856724316,6.9153356735642788
-0.41207671159693016,-0.67643797560236774,4.314891745002754
2.2867891609846929,-0.93366782279488003,7.2062252383637535
-0.15511069963928081,2.6500226495146766,7.9911435808465292
-1.9606983985021775,2.4026450657368832,8.7406606770573401
3.3977760644793324,-2.8746370641069268,11.106756762274854
0.08540921084126385,-0.62582335635937891,3.3462017753824149
2.1475369981883832,-3.0186059238967236,8.6560107451328872
2.0333085619925884,-0.90785750461114789,5.6428623941053146
3.4323661517010393,-0.91951125549966672,9.6362302852417674
-2.7474902154104077,3.3651934582751224,11.18628847767862
1.9587028317262076,2.6217415214114137,8.9977738149719091
2.8331779021732455,2.0589941207819411,8.485128977444532
0.46764440096598303,-0.80160770081439692,4.4595922633038754
2.8074925422846251,1.4202771109904972,9.1315848561243715
3.3113762408933232,1.6030708527826532,10.275227811210748
-0.44281099098045118,-1.1908965255939123,5.2568044370931304
2.4045814617369707,0.78002383065037861,8.0030316518006863
-0.25221733732514195,1.6624714004614702,6.186378695674982
-0.88257978093844835,-2.3095922253831596,7.4139862732920179
-1.023519452758368,0.7024359625535963,4.5231909265170529
3.1036874581381655,-3.002107293599237,9.4048990193936302
-2.6341984354928005,0.22702411360400809,8.186963321928534
3.1574723184034159,1.151477574152902,8.5253833257239631
0.27562804478805436,1.3964226940905897,5.7448016258583294
3.1157216287485001,-0.074500565944080499,7.5773132031069661
1.0566288376321351,-0.13533496599723138,3.2930057289029016
1.4319567041443841,3.0167901183981627,9.2033393919346995
2.4633894958299472,-3.3066403434783203,11.039018898376183
-2.200207711182093,3.0338388114524859,9.0447296967806796
-0.61574687391174754,-0.50829966752562417,4.4360146784358214
-1.695692159109663,-0.90117455943082714,6.2042121061858246
3.428874533803123,-1.8205371068437477,10.378653034621641
-3.3036840046471805,1.1609627321927096,9.4245104486000653
-2.7644312261510882,1.1879346761613112,8.3842974536482782
-3.2550843141978083,-0.62285463962558296,9.5140521797418049
0.72161342204896961,2.3975613500168089,8.0686168507601845
2.2944802493820937,-2.0783936229588607,8.4560342839453266
0.57583569255416656,2.4071484516120281,8.2024178055706507
-2.5040458402429979,-1.7954760520967432,9.0842775264293696
3.0965825830244524,-2.0429219728899994,8.4413165539594921
0.28713948895766839,-1.7966533543132797,6.2264309232216455
1.894690020227717,0.82552024227446275,5.9226859237360259
-1.8895249219209309,-2.3262676981655197,8.4614315830095457
1.6446585306544037,-2.1948785656837408,8.2768827378854084
0.14119213490425642,-0.38479507154798931,2.9017560071205999
-3.3379994606609529,3.3242746039741773,11.831312267269556
2.6889072528949667,-1.0446775918866531,8.0774917568857685
3.3349550552794014,2.2680439033249131,10.6791877739449
0.6674105581575116,2.2289778089338936,7.4926781939072438
-2.8781091214005303,1.3312983600196144,8.8231399693003638
-2.9958680856075754,2.5788296516578306,10.221235004018192
-2.1620738409470439,-2.6741836299918864,9.3870321996629631
2.8900453179472834,0.44194041778219884,8.5696887812927152
3.0335424968558016,-1.2010420066924623,8.2132732045590604
2.2582241674726955,1.0454067357765284,7.0770408010871151
1.5235773288193695,-2.598669629148155,9.2501597057420586
-0.59578953356842801,0.90840810098993607,4.5592161708514176
-0.23536046331410887,2.9292460518233403,7.8749860506546785
1.6037928766581029,-3.1092458244088141,9.5345554210228549
0.41697682157057647,0.67978416162649147,4.3277406003723939
0.57410645862610288,1.1046475122138837,4.9966531667449097
-2.6371140126317405,1.4850479621188812,9.2432982779225039
3.0470025420176601,0.46526603331819771,8.7944486920426392
2.063556120672267,-0.11757623444711518,5.4934146904937791
-3.2061961892325828,0.27284280363804791,8.9636446226829634
3.1446952723930313,-0.70972146241581946,8.8412618702183448
-0.56339843470085782,-2.8610544441501897,8.6071785873141025
1.6802738471827325,0.95143092240879845,6.1944380307828055
-0.96942301084205251,2.8954940075424407,7.3044128030982254
2.3706801239857374,-3.1379140176249392,10.270232964986878
2.7379633574222844,2.7574329825591679,10.188343638029835
0.86833838191918211,-1.7507518938494353,6.1416173640757741
0.26852528069419535,-2.9080588553763485,8.0507113481452155
-0.44198213026133626,1.0800711011692075,4.7897570079006613
-1.6487521101124114,-0.88574563744933466,6.2865464348228208
-1.4506301849697523,2.0904886168111183,7.8159340552330701
-1.6620820267607161,1.7030857694641037,7.7683345693576857
2.9133883502561888,-1.7334719991233183,8.8792231044150896
-0.52160328867885886,-3.4934051927786878,10.212095654041246
-2.1873244650501138,-2.5114558682416126,9.4949058330711615
-1.6036862345821143,2.4824031521251184,9.1415913774704034
1.5070783782680683,1.9800565124281881,7.6547842584746046
1.914307909015017,-3.2064481283018713,9.1657483253807577
0.070163202006039427,-0.36368590206358764,2.6061951691046268
-3.3926393033239948,-2.5201417818862377,11.304463638788308
1.1718276939438272,-0.46881438952748944,5.212439902656314
-0.87081827618150243,-0.56411753543270127,4.557192271147489
2.2306216065370403,-0.97237519039081777,6.8026748992515582
2.6357611583752458,-2.4233071654636387,10.202362975883656
0.80847233524793527,0.023808035734496524,2.9179035128987785
1.9001078732452497,-3.1916969706740996,9.0979556477971517
1.5342560738987574,-0.10007329796788422,5.7073775704027874
1.1924069779754989,1.7798381367567639,6.6356849336794603
1.8929663086084911,-2.2781771259050911,8.2087323180595924
-3.078441977151587,0.11413182671050848,7.5170074800784725
-0.31584502163335726,2.822475890917997,8.3149069235037221
-2.7208589106228995,-3.3480568159643398,11.168729226626258
-0.81208814542885532,-2.829248365056098,7.9926240406325881
-1.4144237347418613,-2.679855735455178,9.1632128547640637
-1.8058068818360367,2.7032865764095222,9.0620396002763179
-0.79170160968972336,-2.2375522933734278,7.2373562346547473
2.6086411313034112,1.5064559095668448,9.2444823682246753
0.22627379544162896,-1.7695598300135951,6.0327385059344607
-1.3458656331521643,1.173344288405314,6.2316860757892272
2.8670691465540177,2.9487694144736292,9.2911671897088741
-1.0061677701345428,3.1592644720093688,8.0458128163050677
-3.0603430406211189,1.1303640198572129,7.8712021989174765
-2.1336675483952647,-2.5465215945085298,9.3511743232503637
3.4429634666747537,3.005973425100545,11.207511839678222
-3.2945656467094726,-2.4702053024316282,11.013617594639543
2.6577674174574364,1.2410686575351049,8.7270555929586386
-0.30677020874718863,3.1243337574701897,8.6908742350720054
-0.43670644534355807,0.84725792690987056,4.4002638660693414
2.3888684189833107,-2.0811408522619521,8.8860529842621609
-0.48766371164210609,-2.2297562530976105,7.588527879224495
2.3699653540887669,0.99293700197247592,7.64163242608271
-3.1536027475694706,-1.3897550383987296,9.5287829943329498
1.752758021238118,1.7129366565749544,7.6776379133505319
1.9468834207155208,2.2361778010662272,7.8932672299462698
0.66413545838360655,0.32607434150507064,4.0906189413160021
-2.6417388044729511,0.39659883589034006,8.5203670159828864
1.3209815239804543,1.5973807088431835,7.2646807865759548
-2.2173647348025161,3.0770207534933389,9.2973940675313607
-3.310676866895867,3.2781614166132593,11.609498613667913
0.15242167044625043,-2.8121463209901716,7.6759438501646322
1.7304438420998141,-2.7119400411491315,9.1932023247142016
-2.0970009495946136,-0.9532816413064249,5.8471012138469796
-1.4274388699477063,2.58553624425201,9.1313139540624562
0.5644422285707007,0.49296673327746632,4.3462240501317595
3.4723516495548425,-1.7308811358927598,10.588618596851703
0.15112958243888786,1.7380180142027042,5.8026905856597821
3.1119469556800006,3.3815480651902039,11.262790639035186
-0.69938603895548601,1.7661225085707963,6.5302651033925585
0.76817262274983911,0.19949429427583931,3.6043147018153441
2.0984240946620893,-1.0893867447042318,6.1078200852627269
-2.1154309672127258,3.300164788671009,9.984537983676292
2.5385550499259208,0.32837007205217672,8.3067038682065473
-2.6610627069758221,-3.3742020302467672,11.286882084615254
2.6793237155865244,1.0638646418758864,8.1363648985905517
2.5921035442690483,3.3764644636118613,11.303324868417377
-0.045503028778393961,-1.6560944093380359,5.6724707781498971
-0.87810465358183665,-1.5336715696123062,6.2617140479690256
0.26982277589811332,-3.1852983292689556,8.8470256462840222
-0.071058876201368193,-3.491713267904943,9.5606933329211721
-1.6359893648560244,-2.7639238066816896,9.267114155307473
2.8661803401041084,0.8621755928779713,7.6906655550445766
-0.38237651301937614,-1.3995006474139839,5.9666044695798099
2.3213865580569975,-1.1481573155278997,7.7665824824342415
-1.537547997037684,2.5222054013606963,9.1728617029682962
1.1159973836673007,-3.1188381769902782,8.1031059342104399
-2.1950120208246338,2.0250920750946797,7.6673591621844146
2.8268056137589328,2.2396373044947389,9.4059284457297334
-2.4926294487386822,-0.17273472351051211,7.9054222410568435
1.8245116060856406,0.46184478685280439,6.6210060461064089
-2.46919017998585,-2.8507214478080991,10.162755132147153
-1.5788888559243632,2.3696569305225603,8.8901575529950616
0.54959673901324901,0.0042696704431444132,3.1897536362104297
2.3292344041282229,-0.10094706978355639,7.1574776542397736
2.5163238240923453,-1.862209565075386,9.0315933697231419
-0.79496082980518334,2.1961157298546636,6.9868846202134911
-2.3447754318434297,-0.21348958771083115,7.5360879707508648
3.0912860476102431,1.8076334430118104,8.8485539036088703
-0.028534948751734568,1.9296531262413215,4.9251976633648198
2.750344304088169,0.9797164385698327,7.8398601646480657
-0.29820104331034125,0.76811466135063622,4.0063585613302841
-3.0424361164160159,0.83154037497253519,7.8454320039606351
3.2395504351601225,-2.2316847141399752,10.157674832226263
-0.83273196471136934,3.3715435355787502,9.5725042004540732
1.1814313737991213,2.0442336157521037,6.4028958162478844
-3.3164368259871493,3.3496115174930932,11.840191837893277
1.9227933503777512,-2.0367040829896039,6.7275082975194866
0.056842111613169433,2.8656829382352313,7.1562699342204592
-0.53592963201510857,-3.4041835060524677,10.026477042970511
-0.266169309875254,3.4738789820118541,9.9186162008327479
0.25024276009219815,-2.3457521886615074,7.6388381040642663
-1.129619210113384,-0.59034499182082678,5.0925341187646147
-2.4350201010549593,-2.4008694861483462,9.9660516733907354
-3.1811259385088073,-0.79021796727052429,8.7398617170417658
-2.6242344308114682,-1.032087564219569,8.1515908899127396
-1.4459137240002464,-0.84685733940870911,6.107403919892409
2.1293376535683111,1.9867791658644904,7.1487701931618357
-1.8563790726871532,0.63940893464211523,6.5775448144018007
-0.0017078713243789956,3.1534219339266709,7.7214856683768609
1.506855137056311,1.4223559075330083,7.4083233378731919
2.7154299156095956,-3.4093961625148594,11.331353498403709
2.4603442147512053,-2.0684036474187311,9.0534219821733455
-3.2709017457786556,0.22384801610305116,9.1222536059912702
-2.2210648164086693,-1.8705732191632247,7.9106652840720297
-2.3456574662974305,-1.8583530976426876,8.5870605124742241
-3.1649496193045445,-1.872866579302044,9.000511151408876
-0.98570827956336027,2.4356599508087413,7.8865505022546181
-3.4373674002868229,-3.1445797868965339,11.512287194778621
2.4600830555613165,-0.49691119761671398,8.3201813056641143
0.97743941474123641,0.93444395626072119,3.6056318451175109
-1.7239571585939331,-3.0445908163087494,9.0340649004810807
-0.43101792927987947,-0.68192585104175318,4.3584371238999431
-0.26826582536523214,-0.81719472578729624,3.8498030143474402
-3.4687018193062014,-1.9636799323365863,10.339621967626227
0.65315205649174146,-2.2574877292966939,7.6396389043989625
3.1873279952325042,2.4554188894182882,10.6472168222693
-1.5343623268990951,2.7618652915869051,9.2881377087845589
-1.5467336027741592,-0.61458561905839204,6.4873237930146459
3.4874213213899141,0.10430578785148947,9.6045384728651548
-2.1121903381057416,-2.1381935925763771,7.6218742860769968
0.01939997632157997,-0.13490986323059984,0.81328671867089852
1.2259254998336511,-0.42638903659719496,5.382962240760321
-3.4654180182047551,-1.2056428490430013,10.110543311840084
-0.84407120731668162,-1.1190641477558998,4.4084567347066645
0.19779783545846952,-2.2380385526494133,6.9427311092877559
1.9911172392620999,0.47441333248081197,6.7393771479609477
-3.160594573876804,-1.0912067465269826,8.2673443045959889
1.1715022751675255,-0.47468806767063931,5.2187406666517973
-2.21710698246395,-2.4839043381278758,9.5551660469369892
-1.5966136617521158,1.3707844316397306,7.3961490929131912
-1.8960877550169848,-2.9654175826538753,8.1366445946391863
3.2647898810201799,1.9959930054260022,9.5031337614038822
2.091736494672138,-2.4509885696537035,9.0937396766451783
-1.02882023931536,3.217459922994637,8.504260631843243
-1.6712832051050974,2.7781243142731666,9.2124801266062644
-3.3932611151384,0.17446317453441296,9.4995530211668573
1.2046471208881471,3.0190283605027322,8.1979019913333602
0.78279996684944386,1.8477308444462519,6.1822225251992649
-0.57791716408532778,-0.94243543928860563,4.58625046295818
2.3297743368811847,-0.50920074216365396,7.9663916850906134
-2.7880919656119181,2.3137341069107267,9.8105000764698183
2.5269022562473262,-0.88364968509177011,8.1352378727959849
-0.88773831021062799,-0.42005983284780557,4.367746748939151
1.6928907399804203,1.2306961706680681,6.9510947562855065
1.9539329943370536,0.32108751080144593,6.3020012959560923
-2.8166314462094943,-2.0526475022946684,8.5347380796382666
-2.5522930710595464,0.39367135383963081,8.4166305077860244
-2.9051191736803039,2.7734629172831164,9.7575081817975953
2.3256575507363921,0.59845883867583982,7.9480433506804431
-2.1500800878769768,0.35230732782019913,7.027790272698029
-1.7581374969308912,2.6630650762494561,9.1908919384123973
-1.0306769572696082,2.2194739722896468,6.7721946659620151
2.4358314082435806,0.0026260469613390569,7.5056547840377661
2.1996845952618056,-0.50530910662113637,7.4747217478632848
0.55674651482084858,-2.0740436010355783,6.9780676321438744
-0.42374403163578789,-1.8476846265394522,6.5656395689715943
1.9592826855611127,-0.81303342310212834,5.9346168851437255
-0.74247859228764934,1.9474568724473231,6.2565815979731809
2.7469363497247974,2.7379168642599758,10.20823835807979
1.1179875195616038,-2.9955663917945841,7.609937084233497
-2.4869447948796797,-1.8795348915408765,8.9746704228563416
-2.3869090366660402,0.43398041266935028,8.0936662936147368
-2.854633545663873,0.88433441373093657,7.6395907817969615
1.5040811854839173,1.6818993297584779,7.6891678143165656
2.7487563676707412,-2.2168113709570276,9.4756292943312541
0.8774589939707802,3.4759844440420506,9.7988605527581516
0.1228694350891173,0.85802810753887027,3.0671222569727625
-0.22914634662594979,0.32873548420837384,2.9782399182936103
-0.68088825136289532,-0.050999464378179038,3.2568354709956431
-0.47148043321010169,-0.2960553029399553,3.7024338742279177
2.1605298017506191,-2.3232212721950165,8.9032392065020378
0.57975943389524964,-2.8324400400788385,8.6041306925804246
-0.068595913866558611,3.1477850335005817,7.7802616222760292
2.8133168287208212,0.94831044387247232,7.6259848227412768
-1.3982305329545692,-0.6042245589313735,6.1437854485523218
1.8961805753925427,2.7767474722629464,8.6693610009123727
1.2666141259796051,1.4062543900304236,6.7884397165906378
1.1964815186706952,-2.843518455745921,8.2335246908832858
0.1013179973767846,-1.9627923168380448,5.1402119797674359
-0.64975679468811043,0.21235565928037126,3.7237273748016122
2.7599683089630229,-2.5051809109624021,10.286381685643029
1.1374167578281025,2.2524417915811421,7.3474287788193742
0.99720381249821344,-0.12775709611572283,3.0356196614202737
3.4807431045696173,3.401717893260737,12.264660647697516
0.079006338367285878,-0.77396420004244781,3.1289734803499591
3.0800934181907325,1.3160725701094762,8.9976358366754141
1.2244284338610116,-2.2678205859443086,7.8026934467369564
-0.87035900876174477,3.2580365678052452,8.930177142142611
-0.73057747494279734,-1.575927020116348,6.470940815009417
1.3842060494950674,-0.511644967670561,6.0674375962593317
-0.56555082063372364,-3.1272094323969855,9.0622110588866445
-3.3388845678165535,0.68789124655930767,9.7343081574253461
-3.345659853952764,3.0416493841864671,10.944998370509996
2.0887042048073425,1.4430074651777129,7.7941472520541915
2.3244277202157795,-1.4762914410400549,8.6824664288118605
0.99947633296495475,1.0884942821707542,3.9691080637715821
-1.5860503350708326,3.0657637467268337,9.4133824071620662
2.4623937265192559,1.7580807806931462,9.0497175670771082
2.0301744211633643,-2.0589315596118158,6.8266693615134173
1.0742493791530965,-2.018263209642321,5.6753158540660067
-1.724978400476874,-2.3385767181281945,8.7479845481973886
-0.43705355044823735,-1.5367707920920641,6.3756588391410922
1.0030117990289202,-2.7179300496912808,7.949860984354105
-0.2372961279669652,2.5886150614589152,8.1899672367444225
-2.5247759028293912,3.3098315928966855,11.109647653255392
2.28006468906307,2.4269883526607465,9.6484421453246902
3.2036674722253187,-1.7892005388103744,9.5112313344234494
0.40211721847752724,2.9728621221684115,8.5451110408818494
-1.2035335620403385,0.32312014334881933,5.0246801588730783
-2.8399055595068941,0.43212252335291357,8.5663691770262247
3.4706655404445508,1.3427321746500001,10.437724156290464
-1.4568688953254467,-0.413580582553573,6.1715261445925833
1.591735821363188,0.39454104582729643,6.4147063165895872
-2.8298922228118366,3.4530860007592548,11.292827555302262
-0.50541440475092037,-0.43333036114209111,4.1311291141187212
-0.98481957772124717,-2.0069082192384031,5.4284499002568118
3.3899293106788519,0.11183545959735675,9.3420728298856677
-0.91381880373838564,-1.3603940254531315,5.7406771024995642
-0.039261873543197545,0.071383297379902899,0.3991304547375556
3.1164304027931085,-0.60375818406638526,8.9770649764965977
-0.72715221341950897,-3.3855276116253763,9.8230304325924607
2.8373688119099931,-0.62651025447430486,8.5430310854291598
3.148036403544495,-3.0110759163770058,9.6966389235402328
-0.88635751905492866,-1.6694331369061257,6.2644875111320779
-2.2275024529783161,2.6691567237847131,9.6446521535150893
2.426525449056113,-0.29184129309613027,8.0016292896885322
-0.74977109747361137,-2.1485819427294044,6.8762785695824622
2.9469417345035271,-0.14425063266368454,7.3581042839494035
1.3896274173197343,2.6929591059786402,9.118056301709565
0.63356070608584325,-1.0243273096623615,4.6769118843461435
-2.7569127144018917,-1.3756824730249075,9.0659314889692482
-1.0254434752330632,-1.935714621790096,5.45179115724045
-0.97755670455800647,0.19915211543220002,3.4304860317482095
-1.0198056842509349,2.483212935582789,8.037224659538893
-0.40398142214523913,-1.9242079875045246,6.5400313519121909
1.0124008803291673,-0.65028909862303941,4.6198693847252557
-1.8559044914308735,2.2213724563773196,7.9477497141914597
-0.92071585215898244,3.0289801454077399,7.3995872623430561
-3.4698365619988416,-1.8741816670283844,10.398018078781837
1.2554461653296176,3.4599888252110826,10.228503822486985
1.5974561701634116,-1.732689331732026,7.7578984628818208
0.95131890800414443,-1.7689296957868814,5.9542841937322812
1.3494531602168589,-3.1778456705309392,9.515245190734106
-2.9602395352137072,2.3482607878719719,9.7821270301230534
2.9847932707113163,1.6086529855553522,9.2205847693564174
0.74393690319172201,-2.8949937638643664,8.1565050965771917
-0.56612617285116551,-0.06578884340845903,3.2666228000147512
-1.3534251655071921,1.2375802310735828,6.5190495825141461
-2.9654359905690417,-1.9500537378698186,7.9892845821744078
-1.6418566667137067,-2.5347124035821951,9.2219622125545548
-2.7559567587985399,1.0409041292977852,7.8804112721939337
-1.7562404250310411,2.6655292086782696,9.1921678711269177
-3.4691704075754877,3.2475811958109349,11.888073623549085
-3.0942318457034128,-0.8384493226277816,8.037363862697978
3.3800228582174148,1.4707109105084681,10.418467013880726
-0.5269802035129354,-1.7097074843956812,6.6501588603072079
-1.5616204824748763,-2.6973592704719405,9.3125475463185285
-0.88317056778001124,-2.2364695356963704,6.9712408779687056
0.42919440710809642,0.65181030474786894,4.3313806556119516
3.1648300912397458,2.2308736223520977,9.7813331655601896
2.618461902691557,-1.6634406132904718,9.2864834422670679
-1.7333332022939369,0.57192518344225096,6.6631018928884203
-0.98320076423835623,-0.79786336022369664,4.0906905501501107
-0.037628444802389804,-1.9463965522053639,4.9251249515647828
1.7907817781668811,0.33602790050408471,6.3837580540439909
-1.1582312824515135,0.54684282803533968,5.2179611270395903
0.61431739020336362,2.4030416832082917,8.1799479380901019
0.48309644765120474,-1.317484807869056,5.8231406658417093
-1.0534177995389666,-1.1146399340851834,4.2831999683162962
-1.1388267496569839,-0.10979774888270022,3.677763091525712
-0.76219714311372844,-2.8416159525674778,8.1615424410084891
0.43803955056266641,1.3411333131679539,5.8556658735905494
-3.2866798844236156,0.4731979099028476,9.6683226569723875
-1.1948773744393644,-1.7561451099680983,6.69964955174488
-1.8081048026445861,3.2292277902163971,9.5923628184136032
-3.3639248004642792,2.1259726154005953,10.30220710398709
-2.8712209909914277,3.4314919041964833,11.199333438435938
1.4454154840894855,2.2804718508367499,8.4983086513701203
2.2531648613045681,3.1518737234353456,9.8332814192823488
-2.1111369830569027,1.8648924378631389,7.2490778000275427
0.508774565938519,0.37102560634951942,3.9922696755533948
-1.6913066724209815,-2.4586966753376647,9.0890221871936721
-1.6023863288698437,2.9705243640928849,9.213687028005749
0.630867271538472,1.1602468917051123,5.1960259040023082
-1.7817179990970911,1.5779756442334181,7.723991082302172
1.9394072331988923,2.9422407046668662,8.0290937513673537
2.9302592690382081,-0.98576777722878939,7.2140415712191412
1.2211634635248014,-2.995305385765668,8.2566190983587848
-0.99802529236238158,2.5149493159012568,8.0750729229193254
-2.8156478041144535,3.0400815167853787,9.6042199905786116
-0.56495792447750226,-2.1625966112689126,7.3181501965575926
-2.2600716209864382,-0.21808730882487914,7.141040032569494
1.7993250360396136,-0.81511542154653949,6.1718151305898452
1.686315013247885,2.0390738172166341,7.6248315903668793
0.77477014469718419,2.5092457174247533,8.2668433150450067
-2.753881643796507,0.16568891916313211,7.8761031410608986
0.41737229490579253,-1.1653347204368694,5.0952059432479686
3.4298411535204201,-2.3653115994118141,11.166227798928565
0.64700724596283266,-0.20748470780759254,3.706526639291738
-0.4071396263661673,2.0323709582342371,6.724697482741723
1.3181150248448956,-2.3646371375730668,8.495746035297902
-3.0817300876021694,1.871388379054407,8.5234498365271154
0.67750076185541452,2.1593353425110573,7.1451263052202876
-0.12236526260665981,-1.6478024825656936,5.8241796344785897
-0.109826002559549,1.0825036398317094,3.3003915402657107
-1.6810419351727353,-2.6128203762510083,9.2749427214107953
3.460331894822807,1.9945759524979492,10.333988450188123
2.0366442353930188,-1.7820014537717153,7.2801228656118262
-1.5483300254369554,-2.0481955505368181,7.8079523264279214
-0.13438779707511017,0.6506356747588411,3.4712012054128252
1.7806131900968687,-1.7414424717780683,7.5847502885768581
-0.33839816643679255,1.9645267012733569,6.3805189147574666
-2.4945382700865055,-1.7210305718300833,9.1355941795691358
-1.7381470976606721,1.6455403443140852,7.7513154335789842
-0.57377879785721486,-3.0387313506924474,8.7644168868798857
0.43748588039807235,-0.57910791837414255,4.2632729244578691
1.6380699286791058,2.079017739115625,7.8397774315256932
0.61805811463213622,-1.7768814701961619,6.6380381522132694
1.3869626570033002,-2.0100769882642631,7.4317594352956498
-0.60218698656092995,-1.8250732172107034,6.6370713310539813
1.3431562084749906,2.9968665685423721,8.897897297297142
1.7858077318763232,1.8187241472790294,7.3930533402713596
-2.706667235127084,-0.70827579865533563,8.4857522562304375
-0.087835086791733019,1.1245004559107583,3.484688825584243
-3.1732675029068056,1.2129900202318353,8.933120682062464
-0.3423999511122866,-2.2772158001615006,7.5792284907421141
0.43188498611305182,0.82366644738393902,4.3899229856319835
-0.99069612574510213,2.0495158300740313,5.5717811807821711
-1.3194857118464225,1.2331208246139944,6.3728297341168485
-1.7192875319612844,1.7566660600160677,7.6630851155600421
0.47430193736219906,-0.084906845930658115,3.0967732893094393
1.8057788088988236,-1.3216023599068518,7.1885886853178835
1.0299227337910706,2.3177406548532629,7.4169412841135216
-0.82437656958853411,2.1603378121135739,6.6606800421310481
0.84851211460085807,1.3859813899189852,5.908100540667224
-2.2840406174958834,-2.1632219323672337,8.7348507049583777
2.6518134113011946,-2.7499969125299053,10.317659440204181
2.4225866920690038,2.0159209094983783,8.8538321750586526
1.2192714130071751,-2.0302842916686377,6.611992073130466
-3.2141962442283289,-0.3612487875531607,9.2495366208491969
2.6167940647056431,3.4890868115317533,11.505876737241946
-1.5874722109551551,3.379688037016944,10.469556566551207
-0.024678992086128559,-2.0552200789751724,5.1403720629911334
-2.6195612814709954,-0.11416335201558692,7.9034027201181516
1.2971652622858194,0.81884622533044382,5.5530605036661242
1.9574654545469858,1.9779771646228799,6.5673988174669731
-3.2258182714174497,1.556157969397292,9.9916826774046239
-1.104574106135451,-0.96776172199508048,4.0444013515963277
-2.7542850868106079,-0.37475860374274816,8.5070221670857826
-2.3326984145668233,2.1496575131968276,8.900380286264177
3.2174922610569485,-2.1359458374969664,9.5978777396616408
-1.4038294957363058,1.6716098951300085,7.5072252847364407
0.7244279042903381,1.719252899206996,6.5177530052931232
2.2242647932620248,-3.2897439893514191,10.354526869747122
0.081164996893086094,2.2007485605811272,6.2689635829774097
2.6893841440935207,-1.1535299088283693,8.3921695586838663
-2.924830141082682,2.7841734483994127,9.683539512727755
-0.057018940282744346,0.21030605126336344,1.5181938381621478
-0.30707344206162723,0.18185825164324987,2.6700225850071355
2.9156916689048771,3.0239227808522715,9.1526810542173784
0.52716901416717565,-0.26437734511080313,3.7346652905363911
0.16040425280862003,-1.9384178667598535,5.4530898066975162
1.5247592081607726,-0.040784893098238406,5.6091489115252102
3.4530466520697178,-2.9387866279302965,11.20041058358912
-2.7604401805578593,2.6586558057645187,10.299007819383496
-1.7200027106626941,1.101850608965977,6.3763289902685152
0.5959399178549738,2.0682572622909081,6.9231253330354257
-3.0247460348725643,3.2213618230284631,10.219982066172147
-3.1476549623610941,-2.0969144070398116,8.9695888728055664
0.698106856437958,0.70139250712816459,4.5971700008606255
1.2285950391159375,-3.2813065948073006,9.5632684301683906
2.9120264346161013,1.2257675229470895,8.274109776255079
3.4239413362014393,1.0569040525285018,9.644730199510775
-2.5458279424194457,-1.0808756990782484,8.2342738906957429
-1.4427261541023864,2.5336404712908394,9.0920613106537758
-0.23017814486867216,2.8232482982009044,7.9911354705917095
-3.4083565438270176,-3.1589752657425012,11.490552890140203
3.4994339736196567,-1.7254322109684961,10.638174716943675
0.2130651775819068,0.80873828526455149,3.6056375917566257
1.0628532559132182,0.91630176626393922,3.8736138702938199
-0.49985624793367744,2.6460565138604366,8.6047500059623854
-2.5607763580594822,-0.64395623464366647,8.4891932071524572
1.75352724433061,1.9918871322910148,7.3105987746942489
-1.5204024592777095,0.092561087383391971,5.669280627959818
-1.4858753748003188,3.3519402236988531,10.359547520885069
-2.9921035502251563,0.042311113008378864,6.9498845205874762
-1.7791952088295537,-0.52858364954469383,6.6657179115225595
-2.4206501458187097,1.7018441646170013,9.0018436061106879
1.997850212945413,-0.83035505062680448,5.8903852709008753
-2.5290681638251558,0.86669106481314628,8.1601582683293969
0.91098496095923043,1.234695655007541,5.0167122330132123
-2.7112605002024561,0.51735050775154967,8.6425873989141913
-0.95392507654016789,1.7406057605491005,6.0453762738663421
-0.4547055502938897,0.9070599881792214,4.4525649210380074
-1.7681742887128331,-0.28966140222400805,6.2591807389237246
-1.4466713035079599,1.1795172914049514,6.5857671055392508
0.2369592073170228,0.17134750361760043,2.2079087872907444
-3.4532414170985049,-2.4202537359459004,11.302396287204648
0.1258832871448563,-1.914564750339836,5.2869919010363624
1.3854771692741554,1.7987064396575487,7.4129094992650533
3.0520809986896733,-2.8599906200941421,9.4404117408407053
-0.6260546987926574,-1.9843293706501508,6.6590264858848194
1.0572250111399235,1.0658099159114531,4.0198179728128665
2.6563952875133552,3.3924857986026851,11.331261147741094
-2.7116513157954154,2.432616596145448,10.207845060156618
0.68510568133964789,-3.0477546847216601,8.5380485536407154
3.1379175839071811,0.41565327440678157,9.0377400472364773
2.3922726056921473,0.2506985659215486,7.8095811912656821
0.83925934777910882,-2.5810268777672749,8.2501385325430316
-0.60077497253959322,0.73950818631693949,4.592885530670717
3.0584149309657604,-0.11064051891825288,7.4033698572510342
-1.1533812725058255,-1.6761347577774193,6.6558056748985486
-1.0942167299518419,0.87403353309060883,4.1599211249273012
-1.6242866052054936,-1.5074718728660699,7.6735790315237917
-1.4802564120471309,1.1200941337808539,6.4595727833799046
2.2052185342688242,0.81735442143796622,6.9662802411785183
3.3004544033752516,2.5641636373712977,11.103325679474784
-0.42601380809934319,1.8896341141211765,6.5712641165277645
-2.6214824557009373,0.18610947984579518,8.0794787053905548
0.90967152393949924,1.8227277885767794,5.823723888143828
-2.3284548754513894,-1.0046484286280175,7.4446677129347609
-3.3011813623810382,-1.6324616047980749,10.227832839965862
0.68564362124611389,-1.1767532570943153,5.1964642309227287
-1.7546527498908726,2.1358326746488441,7.7798831586300139
-0.24117797930685381,-2.694456555379805,8.2097390267675383
1.9928639737398051,-2.541171563927227,9.034697599074935
2.928441048635813,-0.90721896288249404,7.3728771335682488
-2.4070446862130668,-0.26899473229825865,7.897936072102743
1.6739780133358071,1.72427103159679,7.7477071905770298
-2.6250057080689646,-2.1688959213217043,9.4656786146506828
2.8345180702218506,-2.696644199970518,10.12439328823182
1.1562428588481586,2.4887043203558807,8.3494383174934672
-1.4176154125225136,0.27075904276788121,5.803930248932712
0.94834852750515886,1.9390076491399837,5.4256901786027463
1.4283931886107872,0.59130495491522428,6.2270278101909255
0.89713763369646848,-0.26580192317111528,3.7786777155550446
2.5422952224601856,1.8353483039981926,9.0848020867858406
0.14355877999638089,-1.3847873157545409,5.3551830379848298
-2.6289199492939712,2.1206474406881162,9.2952087574485649
0.64586815496097572,-2.3463006158108355,7.9869128064957273
1.8167500994861534,-2.9218927983088667,8.5185723086038081
1.2288929777949917,-2.4991548604247402,8.5812070330558452
-1.0476787092395905,0.082429369133276253,2.9906987816228785
1.9293756135541926,3.3308982880329783,9.882736393125942
1.5581767247121974,-2.0186611715259914,7.74358050439902
1.6789823250087501,-0.092497305044946465,5.7271307530872235
-3.2158918799854646,2.8220061472071674,10.4136856934478
-1.2280288347081596,-2.9936663257086402,8.2968706319548868
-2.7186931165770121,2.2964599034467508,9.8421487772218175
-0.57714537017908096,0.66796361095948242,4.5634040038004144
-3.0749421512788282,1.1873703414685091,8.2787320770828519
-0.54079261123241906,-0.90169571011963479,4.5548748129887002
0.50861715066318336,1.9892282369840375,6.758950088420729
1.2083151128008911,-0.15969701435189121,4.395772414946304
1.2280555830763564,3.3066738221224234,9.6738261883108354
-0.45921317288359909,3.0602422504348983,8.8258604714608477
-2.1972364859790448,-0.74328307601315435,7.1593435757855133
-0.51275824470910303,2.2147208337213833,7.5388820145888094
-1.1537180857624953,-2.214927619154428,7.1869404240203103
-2.277705869793432,-2.3728318217794593,9.5104104289769786
0.67523661113589206,-0.43028538000558081,4.3523777688033327
0.52435200009213556,-0.45764991272966427,4.2164313076684969
-0.15225519801534615,-2.9398422251441296,7.4057997502319495
1.5541304961944187,-1.0350222060179566,6.3431309981305617
-2.5253295996062226,2.6297281452881149,10.342383943460476
-0.17541461295347194,-2.6556037039629397,8.0436421455199785
2.6064953030381153,0.139767069165734,7.9620715020187092
3.2745330640717594,0.60644074012254556,9.6046830876795486
1.9583802909986732,2.5241536869330519,8.9999666025486906
-3.2604284434880881,-1.2051596455294411,9.3730339189685186
-1.4853132455735349,-1.1381390696898075,6.5287941877573346
3.2254283072429297,1.4682318659520348,9.9404396685916954
0.75915249601479573,-1.0978500141440874,4.6103060481072582
-0.4453038877416664,1.0557975466565068,4.7114782151378272
1.8585764021412441,0.38257758210832105,6.4787842045870505
0.19131917130874099,-0.39674573487021503,3.1221440623825103
-1.906712924754425,-2.0933969911514567,7.0179057346577025
-0.65935495455508253,2.2503130960070852,7.6001931671845977
-1.4702762950810939,0.48490169983120612,6.279034018980866
2.1596405424440581,-1.668259849639969,8.098448943469208
3.1835842976501496,2.7490062265686559,10.464536808609818
-3.0504431942898025,2.8715590851910271,9.3864917512329207
-1.9486119417430221,2.6683185550507682,8.9271236391726845
-0.89199609863618878,2.5422028639227356,8.14394884139044
-1.7515963990836398,-2.9764915652909032,8.7983377392987361
-1.9036909208061954,-2.0198859531586404,6.7336904877267472
-1.2683673742010559,-2.02746682190757,6.9124441661022171
-3.2936687041252108,0.47014977425809867,9.690343465779808
2.674733288649823,2.9334720981594282,10.052673977983687
1.5160491974351258,0.64085225508252552,6.4285322382062162
1.3708851504698005,1.5889152062187506,7.3903492967120386
-2.9490772225907333,-2.1271124935906944,8.4807182546842377
0.58712614833937948,2.4908365793401863,8.395303243020436
0.62737415294707954,1.902758584006218,6.5897957307141937
-1.4084767145693942,3.1818030741976404,9.6822447517829175
-1.990620277716272,-2.7462896561948265,8.7104586823516872
-2.85585421370675,-0.2019041322049322,7.7973104921548249
-2.4885715850268175,-0.87664253815022875,8.0788073168220738
-1.0408078354373189,-1.8514418953566993,5.7233136048285012
-3.0998339467363096,3.0597335625539879,9.5290089181541031
2.7660907412209603,-3.4535676381906812,11.369573367320982
-2.3459852352153181,0.12128870407642456,7.2903919012211187
2.0169390671627125,2.9436506838219483,8.0160054762653772
-3.0262045080034774,1.4747593892424362,9.2945509154680845
-0.69865304703553077,1.4509290954756002,6.2617191342700202
-1.3007325091748037,2.5290150023953313,8.8183261219570248
2.8204365060261773,2.5680963223253608,10.270832019574611
-2.4473921798041203,-1.8409227825091188,8.9317282739964874
-0.71025535130594974,3.2592051754081321,9.3813701505937637
0.51079813264832374,-0.85224659034649752,4.5207653733702955
-0.47531185622184635,0.26768192286301318,3.6259096580516008
-2.208530653215421,-0.76037406736097912,7.1693695912583877
-0.87458524332563803,-0.76552289461572309,4.2559768827582118
-2.6350857230337876,2.7060028315547351,10.368075543788006
0.34639613569760019,-1.2475753108802987,5.306701053466341
-0.76611744374633606,-0.61051608793540657,4.5894245351110499
0.94220278045332684,-3.2154376613283171,8.4889491869343203
1.6479607459127177,-0.7649561658062547,6.4728637775948492
-2.6104711778291403,-0.70266258921508129,8.4845911518123263
2.8798776474533012,0.93018891438361262,7.4185336522856069
1.5861492231771308,-2.0062655953172706,7.7146337848381172
1.3039707955828872,-1.5790887000207137,7.2016461176700002
-1.0568240447976254,-3.3080175133022562,9.1427381032195694
2.54040578248431,-0.09139293591802744,7.8199318636115667
3.0538987633720991,2.751632642128131,9.9245054488206712
-0.14894017084526689,-0.66949636902153298,3.5112642555503975
-0.80407964300858659,0.80450999668877454,4.292706008195843
1.8997391213040746,1.6837439318686256,7.5271277441345852
-1.2958866408059491,-0.29735064111147391,5.3972562086548201
-2.0660971671565544,1.3520828313788904,7.4416210057412009
-2.1210207603315157,-0.33062462144218907,6.8277215315130153
-3.3764987905144639,-2.222022308510577,10.662391975508058
1.5210438350824518,1.7232333270651932,7.7082868126163788
-2.3809714913569975,3.3327809006950524,10.971291252876016
-1.6887824794460051,-1.5832622558531675,7.7644601203086072
1.9831452938533909,0.52263727793299264,6.7512837090680584
2.3990989088933965,-1.6470673748249058,8.9712446859922714
1.5564424188053145,3.2683876111545196,10.141166231209279
-2.5971708217101277,-0.71061179589966272,8.4645910326332139
0.75757924365953322,1.2582659457909147,5.4715720166430586
0.92991710695603391,0.23171028492145718,3.5885601772104216
3.1874858532861152,-3.0670569246463857,10.108100695778585
1.0668277015912366,3.3910044153071137,9.5490138923684782
-2.3820938102386666,2.2613090360897479,9.4819224470950374
-2.6836741387634651,-1.0693033725484664,8.1407244850100327
1.3387193901402394,-1.6043390915940692,7.3187144369850099
-3.1278084098578289,2.6713879756325465,10.42296367235557
-3.2881050743347782,1.1324549752315685,9.2443318862928479
2.3723405018335351,3.123226218396411,10.223040248275204
0.12977645647410263,1.9575259290489493,5.2818414760262407
0.076064692642124232,-1.2182564090808206,4.1679536356299103
-1.2121489612791794,-1.4946808232464135,6.8009894962717841
1.981834819223284,-1.1130734295467661,5.8156468859364558
2.9032137735792478,1.9421629048777458,8.1090040562125392
2.3863091648023458,-2.4089454323037369,9.886641494960454
1.6822942463178414,-2.5494594335817005,9.2282863499520662
0.53097641968658138,-2.3537143255004667,8.0482607423940973
2.5315543637123019,2.7196877113834805,10.335444483057577
-3.3407761266083247,-1.4173202802442808,10.252342832552189
0.028392588785337125,-1.6184833032735872,5.6780958755410715
-0.45206778624233568,-3.2867523079891683,9.6548886191849768
-2.0960323286568769,-1.3873535479750565,7.6691478670690749
0.40163320476952213,0.057677905768785287,2.7717609335410707
2.5012092922783102,1.9274924710012113,8.9716173780662185
2.9012218016625146,-1.115556602294093,7.6492601312813679
0.11805387988909377,0.49582451916743686,3.2321038956273149
-0.3688894603105819,1.2925540881511681,5.556779935307663
-2.2563935922203342,-1.326616658489792,8.1283543627617139
-1.1665469421032117,1.1168669501125388,4.9404163074445648
-3.3564264860309074,-1.0519399013645918,9.3787619454293996
-2.3144713206477747,2.1761033134998176,8.9291968710259955
-2.5241512411058276,-1.4164796108345685,9.0406964303940498
2.0200231319306763,-3.1276707402277637,8.5807491942813954
2.1028832533589199,-3.4424074691771223,10.479391490877736
1.8017789013363306,3.0336520153110502,8.6623753383562629
1.4631417520760772,-3.402444656783628,10.464411542027943
-2.2536683078352171,3.1113269302598727,9.6525758202045129
1.5405180227360873,0.87272558633319175,6.2750447936921496
-2.8696448394636977,0.80725577793000092,7.9203113956131368
-1.8251087187239265,3.4488618113486806,10.419298320159703
2.3585687829157447,2.3362689792047817,9.6481175674087609
0.48093428837971119,-1.0471252889999594,4.7437593924360897
-1.0989503723844898,0.84499522365027602,4.2901271429441188
1.8796276039338622,-3.2914285944448745,9.7520720407018402
0.45427351044950948,0.94698356756880564,4.485862723010559
2.4898839654006553,0.35928741861883839,8.2633965985516387
-1.0963426670282042,0.92682561903489269,4.0317902169635396
-3.4059774508360654,-2.5879641993586948,11.364891178609337
1.8788509242110925,-3.1399393467031418,8.8222935421574213
-0.061745934927929014,-0.86967352194742542,2.8030339457577895
-1.2517387658280494,-1.8237752254450905,6.8470302191325629
-2.5152913629510847,0.29942839154807332,8.2182129686757559
-2.2393396979203497,-1.6396964473417421,8.4598273763511909
-0.87389608309954481,-2.2228455238976919,6.9047353920008518
1.8038045260993334,1.3630030393974781,7.3393718000037627
-1.0136578138067183,-0.11333613985665192,3.0019475168323062
3.2775204155564746,3.2443428703132078,11.36623808653704
2.5455009848268109,-0.41164455093560859,8.4249986747391645
0.67036256343626377,-2.403704003129449,8.1439722178380123
-0.50361743434699857,-1.2216129559827782,5.4643257692984868
-2.2633259985339453,-2.0944755218398354,8.3357393088534941
1.0039645482703374,-0.43967929506179892,4.5540323681912973
2.9439665993029998,-2.6502615212029941,10.103747253883551
-3.3438008906376351,1.388445323474115,10.215907972053941
1.3416461015307766,3.3719362953087337,10.208522911382568
3.0326105713852218,-0.49156498276901539,8.7758812175881982
-2.8401441806325312,2.4372501986730777,10.11344684673319
-1.822469792755528,2.313061506131147,8.5033705162405013
0.79425130092534602,-2.8846147043699881,7.9506042657810134
-0.18626990350585615,-1.2420976697900108,4.7273975099885561
-1.6556847642336954,-1.4848999392991602,7.6557548904082573
1.3588105039733289,-3.3401776398895286,10.150388050481505
1.1511666074979567,0.71714547767180115,5.001586926770937
-3.1891741457169056,3.0554446674952818,10.080912691669111
2.5031103237891505,-0.98795357709696185,8.0501601167282111
-0.24296821033493954,-0.23831436123803407,2.597570538366206
0.9952445476394951,-0.56962925480182491,4.6644000853309002
-0.18888456368785844,2.5162652118651243,7.9874080867229633
1.5327090726821657,0.8574074338921136,6.2791226786803414
-1.846622636942826,0.79802416866475134,6.127226353644236
-2.716728200894388,0.44537453066675114,8.60516841206565
0.53166287101012166,-0.62912456001136263,4.4833215972716793
2.6047523670059265,0.63449071473678043,8.546110815610712
2.2402741563709165,1.4074857458444612,8.2821087979027581
2.4728475368568006,2.7687890885186448,10.239146964452063
2.4560586735837777,-1.3369067910324284,8.7741468087293946
1.9559158444876754,0.74601641167403976,6.245729149402063
3.3411016881286271,1.8737862442459239,10.000256301962455
2.3499997321514039,0.59743919217633756,8.0292088731017923
0.048744706462541032,-2.2754584333433971,6.734972401036055
-1.1206051047789152,1.736655991115458,6.4083409208184072
-0.79293247396181998,-1.7400025465634239,6.3498764500783125
-1.6077458924013381,2.0972384220369351,7.934849659019827
-1.5427326799877807,-3.1570740345902601,9.7369501615688883
-1.2596249961117891,1.3017156172020217,6.4109658033615631
-2.7896587274256728,0.070871128684296014,7.4635649140178941
-2.2486454399438114,1.3569716251526929,8.1876491621509189
-0.80728965975985156,2.7011324746597802,8.2690434287817922
-3.3890419286276843,-2.9270927064477923,11.034259082724299
-0.55072574189247492,-1.276849835880586,5.7168775324765591
1.8286884664634311,-3.1616064270197723,9.1362684854399117
0.63103503736500155,0.16505424271870828,3.5625970608085353
2.0125648681089565,0.83234405646838017,5.911968080190988
-2.0154372743580113,-1.1064875872743429,5.8352263275897229
-2.8064285034020595,-0.12036991011697795,7.5636813294404064
2.4164173411243004,-2.7684788669594456,10.136610178802966
2.1467392654477191,-1.9731814358120978,7.2620099080915033
0.013775657824904641,0.55207640506217537,3.1958748679790432
-0.65777900005735956,-1.6091091295965834,6.5609291841208197
-0.51332999466791795,-2.5632715670069284,8.5162582335301202
2.1337697731786527,-2.3766800804415258,9.0108036115501342
1.3153862772781428,-1.9509519997784945,7.0605887138053429
1.9993840602872979,0.52552389231410768,6.7818507249919495
3.0666496898835254,3.1331359014356526,9.7521347922141537
1.0397488088233136,-0.52279086150978182,4.7636859934661828
-0.16605841463941529,-2.1813811194711015,6.4553013279587468
-2.8972433165661946,-3.1081734406738386,9.5525185178851082
1.7655469837946862,-3.3488594849913538,10.224557907781158
-0.98003614854055998,-2.8754703901996916,7.3619844960016465
2.3234323253815097,-2.7743057675477463,9.8658383000163195
0.86448534839855018,3.3214949652076067,9.2901488660762563
-1.2784230390398821,2.3243951124787339,8.244237331623065
1.9698649185584829,-1.3633125634574839,7.2869742947697951
-1.6111252208156606,2.5054006895754659,9.1801550250394612
-0.72577902668381045,3.090719662784652,8.5405469971558823
3.305354741638773,3.4914660884704478,12.073439134775709
-1.0710453097457382,3.1739892200025794,8.2893562105197116
3.3464825368367741,-2.8052286268517266,11.041464356023377
1.7953795615901225,-3.1582347659055912,9.2418517123656478
0.42712597100813365,-2.0253988841094595,6.7476927606344042
-3.1743987403737814,0.39862073647428442,9.1560573757233303
-0.57832684676350254,-0.29680670933674236,3.9181290836601335
-0.85948398854397823,-1.0101658479870164,3.8764450730108173
-0.039729865174170875,3.1607089105594355,7.809622548574314
-1.5829968895247244,-1.2597329328634483,7.0659065845580002
1.9513121281118906,-0.6092510223094858,6.6452547287538692
0.79940564216270005,3.2108072527082685,8.8764152949215145
3.1321004762196907,-1.4245031149695602,9.5258930588920006
1.5292003392289208,-3.1908784098280063,9.8591934431694863
2.1352740040658666,1.4569389071495715,7.9830990499558059
-0.98128509909237938,-0.53965794660533417,4.6356478271496364
1.7392455773679316,3.1804868908655584,9.5456277383425832
-1.8543183373745609,2.4795096194103143,8.9840284736644502
-1.201539899549918,-3.235263959142884,9.2254037258756956
-1.0850605658949255,3.0179662445719702,7.4837883191133656
2.8466872919411621,-0.20559348241222164,7.8337620958772511
1.2565468527503025,0.26864611957977713,5.1175271836551843
2.4862575273258196,-2.1885688369211724,9.4650709784943707
-1.4888639126437635,-2.4403046162097213,8.987675966612148
-2.1270115498758537,-2.6335784899614261,9.3119139847352557
-0.59478682903147773,0.61135330269273513,4.5400356971616276
2.099648722907884,1.256034375149059,7.0967904643253252
3.3453741140379423,3.2734335486715294,11.700164864733587
-2.1518743460426277,0.010305295948993098,5.766724515087045
-1.4586679561648515,1.7280605721172559,7.6167028019083531
1.7324315144370228,-0.6345403553310609,6.6322156072458824
-0.83325492254504763,2.5836465154130197,8.2615073970051451
-1.8149457568309906,3.4077420530347737,10.330638852239876
-0.71231420992735073,-1.2970655068987003,5.7260773160187988
-1.5121562153298389,-2.298434740021714,8.6418708806830757
-3.4753230312869552,1.4585816041436166,10.605263488616464
-1.4846371579967608,-1.690846215328609,7.6623941465556644
-0.585550062727902,1.7732108552735557,6.6602825075181293
0.16485805634900297,-0.68240717660797845,3.5584612246444856
-1.8722592788959316,-2.5692605641085402,9.0610214205038808
3.0451651620514255,2.5041211416280298,10.285825896883699
-1.07858099692494,2.2273405247149114,6.9569305384022737
-0.016700900317512701,-0.35814821777048333,2.5062335590881801
2.6115943802847736,-2.4309440439443257,10.209502294417414
-2.9511092729785702,2.4089782422265795,9.9908967485492823
2.1273041418595193,-0.25533691408222081,6.5531388553327652
-1.0241631300061074,-0.4222372582698064,4.5643024613761121
2.1670615148841463,1.1743659122055092,6.9920972116632782
1.6405971134285906,1.5767785437486204,7.7538599067126466
0.76918065337487196,-2.2653851014600992,7.447263269557439
1.4906864892578096,-1.2652034690143656,6.970980539525371
-0.33915450165475214,-0.91152952158068601,4.1159552888891398
1.8029781162137981,1.2155000729099301,6.7016295337340033
-3.3734791292399793,3.022101683838935,11.021871430522943
-2.0893222343641149,2.8457610072982362,8.5523199047368212
-1.7035580403264754,2.6438400527725685,9.2635179306600755
-0.10102646616559996,-1.2864451028435382,4.7192035702948765
-1.8244734608182385,0.77303861745997882,6.2593176173177483
3.4276387642212383,-0.094424219614397842,9.4374746344079981
3.3961103432437403,2.7528672561316716,11.262304104146557
0.78449687946269897,-1.6341072598638196,6.4425100569616447
1.1057439518455014,3.4808843811909318,9.8839771520866631
-2.4412371708919789,3.0606193632268024,10.223587875465192
-1.7646629058957568,2.3115626746155815,8.5951042911972291
-1.2216756008937648,0.14642485099035651,4.4333926763244875
-1.2491118073351548,1.4955303696349151,6.9271231834942153
1.2589147492615771,-1.7260264548920543,7.0312904074242208
-0.27974604581143669,3.137370609019082,8.6463028640831343
-1.0093828405532772,3.3990825814443637,9.5041325421765883
0.082317191523777922,-1.1161160337432818,3.4040105790422395
-1.8749227810824673,-1.4015284100306653,7.4073604158955035
1.5093587538051159,1.4872093259088226,7.5281608315334516
1.4156571141173737,-1.3852120584659553,7.1579378054084994
0.78699316287385201,0.32448948910093511,4.0912530944006349
-1.6443693134428494,3.4937668267266453,10.688091862041848
-2.3564961379895117,2.9002454800894339,9.8288152428476003
1.0818886926010549,-1.7808971541462466,6.1211570613948254
-0.075619368763014894,-0.82267321735213939,2.9789891110254452
-3.2501401519053972,0.097108465598203075,8.5848189931179295
2.5286733387979634,0.018302650526051956,7.7266739015527666
-3.4830087604389437,3.0396219407268799,11.32912618496243
-1.7600896809075031,2.4390622139177482,8.998578320482471
1.090020898542746,2.1187073269489369,6.2374857341641565
-2.376779843555036,1.9075819447160276,8.6586425657701938
1.4994919511034865,0.062796181937487816,5.5806545283887701
-2.2976543681741131,-1.2241344328979342,7.9428037481493465
3.2427040183414269,1.7523652864458423,9.8121063799767896
-2.5862779940376521,-2.1333257294438539,9.3592137148028307
3.2768722350781694,0.66359837748877126,9.5434009425989572
0.9903367831849863,0.7399033734992857,4.3304281543470218
-2.648585535155791,-0.87299866533274129,8.1834870170535066
-0.92098017458477299,-3.485483178188757,9.7630647388468681
1.8022489133275421,-2.272593825822478,8.3531074349781775
-1.0907477665037866,-0.86939422648227938,4.1566451243836191
-1.8694694515093377,3.37848947201587,10.153699773780565
-0.85256520780953826,-2.0670270922907745,6.0089691025889138
-0.98181659178757563,-0.4310836416067434,4.4885804223771686
-0.34490658713194211,0.39913803687226679,3.651281801030084
3.1169620834980272,1.7187442997337277,9.3141819045998808
-2.6086426702096888,-0.31294945024526166,8.3656118988170469
-2.2373159008790759,-1.0877193744253861,7.0568538426317637
1.1093077521141428,2.9713529436597206,7.5396794265673215
-2.4573279193490301,2.9926753430969413,10.134342826195585
-3.3886614225243115,1.3960427971174401,10.349118561378871
2.6356317516004175,1.6452223381896021,9.2998321081049617
-1.9756489133581507,-1.4928113075610057,7.6325235094025672
0.9945803919243783,0.95392561964217482,3.5982892495526428
1.8279931415811568,-1.3630932881596047,7.3180403868055599
-3.1351243946869771,-0.018920245017779003,7.594968490442275
3.1488429659092327,-2.763195535806275,10.256511722268716
2.6685421808898173,3.3093388677873232,11.102895639168816
-0.42679442182340921,0.76007193752219226,4.3785018073025803
0.90408896396529759,3.2718299076278976,8.9332368732219791
1.6306123769324277,2.5433974631682359,9.2330900957409465
1.0088341065355859,-3.1624518970910636,8.0716982662155008
2.8994446677903873,2.9365052424125544,9.1874867511257712
-3.4967799239220301,-0.19362450892398764,9.8087724840524935
-0.54916468577301636,-3.1938458477219278,9.3330185966171335
0.89383107883019797,-2.4617183630285067,7.9974303891959266
1.2558564679634578,2.1162844284567051,7.1718348604075519
-3.3018033127936985,-1.6244377914794448,10.234914251721355
1.6275853407636562,-0.47762767258791694,6.5533741685172089
-0.36135606332877179,1.7857367068468584,6.4510681829770888
3.14643154815142,0.098208770772036491,7.8688516145435514
2.2596412144707774,1.6743250338767908,8.5096698936515107
-0.84420954800688186,-2.165356847920914,6.6175334677363011
0.20645938869061231,0.90725560507878455,3.4464860622873026
1.7375118913894969,0.6886740023251674,6.5668816487736947
-0.6583045788729196,-1.4142329188439233,6.1818560035047661
-1.3265013829966752,-2.9666363126156758,8.7930975812510006
1.4952376186581633,2.3777210632557617,8.8511463628920151
-0.17905752535577779,1.4002042823332639,5.5101077015941335
-2.354891473932732,0.5894695376518424,8.0475994602546166
1.8009852426058321,-2.2073967777756751,8.0145881904859859
1.5942907909321899,-2.7838240098702958,9.2786654486726317
-1.4443290502379238,1.7215264693553838,7.5913152924593135
-0.61333433382798397,0.027106991682101622,3.260444357568538
0.64386111666726364,-2.7243468101018706,8.5793431954483399
-2.2901562822861972,-0.072856935085539476,6.871636944145413
0.55796708926956917,1.8300144837487489,6.6618298488648087
-0.98772054604928172,3.0246396868490226,7.2673871672153147
2.021014841026302,3.451458474557259,10.339378597371315
1.9691446772650121,-0.67508406611219307,6.5165988219456601
1.260184497919461,-0.77287955827930199,5.4509771023142832
-1.8715761645215181,2.8877704220285958,8.3567120824741021
-3.4157505169132238,-0.8625374302656148,9.6673492947927908
2.4927824245599064,-2.5166290586070508,10.23007516938282
-1.3767209793770276,-2.5093753080861125,8.9511542293670505
3.0879072628845723,2.9608650892971715,9.3110698138939245
-2.09539872689093,-0.22219035288139777,6.2238658147650945
2.6698806554168799,-3.3255530343943134,11.151059366936691
-0.76873040999119713,1.2976076950497166,5.6447434943818493
-2.1081990850412544,-1.2442626825575216,7.0687582026583549
3.1607911281402412,1.8340224612794591,9.1116530575530703
2.4588864641581258,-0.32936544057605932,8.1509030639253801
1.0324627088942329,0.11250461939223166,3.0637692221235859
-0.19747291172490211,3.2597344899808318,8.9753227803535651
0.64243908072763567,1.9709677815773876,6.604438807716722
-1.9437874226053173,1.6580877661272382,7.5664115001098597
3.2854732140343907,2.6825130947148441,11.011374613552773
3.1941469348491349,-3.3959021850976727,11.575578271189178
-2.7459257619441892,0.36467509948029786,8.4908549108169762
-0.86964298464369616,-3.3120359006377522,9.2318094917703366
-1.1196376383742415,-2.1374460372371611,6.5065816820337368
2.7272862276075829,2.8465890593217473,10.027004780114533
-2.9917293238099028,-3.4036059884992782,11.0892081682951
2.91962322198692,2.994460253863175,9.094837812964558
-1.007514443134403,-1.74547925619405,6.0537093971632885
-1.7731051170207854,0.30456574586754748,6.302384301130779
0.47672383282852548,-1.1574599182110674,5.1607048296955398
-3.1773599464049638,3.4417091186141837,11.62483855362227
3.4905514308577708,-1.2346408483458475,10.233670884763972
1.2973522269901885,-1.1991333088603313,6.1292252622285268
-0.71124560927625868,-0.92070126370620864,4.3772095023946527
-0.0035342209821580539,1.8133624384474576,5.2412438806920392
1.5643203033233446,-0.36410020858142289,6.3274849916036793
2.120833498645962,1.5033679387408778,7.9991937015822749
-1.977235461709876,2.64030469863122,8.9807545431539619
-2.1056396539863167,1.2422633914657029,7.045274625753656
-2.096278972411417,-1.7321791349307767,7.6767099673746468
1.3254532885632777,1.935060208152434,7.1047792983673848
2.1771198340412825,3.487851578283383,10.779011251796838
-0.44065080827679948,-0.75498971041178331,4.4064438272738649
-1.4344201837754302,3.4707383936440692,10.572326776919512
-0.54624126857815547,3.1066071093704188,8.9990335823258079
-0.95438842496692144,2.0710243322629927,5.6952874065857735
0.66793658537633771,-0.081224034446622628,3.3247183323213783
3.4776810939354865,1.1235003297890627,9.9194112824763749
2.9242766075216355,-1.742055457069613,8.8384039955683438
-3.2318487269202536,2.4297810704898257,10.754763431694583
-1.9380582422591208,-0.014170194784404622,4.8996750432765808
0.21807934678441443,0.86537646699222748,3.5506380482408524
-0.20633545033775702,-0.81594364370894779,3.5621628918561719
-0.9055406386178162,0.141123024566014,3.0734250631556144
0.15879166231028297,-2.9799045130119057,7.4502862379784158
2.4594356898507979,-3.2106235264294622,10.73322337428842
1.9969016917981426,-1.8149914563405989,7.0525924441458248
2.8823793475075581,-2.5088293580297538,10.189749801103449
-1.2740833370192117,-1.0880508768924284,5.518459102572379
0.42651795133185111,2.0898124254628057,6.9510012762935958
-0.3913984447569776,1.066360466884487,4.6148044653415923
-2.2963455272016207,-0.037559083002804527,6.8561890239785122
0.99803082487791972,-1.6462777188943634,6.2678028546361588
-3.0351448188448185,2.0545163696969269,8.1993658898778499
-1.6366122025550844,-0.28362359732785114,6.2558991259781394
-0.46805681885383432,-1.8821952365201133,6.629824086479708
0.91520426703775382,1.6067499960918434,6.2806577185397856
1.7228707464274029,0.16447505422150144,5.8737744246995653
3.1886183971566284,1.7680899692095542,9.4983642177770715
-0.91682891775749908,2.2749362053174407,7.1537908052006713
0.77927286750760594,-3.3500204427334381,9.6050435086020833
3.3333671090747448,-2.7765595350426011,11.043332171402241
-1.1036382222368637,-1.928365832755623,5.7763565794744665
3.4176457134647054,3.4098645248499002,12.189127436348709
-2.495722501509265,2.4993899561602824,10.213792702714505
3.0257031451973795,2.3620555691860519,9.9113538380168045
-3.2833661565358736,1.4461899485838874,10.114636048997705
-3.3661830333206177,-2.1585313426608468,10.416724487621243
-2.3948004421775781,-0.48564312596387049,8.1523760518128867
-0.57645839931707332,2.861069722090809,8.5966434372709042
0.70368534046032227,-2.3100418569059116,7.7837384136267112
2.8488536231503998,-2.561195867558375,10.242377220843055
-1.5870422616116227,-0.1400580735330057,5.8557905434192854
-2.7151914068671248,3.0223101993389792,9.9873781324484234
1.2553180093608844,0.045867509017019081,4.3852097837230595
-1.1224147300989884,-0.035760117238403666,3.3232850275437862
-2.4161283510976723,3.1258800592321645,10.356961417396084
2.7032361484691405,-3.1290330342827182,10.352699635823956
-0.40217563161463454,0.87112308689466822,4.3176996067713915
1.2659455729179712,-2.7579632614612062,8.7218801250073241
2.4564466404275818,0.55737575426437314,8.3249460777049133
1.9408363538047277,1.9121541433033169,6.6744535037831589
0.58544184979340486,1.6571874186186921,6.6256518569022056
-2.6187422312604109,1.7543346912211257,9.209466000854059
1.7010607473083725,0.7330611143812602,6.5122531608783198
2.7568123851508552,2.9119518120055439,9.8114746236251662
1.4983864066142267,-2.8136101342429507,9.2392496686439127
-1.5714743945326419,-2.6598630343532239,9.3102704584720755
-2.2158018763595244,-1.3741205111912147,8.1032816190376664
-0.038641117281796866,-1.2994815871630911,4.6828860942512982
2.509658642414883,2.5767971063971542,10.302774809470691
3.1721103595650142,1.2269402079644465,8.9952213191298718
2.0922604729210867,-2.9256779503756327,8.3178701488936451
-2.5113205236255629,-1.9857483498248187,9.001703340906877
1.9719110302634322,1.2897127251587568,6.9400929784710854
-3.0630615099126866,-0.54542341215715373,8.8558462847726602
-0.0039099870733028119,2.1998884372944554,6.1410935010009169
1.4427277880991412,-1.6005306279220768,7.5535793731184278
3.0070607631240485,-2.3390744663416845,9.785265509303775
-2.0344254536316981,1.2902505599574976,7.0547734712020524
-0.9312197029911955,3.2869628161567821,8.977959364120272
1.9430930221004026,1.6440812262315427,7.591119810432609
1.3698737184288552,-1.4995503946388604,7.2807228766728933
-1.7486919999021253,0.15347449937574709,5.7907323089342242
-1.3887124074027342,1.3869257591975668,7.0988637813316551
0.13254241002573908,-2.8659987846500505,7.4356154416807367
3.2738766480106474,-0.71174724276877699,9.4419225036267473
1.7782096258845126,-2.5259015040476873,9.1301861664274835
-2.6372666616606173,-0.26190043337144253,8.27391037340076
-1.6347699223588721,1.8616405336357822,7.6383181097220856
-0.21895419434576624,2.0537996459072234,6.0185312657910686
2.8981011490063269,2.8832786006511615,9.3344430195794494
-1.6855674018335014,-1.0535596595533065,6.3028141734106775
3.3246557413010933,1.4860674166959891,10.283629129802955
0.60904991167652867,-0.41518519911107798,4.2567455046209872
-1.7347765717297507,0.72952316262550632,6.4975905620270993
-0.33542687418276129,2.5617991804314588,8.3521929315914267
2.0507755547410467,0.88889238138197957,5.7805164316704882
-2.7583519087425703,-2.3037710931461839,9.8175373464320757
1.9950525268037786,2.0922750689302694,6.9255812566367911
0.16174762012015265,2.1626295404777132,6.3117536556664859
0.098895068677432807,0.59708179848688925,3.3621654633913352
2.5151692205310523,-1.415329067446633,9.0255743887794875
-0.89969231830974339,-1.8336390067429227,5.8110696226387546
-2.3344803743561204,2.5573816512804566,9.9757197760538165
-2.5521206951591506,-0.106408292704951,7.8598956070696584
-0.63792905554605372,-2.150683706454585,7.1863684559980179
-0.9442928796426826,1.5868658263940292,6.2716610433627125
2.3553538403475018,-2.224498027479437,9.2730319578639797
-0.41027937277867466,3.2762003438058116,9.576210054816336
-2.370078039135846,-1.1115396656414815,7.8660008641144241
3.2558669094816191,3.2543946214407127,11.31979266861782
-1.0293541671927149,-0.64455687032027553,4.6726293811076864
-1.177256087796434,-2.3759128640113363,8.0985781169777624
0.72604806470243588,-1.9877000054803593,6.3637178253238815
0.50332520608012388,-3.0349189501896818,8.7856341601826333
3.2747201413336677,2.4777126511642598,10.964440348873721
-2.2280006426145031,1.7554039208873053,8.2374158046983261
2.6016032304399461,-2.5797609898702158,10.374053999551164
1.4562592195376842,-1.7286905673598953,7.6122177077686271
-3.4833590529394085,2.9849417644334419,11.263786659268421
0.040499034922012456,-3.1308582667100056,7.5936009272650544
3.10835066941255,-0.022433166942561478,7.4128358705410911
2.3336613809074835,0.54533073968608825,7.9859536879087347
2.504505303493203,-2.5237604057903855,10.251947600632972
-1.5948263804682918,2.0111003554730145,7.717729791408253
2.1818361178079781,2.4997838689551779,9.4622257553737636
0.041041131590521474,-1.3538349713838373,5.0075857299171034
3.3450617926201129,1.9924803549803896,9.9426144968240209
3.1787586438033157,-1.2620188045460701,9.1923929446238777
2.3216981043903928,2.6386552531703273,9.9688470995201648
1.0075707738874051,0.30974140561030605,4.1163526466104301
2.121341895480624,-1.2625799575169574,7.2320657639897217
0.69099951161899398,-3.0703591580996945,8.5917534466356429
-1.1402622832155385,-2.0232517179677227,6.0633060416632638
1.7605856888679412,-0.93267269257494956,5.9983044686695379
0.79325100034250262,-1.7899520640320505,6.2605297860532154
-2.4295264015064788,3.418915194282679,11.255284371409322
-1.9290984254793708,2.7753218317372079,8.6181032208292123
-1.5056168630585298,2.3674534591133556,8.8352393620283252
-3.4646529868650595,-1.7807761976023653,10.513807811958634
-1.262242544369423,-1.0048668982472893,5.2122558275123403
0.89490635881921499,1.4537029010063609,6.0886604169831706
-2.681369769954256,2.9085722033347956,10.053270744536054
-1.7858770350440616,-2.439516979370743,8.9735037624388472
-1.7933667172645094,-1.0621968456485678,6.007789804244549
-3.1111553611300296,-0.36539172174903811,8.8235424627052019
1.6301913722397563,-2.8561398637592132,9.188644102892658
2.4777888105222656,0.50647307941882058,8.362208992143545
-0.6305162595708671,-2.1494061509782836,7.1931320201592985
0.9662226308158397,1.6854005397783336,6.1846702282353334
1.0538505644061251,-1.06186780084141,3.9865317069727375
-2.8363811798192069,-1.7460316909803888,8.9525449177222445
-2.911571524624712,0.18638245356522987,7.6220014853009097
0.40882872481730592,-1.2174656455241606,5.3128777849817617
-2.9205660195881107,0.18494361192377839,7.6041747924913849
-2.5917810280728077,-1.4584028917231135,9.1792380973848609
-3.1088960383565807,-2.7126635988831995,10.247887094692956
3.2350130061830216,-1.160574334232007,9.0491927727429289
0.27155885245387434,1.5872311256999332,6.1814883154040245
-0.77366593745125778,-0.30081483633098038,4.0130832328099366
0.49963212744850249,-1.9707216221316224,6.7242443306813691
1.4717396448299045,-1.5513841957361847,7.5572030402515207
-0.5379746897595572,0.62354282437678243,4.4864986397831395
-1.9812868679937596,0.75411496123845634,6.2346299551536966
-2.5139891352587651,2.902249167734734,10.183952679259125
0.93723277627228541,2.8790769293067981,7.404724607052481
2.5949272753949639,2.6548924617010696,10.388286853513222
-2.5931491691717632,-0.027777581177622412,7.7800363475289149
-3.0170381321526474,2.8568227351811002,9.3615158702158219
1.8355340927396959,-1.9631045341643647,6.940753109748627
1.2715104957031045,3.4664515840756449,10.280309890902842
-2.8838047199914905,-1.5814970274632474,9.2186021207544968
1.4005495773555348,-2.7047391394733107,9.13843992416564
-2.1106672738952539,-1.0404574374306761,5.9980883932989748
0.33529173370493925,0.45688736004600861,3.7801337055028696
-0.59097205886338111,-1.149955039080897,5.1792013553207852
-0.21876492062840613,2.6941271734024888,8.1436884501494209
2.8511342234621315,-1.5113293135813366,9.2294060710932619
1.4657981989830811,3.015275370237859,9.2606410637614829
-3.0862844370330023,-3.442629717723801,11.356413880895905
2.2595558479421367,-2.1806350762424787,8.6916068236648982
3.2587745196463196,2.7824868337992861,10.731124617288605
-1.8992243109859508,-1.4685712335790551,7.5595838431367
0.20417772167391224,2.0524380140621155,5.9284949024386968
3.2720869270462778,-1.5639825868904234,10.153963608543455
0.57113554868801142,2.8907403421969828,8.5962422593181245
1.6317162450606784,-2.1960939289576782,8.2935458915649747
-0.73802597368616452,-2.1354830048285498,6.8494583606626183
0.62396236866075938,-0.65967235796246015,4.593024694125873
3.3746589886664715,0.65558574419448945,9.887388655330227
1.6071206025643585,1.4556974581607856,7.5819714774914893
0.36042080184646652,0.52617283359459766,3.9996977731965231
-0.98831978919076979,2.9879493093723841,7.1920262449722827
-1.1258633638914164,-2.4445358428928756,8.1610222616880854
-2.6311579649949497,1.739277660848626,9.226782910168545
1.05136950098714,-1.983804331608352,5.5170438444239984
0.060864508677696882,-3.4358687408102777,9.4124825561729732
1.46752965500096,2.6358329326167489,9.2231927526023245
2.7103855312656524,-2.6223560482469206,10.36830753759684
-0.28085862539373974,3.1964394030971652,8.9427260878169648
2.9650612432373435,-1.0946645768976389,7.4623876397050584
-1.6294556027710168,0.17724994827148244,5.9717722848410801
1.2978954119443511,3.0319343140428661,8.7659213808201155
-3.1799452813397586,-2.6790388986357345,10.612507132663961
0.24604522181656563,2.8973214663998439,7.9517065385593551
-1.9801114731509466,-1.5309699843461964,7.6747974606817291
0.40631772279616651,-1.1936592286931904,5.200160697623609
-2.465729325547434,-2.769175176502519,10.228130948873659
-0.79724149422787915,0.44410518885336359,4.4160539009470092
1.1029447300321182,1.7451626066031301,6.3144757201261932
-1.0721678618522894,0.86839659418643578,4.0645014539788455
0.023754078994407291,-1.4562133388095875,5.4277510783402541
2.9967336464609522,0.80991633757997139,7.8435427530460444
-1.3107812138884292,-1.3197192518665073,6.672865553258454
3.0760513838017562,2.9398457967286982,9.2800695656193106
-0.26073933827873175,3.1216712520357834,8.4892245229320551
-2.7218807027767227,0.49162661328967783,8.6369633773639567
1.4062463574074586,0.36346802528450128,5.9561945613972256
3.1983571400034059,1.541478778152821,9.8897560981581805
-2.4005287452738422,0.72031961953093049,8.0793313074698645
-2.827939163253872,-1.159152188993346,8.0794488444559391
-1.0824498641098388,-1.5014466467723797,6.3879217833712119
-1.1693584060634388,3.2395881281168233,9.1129580477969423
-2.9029772030970276,-3.3516131421642297,10.91668176947047
1.5136214229888987,2.4329097872154204,8.9966162075138687
-0.17319643062365575,-2.608136145268563,8.0441160661726716
0.98248058096730162,-3.3164174563781916,9.1132472973446088
-1.6936010292450665,-0.83415531274096777,6.3227012875848878
1.9444731376749553,-1.86910589659757,6.8125028737693487
-0.084404248694754713,-0.74250835009787242,3.2205850816109276
1.9956017765766276,0.92598227025378144,5.4886003258115679
-2.7424014807905714,-2.6302930974294272,10.338941105366347
-1.9264843625533652,-3.4996549149164791,10.401660196091763
-0.42836349792177275,-1.9826063178163789,6.6579062435885703
-0.16802056055687897,1.6796634461854421,5.9326710579180748
2.873081796837079,-1.0708710818463496,7.5284539309345675
0.15039173417034934,0.069427181013725026,1.0726450778484953
0.85495263561853907,2.4242370158972042,7.9429537077045023
-2.3944111452090953,-1.0083509966397877,7.7568237296479481
-3.3833818988648634,0.18367330370930324,9.4882779604169141
2.3611906185638549,-0.70508581321697772,7.9724990530922568
1.1688448787590495,0.30223057525845709,4.7709768654648386
2.367971183523955,0.35403135103986338,7.9365588130052167
3.3598010659661464,-1.9493443292609902,10.001964108854104
-0.75350113442058397,1.649395640796615,6.4899275337353082
-0.95660932135171173,0.04469921703827362,2.6347468811457659
2.1505435105786095,-0.69642648340485191,7.054860143688467
0.97568838174835548,-1.440119516704343,6.0503279647088597
1.6558144048731309,0.76356699972605568,6.4748107125632508
-0.1785928728848063,0.27782104460254864,2.4922124119117441
-1.6647136563018039,-1.0353269033031869,6.2991966038931722
-3.4547242381136813,-2.240778663635719,10.909506225120035
2.6933422939698781,0.42742460846098185,8.5820420202668117
-0.84334066599193491,0.93115064396109393,3.8974041534625634
-2.4124191606827976,2.4542036797782769,10.020723657782975
-3.4106430868319264,2.4204106768278484,11.225531321308722
-2.865792853645138,1.5818793995122187,9.2271761960942147
-0.11981936599361953,3.26131794905156,8.7218673875985004
2.0594925199728804,-1.4075928847449397,7.6151516176402989
-2.3206081784477846,-0.032976176288874726,6.998021745441994
2.5415105604877741,-0.0024540821555931736,7.7397225619198196
2.8915078562743854,3.3729648579494569,11.008229602098737
2.4502305006793614,-0.39773930728866436,8.2228924081096597
1.2266159126388159,-2.589703590163146,8.6769387780638763
0.39525179302747127,-1.7970455917743322,6.5216945367825723
1.0966388937216198,-1.8128283805178171,6.0690174306179152
0.50037386578890608,-1.423753280228726,6.1727971561235968
-1.5336973027310608,-2.4498448332179068,9.0474369240792054
-3.2909877677249422,0.71315063246914789,9.5107304201830498
3.1345030048443601,-1.3463258066610386,9.324359081473462
-2.1731621927611164,3.0732839700898769,8.9993723476881513
1.4130823366835807,-2.6236631944763058,9.1395259163693634
1.60196452831347,-0.8655692012322751,6.3253000358498461
-3.2577301682827442,1.3794179707331544,9.9127037838275136
0.41846653740004758,-1.8272086418213538,6.5590836806877171
-0.89430741183303208,1.1728752784807828,4.6123154579373917
3.492406980955951,2.7052825949032622,11.482038840766812
-0.34883805520260935,0.9006600979345798,4.1501301673877578
2.6791232231744404,1.813627953916483,9.08201143189833
2.6767036713135965,0.57334132893876877,8.6265399642258522
2.6311268645994872,-3.3430358725412659,11.219752771220799
-0.079552894231302851,-3.1758121218685149,8.0147196086625314
2.5981928123792137,-0.69526822506694641,8.4841703742125745
-2.1830520367247512,0.42339541373628453,7.3275556467784746
2.8543714886445333,-2.4921146656762514,10.191884600293386
-1.9683269075014256,-1.953501850708234,6.571548073140093
-0.99747437203153133,-2.1310777605832021,6.0636790746423124
0.44990385590223303,2.7108340147599526,8.608032384316731
1.4763208891378135,0.079628751180909063,5.5460214041123947
0.37257536005968506,-2.1797476079528226,7.2152496738747267
-3.0531231848314437,-2.8823294665937089,9.3530064128282273
-1.9724849746606958,3.1228447705371689,8.514218581158806
2.119995591863983,-2.1879525585075141,7.9780260906970337
-1.9070128240204145,-1.6525613446424519,7.5824467797603621
0.12067046173248031,-2.7061333446465961,7.8283999878703749
-1.1075445786943674,2.0232991474961057,5.862646955477878
-0.75300364085984217,1.0344241625532469,4.383576286327596
-1.5174491067114928,2.5999392451509813,9.2465260888736278
-3.4554378182762315,1.7786864289003237,10.498379115135457
2.6478610730445515,3.1863330239022893,10.685473697018541
2.6022676980306096,-2.5944960523448124,10.381260612000899
-1.920406592242641,0.97451883483017454,5.4287036161588276
0.34411563473175644,2.1607703273546592,7.0537679769883006
-0.13906810545788284,2.5125578426691977,7.8696769557123822
0.28218710484310972,-0.73813335345943676,3.9616530664266136
2.5106906828371933,-2.694716142743351,10.325982491254612
1.2148407251607169,-1.6292195046527251,6.9232152544997358
0.23112656682534061,-3.1123101322134636,8.3027384581259138
2.9700850775998857,-1.95187898174745,7.9853593254128494
-0.2256344558640544,-2.5749172987731459,8.1507281010582258
-2.1000713768861115,0.13553225929729162,5.7835736063460672
0.30012213966322099,1.0755982126005117,4.3038475563927783
-1.3800961139980341,-0.49136723315350395,6.0392685232215548
1.1107109209380432,-1.8003646924380181,6.1745203536288997
-0.11123775917169265,2.5586739855931135,7.8755580903835583
0.87583739911415304,-2.3077058761480576,7.4165442089508176
0.51781914701093612,-0.98167075762186862,4.6236898128409294
1.8380246348067892,-2.7340459784213698,8.9300257182274745
-0.27913960081724554,-1.0848533695712002,4.2440912416763794
-3.02511771616836,2.4617557223540798,10.189223897842325
2.45323437734561,-0.52093349311690629,8.3127847193589268
0.0054442117813273683,-2.5137361362557207,7.7002084112117259
2.7524935814586842,-0.80201055014877154,8.2013978538947647
3.3119143560516582,-3.1735914935534173,11.221611590710417
-0.66132662372483164,-1.1415339979160666,5.0704023005489134
-2.9480020711992792,0.92299498161614579,7.2974618641824414
2.594363462907503,-2.3343188573030327,9.9961465430949659
1.4723296651382265,0.34787875559567372,6.1125637138872939
1.1226654925810591,0.040646528710428509,3.3340591550805279
1.1342745817521447,3.0929384253131715,8.0508435494003212
-2.4143257198375032,-1.9797697767557831,8.7885924401898912
-1.1394717397683563,0.88668182816745045,4.4013013816744966
0.36474114445811301,2.1583057897945253,7.0988863249270775
2.5292207876114805,-3.2074407470501942,10.796057195737987
2.5688139883175936,-2.5436456365374669,10.330932565946819
-3.101577465939632,-1.0121005618261276,7.6502459217962375
-0.94887159515752106,3.3375974653118536,9.237200872402342
-0.17657004145675259,3.1423650187642194,8.1946857381283795
-0.18464270692655127,-1.6554994138542107,5.9929605730655666
-0.64959710517698088,2.5417260235545509,8.4581119964354521
0.058323739682057951,-3.1070495765799206,7.4726592284037352
-2.1078777266668451,3.0043992244729507,8.3829417190472668
-2.5473618455342875,-0.099865563781026623,7.8427698664698777
-1.2325446448703534,-2.4190784495130502,8.4125735769251566
1.9564358405382247,-2.7162205842725839,8.8041614960379668
-1.7060306193303403,2.3163395303355152,8.6906615185368299
3.0081337257012288,-1.6428520058136131,9.1945910556600339
-2.4424136689649552,0.32497291791447669,8.1034057857873982
1.3036402764320778,-1.5859211357743113,7.2059881257110785
-1.9649441960959606,2.8982039924382752,8.0962578569784753
3.1144417503885791,2.6958027369536515,10.31590224436259
2.6581374132373172,3.2472351496247684,10.902262481823707
0.93640928529668255,1.4294289101828985,6.0029062224015313
-1.6719564767811197,-1.7998723132539383,7.6662142256326931
2.9347570550215192,0.44074848359041985,8.5804434748652749
-2.9829075835896703,2.4452838197766935,10.100225081302195
3.4643299409388995,-1.9647730898396458,10.330737391066869
0.87417240409664654,1.0904919105360538,4.1388518028415042
-1.8137313844978755,3.317610058753429,10.01269062657615
-2.0984404948709994,-0.23242154130649606,6.2928402085339314
-0.19823983538697698,-0.75615747967389879,3.6153262701098043
2.142674520537871,1.9581142091577997,7.2374405445886065
0.8115959745351411,0.25701208467430003,3.8054804164386233
1.3088782891749915,0.84602736642078913,5.5660024665232442
3.0270686630489889,0.87821063828638923,7.5637189913687024
3.4012921918681602,0.56815720178899998,10.014864698978133
1.9121011858134578,-3.4549459042907138,10.329249336441517
2.7141807159931091,0.66363494977033,8.5558229323015347
-1.5420083086795731,-1.2305591978305372,6.9316012263935747
0.81220662926999321,-1.8024055889593287,6.1741620050259307
-0.34736750669339589,-0.51985768820952005,3.9538715228862991
2.5386830418754283,0.51826218511548916,8.479618264629682
2.9934783938866572,3.2048349442917008,10.065781472517083
-2.1598590154742734,2.8131512598275776,9.0202642560352899
-1.9473600944849978,2.0873111118806147,6.9030761844825808
1.437050238127302,0.56636776323667171,6.2438127817089395
-1.8179843550219146,-0.81279309552731593,6.1363531217136362
-0.83153807331114038,-1.7038825838691243,6.3144615944080869
0.85608633811728296,-2.7930612178745591,7.929809273831756
2.3153024241961147,-1.2085104660953223,7.9628104015930656
-0.94941177227123896,-1.4169011730214609,5.96222066302877
1.0859186059968966,-1.4472196010783835,6.2764588809744239
1.0483468483882845,-0.64437176065885549,4.7285398935655785
-2.7138551740990766,-2.4270959352952475,10.196386657200039
2.7541053324485096,-2.8260598615949504,9.9970684912572771
-0.9748205347471588,2.2060775400020134,6.6207504721535813
-0.48541949600251266,-0.58273554523875015,4.3585785755965105
-1.5697664387195431,3.0720570215005534,9.442937060614339
-1.2381131656659559,-2.5116143751637852,8.6278349529335969
-3.4294312879825721,2.8013429800752103,11.280345461846824
1.7188896695480036,-1.4987619883435954,7.6814075543231848
-0.81143861972071996,0.069657216888215689,2.9954894711089004
2.3142262452852123,3.3356128816735104,10.818499821731535
0.8211390381628485,-0.58296980100705253,4.5685233504733311
3.1644180349451538,2.9963935720055739,9.789957851967106
2.6625919086996177,-2.9264678956146004,10.083598578266429
1.0134720777958517,-2.4283979735934835,7.8839344934450057
-1.7674301807386552,-2.6997299400618964,9.1420908242585561
1.3533655701839713,-1.9578991796775207,7.2368979670449871
-0.29936849134204868,1.8441107961287582,6.2276448906713497
0.99272021660901455,-3.0954265241255636,7.5991326909422092
0.5059723375555496,-1.1259087284607507,5.059538420390183
-3.3368705736979263,-3.2087446232514529,11.449320623682015
2.412455817291562,-1.1398811485475537,8.1063202560333956
-0.059944159966889288,-2.8556966044908001,7.1981284786003776
0.54783417902803322,3.3504931725682816,9.8823916712371656
-3.3553270134946955,0.74131784114390431,9.7004556190668296
-2.6168715010146961,2.6697868443209032,10.388840871278132
0.82666578546200231,1.016654743351677,4.0285034465952272
-0.2252245369562087,-3.0019157683584416,7.8708531799056267
1.6573455226614193,1.8039602621053614,7.677203469420526
-2.4564878023689705,-0.90494778431819967,7.9724015576159566
-1.4446854231843647,-2.6706146470528953,9.2083213488505571
-2.0428483015055336,-0.12597644411697662,5.4437428592751473
-0.64406317687365844,2.520475724293175,8.4273413284433794
2.9392713373085142,3.0689078043099238,9.2485189590458319
2.4310803737614348,-0.17351709701113638,7.7490145258453449
-2.7839032319967982,-3.4063226470407444,11.249101081654738
-0.6391394605522196,-2.5701520143999206,8.5046082298739769
2.5327466567902519,0.11777840272411932,7.8580901422786109
-2.4287809526438964,-1.3274683566849195,8.6923216211612271
2.6445774179650972,-2.7624317954115831,10.308442283536221
-0.44598142382950323,0.012571698996150182,2.9138896879766349
-2.9961024081311551,1.9965646569189666,7.980886283330177
0.25280815136846257,-1.3289262776047184,5.419388932621942
-0.69013204738848088,-1.0480908923158188,4.6292139640085175
0.7428976263632352,-0.0619543730301233,3.1663119537207898
-0.11282900379409355,-0.23598063535122904,1.9172645991644401
0.56485563930997262,2.6252381899921442,8.593857142240509
3.0052336602114558,3.1620874149288429,9.7835936972048962
-0.0079612655594334392,0.89306704434138773,2.6545026818022066
-2.2634063900208794,2.2494345823517516,9.0216017796976615
-2.6669863249832693,-1.7380768126801036,9.217343585083281
-1.7370345539271861,2.765032724754521,9.108751456965523
-2.8288479653836158,-2.1279157437004725,8.8005570641169779
2.6130468956705286,-0.09800862693891732,7.8713429498919627
-2.9785200643641088,-0.24319668640318248,7.9351488774917307
1.6702744126139439,0.38092297015414545,6.4763043858288718
-3.1623568213949871,2.2074305739549827,9.6435511209735605
-1.895248906097061,0.25175563309982341,5.9794976286140198
2.4206351455169237,1.4897860896414521,8.9468687250718713
0.31295008827288751,-1.003713416281268,4.1218549698498563
-2.7554734192403427,-2.0164625798229894,8.7053959108072956
0.7367293907706669,-3.2607502874906338,9.3253498464347224
1.9554459051455453,3.2844280080333466,9.6176512517257304
-0.45610290412255505,-2.347181211814898,7.992483302925816
1.5384435344031617,-2.1998329932184655,8.3174569966688097
1.2145162835752767,-2.0237651932901524,6.5629155567636488
-2.5900378172510852,-2.2340863532196282,9.6993895940512509
-0.93419995371327458,0.28192689501689783,3.8655097473680229
-2.6440810383563886,-2.953184329609063,10.115656128970423
-3.1856019233232704,-1.6968884545846983,9.6800484211091096
-1.3579537404015674,-2.7156210420667626,9.0436588049890929
2.8860506795467469,-2.4692441180098044,10.137304327634114
2.1108297295158547,-1.5229553825650661,7.9826221780293647
0.21953217653827028,1.7370376827500209,6.0490022549072826
0.28477444781748229,-3.2694090867161654,9.3001193188001885
-1.5767681077831721,0.46650085294087518,6.4741769477425422
1.9185806469983406,3.0371538662697271,8.1694293011201129
-1.0777169477628261,-0.17199357975085672,3.6108516245078413
-2.5920593557196581,2.4696043861482817,10.261328978360774
3.2958537110800918,-2.5725294576477689,11.092159979430008
-0.18048420769041984,0.13275751239571676,1.6132742635752919
-1.3774233202556987,0.31975702401244588,5.7783827715296141
1.3755530898911692,-2.5431331733556681,8.9973637453141837
-1.3817115613513438,3.4884012280753014,10.533233890084002
0.12485912379908459,2.2536448673961544,6.7753645193839347
0.60955165405156997,-1.7463091585005144,6.649731205554211
2.8919353917876176,0.37492504643261926,8.4407864003639652
1.070445340059285,2.1892269980354229,6.6557188099557472
-3.0521942415822814,0.40091522075882091,8.7080928519875513
0.94165753302284561,-0.83731782719126402,3.9128509279995427
-2.837426285574506,-0.64559580350630963,8.5085180577200781
1.9892975128212491,-2.5512631612762249,9.0363765724628102
-0.89362535279596411,-3.2996131462591469,9.1151305970563286
-2.3648150831145669,0.63347520822610281,8.056683014204614
-2.992482574679769,0.88243720287806582,7.4684036421891875
-0.43838314081167917,-1.8616745615733421,6.588897563302325
2.5275984897647614,-3.4718391992173854,11.448645906958269
-0.43542292406210548,1.5896216554709328,6.4627271016410539
-1.825153388903858,-0.0071108517241738056,5.1994839779555981
-0.14406133455245707,1.1412593161191023,3.8538215658901152
-3.3972159453346151,-2.4997404718111311,11.296558764493188
0.82960004417734101,2.7649054486520219,8.0900746811798641
2.7891925869737726,-2.5071741823181561,10.26523638307321
3.0229912188088548,1.7062400081198152,9.0449671149085873
-1.2679280749966639,-1.083503652082781,5.4633047457803166
0.1261010680151684,-2.2794808549198584,6.9411320189553436
0.0076944059586119273,1.8553106271213942,5.09358433654603
0.88285314445236285,-2.5565994095757332,8.1688074085740912
0.19055670173050343,0.85170240954023946,3.4234500207442196
-2.9451083723173914,1.1905565426051501,8.0348178388171227
2.34088220812143,0.019589321479947408,7.1015380988312842
-1.6145266596411885,-1.5476937653172931,7.7155462867899498
3.0808573864908206,0.81936248563959246,8.0649130973380885
-3.4562752479098378,-1.3065156809237806,10.338734288453841
2.0537593375893879,-1.3391176866530716,7.3494189480946286
1.3399522133545725,1.1687664350153151,6.1881631352996962
-2.2911513040371716,2.6230846068875895,9.8815657877098104
2.2758617952557305,2.6613430153280069,9.8215263895926839
2.1053641350086076,-2.3954769560468021,8.9803135157354408
1.6840215573247992,3.2157140324643567,9.8387953213336115
-1.7873095828963421,-0.43675266074366892,6.5920551534910423
1.1437854250314077,-1.071733393152754,4.5574053074122745
2.273649268642389,-1.6921281101532242,8.5454923218257921
-1.9277079259912269,-0.12553047680701157,5.2701473957149396
-3.394460319862274,-1.2118459127935886,9.9457239850192156
2.9950153487778213,-2.8383135515236542,9.4148358660665039
0.32908686007234067,3.0687915310429741,8.5514673136679988
-0.7285820225161439,0.78614031758287339,4.484794480679966
2.1718723626360559,-2.4761991956214384,9.3936115796647659
-1.8669770494344022,1.8030159064435294,7.2161394248813977
-1.3823993432787027,-1.5022593409857246,7.314625206836789
1.4327908591750225,1.0002762410523633,6.0524587476585374
-0.10298729898670045,-3.0415800208982633,7.2975677518669855
3.2639797775001718,2.3271306054750971,10.614514814158898
-3.1836057194825473,0.19683795201381393,8.5369134475875299
1.6639165019160904,3.3072175451069672,10.221918062098288
-2.5058653052533968,-2.6055331982292467,10.314082082543475
3.4590494717771918,1.6195163150077301,10.637196538834216
2.7698932460087198,-2.8688067754758375,9.8446040505682131
3.2015977324626572,3.0515278997189137,10.152413199381193
-2.935458756318702,1.4359176113743048,9.120195168192712
3.4715451579069141,1.0068255780313144,9.7150124629526591
-1.3300307812097723,2.7534962475539757,8.9454073252872259
-2.9978754812387995,-2.4242311409866875,10.067064964384809
2.6054011217385353,-0.68350102886533337,8.5033781080548803
-2.1718399052772606,-1.5922971793267635,8.2194409883836066
-2.8370124154942804,-2.9248291531375759,9.4540011802080972
-2.1422257466863788,2.8256391110170913,8.8858570022999874
-1.1875071660718071,0.32340312910062474,4.9439852518693215
1.9409965696445752,-0.051347001185712227,4.9600928055351901
-1.3834876777667158,2.514065783781458,8.970728497067789
-1.6433120685702289,-3.0466654150678458,9.2771824947765236
2.6135743190906293,2.5340956860382748,10.345828671711732
-0.99964541376918259,-1.2631222025701718,5.2104931575307809
-0.93563836098126307,1.1680558160810586,4.5076837086929267
1.9985774446388866,-2.4641617334439454,8.9363959168172578
0.065990788831143288,0.088258324659707732,0.61013724087296595
-0.50767115149312936,2.2653260738415071,7.7371151477271063
2.1404822456120769,-0.9800130655454633,6.1258339109832747
2.8038741978732205,-3.2932636993709652,10.837149633053222
-0.5723045988381732,-2.8663276815861338,8.5989015481930515
0.0064226786740553266,-2.7353650950937216,7.5601926926543719
2.9791477505989947,-0.4861711645510125,8.6699501311905962
0.60710288116221722,-1.9327888323580551,6.6333658590562123
-2.3903970911275998,3.1040735086804077,10.215206608461738
3.0848549303701374,-0.99646243681322755,7.537422981038759
0.2865838513479857,-0.82823306040680222,3.9198483261147778
-2.6694620036279972,2.2919376902629569,9.8692580542242645
-0.58383555915447927,-2.6045257378796407,8.5696627334894995
1.3514705466359267,0.19548758879642358,5.3521866948232883
-1.5772111291227868,0.31709700050192424,6.2644048133388388
2.5577132772782774,-2.4290284060147829,10.174509874838536
-1.3337360149373088,1.7882267805917964,7.2534060094311119
-2.0203872304715156,0.064100434392507566,5.0900717472113151
-2.8174653520041089,-2.7654178152038451,9.9856108907456971
0.20193737483132601,-2.2804668111581892,7.1948912945370882
-1.6384939975743342,-2.2539202891507912,8.5166512185129069
-0.53312897115607649,-2.0985848166688235,7.0724903509975814
-1.5358566345550655,0.094464929182350055,5.699842985172598
2.4077259057883422,0.38056281359977495,8.0934808402890432
-2.9331797324147098,0.80736506787809503,7.8281440930416455
-0.38326341684603404,-3.4649614135229725,10.079121049387904
3.2847335890101101,-2.56048098574959,11.056481796298762
-2.0052969540400758,-0.15891425735587106,5.5093190776049461
3.3274244796341375,2.2058617118188257,10.438632028173625
-0.73854636290202436,-0.61576892693497509,4.597155759238035
3.001078468911599,2.3460269555987043,9.8067933277294834
-2.18326644317444,-3.0372487918186657,8.9407154711931991
-2.9476152791149808,-2.2067073881523198,9.0007194875265881
-2.143407929156957,-1.107734554024336,6.4860716596122074
-2.7031125930897359,-3.1727289952651283,10.533572667662055
1.2304792217755418,0.46550222077241754,5.4612966433598551
2.9729799189980515,0.65407219385093995,8.4816818061281776
0.049000113651409549,-1.3429484222588615,4.9575099924005315
-2.0451433005176556,-2.0858882305314062,7.0049146571347123
1.8464690025913839,-2.8074142518388565,8.6969533380371153
-2.677622163337908,0.85700471699605441,8.1834849642219503
-2.3370293788354402,-1.7613892271698477,8.697348505685575
1.5347014518482416,-3.0974149304071208,9.5276976420966246
2.1134671711527631,1.3182264993457036,7.4706153531480819
1.8824520618339449,1.6931146317001566,7.5225769863358778
2.1255493222064548,-0.10316302045837222,5.7970676036187463
0.07999653636686066,1.5410974982077024,5.6838474991219279
-0.59793982019321934,-1.5586376104194235,6.5070859155193794
1.2800575678761659,0.57420444514129088,5.7350974074265082
2.7457820159262942,3.0347085395196958,9.8986743732804889
2.9680860588340146,3.0486669770927843,9.1315308219032421
-3.4232311381998279,-1.3210370722428135,10.297486259509672
-0.25451247112731901,3.3433876513488698,9.5230506939025261
1.3879462068916135,1.0645249178072609,6.0197472364448714
0.80653594866196165,3.4297561340455953,9.8095272892594902
1.4376954941892102,-1.4804092524763548,7.3970378208329031
1.8522240053735457,-2.7331923383599843,8.8998357044339667
-3.1416548468130236,-2.7024918353023013,10.405479777165692
-1.9120680880906029,-2.9049369971426136,8.1739713144486696
3.4649856148137568,-3.4350978807767194,12.298985927521892
-3.3718431840532119,1.4226323139414072,10.344270922895348
0.76102567447581659,-0.7339712853825211,4.5114675497675414
-2.453170371265541,-1.1668527736270571,8.3027472164098128
-2.7416041518877758,1.7846515012913615,9.0407202059618896
-0.35623834482445549,-3.4771576029547049,10.071183973544041
2.5134031393810421,-0.89754676439794734,8.0995206384611613
0.32342265698702466,-0.4460204259236189,3.7178875469347084
3.2762659862449448,0.96153091788952239,8.8813658230815893
-1.0147176108693849,1.7275444032781682,6.1195028153176878
2.4842985296897204,-2.8764718472078972,10.165558310537085
1.0410320617713493,2.4235619606593675,7.9044746488096447
-1.5196931404301011,3.3266147616130111,10.311743102480246
-2.2999965023236886,0.76834228589092834,7.6170872195488339
0.17574082288491732,-2.2181693068525332,6.7348289258408833
1.2395408286652971,3.1513926029038704,8.9476069224683794
0.35422291062882083,3.2326105587485596,9.3125019783953178
-3.2025611997066852,-0.83526587722485468,8.6990541715817216
0.29164230896138488,2.6763344215076996,8.3481869805594648
-1.6104424645049367,0.43767872842892697,6.4939573829659807
-3.4446760998451764,-2.9733501038020611,11.186427986401613
-2.357654279725248,2.9417095826782145,9.8168464247573226
1.8886234481932638,-1.9451446099671015,6.7408655126123982
2.5520356112201297,0.42499389181835934,8.4476833621579459
-2.8632971086223509,0.86307542499993239,7.6949954568453247
-2.3894135855087821,-2.406089602679323,9.8875452875614727
0.045528521675567646,0.77398572213295846,3.0537746388501823
-2.8693648813789481,-2.6896705225631221,10.081952868762944
0.60817578797068261,0.53531945577947582,4.4673085230376053
3.4587748728899808,2.9489471780413403,11.210676626324084
2.8217085487067894,0.89703755864698742,7.7078298939553083
-2.7042833872043617,2.9158789088344683,9.9850701599898652
-0.49737622294039241,2.934061545874437,8.6299782723409137
2.3077416602602545,-1.599900161462265,8.7145599683180279
2.0723391761391721,2.7239788562363305,8.9478612284046477
-1.5794563739491057,-2.7402876969199057,9.3059031436365931
0.38065389342978673,1.7576038821552782,6.4991498200666378
0.39633344123211467,2.9552361092572159,8.5131014025248994
-1.8613696386439942,-2.9626696530977643,8.2804664328106945
-2.6651796323014798,1.161561519562345,8.4508225490513826
2.8109905811402562,2.3645022555164559,9.95442449743868
-1.1252342782774689,-0.6286015396488569,5.0433170123030919
1.516555609905045,-1.0627653262143881,6.3614709005848766
1.3344726203735409,2.4216081424151232,8.6912638297741029
2.3323770616923731,0.67271954768476405,7.9113677738207233
-0.21543761422313157,-3.3483817479816347,9.4409353338320106
-2.0209155453169236,1.1502418682628734,6.122160108701582
2.8629568508507734,-0.82965805929350633,7.8368182338110586
-1.289002677857074,1.2012508843504373,6.0995905768357304
2.6073693881534918,1.4815654121755442,9.2193877723579156
-0.29664916605371605,-1.6915814820941502,6.3075888867808345
-1.5681918010412927,-0.028804899993341682,5.6592578819135717
-1.3992745758877461,-0.51693935765771659,6.1157113290383052
0.45564144667593043,-2.4721358283713606,8.3239193938203861
3.3199679887564013,-2.0040417270316837,9.828592642601425
0.83167229439845514,2.6143184916974604,8.2725170406380251
-3.2344892030576027,-1.8059863563620238,9.6269015697415838
2.6754398360857987,-1.6347076226631332,9.3084299556289203
0.26048535076397394,0.24985039851565549,2.7454832277928816
0.95211551179578535,0.98902062308840577,3.5928225310671706
-3.0609442290909143,-2.803565303016518,9.7230345163742573
-3.3260052740464499,-1.5892027462506479,10.323039010984319
-2.9567741852628791,1.5690559624589246,9.2320208179750551
0.89840924810416123,-0.32820797251688782,4.0685029494447384
2.7928279501109765,2.6802324897235845,10.225733877709244
3.3711423577438433,-1.4321542702537986,10.354675021510571
-3.0116516565246427,2.9613518217870363,9.0374989693596568
1.2935259719068668,-0.16892480776384389,4.9727152866859079
-1.1956451796331486,-0.36290890076528637,5.1041324799201284
-0.93705481899915943,-2.5971493199665825,8.1304228751879872
2.8781135566218952,1.6237631105030692,9.180771279121867
0.46892213115272829,1.0779129769164744,4.8294516734160844
2.5934548299778672,2.7506899138130958,10.339798767765927
-0.79069529556574825,-0.84375106622534535,4.237299171676252
2.2471374171142475,0.0063013267615907864,6.500272218726554
2.4893569618117004,3.1669127945955058,10.624898307935812
2.5106199058877783,1.4672724599063649,9.0895953410302095
0.6047216456613258,0.3659649787040804,4.1382285056132488
-0.73003902620388983,-1.5359109373792292,6.4165430783013129
0.69899595711088658,1.7180108230291742,6.5596163395311109
-1.0437489156595152,-1.4800065651282943,6.2519971534834724
0.86115440150333455,-1.7155732090435203,6.2342565687695348
1.7436592621798823,0.5401526907921097,6.6646626481768614
-3.3169859480469612,2.383620789552376,10.932097751255814
-0.80614561103004512,3.0812236066245706,8.1323814909729375
-2.080287741004601,-3.328975736507056,10.017585722239904
0.12012344032206768,-3.1336193223569389,7.8724177982750856
-0.5932453537460467,-1.5174563633624287,6.4331704488148667
-2.427380625675319,1.3204270945228762,8.6724622101727533
-0.15437755269130449,3.3184895862211405,9.1390143725177335
2.9524749986893442,3.0032115378786655,9.0350145277768519
-0.59765413787839261,-1.8714872214225438,6.6310484313103402
-2.8208724839422539,3.4414212911137909,11.281041108271381
0.81054827673341201,-1.5643482446908172,6.3689497104718669
-3.4744404895892238,0.6249206613735403,10.149930346068617
-1.5521244337948366,-1.946675993326729,7.6552777708990458
0.57279949349667625,1.224751499857744,5.5081414503674466
-0.16329167415092005,-1.7351907068111747,5.850324862906362
3.3577246722684944,0.95544144328894021,9.32887386978914
-1.2510421086808456,-2.6117673856539221,8.7587894257830889
-1.4067742298648618,-0.29225661996048702,5.8177203726734774
-1.5462102748571058,2.8492090002335697,9.2437236781777692
-1.1968847213673222,1.4041730832154968,6.5314569796507627
2.1897885107349566,-3.0275804613686224,8.9592341257875034
1.6809319849887085,3.1799694498123952,9.6897563383339946
0.87092631573861734,-0.89022726585548506,3.8727451703838653
0.98403130494325985,2.4252155780542948,7.8524236977415427
1.3418233156241897,-0.026698730197547427,4.9294043769712381
0.022150639367561897,2.1724566052153644,5.9353879445041677
-2.6200959200934242,-3.2806982310004167,11.042199523790581
-2.4516444652157814,-2.5368666030030247,10.193146160275942
3.4035969982495624,0.072562807058006218,9.3219473495046099
0.3101040861511497,-1.3530734869703633,5.6681370454378879
0.92644311989821837,-3.3397477514442886,9.2699812504821466
-0.09962548359654777,-2.3847356391891914,7.4167399636572782
-2.3774172172098638,1.9043267852939341,8.6633239409818987
-3.1826284972618564,3.4680463612828749,11.687459758002388
-1.116956422556882,1.4198169513260641,6.2920950094462
0.96801186398707451,-0.066175703115219253,2.7038399970080391
0.55279554653852792,-2.6373292526472358,8.6055277832496202
-1.9250136736716055,-2.6572052721853616,8.9578621741639335
-1.9367632695068056,2.6706339436641775,8.9265371657020278
3.0425757565127807,-2.4786902702680518,10.250041443149787
3.0278845528398985,3.0249374429272349,9.1187938226622052
0.81551696109298977,-1.3945609766630511,5.9797173211523607
-0.77249420443986283,-2.869652834373928,8.0712912575881006
-3.177561883726761,-1.7885078932840284,9.3718689836237523
-0.21685117945314403,-2.7760317315135081,8.0253314855025124
-0.32902271688091744,-2.9327752780187129,8.2991627513574251
-0.19109214867255231,2.2486949880007847,6.9799126895599741
1.3466167227449484,2.5433192963286739,8.9407143444471746
0.46220480390085505,-2.8568583361963071,8.5961187301863156
-0.91999677623925402,-0.34750573578700283,4.1525358399575936
2.170229351546876,0.014318065787743972,5.9119288185992716
0.24399562416105036,-3.0590907913010614,8.1361325899168264
-0.37294760737989163,1.2109390113878389,5.202811589522387
-2.5095577149538557,2.0671871170299312,9.1322593613829532
-0.056848718390959174,0.1305306310780634,0.87016676124129333
-0.43404756962340985,-2.0819260776541149,6.9353898448281441
-2.7598067079986004,-0.4424030292330472,8.6023480854807897
-1.0576581183148934,-3.0554113533422114,7.5042137618522595
1.2961758437640807,-1.7959846065923792,7.0972136321235979
0.5215177966206106,-3.0425290903083155,8.8061842523097731
2.6573321274117259,3.3138954428553014,11.125173839122962
0.36706928781526216,-1.2703496131334888,5.4586602708835912
2.9904593482122133,2.1344389298876916,8.5271999349109358
-1.3844066945141913,0.45341507618477905,6.0155857464420563
1.9085810592646091,-1.2284787334978748,6.5820293738398838
2.0469099315996706,2.4065047878209747,8.8604905581483226
1.8684957010773813,-0.39554599808465962,6.507938636943841
-0.84735689884382426,-2.7276683786186879,8.1219338462509061
-2.2225618848565265,2.2842448798661099,8.9956977524287485
-0.47223270777151027,2.8358837773543577,8.6095914305620127
1.6504799276286999,3.39727915796401,10.49436138517863
0.10923649808970115,1.7206354004941833,5.7025822909424981
-2.2683602439299175,1.621339793262683,8.5778329570311787
-2.528486993109945,-2.1984136847643532,9.5492243893276942
1.044161010623986,1.694753973414505,6.2609631891619628
0.47406511032929854,1.3171486549653375,5.8128863635710921
-2.6162925897961222,1.0332613253321581,8.1586275494554723
0.20323268434970032,-0.29947880019067075,2.7243076385834435
0.072959264005700852,0.98542027507098862,2.750501384774406
-1.5247620509476791,-1.3659339112189226,7.3081680804788611
2.8409235641863422,1.0818370856758808,7.6816866108806696
-2.0062027592913427,-2.8929949793135759,8.1248424548145675
-2.7535622296175282,2.1840947684183174,9.3150869873266924
-0.67634853206100143,3.2078867290014079,9.2267543263962857
-0.89988732109627145,0.65223084001300258,4.5040801226150151
-0.60341643498707143,-2.2732027587834462,7.7527873029460164
0.76583806703282242,3.1999284701318631,8.932791280405203
-1.0343303416923884,1.7676843094103036,6.02497604792228
-3.050732940076486,-3.3616309987742645,11.02903852745886
-3.1806887225625062,2.6711117937887909,10.629335498616097
0.42999553037878302,-1.9142665600615307,6.5871711285820922
1.526481290878424,-0.61371234981859146,6.4513849634214928
-1.8997691526977936,2.9052055976820563,8.2108977010313069
-2.8877789402622951,0.90326962485509288,7.4747114095771021
1.3531835314798348,-0.23388572106934502,5.4708033589224776
1.2055884797964804,-0.81797554704854658,5.0304351708198141
-3.3570396498488182,-1.3587016279851198,10.200210063412721
0.18750839079034343,-2.3900458780498726,7.6456010636104441
2.9628909320348136,1.3059173736055749,8.6967844338710503
-2.4509635357140094,0.97061926358223616,7.9271815975896924
-1.3136452442496349,2.1623577979665454,7.6649225093054856
-2.8345932220326908,-0.23037209565629491,7.9711000294865073
-0.027025247743312608,1.3631971512194969,5.0446524978826481
1.3192840377115589,-1.6847783637380465,7.2771005361804484
2.2166150311868602,-3.2983200537984434,10.361298254185515
-2.6456249784810657,2.0297616946585588,9.0330546122949222
1.7667700570202607,-0.93872198228557746,5.9716572624728208
-1.9118039449515052,-1.1340039119916878,5.9787225544778622
1.2540058215506145,3.0897168845940577,8.7309346179523768
-1.9133395594084326,3.3347105485565862,9.9165036818218866
-1.1218944639358179,-2.2102719562497497,7.009750501562424
-3.1469547734837566,-1.9697324851721993,8.6785550703333225
-1.0230815257421848,-1.505353265938387,6.2620848186182307
-2.5409231558124703,1.4554441327537795,9.118470245863243
-0.81923071239149214,0.7911507025666884,4.2906037453816523
-1.9180666253429235,-0.13998842355724506,5.3555004223656546
-1.9349433016728428,2.7938865864898377,8.5373702592959191
1.1071989257184631,2.5884526267474381,8.3203636928103926
-1.5403692795535138,1.1866427509351727,6.7784902571416854
0.63406571547469515,2.5657458035373892,8.5020533703465393
-2.2386225792915186,-1.6818448701363868,8.4158394315389433
-0.92848063958632698,-0.44221618278122143,4.4423377432476414
-2.0924523853910624,1.70550448118526,7.7419817339139314
-1.2429274660748413,-2.5928704535013294,8.7269729888987939
1.4418987722979715,-2.1601555558001073,8.0471007991520231
3.2927665377594453,-2.958623670088397,10.60437671427831
-0.14504308315302872,2.8146724265533685,7.6375808645775276
-0.35522981552322186,2.2113179189729433,7.3181364438379166
0.15173763906937143,-2.8093346486095325,7.6808981553753846
2.9910261554591022,-0.87412068748229999,7.504901208416296
-2.1353177356512694,2.1553091291811439,7.8552629786970662
0.81587419213149026,1.3663168652312949,5.8730590834080516
-3.1071744107526582,1.945571823157386,8.4418322344520735
-2.2379801215384827,-0.73523912671169755,7.3934365881858586
-1.9259749662900203,2.0320455439911349,6.7056334988835502
-1.9852610676006437,-2.4743560694477331,8.9439653374124948
0.99364585140063166,-0.61013634545406559,4.6372646544084581
-1.8968223816585765,-1.5899977649113639,7.6482647018492464
-0.088385146914572665,-2.29920289671725,6.9599111724636202
2.8167757721446041,2.7612142924263212,9.9994151681351777
-2.0843729304951601,2.84151421690565,8.5475384325988983
0.84444459818100892,-1.2937473139299627,5.4888819296287323
-1.1317113149200289,2.4354554564069355,8.1523127195536151
-1.8146615456974611,-0.35858388368879357,6.4328303546175718
0.60007460030191595,0.11220945461083431,3.3958308593330067
3.0405894099930606,-1.6022680356752019,9.3301778535795314
-3.1009653595518545,2.5034439080280224,10.427942753069136
0.069892866376973117,2.7871848855463313,7.4698371825443317
-1.5938642790992166,2.8325603371892605,9.2425032410045702
3.3150097320598073,-0.53543189093348964,9.7757455383669676
-1.0647766947106225,-2.112083028934757,6.0875726651276558
0.32898056031202172,1.0459659990459453,4.3182999894834211
3.4573322107868911,0.013913314681319733,9.4367362155398578
3.3645610699866708,-2.7335174387523384,11.20154613184746
-0.83407421177350427,-0.70596194281603175,4.4596744857422053
-2.5755713322330682,2.076694245821046,9.1935026939677549
2.9807184763812185,2.0346159888990574,8.0363018017540124
-0.91074908385297393,-0.48144019015861961,4.5003033159540706
-1.4399928445409538,2.7946089206596527,9.1752595452745993
-3.0442909636299254,1.6748541622335873,9.1943356322751448
-3.472725726342452,-1.9193168006518957,10.361100351130499
2.041261109384723,1.0420598033580584,5.6277515297649146
1.6919842510631513,1.8786242611844148,7.5293770655690295
2.4570075035767136,-2.6284356269433684,10.257298552091649
-1.3613251470677641,0.032087929066890286,5.0387213560503703
2.7997275888765687,-3.1552626309944878,10.160718355206534
3.324440920796321,1.9870914837350924,9.8392642651735365
-1.7704337798248226,1.4560509459710032,7.5968346630261543
0.77432819942129516,0.65104984638142938,4.5779403169998858
1.240072899073863,-0.63505830020515308,5.5536956567955542
2.2836082888346887,-0.061132365642106112,6.8082079960805402
2.6974720218751536,1.6158489676997236,9.3123061376604319
-0.84269721561640454,1.7937226725861528,6.0988736786002704
1.4539853805490823,-3.3629768123566603,10.358748808342872
1.884863754058463,0.41492287050427201,6.5495108926481684
-2.544463837412573,0.50936944818774332,8.4864202023783939
2.5834521729308015,0.7098363367963092,8.4533975749254839
1.1825046540961885,-2.6131718293382731,8.5461463011628442
-0.90890350713944512,-2.6388081693751118,8.1368842736471159
-1.4230955269630274,2.1715668228362119,8.0508570481001733
-0.36573220008412388,-0.90699948998081403,4.2132664667752806
1.6210430382691454,-3.0085552589921853,9.2365687494812256
0.78659652820660408,-2.4044443375816407,7.9917910444200668
1.8186525337231734,2.0162065935503843,7.0687702688313578
-0.071736464637799813,2.9355733662132613,7.0316679533270481
0.96100695162343541,0.67672931669311698,4.4803948768631265
2.5437952984289947,2.7902843954473884,10.292421788850213
0.026235422767109551,-1.76652732018585,5.4152681570028776
2.3963245164782183,3.1714881897631608,10.467227629188654
-0.18109554982708165,-3.4301487124585086,9.6294434959017909
0.22865974197511818,-3.276548135825847,9.1653531319354169
-1.454723352067854,2.5064985549819987,9.0677508804128024
-2.8906834933283343,-2.1870338794432156,8.955026523758896
2.2930883856695754,-0.91609288855655624,7.2657343574085171
-1.4863403918518863,1.8123322366454131,7.6255613828314086
-0.79835219302724703,-1.9856622255608081,6.0304569066548801
-2.9753718695702256,2.6340841110454019,10.141791015086712
-1.1048025818602869,-2.0624336778567822,5.995311142107731
-0.61445172297147277,2.1782112809942031,7.3426271445474747
0.043656848090094069,0.65516829026396195,3.2696037096693082
2.0496668578924933,-2.6164110015605107,9.1093860149291732
-3.2994852230218044,-3.3873879618003748,11.884384561869341
3.1454066308052173,1.2079967576014772,8.7529687996846075
1.4168744027289923,0.17203807513940461,5.5536044392791091
-3.3085823497244031,1.7740789286811705,10.056343591992185
2.3249144053688253,2.1433445495142474,8.8424919688825661
-3.3510674542195269,1.3529560654042889,10.171399271680766
-2.8240243924341204,0.99584382815443107,7.5601605789652311
1.0621846232478926,3.3448017598501707,9.3433994081985823
-3.3501603523995152,-0.6516026392845915,9.8179169570583866
-0.13306326010469283,1.3591386762903168,5.2120426965188038
0.82831852508298542,3.2360555824822663,8.9251102014082306
1.493357636469324,-3.2042032548136863,9.8876435525078961
1.7710415751115081,0.64221904308568867,6.6151365131653215
-3.4898011035443814,1.1094846937821705,9.909133533213339
-1.0493790433767187,-0.91341989245124111,3.8210274149769177
-0.3518087691387537,-0.58666296424140096,4.0786996926950003
-1.8493913886911977,3.0694032479727165,8.5620753710995938
-2.7331129477304463,2.1699756046670133,9.3021327559612814
3.2226713705442789,1.6517298404074099,9.9184900748468507
2.0948664257673126,1.6690506787888673,7.8388825322985021
-1.436675891969148,-1.2780448306496028,6.9024462519720231
-1.949650018420358,1.2425204470061608,6.6494235260592482
1.301347072308217,1.8839125018491911,7.0115771716245057
2.8561736900603023,1.2966056835420536,8.7043780132912971
-3.3212374914142231,-3.2243212396879999,11.452796876672144
2.3899106229379061,1.6786378044028067,8.9375644705548272
-2.8830759960695151,0.88971305190777628,7.5359897909287916
3.049180720987847,-3.0781332226363416,9.3785414047342783
-1.6018303453741776,0.52971614633798936,6.5539917870082398
3.2144258513167596,1.2788735478543192,9.4356711244008746
2.6612363498879086,-0.72370791419313463,8.4705563936012869
-3.3842203033821274,2.6996972590636377,11.28619102796331
-1.2421150938147947,-3.4175336889498618,10.095331028788211
2.8259056841517989,-1.5101403925174754,9.2417586710668083
1.2170513155305187,-1.4299879973787744,6.6777849049237297
1.9245301787820548,3.3413030600496398,9.9356092936863227
2.0749056760055469,-2.2098253335789089,7.92181009700084
-3.1069367595766826,-1.948191717872622,8.4363387235539573
1.2111570604649557,2.5395410070808353,8.5886695990526931
-1.9850973179281617,1.6049128177278895,7.6708116200527616
1.9435265723254496,-0.15216885526060064,5.4051201851950985
-3.2963560891816139,-0.66380264618023066,9.6177850969120993
-0.7491846941438185,1.2477202377693368,5.4340711434598532
-1.5841948764614977,0.21998729987252474,6.0536810407168424
-3.0978112928310768,2.9791588774043447,9.3574388334115728
2.5161352889401867,2.6052475980644383,10.325130723804106
-3.0875739113451353,0.78688261582479768,8.2556638641084792
-2.3635202426048392,-0.38452985526547057,7.9676284861106978
-0.42526002188620327,0.78246171904222628,4.3764891085450586
-1.0250189959399059,2.1861995253983268,6.512191828847623
-0.74091962790545907,2.3689289744455824,7.9470094276371448
1.2218914612096237,0.91173753317456807,4.9270697345951611
-1.178394551383966,-3.2933254233523459,9.4362135733591295
2.0741820462020124,0.49946396713982333,6.9792898364068439
2.4876916409061929,-1.1485978340662526,8.3254122810302693
-3.0083362294154421,0.089946421092150342,7.137932569095895
3.1753788972383994,0.46479060922927307,9.2451384355958961
-1.9189847675903571,-0.42437203808570034,6.5794347648194282
2.8194381427423529,-0.51291276721901369,8.6319233929689947
1.2918414197697583,-2.6631902082150338,8.8814733200802625
3.1889913211642318,-1.2184696993632764,9.0467882454044393
-2.2780066481686725,0.64423425440571513,7.7354875047246754
-0.16906903659164296,2.6274700100166131,8.0353104836351097
-0.69734580172399641,-2.0846476696911731,6.7540951163879459
-3.1609678620148998,-2.6635147137092146,10.564519480891063
1.0993587158845575,3.293972827058524,9.1701539473189211
2.0357563593061387,2.55283255751681,9.1000092927895135
1.5278153742180036,-0.19723688447061871,5.9143209612846057
-1.4306309205145151,-1.6822149899467995,7.5660958293911111
-3.2785915051681176,-2.7193533032449686,10.937233614359776
3.4795282708890625,0.42005882774120362,10.141880370526438
1.3102921166086583,-2.3889369607621935,8.5470947177473207
-0.51488756224468935,-1.6019801391187547,6.5466058645046985
0.82289466743459894,-0.27278031445075923,3.8644161920524347
-3.285320058038943,-1.0650350345671384,9.0290215867880086
1.9672237611330985,0.85542491489010786,5.7330450487749793
-2.3921443254984602,-1.4377331862119132,8.8139735491455671
-2.0349352143901824,2.3034927173421416,8.3873585885213036
-1.007022950097447,1.6242995170078238,6.2995440974307506
-2.4923080222009824,-0.65574906352454621,8.3677788319145083
-1.744404357404604,1.0781478038719738,6.2261201171490512
2.22140528042386,-0.79117127059881165,7.147158596642333
3.2049977536794767,-2.4691030797258042,10.728293020758946
1.1865054189050568,-0.28077550226554182,4.7828425782185988
3.1672782811574089,1.5734746496087846,9.7701972892760534
-3.1657749181169059,0.79427718892107269,8.6360064143240525
3.271371122735637,-3.0134424910722983,10.516673399867154
-0.29451654190755594,-1.3128136342780823,5.464922166604584
-2.9531637368239729,0.52406416323421556,8.6476364415304925
0.27365240432768578,-0.48728625246822155,3.6739983865548638
0.81448857851806888,-1.1799708706487384,4.8819882496896803
3.3557981041838607,0.6188561021034289,9.8655806761144191
-3.0406090847090597,-0.45862457031274095,8.7707052198259934
-1.241198204582278,2.9317042667963911,8.3488793779881867
2.5199890044281101,-3.0370130878001311,10.281853261087791
-2.598390369106073,-1.0817114584823302,8.2570827526775226
1.0924250981574426,3.0680366639596848,7.705631477512128
2.5878386512885481,-1.3431551615493666,8.9806257698633054
2.7133128843850045,-3.273490232537057,10.927450276127232
-0.81807783070344264,-0.4924793091853803,4.4979138776334615
-0.01848328298694879,-0.049467399600147122,0.22207875538031985
-1.1842789259961468,-0.61348376383606729,5.31893308151
1.098662184210963,0.51896142988532912,4.961539129450081
-0.89720985741225112,3.1873361278885639,8.3906666333734421
-0.57272296367712183,2.4916653409499707,8.3990467902447641
1.697964423548699,1.404289458573496,7.5090639105206574
3.293914510349885,2.5675212059562211,11.085410358710785
1.055860826115647,2.0200446019333711,5.6031152066822862
-1.1767591659244374,0.11710195569866855,3.9894754269151953
-0.655316290374512,-1.1848014879470057,5.2814021775405813
0.018557228926308955,-0.12673152089449635,0.74630842158126498
-1.3624838570502886,2.0994640245369807,7.5959474537441665
-0.62819492786427134,-2.4781371935571368,8.3553295378879096
3.2841477010597382,-0.0039147196329190059,8.6666562743292754
2.0031360287637163,1.5213932747887435,7.7006233449362149
-0.72362369536091897,-1.3620963201696394,5.971643947321656
0.7856695189115257,1.5296713982438783,6.352181529844902
1.1879498400147979,1.0081249923058024,4.6809145497781124
-1.2543498976927356,2.8861125679462907,8.4636778840368692
1.8210639316183101,0.094220502638100001,5.385398088303095
1.294010347518185,-1.5808042877528987,7.1730817417534141
-1.2288171227381359,1.3424136749318523,6.4444381539009079
-0.044562698874631046,1.7764834790778803,5.4061457238030748
2.8672361724363791,-1.6801829916992799,9.0865094524064354
-2.1064766787571658,-0.58931996809356946,7.0702580278886593
3.0525798916608515,-1.5569663898890507,9.3948859424974831
0.12454264907869383,-2.500450775182439,7.8169112407722601
-0.43258042535354502,-3.2707265822107443,9.5813121517699358
0.44257835356014752,0.63521852099187992,4.3421674232385818
3.3750443247789832,0.3742822372705743,9.8516433600957392
-0.091340167521108295,2.1255644643136939,5.7504129814427181
1.0276789906605694,1.7397837217696974,6.1047572735807556
0.35042948344154556,-2.7221559442819254,8.4695528481503146
1.7980133329275123,0.77746871894581826,6.2934762014559951
-3.0044918235206652,2.0306793803747825,8.049831896193405
-2.4438670719477429,-1.9790442954616183,8.8714940187884874
1.3768178802709077,-0.35977054132953246,5.855321876084929
-2.5092584672957785,-3.2819754642484606,11.018472199133839
-0.6804403722803527,1.726870736754873,6.5828859254852929
-2.1908614131211746,-1.2947519343430041,7.7195785847341121
-0.19511261737609109,-3.498277613285051,9.8147064499753576
0.84988070817747197,-2.1406749539153247,6.4365293408598063
3.2594985170020658,-0.10370041846304767,8.6632272738864096
-1.7873922028539673,-2.4458119802353644,8.9861604885079771
-0.59207597469044293,1.1109568925254987,5.0146622588388645
1.3423395413559538,-3.3434166976846105,10.126181078340176
2.7149678099342953,0.13510796320391805,7.8538920266855072
0.1545576588586175,-3.3055490830946543,9.0754181827984404
0.83980965778259709,2.0052136197219523,5.8582367361806043
0.48862138237839181,0.58117473676406561,4.3620299659787669
-2.6098751867745804,-0.62474973562981617,8.5571856310043177
-1.4256366104417637,2.1809876065687508,8.0931622307793258
-1.2641496877349465,-2.5124305826139972,8.7006477266589481
-2.0320394861646189,-1.2156762755738173,6.5932484583964523
-1.6165067909281414,1.4387565451975615,7.5574569826083202
-2.8023633523287743,-2.3091166072558087,9.7703282281395261
2.4030889476460917,2.9912401877870636,10.000729086364307
-0.5902805048633768,2.8695104378436156,8.5797051849085264
1.7812678165917601,-1.8767677314687394,7.2709642662843805
-2.1764429149670974,-1.1393921336305453,6.8667628149891051
1.8620061240384258,-3.142498229651133,8.8978195399281823
-2.1326325960825603,-0.80656288516714714,6.5652349068787252
-2.6572352039902265,-3.4227563116842088,11.393656258396792
-3.2614649651614678,-1.7824084290291153,9.8272860186588016
-2.7815434162681254,-0.21174961465739095,7.995129108365024
2.3033302101092348,-0.017770208049500802,6.8841676904612576
-3.0358171914380505,-2.5887842561798551,10.277132957474461
-3.3586219273643572,-1.7729984575447648,10.245491618743682
-2.2344296425181369,-2.3192232477426078,9.1843819260561119
3.0779492574895526,1.3154224511431023,8.9872626632228965
-0.42189478499202115,-2.4749416796307715,8.3029728639213864
2.43216771304819,2.4704966136825135,10.081183930100341
-2.0785658048399061,-0.64099657080874772,6.8822675812728402
-0.304064483097648,2.6830755846910339,8.3764021946089304
1.8404409635632186,0.27347112358020231,6.1294686426689395
1.3724281953447495,1.769325026938418,7.3965562367224695
2.4366122614167667,1.8125676222561165,8.9373873421458381
-2.3308221996913225,0.1375865699089811,7.257925689178311
-2.651437776384475,-2.6479522539404741,10.390749773696314
1.9843412534589771,2.3349085081420338,8.4760880315595095
3.1057132202682434,-2.8318339698242081,9.784514509151526
2.441364705970523,-2.8239876489652884,10.13688719529509
2.2124430401077113,2.3311402518541069,9.1425117344277638
3.1236207613869507,1.5949370900152777,9.5945072889626708
1.4066793608054438,3.2829844564103965,10.054583323424998
-2.1721853183029047,-1.3933578876400312,7.9791548592845434
-3.0031112869833758,2.4682437845299079,10.166454396599905
-0.14421741704602287,-2.8577738824260948,7.5122075727669699
3.02081694909874,-0.73180039005692565,8.281292546692324
1.6835238605652867,3.1059474993593028,9.3733325113402994
3.1439758448000559,-2.5104912859012192,10.569256440065478
2.0677617935191082,1.556695589152568,7.8618171845666609
-3.0651591916000758,1.3827093894226081,9.1948926687536154
2.2135065096431186,-2.97041411811463,9.0427101338847944
-0.39972410347053744,3.246811772403384,9.4514706585971311
-2.5648329530858449,-0.84633640796785725,8.2280194907194826
-0.44967242952290398,1.8244941760859366,6.606481003087044
-0.31516099926454944,0.94120308209251391,4.0312141023295602
-2.5480346713470925,-2.8378666862790003,10.249559887553756
-1.6397596032316899,-0.86567666641130181,6.3185501225106862
3.2804316626711918,1.962363857984105,9.5916889878189906
0.061890148262272238,-0.20021761124412407,1.449839221619758
-2.9945540231628858,-2.0607655880763565,8.1359263653683414
-1.1304124948913667,-3.0820058573827236,7.9725494331380418
-1.490525052536086,-1.6348212304570886,7.6553805479269403
-1.7723544343114321,3.0821096158490144,8.9647936309483605
1.6217069740209489,-2.1222212615190039,8.0110034214043644
2.4772591973937095,-2.4274790739148635,10.082756086484178
-2.4131487245671219,-1.9403173727240497,8.7719639527097293
-1.7434477992083575,2.910218665885548,8.845031227551214
2.4754864499129772,-3.3307229836360235,11.118583492194226
-0.30854007548971651,1.3222631701934064,5.5415390372918552
1.6239138718121424,-2.6541625325108349,9.3103143809127396
-3.2827037145942581,1.8917171427980124,9.6824448787390196
0.68849226567328969,1.7355239391102231,6.568084739699831
1.5151312969879625,-3.0438224688991617,9.369476359987333
1.5253141298891979,1.9639899483909886,7.65454893502889
-2.1594407868992898,-1.2889837577858234,7.5443693800934497
-0.93171650472089595,0.26493258074841464,3.7751007010917021
1.2237118719070956,-1.7387612631972011,6.864103542283031
-1.4243086246684178,-1.8421713306574654,7.4869458253611629
2.8230284231756837,-0.18462024703095059,7.789400140754303
1.9344823774588367,-0.22977407267137817,5.8497156305580376
2.7357757064420811,0.63498079042340638,8.5869823441085433
-3.4882316132523106,0.71049717217629293,10.09216328704089
-2.1868435566251683,-1.5534172250590699,8.2755365354284969
2.702763297584311,-0.52486572277463805,8.64137911981374
-0.35499619737398325,0.97890170889096773,4.2486403840002502
-0.96815393272717909,0.063135171975529314,2.6937074658925404
0.93920357202134763,-0.28288295374487005,3.8734793538573626
-3.2435430050724068,2.1591834654248787,9.8544590197398314
2.6384877129335758,-2.3952412964508074,10.14783873077902
-0.2502554625344664,-2.0151847172902997,6.0670814656698902
2.175627358291349,-2.1062124241238487,7.830028707204276
-0.72110453318779477,-3.1112178002419699,8.6470139854765016
2.5356716981252321,-0.50388199473939865,8.4702487659677796
-0.78920552405868705,-2.3547709777362855,7.8097407903586848
-2.6975343467034851,1.7348919142150159,9.2000421405488648
0.54413688633217205,2.8350976458109667,8.624549600958451
-2.8473536945202831,1.6641142691765705,9.1425471220557792
-0.38746070510318642,-0.06738387607415719,2.7215979421413081
2.9866267676234113,-1.5660967537268813,9.2628497860691645
2.8169709613675114,1.799952965992035,8.82136620422785
0.90071418189588837,-2.4103335933168593,7.835763859181835
-2.206921470390264,2.3166051543659707,9.0645201536023876
-1.2880886625552899,-0.99977862291088915,5.3726310195669775
2.8654927931429013,1.2769215398274865,8.6035713703976473
-0.11778613996101628,2.3453091759622753,7.2786006294167453
-0.72095192204993896,-2.5322935971189908,8.3764205957828413
1.6320811494667886,3.3004373197085863,10.225613273316537
-3.4141174061932147,1.8168209498986947,10.345491363651517
-1.3634059595543326,-2.9286606276725089,8.9211652898753737
-1.1237044587848493,-0.45291531821431885,4.9822819578330702
0.01028215698354451,0.19154284089864326,1.2826069843746026
0.031621829275818136,-2.9718993660941502,6.9106365083852168
1.8576391384503781,-2.3286703731346821,8.5153600033032433
-0.71752108383395585,0.6720777789336454,4.6000252088609486
2.4462342662352592,-0.1939088333512089,7.8412206454908553
-0.9023321935271742,-3.1785871802742465,8.3147183512458156
3.1400496591838269,-3.3112085874801349,11.088759733471864
2.0911783855087593,-2.6333104733403867,9.1980932099199713
-2.7963790159767479,3.200740570735813,10.409431476367164
-2.1426972987185584,0.16919639659555186,6.2182386727956676
-1.1070701884777234,-3.191314219541185,8.5436524511977776
-2.028047882274171,0.20574699885538017,5.850604979793161
3.2770913204423904,0.9949814243222237,8.8817722564101302
-0.38006910069958133,2.5490975279516128,8.3958866477745548
-0.016157598310137633,0.11313655711807291,0.63686893688780088
3.3820629737273888,-0.48837583205325785,9.9628783289824234
-0.083760937973300642,-3.1169236533147746,7.61684004098319
-2.4625337763951958,2.9173360593510154,10.113033622540728
-1.4722613594616876,-3.0399255372888589,9.3218579992943749
0.089765140428617496,2.5199104840572355,7.7880604213683942
-0.72674433243610537,-3.3135755723589488,9.5740289073388283
1.3213839921944075,3.4241689557202228,10.300379525973574
-0.94738026107607576,1.7832824822520434,5.9064372335686848
-0.53284908559814026,-1.9112293968327616,6.6747131267701789
2.4702894270411972,-2.3198904638052431,9.8387221256941864
3.1574425812806837,-1.3086853959838587,9.2851420773621918
-2.9537786238285735,0.74104931798689133,8.1470382537860413
-0.76951794533616669,1.2436415705290464,5.3705055723833652
-1.5936304066669074,-1.0436653143824843,6.37403302849442
-3.4267409080677194,-3.1200443968827423,11.413733163294072
3.0486499924487367,-2.7817304909221883,9.782461973802052
3.4280028253207533,-0.063724266290730469,9.3920121079966474
3.3855874127157106,-0.76967707796155427,9.7480676010249621
2.664117485169271,0.62807660569691581,8.5908430934238229
0.083116678599564953,0.88533385843335921,2.8357883595617146
2.1007491026891447,-1.1172307009343361,6.2655034038080615
3.0109751744238107,-0.47444994648220851,8.7167610022385791
-1.1667809989852769,-0.85691948555603137,4.6686899176629204
2.2364702549808113,-2.0989131140221806,8.1901993760139504
0.51043655971109647,-0.060244129002448243,3.1541951519518499
3.3986476129924474,-1.0903278780474559,9.6255816375407868
-1.8957798838818887,-2.3628307010841128,8.6138094433581252
0.65538030549539883,-0.28617486513548762,3.9668550486033674
2.6768779351391228,-3.3511270060375251,11.21838386670383
3.1268305728450665,-3.0338322191645273,9.6055230040878214
-2.0228384614179142,-2.905438066542311,8.1135056149416442
0.41151905795784405,-3.1694203775875796,9.1576131013116147
-1.3784271417384399,0.52417999374036839,6.0580608249070416
2.1226452750014912,-2.0663053699747391,7.3019283220461286
-3.0452632777347697,1.8046252508352634,8.6829628131956529
2.6605102301207264,0.71199793772461728,8.489705839867975
-0.68330632390312607,-2.1623194653083386,7.145493679672283
3.2274226985225276,1.8911170028287456,9.3533370337178408
2.0276217742018048,2.028780069225161,6.7112482424993587
2.5077476692081699,-0.78249409890987032,8.2528405963931721
2.9527968198024359,3.4372103608028581,11.164509839537295
2.0651492236420301,3.4028174812743659,10.277157105917203
1.2903841960332594,-0.21399713464966164,5.1091497323423134
0.69128536068813684,-0.18031283177707103,3.6080204533001954
-1.0283580541057713,-1.793349192897312,5.9170149398050818
3.0546166741393979,-2.7346780229492875,9.9920111442805215
-0.19570502774979825,-2.7674405898281531,7.9604360373611911
0.52311274434483934,-0.40412850448144066,4.0993958154139705
3.3095628379187261,1.5799402707400763,10.274307703207121
2.6545845872070304,1.3033959506072677,8.9143054573504994
1.7729828053606447,2.78746842169737,8.975563606631292
2.8877309396199999,2.0007606215292419,8.1366502039074806
1.888495514150768,-0.96415356716001765,5.5139932699101593
2.6562393143279088,-2.5425146704214958,10.36023894371049
2.9921521733718865,1.9888919556294455,7.9722955838061491
1.3317715687097271,-0.4130680740118815,5.7874461719320429
-1.1110310198581361,0.53656420217259626,5.0190169016601196
1.4740685716637421,-0.99946095227063791,6.1646481271773936
-1.644724597630447,-2.4028972080243296,8.9809199649859668
3.2578602076963223,-1.7251566273437802,9.9411493326773304
1.9836658091944486,2.4643021762980952,8.9223983358940497
-2.5110344896321495,2.6758056205366589,10.330293604639071
-2.4902120385617939,3.3538370766311134,11.191910621236442
0.39024216860279815,-0.044346530486243818,2.6992389046538676
-1.0817809866774026,0.36579575390454178,4.5925079277358165
-1.1425473418400092,-1.4582644819058195,6.484588304807108
2.5642142015577871,-3.0784126658104118,10.388392930204558
-1.0728662506045459,-1.1460815450469686,4.5784163488538816
-2.8226695361568601,1.1367573137024793,7.9845776010812823
1.1586665540305621,-2.1193107009696401,6.6138438596672309
0.32056926781653461,1.4446105046521662,5.9904061575652356
2.6364090576062829,-0.51362810612302301,8.6010414305955862
-0.17202469896345374,0.96098735660663603,3.2423042654539103
2.9257100151042179,-1.4356031166041574,9.116803326522966
-1.4691013595213418,3.1107147016897949,9.52425127191953
-0.085961971435318585,-2.6589351118982774,7.8180726496946402
1.4951075153863567,0.047899004430892234,5.5536750411917808
2.7714149891007054,-0.53136675054383087,8.6445735787135369
-2.1748003631948656,-0.27976032981214694,6.9066901785469472
-0.1893631631550643,0.69977762198114934,3.6359061726976094
2.0953467858584531,-1.234849744694781,6.9543095773311592
-2.3669511816616553,1.5454339083294677,8.8661621089597311
1.1648962679307422,-0.84101068381379251,4.7046789915103453
-2.2312681718568572,1.7864909369647064,8.1803810076941978
3.2194214833254291,1.8107412676714905,9.5306215333270732
2.4951565000078944,-2.533150459054252,10.25016897744791
-1.57363037924967,0.19241745649264619,5.972187051361491
2.4849109773007454,-1.3235576127892883,8.8007863503516166
0.40678854623659255,-2.8619716269511439,8.518497802735185
-2.6042405396437402,-0.46689408954738543,8.5486437524331027
3.4881832364913041,-1.8491292459232544,10.461960543888404
-1.3385838466021451,-1.3939000774838815,6.982704436019695
-3.1662743953162291,-1.6050121502176624,9.7462862940456816
1.6715837246638952,-1.1432063440922047,6.6217499210845361
-0.53992263341541946,-3.4955749534732745,10.216476454834968
2.1685599781182301,-2.7185944836576734,9.3296697540886022
2.2019906452732609,-2.6658443037164292,9.5518454468032079
-0.58137680459583096,-1.2399461029654013,5.5724216115646392
-0.47071279438597058,-0.66308168663914913,4.4191780860198335
1.3117041506379792,-0.14991712035487703,5.0138134418559765
0.11387812970851652,-0.31087973552560655,2.4229805562670919
0.24514056862590916,2.1386013416884158,6.566097177970132
-0.45040321450009779,2.8431689462156138,8.5876984699531
0.748405569778539,2.4453461942791828,8.1664950162842622
0.33043390132180273,-2.2082198453738684,7.2399252319422196
2.6472372993508131,3.00070285100034,10.140958179541135
-2.5726155419119103,-1.0006306802894565,8.1297421003149282
1.9164661269874115,3.3408589947844805,9.9413532326751017
-0.21957126749045441,-3.0430111672997895,7.9467043274184235
2.1011120699295267,-1.13261054877412,6.3549572628206228
-3.3625095970843333,2.7525938926895552,11.17191365609925
2.2974879790351377,-0.55278058331843916,7.8617869914766256
-1.9456466652464255,-0.69167113421663551,6.4442535079960059
-0.42736483472609832,2.8157189210177105,8.5686578091068508
1.9790362040392582,-2.1891917260534637,7.5644986336102757
-0.8791782491465101,1.4485101441517667,6.0852819152807243
-1.5117164052295824,1.5330464213702308,7.5958461135320032
-1.7292752906226323,1.9174076920605589,7.3898312953646172
-2.9370874849161579,-1.2641942571114209,8.4765999133321355
3.1290307863401789,3.2575153488064172,10.781252499354862
-3.159812559763858,-1.9258602671645497,8.8228574284956984
-1.5367238237579377,-2.8023943889597245,9.268671180070319
-0.26268198388041686,-3.0920233501181618,8.362061709000276
-0.043527361861096736,0.82456096814994506,2.8942684005776265
1.1737678671459202,2.2125130003831934,7.2686275793998085
-1.9417882333341239,-3.4951475484544638,10.388482745521129
-1.9155820680164366,-0.11039989629821578,5.2104676261326226
-0.30782739519135394,2.8624829409352941,8.2490626081103215
2.7196561638607779,-3.3905524759249324,11.284048548187457
-2.9025627704225445,-2.6752592963153039,10.073318093268776
-0.097233400350008825,2.7704685000132789,7.5989058666153841
-0.22028670418647289,-0.94590006287907169,3.5269480946580174
2.3264081404594492,-1.3337977141370057,8.4132407286606039
0.53144640416003952,-3.374940769236801,9.9516633773275789
-0.24678641309611171,-0.46540029265895777,3.5341657699487001
0.49287100318008781,-3.3076714658497899,9.7466612631087912
1.5654058099536536,-0.62142183189463873,6.5166530947549823
0.22445540692955968,-0.46126948095760367,3.4510960993310995
-0.95792049659367384,-2.3018620393799565,7.2803897010501615
2.3622971351965214,2.7229583523001564,10.041545694922482
0.3519175008258113,-1.1856991042891853,5.0248215937314527
1.5193146683233625,0.79530802783982857,6.3247989493257997
-0.79542755401763054,3.276709582346955,9.2446910866590741
-2.4173318645351527,1.8576333430519743,8.8370460409815976
-0.058709856518436077,-0.84479142649606853,2.8652376510381536
0.87367655047994663,-0.42140087567751783,4.3677339853321371
-3.3952647248114127,0.18112311686790949,9.5227144825417476
2.7519423196339385,-2.508321467703301,10.295313652038519
-2.4058390611430003,-1.0508900284022289,7.8598078126018613
-0.08671663433058141,1.1671456095565969,3.8025452056220352
2.8135866446042108,-2.6447250877805999,10.240638210802171
0.71850172383668642,-0.38579275088719323,4.2750077242302318
-0.15295791060013153,2.1740005592410476,6.3475618264559479
3.0949573139134472,-1.3735100455783451,9.2630439518686654
1.8080011089452199,-0.68406645610633765,6.5249894484174433
2.4806236347569675,-0.26999885395275758,8.09332046559223
1.8918897689960152,-0.045831320570396183,5.0313419220686555
3.3303903413823575,2.267019771486896,10.660675141840329
-1.4998301695060592,-1.9118780774151671,7.6067224383838692
-3.2927864096456134,2.2722588249517415,10.543309755175375
0.1491620774731679,3.390341601122997,9.4277513281601983
-0.67678240455655425,0.3852597264542208,4.2538369173040813
-3.3322404332448254,2.3681231195535659,10.942256390663733
1.2141281250422136,-2.7016583113494952,8.5997293064841003
-1.343286159710797,-0.4998239583722035,5.9277395419331427
-1.9764388164586737,1.9440866028771131,6.5829475014050516
-2.928505682448888,-0.33258758337179728,8.3110619831005152
-2.1983614883002209,1.8639886843402262,7.7849964211980911
-3.2301918481286518,-3.1135434262963821,10.561151278123154
-1.2524120559127594,0.4265728897405574,5.4969691222640726
2.784688970963467,-2.0694699086735389,8.7209561694302771
-1.7181448560125114,-1.7064541588990263,7.7269215094949217
-0.44901885808079811,-2.8829391287433412,8.5786846069771858
0.41481357266536945,-0.5059361456742697,4.0910870039687062
-0.51178090786783059,-3.1821180573756989,9.2925686524314148
0.96666557090270899,-2.6963324072446442,7.9977042730682069
-1.9241990720659972,1.3989036485552138,7.3892857109957877
-0.019360202070872301,-3.4909618895971413,9.5139398441904621
2.652487372528169,-1.1043350322522825,8.2815281287410354
0.2052909335086861,1.9823343010336263,5.7424074056388861
-1.5660748310482513,2.6573723115555028,9.3079527616314284
-3.1691922205797147,0.44453004165160781,9.2015171626702941
-3.0129638696572889,-0.028464063322600541,6.9652533523703148
2.0309152533395691,2.1247151314155346,7.1928358988016114
2.1562465790948133,0.98664268168987945,6.2436382013751768
-1.3002363818638747,2.5469968256273265,8.8403245864572888
-0.022008267430291273,-0.65516264920611267,3.2496815887337576
-1.1490046497548088,3.40007108981046,9.781564351353115
2.7319281852092594,-2.6794781138451906,10.314301196274148
-1.8238405888933946,2.8813466859221482,8.5645106097960433
1.2452858657023214,-1.8711430246639438,6.731378492279287
0.64343923931575819,2.3579670490679785,8.0274572744469843
-1.4841737456983273,-2.3109394389081426,8.6512039577692512
0.65109734987321577,0.07529298389673178,3.3223337981395069
1.336312706239533,3.3813080100752266,10.223372820023389
3.0754870347966472,-2.1288856182210134,8.7315527396744432
-1.3804678610959078,0.25872933173376689,5.6460706121789244
-1.3677361287999501,1.5939134874191989,7.3866226953050624
-2.6824712114924854,-2.0773396721013127,9.0737635868959359
0.44067963516781283,0.98834680730044688,4.5227950572660696
-2.0713169051784237,-3.4661910098685813,10.457035560971551
-0.863920619884194,1.0402974726211953,3.9467682572130904
2.0320964320348098,1.9564640897777972,6.6561838087031049
-0.13555599197426771,1.0055673884564271,3.100666533337936
0.79704707094167215,0.38701995127775346,4.2820197478740809
-2.4754592605967045,1.4100804590834324,8.9506690101238373
-0.97796871054208978,0.11555483123954247,2.9335753708578949
1.2575062026559785,0.32731291451309197,5.302279923451497
-1.4159071131128589,1.5835942793992448,7.4868196444650952
-3.3826409404051883,-1.7283225078072002,10.385350721457963
-2.9089935566355276,1.3767045850792341,8.9659038075008191
2.8682717127491308,-0.74513302386176816,8.1842262814142792
2.3132094996601049,1.392409297240838,8.5080945662341083
-1.2739904650381524,2.5893717120050272,8.812673473629129
2.8737687032177321,0.51119125902543772,8.619815426705463
2.4103570208675276,-3.1901018673517547,10.568754521384101
3.1878348721153724,0.24891466255364714,8.7799177547850249
-2.3025855604761407,-1.1948546307930656,7.8526345440897831
-1.2373580939488691,2.1086957376768973,7.0312342801541572
-2.1347176102741159,0.60720062467697122,7.1637457589066074
1.663343138334489,0.20623423546215935,6.0549141889100291
-1.4237675169692485,2.1803356234520503,8.0865070042267693
-1.9344868995510998,1.1486000251109161,6.039614131059281
2.1047866991249053,-2.218941916885087,8.1045835762428151
-1.6778186288697197,-0.33566843423004933,6.3952267023854859
-2.298629632589948,1.984272754560787,8.2858104320268229
-0.47581107056879945,3.0965002670206196,8.9567762693217112
2.5062647809447309,-0.65562982258042091,8.3944481504319803
-0.85414867009273632,-1.5677544306523123,6.3211019333345959
-1.7536852981786533,-1.6489710356924765,7.7368779688662617
2.1834033698476114,-2.2415982394107381,8.6121750199868803
1.5470622276228756,-2.3916018009237354,8.9293034887914811
-2.7272877204984711,-3.3243036728491178,11.086891607557945
-3.4413983030405726,-0.90224899612975973,9.6818708109120237
1.1614820062058655,-0.89299920431205981,4.5355995533022373
-2.3051303354372075,3.4056200878007648,10.980566437523395
-1.9638202250848926,-2.6001308687219025,9.0164251338401744
3.1801407807425779,0.27456203925741596,8.8384643271730514
0.91619073622981162,2.2375849746350918,6.9085255626655186
1.5496134378002626,1.3623711829038818,7.3307352439744697
1.7112370491885089,0.67811835122922304,6.589471526254588
0.78411637482112617,2.3789798981225054,7.9099825580492684
-3.4346119001595867,-2.9413236691347451,11.159104358085365
3.2059521848559536,-1.3000587434334094,9.4744634715040394
-0.37243111391314443,-1.9835822493606694,6.5230504292673999
0.50296808651978697,2.2594799735164379,7.7130022999084744
0.51248870707869365,0.31473504695434018,3.8505740294087616
-3.359705251648458,0.64881982785183112,9.8502399002406698
-2.759184799976699,2.5254145280377012,10.305869475071026
-2.443369466679493,-1.390893276447386,8.854808216768129
-1.8873226027385008,0.68592121483363755,6.4608492382888336
2.4800019692099937,-1.7575922305843708,9.082828536125076
-2.5018156435958661,0.80950559654095677,8.2013347393204956
0.93279335166938537,-3.0913960002250591,7.6493628453638571
1.0972251687103354,1.1782401643164206,4.9180428950285489
-2.4080880980456696,1.9777270028262413,8.7672365916648278
3.1330626868362828,3.2034026557025523,10.49035852643337
3.1065073194050496,0.32992375988253109,8.697114286582714
2.5239734153667595,1.0151071229387059,8.1021866324912146
-0.42980027618122385,3.2070063337484509,9.3351128868060158
0.16441194283257277,-1.0393316778296411,3.3857876628541064
-1.6744617213900859,-1.231500160464166,6.9688170571429104
1.9504796236552835,0.14378881273960964,5.3575659394624289
1.0606454364400042,1.5587288206319965,6.4013716647740182
-2.7852722838307162,0.12069814023257175,7.6301786829615104
2.271237816193862,-1.7394775130051479,8.4679205444018955
-0.54404906482404014,-2.8229934853437757,8.6284265749406259
2.2307588959536497,-0.64151481365181073,7.5396829975590745
2.827994616989443,0.17386212232162457,7.7283520328731132
0.15333075762023896,1.2380449347106266,4.5719186320245662
-0.098673978609109536,-2.6926933546488039,7.7959685550583924
1.1219158288257516,-1.8171397811342116,6.1722025965348664
-3.3464136104629034,-2.2455279578617295,10.644076627233371
-0.95603335729639127,1.6006468288680908,6.272895317823405
1.965906200868071,-1.2973811577530516,6.9767683251188561
-3.4917361584944113,0.46083977273024024,10.190742592517916
-1.4839994083746566,1.8288316701771796,7.6127343424471707
-1.076503344899284,-1.0162272191669328,3.9343323362822602
1.6649999950141217,0.070406512867990045,5.6993979409071684
3.1017504847973427,-2.6562958496187155,10.361018944808192
-1.0621213282025503,-1.0224684713550598,3.8772417525081231
0.46744657677617818,1.8647349471554451,6.6267289673726495
-1.0773966946984324,-1.7058906012926291,6.326122825941809
-2.8684988792920363,-3.3944576375123123,11.10417261848265
0.55601013129511401,1.7827600669648014,6.6676149999784897
-2.3320463188042702,0.48625728268530377,7.9636835798037993
-2.9274832978929366,-2.6560482587938612,10.09670427339617
-1.6167857251500244,-1.7926927341610956,7.7152387254161621
-3.0092978288402246,1.1942987746636247,8.1102960778183899
-0.37557915254860674,2.2225720721020963,7.4134348632550378
-0.67340999137995539,-2.2011485603096266,7.3526298980238955
-2.6120507138634648,-0.1138438489461584,7.9038109892705002
0.77525071121890399,3.3864222793251777,9.7401338982125463
-0.17263268122622266,3.1016689636789403,7.9417821890835878
-0.81693345131196304,-3.3170992235867329,9.3817127947899301
3.155985790350389,2.8781760268856189,9.8918619406346835
-1.5754693943701241,-1.971201924193317,7.6728577097287367
1.1412457773545182,1.0391426486276121,4.4132715932811983
2.3487839289954939,-0.033952374471020619,7.152639872685949
-1.0759379707756676,-1.9998517394702553,5.641428963721264
3.3754334766290004,0.63690389377092682,9.9076788044521713
3.1067372017731794,-1.1566930681196883,8.2525288271549435
1.015671794731225,2.0530987858755987,5.6144202916297345
0.69337705211802891,1.811931665810766,6.5015682930484076
1.1359508172274717,-2.6026283305820739,8.4020065776850199
-1.3899992509636414,1.6991361982318169,7.4746525385120073
3.1944708851454466,-1.520169208201738,9.8689564587458989
0.029424193562252121,-1.666404123277984,5.6457358878215693
-2.3188747389797166,1.8258268686307648,8.5232205668958194
1.9635305242812322,1.6124388640610059,7.6427200827480917
2.7988901793770227,1.6860487021755706,9.162408115551905
0.85189106641076329,2.0499130716873184,5.937946360223858
2.1552631998495348,-2.2480335046547157,8.5112522353740676
0.12839556464396518,3.4251690264968913,9.4960344728662704
0.09667286664834851,2.2672731453533865,6.780647272577264
-0.43149961864044606,2.5589609171430325,8.4637695211709065
-2.0150411553411076,0.79269511375963919,6.1157286108057818
-1.3482219180122916,1.8452701062623857,7.2491993750851442
2.5811277057179218,-0.74856015451242319,8.3985567389124132
-2.8827330604848811,2.114338964083939,8.5450780309277139
-2.7257031962559268,-2.6638707252584668,10.335234191928357
2.4627004653667512,-1.1984961847144313,8.4201214671469167
-2.2549851257223779,-3.4384366403580229,10.917653790785115
1.467931055210447,0.9139614847404669,6.1164378764502807
3.4064867721393002,0.33193706765396769,9.8767648076823029
-2.929175385031054,2.5656679904718143,10.193904550133317
2.7447132161618297,-1.7550909692915353,9.1024885141266108
1.8298647825690075,-2.9134230337600666,8.4724014547220321
2.2254559365938649,-0.5901364102558051,7.5683408578078613
-0.21561497905097804,2.0880003754692789,6.1517972047579299
-0.26307097084334297,-2.9214990401355205,8.0183762222061912
-0.37962618342377263,-1.2235388981030235,5.2773639587462498
2.9358053528671739,1.8160170261457447,8.5061954893419429
2.139684072198925,0.43871467280109755,7.1671176994285126
3.3298442139100128,1.1363083375615126,9.4671990611498309
-3.3897793093459079,0.22457763973833478,9.6111227188937054
-2.5470034720216139,0.14932688837822328,7.9432068858172986
2.7234301023264482,-2.6354372880111647,10.354268518127544
-2.2244737040409586,1.326336275624155,7.9919286921157351
-0.78381407912877865,3.159563997203465,8.6430631429929043
-0.49012687898416152,-0.29673209758899599,3.7496003250302259
2.6785525783057835,-1.8901394759757184,8.9546810337385789
3.4564635540077973,1.0547244857206621,9.7318234714013059
3.2321560276357832,-2.2773861597098346,10.313801895957248
0.70935429259311,-3.3426006140063214,9.7130826347142154
-0.86747713034566276,0.3792344533634151,4.2506034497285619
-1.4560876649104291,3.3272283232081055,10.262317377331371
2.7237414053109141,0.33930973587824731,8.4464189538584691
-1.1246446639874974,0.60198178227570853,5.0649705147593984
0.16907456699915091,-2.4700312378138367,7.8458265355844716
0.021047297677331933,-3.1627252700843131,7.8007352932347587
3.288988084957051,1.3972539957393613,10.058452831742551
-3.0976379225120381,-2.5890890223294334,10.433178424242897
-3.4001304023529535,-3.0126609803901596,11.10002796290112
0.91856536368092012,0.5688904223501634,4.5700247722844836
0.86418487262984467,-0.75924061061022918,4.2909431066683261
3.1223062963523605,-2.8405702693471251,9.8329855959908041
0.36275591028180099,-0.66778530098617583,4.1920432262565086
0.83078075167068821,-1.8680410292043066,5.952526809285402
1.0370516487137724,-3.1013712466664041,7.6923561048679723
-1.7415757325388692,0.10532619702037405,5.6466641136174758
-3.3145711087486878,3.2739727423365323,11.607959138857693
0.40061294101663369,-2.3667567981278603,7.998426151017977
-0.87744266751114885,1.0398363533046124,3.894827370914907
-0.094180721256290845,2.956677116497807,7.1044515291465302
-3.2646080623228255,-1.6670053848934738,10.064147835023538
2.1251244657721244,-3.1892432400351485,9.3712069321841405
-1.1739802770486403,0.21341923166328947,4.4135931412876879
-1.075470494119954,3.4928225220586224,9.8434935747960743
-2.3864485295561026,2.7835508348073867,10.04952352633391
-2.2951482972075317,-3.0542812079032871,9.674123295521813
-1.8886588021763102,-2.9742251273860645,8.1652069249492047
-1.7217101939955937,-2.4067908643816525,8.9541065332504584
1.8001263130283247,1.5899875670563812,7.7126194800074526
0.28586703197294305,-1.9003789076546098,6.136726566998
1.7145977335115452,-2.978048574831341,8.9468100448515866
2.449747349868435,-2.4926567678954106,10.140540401773492
0.63624711340628615,-2.1502726836653796,7.1874386494960074
1.1294101952732536,2.6060132520658073,8.3825201673317959
-1.0168001448190171,0.72505259122902554,4.4354898329068249
-2.5969140463970195,-3.0490516886112511,10.298470312556848
-2.5499798633253166,1.0382900758310898,8.1585061322824188
-0.37415280394655603,2.3748558307626011,7.9886879940958266
2.675888867874753,2.0966061841421695,9.1472823657317708
-2.7336171728802232,1.5483573921195983,9.3033035474942185
2.8962921499571683,-0.75724914459251957,8.0990558694839141
-2.629648938039467,1.5366996560101702,9.2815008870093809
3.2885991616536536,-1.9164015889367954,9.6764361469750817
0.50246803977487531,0.81761429899637328,4.5111195184363986
1.3390870310651195,-1.0055561130403112,5.6717823897542416
2.180361604885964,-2.0767583745661717,7.729025133877343
-3.3544991576760941,-2.6068746350015872,11.252652708019268
-1.607625383569685,1.3480396465475417,7.3458091784012787
3.0817938861233616,0.93823401100165604,7.5814539082040149
-1.9555641238603678,0.42375644382344024,6.6099279112124769
0.56650327790899269,3.1390778387260641,9.1069827484369927
0.62302976438303137,1.3356832108585266,5.9401368801694758
0.59044480208351757,1.303405249990921,5.8257593297703032
-0.65277399304653816,-2.6257454365325028,8.5491255611898378
-0.8347541431611365,3.382885533230386,9.6097648688191484
-1.5216089164904365,-2.6512339196948753,9.2824429627557574
3.3407804562504948,1.1512318232583532,9.5633168085594349
-0.51896167311152031,-0.70072980575133492,4.5159166270726736
-0.10793478356653186,0.72351192214211846,3.3252017044812732
3.0296960802422497,2.4821426023830702,10.229683823182704
-2.4711345819086934,-1.1582345990613643,8.319096576461714
-2.5926668430596314,-0.060072096727939339,7.8103993700308845
-2.9930943538979462,2.751026671254726,9.8100364795397539
-3.0065583892466288,-1.6191787257037802,9.2362110720604313
-1.7917288910368598,2.7492427197877758,9.0083820333155096
0.68911042325524541,-1.0948919148590042,4.8072791969945214
2.6342753876999732,-0.95593027844800504,8.1021618431696716
-1.5754490867235655,-3.3857312400254358,10.484156896995975
-3.0199815045897256,-1.408673421919044,9.1549465407719719
-3.0174671811417242,-0.89513097037221057,7.462480994546679
-0.92190712467942593,2.8200255109018357,7.6486912620759586
1.4587240759403217,1.5743311287171684,7.5594051406449143
-0.59079112217653718,-1.9975638964069915,6.739282405573654
-1.8684512172439762,-1.5292372957835427,7.6453790599708764
3.2208554331178192,1.9005402375554139,9.2899999486592648
1.2442321955144555,3.0804296681674757,8.6390038953505339
0.017620220288502964,-3.0512287302738308,7.0865390170791223
1.5423892661036778,1.9718787744090136,7.671471965080304
-3.2287078962221356,3.2464876786990766,11.17063605353955
0.95866868318347276,3.0649343844921928,7.453000918355837
-1.8410157347017342,-0.56507056585921056,6.6580227978772548
2.0116306987882275,1.1455704268277955,6.0683399732115113
1.6718137119973457,-1.1436400123441679,6.6231376981196028
1.6076778690062374,2.1969636711942435,8.3118109362451715
-0.5577433883979741,3.1952953529120975,9.3347869529218546
-3.4155034970239573,-0.75102734319558628,9.8697079085227184
-2.5145038283707399,-0.71278989218186783,8.3569786701074538
0.18231033223364257,-0.43148828431389408,3.219954651476705
0.73635622393126354,-1.273123865231776,5.5828486947869465
-3.1004204024980626,0.2916554093094943,8.5270403262713383
-2.6281928009622679,2.9772251432154642,10.152585163784718
-1.2225043186919002,-2.7205902356681393,8.6069915965814072
-1.8636476318789763,1.6969301050248893,7.5371171668066275
3.0259088628079613,0.61840071062328139,8.6622261919263508
-3.3937695283729536,2.9721853810838317,11.046388728381482
0.73549671540160499,2.154170161876328,6.9547388451869541
-0.32540992528980839,-2.846466370808141,8.3227185672302966
-0.86345244624583373,1.0857556958343402,4.1510060071227386
-1.611556220407391,1.737782776715961,7.7572350575647384
-1.3144972604971326,-0.012818947200232245,4.7597078860403101
-3.3724679376543634,-0.85912437285470311,9.5231420883230786
0.43646282740024045,-1.4457284239004564,6.1705797456350737
-2.3358991025209486,-1.028399302622371,7.5128697602829515
1.1568140131389821,0.96433722592186211,4.4085040994615454
3.3476791276536879,1.7647678481178133,10.221766264775926
2.2966327259229935,-0.41418240541277651,7.7767073496697972
-3.3242296098860802,-1.8789339899622015,9.9162833131450583
-2.6582703991036691,-0.6191026638556747,8.5949562983073289
1.5955274164913975,-1.507935947060933,7.6545083990475256
1.3782515197824532,-3.1331145960731992,9.4181296084523236
-0.26011943730519071,-3.2620409259609984,9.1949400777617516
2.2130877639467812,-3.446337217707621,10.811788574539777
-3.414259142329525,-0.88044593304599683,9.6329734297667997
-0.58647199457696164,1.4533401827790824,6.2902891415450917
3.4816151541639444,-2.9898067814811791,11.26469711238844
3.0873964355153252,3.1256142311479813,9.794921800899365
-1.3111997278631837,1.2817289779723033,6.535774488535754
0.88079051030733524,-0.30337350325129098,3.963586876633368
1.8138148161159462,-1.0138341558193096,5.8104823170069686
-0.75974010778556877,-0.014727895724060858,3.059812865623261
-2.2452033108171072,2.8069919126685781,9.4787127433860547
2.2726377713892774,0.95439666133701007,7.0997226503235495
2.1258621226317347,-2.9791085586683614,8.4656317741765896
-3.3433298222214449,-2.842378467646109,10.968294710409189
2.9544500340271753,-1.5906525826523141,9.2143863622109503
1.1484075934181748,0.28177953172924841,4.5782514967424106
2.7308079097016655,-3.0533611906086473,10.002795552919686
-1.7255852965745015,0.64371933912507995,6.6246161729564861
-2.445680547263446,1.9332499538567642,8.8632877030886164
-2.0497835456673403,1.4521267174173467,7.7001909176795547
1.9159437617771813,-2.4508673371500662,8.8803635018771399
-0.46152909702432243,-2.8148779601910134,8.6070447729816095
1.3619196166780814,0.38165767641775483,5.8431739978053585
-0.30276465379607709,0.58525330303203216,3.9449867061168504
-2.5503637162009851,-1.6233179948221124,9.2410687067193802
-2.8565794461384009,0.53084039445987941,8.6221500669127416
-3.432961972039549,-2.2957448527840221,11.015676011369916
-3.3869737282981092,-0.70896613196305314,9.8555195430202343
0.27071761098009217,-3.0978742291052246,8.4247913396097047
-1.9794344565340609,-2.8836477484905014,8.1402159584902982
-3.3306537719383704,-1.6579760983749909,10.303930776448658
3.2312193694272935,-2.1337864657940582,9.6711860059118102
2.8432575365740371,0.87571557627703189,7.7063434427543722
-1.7997680225127155,-0.57797854646806801,6.6596087692006911
-2.8296394223442052,-1.9127481536713871,8.4323200268881333
0.065192248765006955,-1.9457421639265651,4.9975992513413985
3.1435968726944372,-2.1025267038497661,8.9696350442488928
1.8398857942599776,-1.9554339062460813,6.9239997749156501
-0.19319462869276682,2.0413498392589169,5.8219575684984051
-2.6927819850677013,-0.083748207982778489,7.7624023081264646
-0.207038635385008,1.1250636136330376,4.0786964209291412
3.4207507007171589,-0.75953850927370059,9.8694625846516963
-2.6499926211445306,0.35575072299145916,8.4678268723110968
1.1241165436802518,0.2196381924562969,4.1403105561563294
-0.89093870349558868,-0.2668213859972508,3.7860900637817849
1.0464009185058529,3.4894138472940535,9.7903187250830666
-3.1446871473780682,-1.0799414703525461,8.1135483698201085
-0.57121167617434132,1.0270070639407454,4.7377124130519093
0.25721377149707658,1.3702056679493531,5.603193215298802
2.3397790223473081,-1.3081679150648267,8.3885816345470641
-0.78765332055206638,1.095175280482481,4.4923081891799512
0.6597733078767174,-2.5441249243393056,8.4543562622513999
2.9030024356438409,3.1308509238340871,9.666211786653351
2.9561146470456521,0.49838217015753106,8.6479334431148569
-0.64592216535930014,-3.1665982095121885,9.1078019237180978
1.8118456875170272,-1.5883699447880666,7.703401957612277
1.0380821776329459,-2.6144430331012405,8.1668161310674368
2.0540676817500092,0.30017760220663092,6.4342499979098733
0.096551258827157316,3.4209108790651612,9.4201363448451723
2.0250109595016621,-2.6403142389690446,9.033087365321359
-3.2775156165626305,2.5284565407336599,11.019728148838917
2.2144739630585928,1.2678293482468561,7.7205448927477729
0.23229732667154934,-2.8102160811846444,8.0240209548879271
-1.6140488557660306,-3.1696264590010084,9.7506922682180068
0.80249203106032674,0.17314613762715325,3.427522612220848
-2.9297571772682165,0.4216872916636234,8.5474638664281279
-2.6793681792761426,-2.889448117836412,10.078287562876714
0.957522854013936,-1.0927636539160379,3.9740813794233993
-3.2639938930860319,1.2833213709408282,9.6764109398064519
0.92680332610679006,0.06223485387867278,2.6952489577250951
0.32315130139120551,1.8184984293101314,6.3289047804010252
0.92101206160326932,1.2736015404511596,5.2627213527296703
-2.5805705292707932,-2.5032034760551549,10.297846567928422
1.2491622516571166,-1.982911530712927,6.7120629809902503
-3.2110296659940638,2.5257827382491049,10.806009147140259
2.520409455758136,-0.31334128700548725,8.2516214706458744
2.5622164982954123,-3.4769366104073698,11.475963609864666
-1.6091049525493695,2.0732942646430548,7.8567712272094745
-2.0185278084190901,1.7171398490082037,7.4864093849115729
-1.3279692571291291,3.1925328936617046,9.5103653058367055
-0.31816359138108918,2.961749924611885,8.2735002601801195
-2.6958777913299556,2.3317042760979358,9.974897467526711
-1.102247411882419,-0.82696558905321726,4.3766666440703332
-2.7680902537331509,-1.0747626009059297,7.9236108725631151
-0.66520181407876633,-2.7103821833756516,8.5545770552788927
-2.1387667651843234,3.005044254936621,8.5734092797853698
-0.083327657304990588,-1.2262819659430937,4.2486264164960943
2.7187731728073015,1.9435545236423337,8.801338876870819
1.1450571852360136,2.5997235315464708,8.4291685140639263
-2.4331465130464265,2.4650999582074347,10.074882520861344
1.250847404187617,0.010079377994072658,4.318358172181636
1.1968961410262438,2.004082081553884,6.3997617486879399
-2.2472678606927259,3.2537383813740002,10.288479946823786
-2.0112180227266343,0.5755955315846828,6.784676796425094
1.6776617634003239,-2.5882762363566192,9.2636764375824612
1.2831889561459562,1.9810210445713841,6.9129720623653181
-1.4335691626427298,0.60315768020940475,6.2421201086983054
2.5066894720299731,1.4531264735313068,9.0660091739933488
3.4652897619508805,-3.0877167854790355,11.404143036451401
-1.3652848366303862,2.6985172545471672,9.0655623343442464
2.4904272699453944,-0.68659094740391069,8.3390197614931481
-2.3256748764293667,1.4094093600862854,8.5815707619482602
2.6989184707535445,-3.0846076225315993,10.202008277588529
-3.3884205089786352,0.29408989573095212,9.7597193109113967
1.6991890991376231,-2.5732942789481448,9.2410367495326771
0.94958103806767458,-0.86449249753763313,3.8039450112806428
-2.6923967341056101,3.1325372984656674,10.393951460414893
-3.2388776727685018,1.4736687088418332,9.9944053294095863
-3.0893029751852699,1.9414472828423914,8.3454348851904179
1.8776443423648512,-0.83776295793827904,5.9031419660012183
2.2211932321839019,-2.9206850555846322,9.1175087253514224
2.3744399702181953,0.040089043621578835,7.2825842067073747
3.4690467873029576,-2.3223779021053872,11.144457570210021
-3.2748760137900734,-3.0789887474987561,10.6908925324134
-0.70681010177672876,-0.095824557687989476,3.3167596300806572
-0.17736421729843199,-2.0965322149709689,5.9858202609231022
2.4253328784867492,2.3180183439325868,9.7534500951770866
0.24477925497394537,-0.61716860231791992,3.8089227851580603
0.59391477453751573,1.878980483826477,6.6345105962817748
-1.4878562797383563,-1.3400925583877257,7.1860668477175675
-0.2399670677712562,0.088775104133441474,1.8517356466209804
-2.3728541202249795,-2.3492239701305144,9.718938869660219
-0.80158974724764676,-1.2025323704136519,5.0570693497106483
1.0689791150931329,0.20310241619012404,3.7505384869739835
-2.0002998575788364,1.3493557435069032,7.26950026671709
-3.3077615752127811,2.0080188119998903,9.76767022594235
-1.3271524336569254,0.18290203879182965,5.1981883188714413
1.3508107117121684,-1.1087919440500857,6.0017287274134894
-3.116970203664009,1.8522383799845574,8.7863192835097355
0.2752082702833496,2.4130314568327194,7.9292662640658733
-0.30516836615748666,0.27986984445801344,3.0871980325263522
1.1943858660787088,-0.96161517087124926,4.6888756374317921
-2.714787916408179,-3.3715549704764505,11.240688433564682
2.9964477026647351,2.0512173597939123,8.1017476584277617
-0.41393123524044917,0.78143045971498992,4.3508361597331486
2.3068487933546544,2.9544227312777132,9.5909547337296583
-2.0507963993965541,2.2970092228089127,8.3893033475355274
-2.9674693400076038,-0.57683889685642553,8.6279287562388554
-0.71116134895599581,2.0521645985828894,6.584785431058414
-0.85115410629530341,-1.1207105050580113,4.3932687878031871
-1.4352156908288083,-0.86088536235738022,6.0626290670005645
0.76897259515066185,-2.306279821214142,7.6444601348444952
-0.89678373905001108,-0.77778980288973942,4.1844282963846702
-3.379013349200584,1.9896419968363483,10.085340450044887
1.8045763897495632,-0.33980222458779208,6.3869827114977191
-3.3747234359886145,-0.34908414548698596,9.8152686234082918
0.54086324194944169,-0.42080612387751604,4.1682565583324092
-0.41281681771257439,0.92022857421299431,4.3651456606704713
1.8209317518950972,-3.3004565640388517,9.9209265747331923
3.4901023335465959,1.276468630750764,10.334801245935955
-2.8540458244029385,-0.18071296776481072,7.69761901575996
-3.3453388083598448,1.5391190709241318,10.372594456989555
2.3978725243152947,0.3201914187007886,7.9718328495070381
0.51899762276365102,-0.18131858797885725,3.4640440837876376
2.1064426929056506,3.154944049684862,9.0612386786390715
-0.8566249473660994,-1.1979042939724893,4.8765365664552043
-0.066967127645672253,0.92399410013205951,2.7134892636962533
-2.8469510468511601,-1.5666154574864439,9.2439208791026459
-2.1680394328672241,2.915388159317402,8.7855555775620893
-3.226561840650251,-0.5318619989191693,9.4644076375085238
2.7084931187670644,2.5664985357825412,10.362362265359266
2.7851243660273655,-2.1227669372746165,8.9330819326499356
-0.18204637982723204,1.2328379978256123,4.6518956965655676
2.2621835187328871,-0.86509201281446035,7.1786929341350909
-1.3079647395978053,-0.97297234697834112,5.4663415450162063
-1.5112164470343505,0.98789333478474717,6.2252932140816029
-0.25954084403062216,1.5367549860616849,6.0779512681647958
3.2478990630624089,3.0735880888885294,10.517107873623491
2.4865930604679045,2.979367578099728,10.167998429191641
0.12400893640486688,3.3231193719654772,9.078395117437001
2.5365863676064286,-2.175845536833962,9.4816273101780748
1.447505219727673,3.2023090856794685,9.8289264978929634
0.70149153539878739,-1.1764255969195565,5.1645745567292742
3.0655556379649731,2.3123394198359204,9.7922377844764377
-2.8198918797173262,-2.9608229478190067,9.4918798373065165
2.2327365447161807,-1.0821819191256283,7.0064898362098091
-2.1224032480256243,-1.7699460614770375,7.6636817097217715
-3.1121104823052557,-2.3805207121108247,10.211144854015311
2.4248333887444602,1.5168602234539659,8.9822979608610982
-0.90417326805344267,-3.4119790598874782,9.5910396199060166
-2.445144107051016,0.70942665170012553,8.2149011323718941
-1.126665097488055,-3.1145472408270107,8.1317352649337895
-1.1376146788740709,2.156183703453121,6.7240951848209889
-0.95698391332985544,0.72002203911355611,4.3599297447196506
3.4987212370706846,-0.14537075216896822,9.706269368197967
-2.70930490503466,-1.7348201231331,9.1887220294581695
2.5871931157206802,1.5321455817801004,9.2460436833585327
-0.47322409872569393,-0.7948890281194374,4.468867390773358
-1.0106839215377903,-1.766881549672866,5.984654048413212
0.28936597716157841,-2.457177880131896,8.0767042843574224
2.8747287668971238,-0.96958979981257887,7.3704225227173534
-0.53555909617251896,-0.079777625325542889,3.2405142621871441
3.1423746423456045,-0.55506768055667255,9.1276854442518136
-2.6721032048153388,-2.9815854373717805,10.065889536860489
-2.7294107557832801,-2.4806955815413234,10.276191530655648
-3.2099940831771274,0.31845207903713879,9.1250914813066402
0.77413538361435563,0.98100852423259877,4.1863830678942477
1.4159992251767566,1.8864781301210813,7.4436473019113976
-0.36754389788116892,-1.1795126376081932,5.0395724709508976
0.96778337244277957,0.057152077538784596,2.6744718741801314
0.803614228985011,0.94075476533900826,4.0491932793550482
2.0843062220921897,-2.6521934457223426,9.1520100572391048
2.1430486946433494,-0.38978173109968761,7.0915431962114592
-3.4907349349230503,0.026231916177021031,9.5166524665496759
3.159584600641403,1.1666991096258279,8.616797868072732
-1.6817297847067367,0.22041868958281663,6.0927603502547072
1.2709041337722979,2.275213092336263,8.0181014514500362
2.9177198795611625,3.3225229262680838,10.777253319433017
0.22540344107765486,-2.7401188247540014,8.1141450926870302
0.72210160544443003,1.4763424974162334,6.3071065853349957
-2.0529209783968883,0.96007538784580149,5.5988820197521996
2.1786012434752156,-1.6762725576172413,8.1667071436064873
3.1734686017955394,1.4216312004163258,9.6763052073524491
1.6976874105050026,0.21601710042780198,6.0714925507866191
-2.8819034641326393,-1.5422580403118549,9.228709206439822
1.7449726193139794,-2.2491456438231383,8.3594641647977923
1.0182500866208146,2.8315607361093598,7.5501779742733248
-2.6433345396168795,0.67629332556643451,8.5347445659577392
-3.3071140639486005,3.0444530058010475,10.770330967445084
3.4659814110017901,-0.79616982808055159,9.9153604994856295
1.5712749372448798,-3.1920863024951842,9.8646078590160364
-2.348805223171901,-1.357782704607867,8.5447406099251833
0.47734440121170607,0.58848704912328564,4.3519977725018784
-1.1309330746259012,2.2047899170461056,7.0141040141083213
2.3447400869085762,3.4069483339757873,11.077073534974078
0.042500278965499572,1.508110296458141,5.5779637381915563
-2.2250246102136497,-0.86745226764258287,6.9369108100656014
0.85378064542788135,2.9242044387420201,7.6063420205819465
0.66295859320738426,0.9684905234654364,4.5181703753876867
0.34356381718771001,-3.3341292417103996,9.6793861448189578
-3.3505301603958473,0.86927283075083661,9.4135094069376422
3.4136297030289686,-0.46738757612374027,10.032751954760656
-1.9732072022880296,1.1680853184888358,6.163397740213302
-3.1157713066692301,0.82395033768551418,8.2216882930858688
-0.59949367467512227,-0.45497900658729007,4.3250961126140162
3.4137089149337134,2.4743214148138772,11.30300276333794
0.29094596316509325,2.9401450227179549,8.1468922310604306
2.7008036415081467,-1.9945373398803856,8.8626279572586437
-2.9747424352055774,0.21280076382562507,7.7609976261674323
-1.4785325444570692,-1.4211724873424281,7.3609790878093264
1.4725008058311087,2.927737229216679,9.1785512285949071
-0.68907843389634404,-0.072343487035053222,3.2849006737722384
2.4028421270141447,1.6975730692585058,8.9607870309512005
-2.6887242975459738,2.6484616559733007,10.374709391143815
-1.5471201613074146,-1.4012222462903856,7.417839198301472
-0.7684953663484162,-0.59649881047175279,4.5863211998167408
-0.068944210906592307,-2.8108884667154923,7.3828207013103615
1.5786625262274185,-1.1273867322859203,6.6046893174899886
-0.27785948754088974,2.6102209128233262,8.2967081375269345
1.154730401943949,-2.5951465250275687,8.4579222748303238
-2.4856491046534677,-1.4108657191133953,8.970218176410107
3.0449987157181786,-2.7581943297091245,9.8733714816659859
1.1604105719448707,0.68954980423529655,5.109027865661389
2.0513430173636626,1.4112942267635953,7.6033570845621234
2.5892124400279259,3.4008580518618281,11.354886101373092
-2.2686708618415805,1.8613979608659665,8.2100520681528586
2.9604196891854846,2.2220564613477585,9.097463017082438
0.83796553155482467,-1.0156992106013831,3.9779919045373511
0.89553545677809776,1.0683047130153334,3.9553799612617375
-0.82671024816898608,-2.1941474907070448,6.8654214875657473
0.13118263021635279,-0.95256719348873542,2.9963005838437624
1.8102855849134896,1.6251602502181868,7.6952137442029134
-1.3167621531832339,-1.0235270023730889,5.5828018473381249
0.60127924056098347,-3.4684920781285133,10.151690063537828
2.8606470455401896,3.026871125193205,9.3654569758714672
-0.67999620049556864,1.170128661316328,5.1741425795452933
-2.8748110774342512,-2.8879354998381181,9.3946738429244565
-2.2850914003879916,3.4508742194174964,11.023063652437012
-1.0388799779497968,1.3559669773931509,5.8176765076666932
0.63756332671380544,-3.0624296845199748,8.7208151773406968
-0.15213091628960207,0.74466049316877303,3.4443358256728764
-0.6601690396820965,-3.0204935488157174,8.5454488025379121
-1.4528819608068697,1.6387950684295101,7.5959369750767696
2.1723550031124335,-2.227621807275912,8.4821062726164858
2.3161152616879201,-2.114701433983436,8.6931352160721946
-0.83961839491359225,1.0897469384144056,4.2615017180168202
-3.0649531510808026,-0.33319891547163349,8.5531578784504454
2.7616713755536368,-0.94846456169524629,7.8180107129353615
2.6346271134634067,2.7816049594890684,10.292303046392313
-1.776476671611237,-0.87880140854254307,6.0470000479488846
2.3029080169714211,-1.5840868469550191,8.6970250440043166
3.2296345267484607,1.6846172609979728,9.8969909998007726
2.9373442787327626,-2.8164627110483806,9.5263095038606096
-1.3381836220997645,-0.26840889416432345,5.5033421014544253
-3.2681055333715907,2.1200720931438477,9.8296898968818613
-0.91345437632322835,-0.37387315510974339,4.244010036765669
-2.6502202147042779,-1.7328699565996812,9.2309335387299427
3.3789200815535603,0.75489386954662407,9.7542820405650801
0.97849528930812024,2.5113942635273743,8.0603269726542539
1.5125740575782576,-1.7093176545058988,7.7004176992468683
-2.9201553319318405,-0.61639453630376639,8.5360608822062005
0.51298292437140613,-0.63093451776485976,4.4585539320085701
1.1006356028057418,0.73365218547236744,4.7084672598338244
0.82475365867815587,-2.2521601853134854,7.2258417901062604
2.6228638702108729,0.2475955848665885,8.2349780411080502
-3.4722887103736579,3.1989963303544888,11.745038038712103
-1.4108156099139895,0.15973783952843945,5.5001862331544729
0.59522469120898336,-1.8224811882449532,6.643727299789365
1.7186685605176342,-0.49227398894551833,6.635940388123764
0.026631017594050732,0.87161726446379983,2.7247199973839393
0.21754648456277392,0.7790238710865065,3.6684222449544208
0.5831602143190624,2.4752618273384721,8.3640742774276298
3.0689315189710475,-0.33744119323001653,8.5814798026870882
1.0449018689059582,-0.93306510377527374,3.7612816792205805
3.4696646578649526,-1.9503313771094353,10.342073392548986
-1.7770965432914925,3.2409370049792434,9.7403289749739024
0.70843813484253104,-2.6870866086002114,8.4926972389346744
-1.8000405025143205,1.9165110753701651,7.1296581305591431
1.6795104840849424,-0.92769662043608436,6.2062815981514454
1.1330294686816522,-2.4357768519871978,8.1570098584519251
2.6647569837037146,1.0227368788904823,8.0899047268639528
2.7874036779964868,2.2078236370876692,9.3418091598739927
0.89202090261500455,2.6974066829607395,8.0809627621138613
3.2818089319596071,3.0389816856017795,10.622717813437012
2.3022478062520095,-0.81414504296648005,7.5232550992636202
-3.2192301650869828,3.1197647982126622,10.522983635503895
1.2599715394265267,2.8363737557080038,8.5689070824634967
-1.7552841316672843,2.9011996059759166,8.8099259013989784
3.158309781299292,-0.042385552161261053,7.796381695449881
3.0919873589557199,-2.9090001821748639,9.4315442121078057
-0.41661847886634451,-2.3219702682707672,7.8704540925851507
-0.93603331963404379,-1.7161304225872365,6.1233240757792018
1.2674138426231609,2.952449256673578,8.4946003443352787
0.20048227884057379,2.3390115305301507,7.4746735189690394
-1.4472420063885907,-2.438871404885202,8.9340773491097654
1.8716201101116194,1.8935155748361652,6.9012735913665608
-2.2438915195968638,-2.1976453109999134,8.6931831747208168
2.2464755990839622,-3.4841892611555179,10.975623540220072
-0.82174241051292274,1.9858180274831829,5.9141445294692154
-2.7007782812891312,3.1676433117078826,10.517441958969535
0.17382588529599463,-0.073314298068293482,1.274576084892157
0.94040110744543348,0.49087345960786166,4.5377409246740186
-1.5155362924583069,0.70669647013872083,6.3988022846835051
-1.6383429588678091,-2.9235021885274395,9.1391894068603605
1.9667322243005518,-1.5139586479824791,7.6475509725869113
2.0796246135545102,1.9883239658968668,6.8507595989210941
-2.9712568578783287,0.1620024327805849,7.4617202686174728
-1.8108817618164383,0.9385307712191171,5.8146108252054063
-2.3136187455485864,2.7024100046977644,9.914867089253983
2.4390694500604901,-0.85664061414993276,7.9846951291150425
2.410029987952548,3.4468325359232512,11.275958210988982
-0.95920326658992883,3.0279730193708625,7.301702271475925
-2.590837119658731,1.0535724842565379,8.1993817249257059
1.5934626814513804,-2.0007185965154379,7.7013407741689388
1.0839035301154016,-1.3027318241863015,5.6711816833106958
-2.6087456503366204,-2.9926021331799397,10.192455382823669
-2.1772528060823602,0.66691583885259487,7.2530194464657622
0.50784225096983082,3.2235687964134163,9.4523908628224333
-0.48710379153074523,-1.1903443395333677,5.3148454072909956
-2.0783155752913816,-1.8198021438682221,7.2648812406331889
2.5508717903818088,-2.2668160275328662,9.7846824110363411
-3.0377304168309647,1.9050588245164759,8.2146144380809822
3.4252543752152773,-0.80050610090834562,9.8084031777298524
0.23266185753490953,-2.8399961789928061,7.9715438932243039
2.4693950543248571,0.47864722544602323,8.3320192932269421
3.1175558583948719,1.146013702155015,8.2535701776626933
-0.32816086100719044,0.31090139808389772,3.3014469253796115
-0.20175317829179695,3.454908201494554,9.7404251789534797
0.64458649164185911,-1.9602747971885608,6.586674024813032
-0.89066390085555946,-0.7156512179715655,4.3798685525391434
-0.43209371921234752,1.7546740050470282,6.5849339890397367
2.3743245082070343,1.2909650886949215,8.4519708807708192
-0.0042393636840318827,-0.57381434997015779,3.2231570365007762
-2.5076431517649374,-0.17855139155395738,7.9483200786359376
-2.3355234743918132,0.70225362024217386,7.8846223653610181
-1.2547090479582899,2.4969970086828015,8.6497439157193767
-1.0813312059284588,2.2689099398197516,7.2434260229861636
-1.0169816605567856,-3.1685057544779074,8.1254390369305725
1.106552482314588,1.0687850307819087,4.2982720402452443
-1.0998228647242518,0.69005586908773964,4.8259727127428356
1.6277611659071969,2.5908672379627671,9.2794903575110279
0.22007096874307042,0.023013143054162466,1.5335988256253508
2.7965047895921034,-3.2262486983158003,10.539705332404701
1.4734486913988327,-0.96028905704115219,6.130899313469552
-1.9684141011894398,-0.39320497252532327,6.5574607921137549
-1.7955363257541799,2.4161205394666023,8.9047228781258685
2.9101690578346817,2.7550691166702848,9.8206167834724578
1.3128871624118599,2.5328617805596316,8.8525243507422093
-1.318522436436675,-0.48314048830390544,5.8269092542477132
2.8414881582731066,-1.7541752843310952,8.9166633142838911
2.4667838672561615,-1.485611741512284,9.0358890482863323
-2.7306319085871564,-0.0033845054359415983,7.5737312522948592
-2.9131697915441777,2.8768419599826114,9.3167633895469564
-2.2284091255267704,3.3479970831938095,10.592247024164873
1.9509419834262953,3.0125042103111248,8.0282675493615336
2.0908096092185353,-3.2408695752179191,9.5589655047229751
1.2230383085167649,-2.6814975675424506,8.6521787250018267
-3.27020649357712,1.6083512016247514,10.136409327352544
-1.0717761127632364,2.7306696897084555,8.0334293922476974
-0.43262991314152188,2.0624703829381046,6.8665054061358202
1.5638272840008307,-1.9657438652862909,7.669616949875989
-3.1010559403186004,2.4595422667468361,10.369381033964283
-0.60291655420878199,0.3882029489397536,4.1889602001050399
0.82892860194105289,-3.1216065545332321,8.2314785005706455
-1.0523714415886767,-3.0404678640800982,7.425385735504717
-2.5942837734654427,2.3119815110573612,9.9370878897297246
1.9350172231520686,-2.5260680811741398,8.9996311739596813
0.23404017005274902,0.72580030266637152,3.7883539313266112
-3.2806041472746341,0.99868663489726384,8.9055080371454878
2.1835699740146977,3.4195920347464321,10.659834207193803
2.5595369357714235,-0.053636423253959453,7.7868944433469274
-3.2276533482080136,-1.6353011021470758,9.9577227824199142
3.093953315636413,-1.301368223345245,8.9838413077265571
-2.6851651612318497,0.51357936101672497,8.6329049652095033
-2.5697237003439763,-0.95126105411563033,8.1192027112396445
-0.05239043843111979,-3.4994755605673276,9.5528138558304931
-2.0639423071581144,-0.24149101565485198,6.1836406350061566
-1.0584843736366771,2.4442076406887692,7.9985910636102737
0.23971377629522106,0.1259794023149432,2.0020914337403433
-1.5200831000743933,-3.1833871453640699,9.8280436877246427
-0.40768506140549254,-1.3439981437833937,5.8228407300668756
-1.1761841621225178,-0.9323014370656697,4.5709630233907106
2.8642881073835023,0.068906131811784288,7.1935839122638274
1.0927558719460482,-3.0015611546590368,7.4850291603153494
1.3008534794228979,3.2345597310650991,9.6059218116754597
-2.3668375218651119,-2.0980055239912945,8.8552086215539063
-2.12095539629812,-2.2302793546283786,8.2479678788218038
1.8665563776667025,3.0675328692303472,8.4787733710326254
-3.1503043427667614,0.40264243563564062,9.0645189135453013
-0.86139049250835686,1.3100664338846073,5.5479342074454934
1.3232327291083381,0.86951052168727472,5.6041883621850985
1.6922380709212099,-0.71667434769715532,6.540946616856381
1.7291337157943349,-1.4264262006246509,7.5529678799034734
1.8933283616568746,-0.31803454881173909,6.2710252536684088
3.2507669321847281,1.9485743393910173,9.4137804681458181
2.3451143134383363,-0.5628691393480838,8.02231243040303
-1.6692810849312072,0.42209926177614188,6.5362065003223151
-1.4716433141044547,-0.51738370179169157,6.3057707307409174
-2.4085753358845148,-2.2047334733382637,9.3588753384491223
-1.4078136136076203,-2.78189004008359,9.122565879180625
-2.351724681619614,0.99593160303075301,7.5578557208911086
-0.67533008694757601,-2.834548249858611,8.4453311761800549
1.1819367278532464,-2.8738630413989399,8.0826881992897466
2.5628739794143156,-2.2594713859595359,9.7701298276784136
-1.0559239017701909,-2.2335287133556658,6.9320189570360427
1.5310032385404835,1.8621599033464351,7.6495754291031517
3.4791628458635016,-2.9203438347011588,11.253016117224908
1.01831064758131,2.0001158938936303,5.4483104372965556
-0.49268044895266927,0.10743238961966606,3.1982504101530296
-1.3746293021267788,1.8587791725378615,7.3321259852977523
1.9012935503193322,3.2698937827772019,9.5926401000224395
2.2714438598140596,1.2670276780292529,7.9871089901543542
-2.5654640715270824,1.704932997465038,9.2311469100424386
1.0436828180713373,-0.69468507902773924,4.6030341446323213
2.4792959631942262,-0.706773694472703,8.2960711007403187
0.32603368702870927,-0.16427624059045964,2.6977368192402693
-2.8328563354870386,0.91343627097282099,7.6225851980500501
-2.1839038205502859,-2.8001087869170531,9.1858673561250832
-0.37480628269041105,1.3445465969840953,5.7699892912917328
-1.1697349809686579,0.66609273006782921,5.1950547049028408
-0.23363463543212148,2.9723332345208053,7.8764654754759338
-3.284640553569234,3.0726570791200034,10.724935048238343
-2.901528289631353,-2.1424151888511389,8.6545439962507302
1.8271459516367052,-2.3354658817078371,8.5913857574446819
-1.7169093664385093,3.0363938183457542,9.0383607928422904
1.9359429096912537,-0.79565912462257371,6.0177017466442884
0.24132837527219664,2.1456297278223069,6.5870741265129311
2.3461527520457386,2.2282513654458969,9.2563713309048588
0.76057259902571861,-0.88662032742351427,4.2545939397467123
-3.2417773189465873,-1.2502916675433706,9.4573424574495721
2.2104046930226069,-0.15695059503453823,6.608488659121587
-1.3352846078856508,2.6644510976549238,8.9970649316002245
2.95962564779561,-3.3193436363555766,10.741136435968791
3.2951199256701376,1.6505184334534357,10.193099470026386
0.23184335496350705,1.7838124195697898,6.0342442853846343
2.9148060609396991,-1.1822124859558052,8.0095066392407563
-3.4056438076417921,1.0350928620407132,9.5526941272728632
-2.2947169299118553,-1.6927827476074984,8.6254974865156058
1.5983711231875963,0.093459352386672911,5.7619923946197353
1.690390960118747,-3.0745557577339961,9.2402777216246612
-1.8097958286504616,0.89560956754712961,5.901021635599605
1.3311261523236944,2.536933279852728,8.8993092296423129
-2.5159657568466347,2.5412579806398865,10.281944084785785
-3.0059109517732394,0.89042328375703761,7.4559235445465859
-2.5428705258542128,2.3327603060905844,9.9597042096050732
1.3097136383991863,-1.2700846764432034,6.4847356197696264
-0.20388557175499855,-1.3320576018737191,5.2870855026735768
-2.293381075915482,-1.0698936403223152,7.3609754755811387
2.6645829002240706,0.85451671107548943,8.2036879046260598
0.12899415700727834,-2.2929532581115555,7.0293973231879541
2.0670748371946015,-0.1438101652121051,5.6479755842952777
-0.56401384112080644,-3.2730846811296574,9.6273501350730779
2.1436383137493209,-1.7164090182833123,7.9273262003293539
-2.9677503296384251,0.009207122482756791,6.8851054262178302
-1.8812218040810649,2.0175957694305042,6.8060244358038862
3.4214036154053042,-3.3144870578987407,11.992951592624367
3.0412121251407038,-1.710787829101283,9.0729146616077276
-2.1505939520827244,-0.52718657829157012,7.2769488120185724
-1.8949051182214858,1.026663985475043,5.5426419194200029
-0.38061953768946388,2.4846102114436164,8.2797936552502396
-2.8053511451808619,-2.8578854321946081,9.7438857823150364
2.5243114798632567,0.3034743075770816,8.2412904689518243
3.3263341902381214,0.21614413867563709,9.3534539356899042
0.64941042212200539,-1.1073478906114937,4.9388934534042583
-2.5530774412155841,2.2913844422349596,9.8579551031064341
0.50671721274389903,-0.81811867131331883,4.5163243173834609
3.1519967677350387,0.94499338726630189,8.0235022908936209
3.3437421216023298,-2.0144415545595269,9.9567477591738935
3.3792871298572331,-0.56881777583282789,9.9579501204878031
-2.5079687358185625,-0.67670975890604623,8.3811533775536766
-0.53736840391520602,2.2348591421808353,7.623854527822342
3.1189891094483935,3.1518141877360737,10.108490112823768
-1.4208640178747887,1.706033763845908,7.5454789412208729
0.45198960729066195,-1.4434329611741301,6.181575539480324
1.9578361383511371,-3.3669359799660401,10.029811838603798
2.8347627056223992,-1.6248069991102292,9.2140937391640136
-3.368042103647261,-1.3311911023156955,10.175545290938315
-1.7745196821264075,-1.2149781808632034,6.7588877096384703
-2.1899095922459804,-1.0407854121454645,6.5737346232984954
2.3552495227858161,2.3700225647733877,9.7274553372423327
1.5782195968416186,-2.0024676949227111,7.7118501356672198
0.35389100733794798,3.3894098814091391,9.8639090888369019
1.6151786003569297,1.5311472102337556,7.6977859682277483
2.598887516480997,-3.1128883944791674,10.473907491248207
3.3558601474878609,1.7815570621657768,10.221553381412141
0.98883958120579241,3.4720972843040085,9.7085640903241917
0.33746137772567097,1.7800333127138677,6.3929252735690625
-1.0116121057773682,-2.2382724928617144,6.87910781427796
-3.4038348487020103,3.4460391339622154,12.222944119125152
2.0429747388354143,-1.8876180909052624,6.85398392451585
1.3593267991470013,-0.45534067794777977,5.9379717727010402
-0.59392719494117996,2.9206676428852223,8.5730037170114564
-2.5515008808750634,2.9835819200261797,10.215477616708574
-2.2749201602676523,-1.6477623072074157,8.5894046460177016
1.3695674816814272,-0.26765172442780116,5.6276299022601748
2.3105175602518395,-0.01588708021523777,6.9271368136625462
-1.1612521250907872,-0.00083999696296999105,3.599190195950019
-3.3629737630518921,2.0617389119725278,10.122798079105157
3.4671235453141271,-1.445161402844898,10.577570108010551
-1.36655269186635,0.19782945043235722,5.4252337087654823
0.58178587352520061,-0.30101277348157041,3.9351088148916276
-1.1551887085335899,-2.8703020140126148,7.9406572993997919
3.3581438340519147,0.47726639865296372,9.893466036420719
-0.32969920740354208,1.3850538026534922,5.8252206409955924
1.4819458609769995,3.3279374715457823,10.289645591401005
-1.6678220679444795,-1.2042440531191865,6.8665730394951776
1.0773007627092976,2.2555129250707777,7.1443082452255027
-0.97001675499561335,-1.6385072708506714,6.2557918937737824
-2.1861368835116637,2.5559530281135263,9.5284122832018792
-1.4105978688451333,-1.8172894329607008,7.4685418939500341
2.2079204482317891,-1.3518780763394584,8.004633704056225
1.3307229999505887,1.8055076606536593,7.2239945425341929
2.0852176403232328,-3.0947751134248969,8.5940553658595924
-2.6173599840413657,0.46366102964623845,8.5606735992916434
-0.55364667661550904,2.0808270579221553,7.0029759640147038
-3.0325017226048954,-2.2979151917308167,9.6340756418876392
-1.8900898933234491,-2.1902184034854111,7.6675123920891828
-1.0056203756075526,-2.7346616392526237,7.9017971542575811
-1.6627989213196261,-3.2586219317803167,10.04642163657593
2.338653501746367,1.8085830897895123,8.6332711640512798
-3.3094498027438677,2.7047651808951843,11.066603476745408
-0.033332341935164322,-0.096817129134911362,0.54773351963708095
1.5441797574074094,-1.9220557523772923,7.6447207551725391
1.2681846160221326,1.8155146693975741,6.9422657392675617
-0.2219937691762297,0.91424117802444371,3.5334011193461663
2.0221739432401664,3.426179681961778,10.275009777407591
-2.2137177314545635,-3.1376192230034947,9.5500827913560027
-2.3501795716307154,2.0690657093314622,8.7010992266948008
-1.1407314192176159,-2.4264406451854641,8.1522695277202359
0.95907500878605578,-0.62501915013836395,4.5687594825418287
-0.0018929959641789118,3.1527099230239291,7.7161845861429921
2.2439323292897919,-2.4376138579704705,9.5580669602650765
-2.7470430079690709,1.7442048394197247,9.12205678858383
-0.18965240117366999,1.6313081190998631,6.0063031654811425
-0.092678604508982687,-1.4470300130414135,5.4798006316116705
-2.1466058253430318,-0.52645213804202617,7.260610367027823
2.0638484026473698,-3.2628888311751663,9.6113206080789677
-1.6478576896258952,-2.5352880390648931,9.2219767695879433
-2.1461269325957826,-3.2940448022718609,10.066471328625523
1.2161741840480298,-2.9341332525458683,8.1988961090537522
1.0757810808572774,0.26413365590063931,4.1264527662168042
-2.8913806473246804,2.5707968609794758,10.207813013141287
0.77333924017570865,1.046735588379998,4.3442601972541794
-0.71181713141111924,-3.1102712284986413,8.6767960315379185
1.3757680189411623,-0.98224283191889983,5.8188079607626904
1.3407584919275912,-1.9336356575539035,7.1735766706627331
1.3831401920579172,-1.7568959088119678,7.435268580251849
-0.20525587240400078,1.6886411192235693,6.0427578199027892
3.1280205312512317,-3.062832302728228,9.7057833936245252
-2.0252841369126386,3.0148238616413439,8.0565494029466844
3.154181429534888,0.22409633957702813,8.4905320368125565
1.0609461547484225,-3.421459006623738,9.6437022904891041
-1.5837093932416069,-2.8864069617440893,9.2162000273247564
2.8743557039199121,-0.67022611691160439,8.4247680233414322
-2.4095347887575413,2.5137787337429307,10.096918670628533
-0.046804169748819291,-1.5090085210432593,5.5838309894849694
-3.1292286233364468,-2.9685377419685617,9.5479405584570038
-1.806674568885634,-0.48082533994991383,6.6402442678179128
2.620139066298294,-2.3831771391471648,10.119189895731386
-2.9322949121059478,0.15939015458469274,7.4507956706034264
-0.5100853605428024,0.49652066757076296,4.2653567542748938
1.8253639277169018,-2.6327319806901928,9.1070303373123771
-1.3488959914717098,-0.11705699389029789,5.1206222992962935
-2.4046883806466575,-2.139476113405133,9.1205460014456943
-0.96600451938503795,2.3491921488033611,7.5363331658742023
1.9297760655120353,3.1471292040918328,8.7286949983533031
-1.7748618842545385,-1.0252241556043775,5.9800982054376206
-0.026295237267559557,-3.0147209774362502,6.9666121204390983
-0.19958990920407604,0.39783494790780471,3.1554867011826069
1.9253034330424743,0.58025169641735808,6.6604118281693054
3.0358351835860384,-1.4286141860047308,9.2367637157217484
0.97092899120980292,-2.0779334529647202,5.7165650084787458
-3.3067721059083741,3.2841734466981487,11.617003048057079
-1.9141679708460382,-0.46339233333887586,6.6364333002544846
-1.2070484194079465,-2.818562464613374,8.3471954397286972
1.1022767860693365,-0.98882429034935848,4.0399328378686157
-3.167535941253246,-0.9912712806724886,8.1000861427718736
-0.48795615687014404,-1.0363649789913723,4.7209064464142898
-0.2868376237892738,-2.9147237193152611,8.1302704406786379
2.5358901178779858,2.4689869660960015,10.218017206084776
-1.2473106990237772,-0.83556115200803838,5.2413722459110623
-2.0485777745393872,2.4787179241937372,9.0448566864320039
2.6375218766080115,2.6482053477728824,10.393105420111402
2.6870834334687608,-2.717401660038036,10.32354906878798
-2.1628429887660667,2.0467845582754567,7.4984959930477615
1.5197069091429283,-0.15149642750467684,5.789566991180493
0.83318206630546321,1.8016518549828966,6.1081149293128014
1.2631586610884984,0.050259297415029547,4.4490732421684314
2.8007483852431223,2.5980066209769577,10.288600910649077
3.2329502852795819,-2.5283051432842543,10.880097539460966
0.25103849960194813,0.3376916455855099,3.106522045141201
2.2639749866113474,0.44135605946460554,7.6847664582134136
2.6848040395644857,-1.2761491727888954,8.8274872711194732
1.6061740767157913,-3.4001226034512864,10.516932647263948
-2.6615187531253506,2.6217159595245194,10.391155269832836
2.9215231457494646,0.35977908055159968,8.3984112683254732
-3.0315328884816752,0.45670365480287556,8.7457075380935159
3.3435935871361666,2.9197602898991359,10.868645449930671
3.3542518113497186,-1.490560765178973,10.369394972174105
-2.0400439275676261,-2.6293020836946308,9.0754886000841601
1.512942815774867,-1.8193316088595328,7.6560273271878891
-1.7079404051907969,-0.37911673321827877,6.4913201609347695
-0.90351889628336535,-1.5763243148900967,6.2822953092943266
3.047583415292058,2.9439015741617851,9.1555147354467472
-0.11236336639287625,1.2440410472961529,4.4661945496737445
0.35522326293655881,-3.4007760886984557,9.896380941570893
-2.3170254326915662,2.1943642962384473,9.0149662232219665
-0.58019502475905727,3.1063022366192312,8.9703458562788363
1.8601061326072825,-1.6121506742705998,7.6579223440695277
-2.0688045293370481,1.7473485050070554,7.5200347276994535
0.88700787616197552,3.1556477307271775,8.2056170841429097
0.96059486452582732,-1.5522426347851503,6.2572569560712061
3.4996316162394869,-1.0025699617716728,9.7663187110061411
0.73961250530697598,1.9358093736801933,6.2657558052947415
1.1846024314649366,-1.6732846317194912,6.7836184810119704
2.3537827272969913,1.3932073165002228,8.6348940627738191
-1.8925918218583155,1.3802641164030742,7.3324069507985463
0.37048342589079564,-1.5628760523924856,6.3350970329653009
-3.2596869157100041,-3.1534587396083009,10.897243081595711
-1.7235889544534979,-3.4544070935065827,10.562644388986842
-2.6921117841168072,2.7302483009114846,10.302695736980199
2.3015797766914172,1.7303446493002594,8.6064455664327681
3.3164160915612619,-2.6463935826130998,11.139293004367428
2.0167732868078403,-0.48886895120510943,6.8064693537171266
-0.41945767977713633,1.6663630104803433,6.530517678890611
-0.42774597898128697,-0.91781103375655304,4.4011542670722221
1.195152761119596,0.58422668978670966,5.3792162783439821
1.0707659308838835,1.0239370861104806,3.9241401192023027
1.0167682237004128,0.1039502358744997,2.9642484891765228
0.89451121284600266,1.2219365849151842,4.9548839747117022
-0.78554522558988094,-2.4828647403024942,8.2003608829082921
-3.1596378816960957,-0.72530925266291657,8.8619747684419785
3.0019530512080586,-0.80002516852497862,7.9050095329711567
1.2610592213580212,0.67129738107794967,5.6151135258553388
-1.7907099199736356,2.0560227921604328,7.3026913156257294
-3.4015342640687014,0.18218077056068882,9.5459199698909565
-3.2212591287234842,-0.023123002075482457,8.2423541578845754
-2.3016767088302874,0.78038947872626974,7.5981214643212009
-2.6763502690845886,-0.58390982092558819,8.6225635889890224
2.2009208290290134,0.94920859115450629,6.5971454966027778
1.8897235743445053,0.81609693846761555,5.9719515795708276
-0.44672668011696581,2.3516097470431943,7.9988138375572806
0.45233752463864008,1.8698295888995577,6.6091709107910326
-3.2891078853899725,-3.2126059443076551,11.284841076076949
-3.2876664594836962,-1.9074929061802637,9.6838201222242954
1.5262311429555693,2.4343742690077228,9.0103602997188368
-0.14181806414642972,3.4898221773402467,9.6826032881049748
-2.0181187458698489,-2.029330083159671,6.688707409201804
2.7589373960482941,-0.13116286486824436,7.7410901751597034
-3.3561593819404516,3.1243293549009135,11.214532750009701
2.7580411452858584,1.0310339953654992,7.8551338066107945
0.088813829221157548,2.2340584699285708,6.5332655587037713
-2.6422700148106455,-1.7941757981303461,9.1486325899085852
3.0857663175987344,0.60951107299218688,8.8557109087148937
-0.51655386765957845,-0.06312270328439018,3.1727932175343341
2.5413262685220817,3.1929756315909721,10.753040116047716
-3.0617475705570496,-0.11222549691460326,7.4260728053978973
1.9975502838046761,-1.9972844850132854,6.5870313877005096
0.25179322013159133,2.7463287687017663,8.1944142954305939
-1.9653954445744115,-0.89125306705149798,5.577414535295631
0.071799328998284562,1.8314833871235736,5.2814952634159411
0.25635636211625101,-1.331579958142171,5.4413104109421795
0.20739650623264794,-1.2318720343293226,4.7489333335463932
-0.98742796363880903,1.555544071863749,6.2769809448803748
-1.3315365863022142,-0.57429939756926585,5.9257974406486298
2.6666783582043623,-1.305205950699341,8.9186156461724835
1.4775733242234477,0.15460294503000771,5.7000579163153908
1.6164486536301208,-0.76919838605634272,6.4593717320728032
-2.9967341092046116,2.0655278473838834,8.1581528903978366
2.7299188802137984,-0.13898864351323947,7.8359612433487591
-2.5098473149711005,1.6335069636368438,9.1886238776837974
-0.20019948931178044,0.65697035281705407,3.6843214139702098
-1.3830904869517919,0.67366408623889562,6.0809711525391101
-0.38432164956930137,-2.3981450672745632,8.0714351978908514
0.84945056693007892,-0.98279184659379615,3.8722602781356095
-0.84508193367051909,1.2473523768773624,5.2205185337434443
-1.0798445763643185,-2.3789674501120359,7.8172209579532606
0.10578327154831202,2.2967508971376267,6.987479820645353
-1.3565950822767032,1.1391963587499037,6.1401204607596576
2.8443982982145464,-1.4833789158867083,9.2082019168607108
-2.1690291454987909,-0.094810968033922638,6.0760527160507252
1.9697682414553972,1.2442166674201767,6.6685072955829909
-0.76646631244303265,-1.6515108863632029,6.470550395041073
-0.75121823965123502,0.22240818891444869,3.7216084563162859
2.4750930355986931,0.081727649856361051,7.6843512030288501
-1.8094450887761084,-2.2765157572179224,8.3573060400411308
1.093545025973949,-2.5697987242961506,8.280083261486709
-0.036858750796805229,-0.43946072040433393,2.9048861463540341
-1.1976726995835132,0.34118047853202427,5.0516504971402014
-2.185542352934319,1.4424780773584427,8.1453451336726701
-1.3689472669169049,3.4961248754798584,10.525858187173483
0.87811635717638836,0.32075948815964672,4.0386852537276496
1.4552964492269069,2.0459027221869883,7.6968007859190752
3.200529343141878,2.1878018185224519,9.7495570259297679
-1.7426534140782399,2.2891292183413192,8.5383742715292588
-2.616039323190877,-3.00392504241485,10.196747574427054
-1.1831929725663044,-2.6246043055856854,8.5472343929303598
0.5920494222480448,-1.7607048294977687,6.6584537929564327
-3.2670519706001366,-0.89085263392669845,8.9331578583383617
-1.2818359224064331,0.77326810758909836,5.5604508164162461
-1.5970053085479246,0.46264612329470989,6.500935084051541
-1.8699484660615,-0.8243607380933593,5.9745516902203555
-0.54291461218826109,-1.0907205704550602,4.9429754177042184
-2.591331391334827,1.9249728795066279,9.0227072951544276
-1.21870275178724,-0.19472884079930042,4.6141984526445867
3.1137270485924127,3.3043483389014172,10.960474388543769
-1.3896181515151396,2.9740760445669236,9.0310494862228641
1.7529701688812125,-1.5725047392279088,7.739160844554057
1.7313935333677186,-2.0334286838788231,7.4711283118389353
2.5553236230730256,-0.42751531101315798,8.4549068611528906
-3.197034122368708,-1.4387962741271627,9.7959672859298887
2.7328094052114364,0.65845427604431439,8.5569528632037422
-1.7637638744082864,-2.0926379408231037,7.5515781323181717
1.9883599519944886,-2.2033671628762961,7.671388703364677
-1.4599580047706469,0.77727309793593768,6.2185849403137112
-2.8202443070933287,-1.9072114712995718,8.4814691695274931
-2.873496313365707,0.28411244118574697,8.1472771654615848
-2.6567022249572685,2.8985979941635929,10.115469611302601
0.45528174733586635,1.2091931458476175,5.3561857676535709
-0.81583402886404599,-2.7679552689195019,8.1266082587907249
3.033277739584225,-1.5772472145781795,9.3378486690401097
-0.90989378592186787,0.98997792432203457,3.6698910656738484
-0.63996221802057507,-0.48296897925290194,4.4199269942460582
-2.1114126327950888,-2.3429969646185951,8.8026646726396613
2.1881108327309988,2.9140537184839665,8.9165226223285181
0.31771466918106661,0.50999123834876148,3.8536510188457456
2.1872228803269653,-0.82119346080276134,6.8411567966108837
-3.0619415476612017,0.37812935731460984,8.6824053023091672
-3.102214591297078,1.6981874979389566,9.3176642966999061
-0.31203369531969027,-1.686654694115064,6.3449267849577105
-0.65407919243344903,-0.36216265293233407,4.1802046214746014
1.9154665744762163,1.2303058967687788,6.5866873490273719
-0.55490699223492479,-0.97416296504869226,4.6275362483830556
2.6215934560938505,-3.2797826029550539,11.038703351448691
0.082806076487979219,0.83563315840128904,2.9639243895799012
-2.5169588779973062,0.70411909504953307,8.3706604716715542
-1.8304260442952001,2.6327203551031637,9.0995393910589026
2.42043116139559,-0.67239155113389293,8.1883636696015145
-0.021876330420092405,-2.9299027266377187,6.9236250663770669
1.8619017834750267,-2.4846031699467312,8.9858194771583175
-1.2863214179045088,-0.0013788645804821975,4.5724582058771333
-0.62316319256571218,0.49331309390943501,4.4201892484361842
-0.48286616040083885,-1.2465641546938788,5.5485656594091495
-1.0094784836012383,-3.3108139947208666,9.092553482304055
-3.4071947833159273,-2.2946409960229555,10.957175366219966
2.4888489209551725,1.5317497663930979,9.1169341226253291
-0.42940495759846087,1.7965433640658732,6.5808426018778547
-2.5668473611045437,-1.124993739760924,8.3605891598868194
2.7510824732643249,-3.0504369973454493,9.916997164282213
-0.37582424449600227,-2.6492348162105754,8.4978706717369015
-0.12300427326209951,-0.26309205181725215,2.1502593428081518
2.9533906031536672,-0.55209646052560091,8.6364050959536023
0.81400661871159041,2.5879634823672788,8.2965155427390123
-3.0667457912937905,0.11816289415526215,7.4782941696027514
0.83752973108811535,-0.45088442751719615,4.4290359764815861
-2.6030266390379309,-0.45597522588869044,8.5401620514896397
-3.4177502062385514,-1.5574310107141733,10.554290371487333
-0.75742112140163043,0.018040323583258022,3.0681992244397769
1.5284711269444546,0.58597110909705474,6.4532218226884623
1.9167545754748936,0.42114659544241606,6.572020596346281
1.3993763633114282,2.4732328484143613,8.9289036232404371
3.0302044266452297,0.54791721677573868,8.7656581787033492
-1.5040918626970095,-1.4079362128159563,7.3742505417298307
-2.4821962249204672,-1.5754267110763669,9.1317140940785091
1.0578621266026786,2.4888435369108297,8.1054908222700295
1.5339187617489287,2.7018881524299676,9.3010837276959197
-3.0732063673112524,3.3687154367882641,11.108820998020208
0.77746883572412706,-0.65663570351820022,4.5729091985109953
1.9548186644900456,-3.0589955993311944,8.1736261396222822
1.6361616515754474,-1.0298781790608982,6.3252819778678919
1.4075879428979361,-0.69772800985945427,6.1425373534344061
-1.0663605127134526,-1.5066791504186769,6.3548566838130576
2.1895696747118381,-2.5947767188316613,9.5488050673865352
0.71766208491001215,-1.2119388516693794,5.3127035491794921
1.8154071728371681,-3.4156333503392724,10.351761386225188
-0.74884117915867687,1.4148515606964009,6.1220443254871206
0.18652988255087211,2.5749985825242661,8.0581822712455065
1.2352357988617015,1.0712565553549451,5.2033250892373069
-2.8130589556854702,-2.1305782044876733,8.8705798803089539
-0.2164174467972968,-0.70320985122240298,3.7340822842067496
1.2494278175154889,1.8104399818296315,6.8594810622779221
-1.4624223348877701,-3.4583592753684949,10.578723257939789
2.8352888599603574,-0.71941532132523367,8.3207038026196951
2.2316437638328761,1.6514134806734004,8.4201806226402116
0.31619371076539027,-0.85547769100902116,4.0270815657535621
1.1757430672879234,-0.68729206211040017,5.1885315367214524
-2.7084966204013785,-2.98580947929511,9.9625337661211333
-0.35748464722523066,-1.3537562749732537,5.7709603750732512
0.07198893724475397,-1.9952175307470423,5.0536900436685883
-0.18106581302924596,-1.3254324109632334,5.1838032136613919
-3.4658397545776451,1.5496395309783333,10.645995664112018
1.356418967721285,2.4184314499810498,8.7316976038460421
-1.4884160138819764,1.1369443204180296,6.5308430424888364
-3.1044885377438081,-3.420920437718098,11.354391491144538
1.7114981657628583,1.3717310542242274,7.4246118486076735
2.5796413550768342,2.3912495692450522,10.119043438234501
0.87645509382117126,-0.87261701698041794,3.903761534894219
2.0006814371575921,2.6015692592537691,9.0412517787031685
-2.2184105511575187,-3.405403694004046,10.732307064337283
-3.3190392456137516,-1.3894607172513593,10.142667034868742
-2.4467142324417801,3.3976655975207795,11.237308350658713
1.8757567454728648,-1.644403189059271,7.6151480873491231
-0.22127705611183712,-0.75342343840404613,3.7146855677434552
2.7544054212941607,-1.0610296508912982,7.9314937071620761
3.4157151645655359,3.2979463026691915,11.939166521883013
2.5331872229069621,-3.1121430432095991,10.481979985520146
-0.32483390282538327,0.46417508373272076,3.7684821227896528
0.014411607452976316,3.1977031940633731,8.0606509438729148
1.1792062212671377,-1.7661483524115977,6.6022992230334587
-2.3261566015328441,1.0889235836077455,7.5959561280985177
1.1149812050381289,-2.3296898176943435,7.6932986729588357
-0.89593627758446459,3.129319661800114,7.9994107381259649
2.7368066410315768,0.3764245370680972,8.5148483438716109
3.4961652371338197,1.1690048919391423,10.06983373414376
-1.7205729981382833,-0.74833554798423574,6.4720243405764464
-3.1763956615173945,-2.6508167546180417,10.643554034314949
-2.3118930354322944,1.1717798287864278,7.8083658395642583
2.4270624573342774,1.8747987977178102,8.8472642452836592
-0.48524341150229855,-0.78697798941540764,4.4875625917302031
-0.17636274964784082,1.1076829771205432,3.8059120969646969
-0.8492290375633087,0.1930929182329626,3.4408384619654058
-0.29278939258596637,-3.1720407070387315,8.864253956318187
0.011183755212795354,-0.4316893595143525,2.8580390177961341
0.19039756328615987,-2.0897339707330551,6.021602317561392
-1.857500882962325,-0.32474572650124323,6.3096606120484573
0.74529137784322863,-1.3544322202581349,5.9196253004443804
3.0062408052352687,-1.6876591870141926,9.0741031454418053
-0.69430204408313179,0.13076371258313513,3.4357756397917569
-1.3377056713332314,-0.91499799033354057,5.6313154332801432
-3.2129853209391523,-0.34954043472288499,9.218132553263656
-1.3163564093913869,-2.631837223592647,8.9443120324415979
0.98784274313324438,-0.99859207526536764,3.6072185813974755
0.66993457966790615,1.2065958398909,5.3654062449332649
0.036038590629436484,1.6134753141160321,5.6843701468392034
-2.0981171808501635,3.1030949481761931,8.7026926852321562
2.4719312745769262,2.7673511423418766,10.238912342278098
0.72034844139529941,2.9973520191808394,8.2826212384236602
0.91996366206254621,2.8958487241278794,7.3998839665909273
2.4638278824921516,0.67776250550768058,8.2905794220670757
2.495649896862405,-3.3276949767802284,11.132470465089174
-0.20834588138391386,2.3025077713255353,7.3280297583171592
1.8560274445477827,0.57872868616757689,6.6488587795447955
2.250557081753322,1.5248228729502689,8.4926268330280994
0.94758915661185927,-2.8377652745793762,7.5323921084413286
2.9748816711344315,1.3682092697394577,8.9629722734618014
3.0696073892675573,0.0016512503938233003,7.1681913847434195
-1.094913253277908,0.73178579847502689,4.6884052770548053
-0.38120501815098162,-2.0888018706138514,6.8473032466321015
0.19728948103310628,-2.9320261346044783,7.6646452645795868
1.1658540979125824,-2.471386473810075,8.3420754988104733
0.27021378734068424,2.9981342813604588,8.1047936344511644
-1.6751863422288946,2.6760324513847289,9.2835398304863563
-0.57446835915912065,-1.2378847847887555,5.5637534235604207
-0.060784721950754683,-1.8935691405719752,5.0646511690778055
-2.5984444218565095,-2.7906692921333964,10.299577423668588
1.1513445402834659,-2.610583264267007,8.4481355554714153
3.4200209210439159,-2.6498627338298428,11.390660943170692
2.211193489805436,1.0301705047699778,6.7099592287927017
-3.2638107648016952,-1.4533715768079003,10.058079430102049
-0.29342433571235738,1.464787035812499,5.9905571203496955
-1.9511628234799097,0.08368843920766933,5.0628199816639956
-1.6790350895707082,-2.8301499031047532,9.1343543528542916
0.33333788831816324,2.1646069178164273,7.0397972508789959
0.65670024463350174,-1.0123912397165791,4.6076498756305071
0.32141674830678291,1.9945077966652791,6.3617661453362047
1.4920184718698719,1.1922909739871699,6.7275214651605726
2.1664519009391761,-0.44453641910404285,7.2868281650639677
-2.2638257371249382,-0.43242113900877444,7.6741846775105014
-2.2256064855883819,1.7429163273952195,8.2533130086610402
-3.3756170613936822,1.5024289191578024,10.432620354278798
-2.8147083780390911,-0.44733723735729569,8.5933212320318688
-2.0585628946417627,0.35683420135995236,6.6662948994062781
-0.078338262733762765,2.7719725137596729,7.5421500182996013
-2.8119059627690692,-0.90927849110468273,7.7087542298975968
-1.8230842830330092,2.677205322080292,9.0673072318167414
1.7868874310728327,-3.2838310289362305,9.9215321493142099
-2.58405222302143,-2.3027074856563869,9.907580997268461
1.668112824733992,-3.3756623214971095,10.427329356445549
0.28106563073569868,2.8366746567004588,8.1778592678933641
0.00021298046788142955,-2.6898938965036541,7.6755196188319914
1.5841012905695635,2.9187198154855976,9.2093830939608878
-0.14575961291679995,-0.97198993784348353,3.0951498931136214
-0.6927209053875405,3.2507425175941709,9.3822282840675335
-2.5033935917571588,3.2554365615282288,10.932634707965512
-2.9148997683737528,-3.0470980441571243,9.2213305868898363
0.7773036986092805,-2.6358108654610835,8.3746223308609746
0.74172435383695046,-3.2762988827108317,9.3839570115537825
0.75576086635748752,-2.5252039706436098,8.3203111894801403
0.54852822130153811,0.70463275332976671,4.5517335478395893
-3.4411711976278618,1.213657606343677,10.078091599911293
1.7382495236611089,-2.1178242042591831,7.748758136700312
1.401491003949328,2.4517255444472861,8.8905842739688872
-1.3475422076922943,-3.3649870407337921,10.200911507337214
0.10250176582582338,-0.72219568898230335,3.311153706673398
-1.4988656965303591,2.2632815853708266,8.5125406075672529
0.8505641218108666,1.7088715033368054,6.2675543296238807
2.1886389911123292,-1.4938016148326532,8.2366696371296353
-3.1367603585287651,1.2596776183005254,8.9737099548008494
-1.1617393860986622,2.2109904577896291,7.2007438873678389
3.0618627522567836,-2.4775474135339239,10.291753592768929
-2.4476984017877559,2.3503225589172736,9.8774270655969527
-1.581054106262668,-3.1356629394823141,9.6486162166829406
-1.45403390128347,-1.0642467068602754,6.2365584853314928
-2.2145165742519879,-0.71840229649075615,7.3169702708975315
0.29361390892362893,-3.2560425072442647,9.2651220897917579
-3.3716167980466532,2.1195116517145927,10.310916751138363
0.18313554452145375,0.71922415706296405,3.5971743093237585
1.8475853997996676,-1.3667834790391606,7.3139441221195742
3.4313181709602762,-1.6537120468331463,10.570089668590253
0.2251846981601302,-2.6518683110206016,8.1820735442173298
-0.39098761790601699,3.0325685050649396,8.6317826510761417
-3.1977612317653827,2.3320487519317821,10.372638281864663
1.5491567250537592,3.2775468904828315,10.170739979550799
-0.82624206082610607,1.1295896302866302,4.5348175389996932
0.9917243060761507,0.48288574782766247,4.6047690040463749
-1.2581785101609881,-3.455349196308358,10.225609739551405
0.7098169981608935,-1.284238640048561,5.6730158929602013
2.4677171022978319,-3.4222578306050293,11.311519816380113
2.3253963369537258,-1.6644980536606289,8.7547622317725367
0.063171548925605059,1.8586026348477205,5.1696793160224566
2.1536338926844909,0.16293931839087783,6.2582946342376182
1.1255454154407571,-0.68074896783167249,4.9611366475499672
-0.58673626910851606,-0.78960128594278745,4.5782852227727062
0.54909050261047732,2.2025784948463292,7.4909817540436805
-3.2048832440873212,0.70881121647605738,9.1334594320602704
3.4912623085421171,1.3890204328138989,10.548695889566224
-1.7712248762821081,1.5021574799065958,7.6691365409904044
-2.1976878638433996,3.4524935487700352,10.777986981365501
0.25878945260085562,-2.4734457513613854,8.0544327488825989
1.5699833891041912,-1.8100583673566553,7.7018238879481924
1.469755023142655,1.710312363876124,7.6385702244244538
-1.2440384751489444,0.23584950509784619,4.9321353478836691
-2.6900887250074961,1.7252868437919275,9.2204523242650467
-1.9082003488896206,0.22778335118979998,5.8476276456402054
1.1780177977757305,0.57956740153288511,5.3050116252861486
-1.550996318789867,2.2332979237106976,8.4472685621785839
2.8610768320639499,-3.4141428448134454,11.168048421885437
-2.4900022447160817,-0.88976920870329756,8.0659459729855882
1.4385852576001223,-0.96885175587076811,6.0410342921271685
-0.81356359600701067,0.096287173722560571,3.0737582743241028
0.76678646321919963,-1.9018032605634252,6.1681277968670365
-1.9876110433988305,1.0979292977263846,5.7352773618876398
-0.92661139848343721,0.7603114851389714,4.2203981826388492
2.5774055389036503,0.08702378496779728,7.8451036118556647
2.1269404001190608,2.9913649660211625,8.4808167000195311
2.338037852847954,-1.4033754897873552,8.6079636700941755
-3.353014968338766,-0.17465804570957699,9.3493868138737071
0.0754130411354903,-2.3573395481097283,7.2488515532335054
-0.73279043224926799,3.3762758569311231,9.7850916632822322
0.24780686886451342,0.0054676497606664931,1.7475807917877795
-2.1280710345343747,-1.4247815676288718,7.8889571514535604
-1.7048963338533938,-2.101922819623617,7.7801854099611827
1.0507388528530228,0.21695200798602254,3.7516360465259275
2.0013251060530015,3.3254339590556699,9.8541386855152631
0.10398618106676638,2.8500057346073095,7.3607464580363313
-1.553053545806111,-2.4914340938044868,9.1355921899155579
0.056243330794334856,2.7954758169865634,7.4098458936791225
-3.2868541044479773,1.5073235586327236,10.183859794299805
3.3952117130596049,1.3945966919108397,10.363020765804912
-3.2899246799292081,-0.86112813840848546,9.1361043841826515
1.7122411413597085,0.33847661403045182,6.4099421632854465
1.3574134310477435,1.4963512306986351,7.2448929067399668
0.2619122640108591,3.4409775086560748,9.8371852671045374
-0.025207007973717221,0.69186364804417533,3.2132118830764291
2.0330888667898499,3.1793922859779791,8.9681854023287269
-1.2136561399836299,0.83384522679413475,5.0381812109362905
1.6423533230010809,1.2905348218535826,7.188766009117451
-0.83525430422583469,-1.8443841367661404,5.991224196778866
-1.1916139662201202,-1.1450160606115349,5.2610492686851913
-2.3068316628143535,1.6644391526776285,8.6925517052398096
-3.239545992005572,2.6895344983114047,10.833563173110045
0.2886907786944759,-2.6155632631806323,8.3231313691981406
-2.8724318054087337,1.2706379195923425,8.5641515560325665
2.3820736308933537,-0.64693802788796972,8.1000961494031696
1.8857399581311256,1.3220511761550746,7.1067292966794575
3.1128710292886614,-1.545563571768497,9.5794969015971105
3.1928717871556369,-2.9044227741430433,10.055057020548794
0.59880666060475196,2.2293661680214587,7.5784385658088826
-2.3099319274306529,0.99101125350643748,7.3306554898858529
2.8119337400521225,-1.9475506492163877,8.4485372871919111
-0.68838313889982006,3.0214292499041857,8.4559876755897623
-2.9763115915669607,-2.3673153562595699,9.8662730024911731
0.68446711833874652,1.1557126918059097,5.0960854547862873
2.8976302936492031,3.0452271063073164,9.2701866032050511
-0.31056533060660607,-3.1351430492903125,8.7532108319469977
1.5079160175216808,-0.49404127981469736,6.3702214928789047
-1.0428113347115806,-0.11834298873543592,3.1371854554687886
-2.1498005744934607,0.76955408246652368,6.8104969378216236
1.405992802236903,-2.1566619542496115,7.9510860232449296
3.1028034742644062,0.45056376942252552,8.9552650666697087
2.2410288308446766,2.2552739910925643,8.9493611475198573
1.3629377881866844,-2.9677635612279247,8.9377047392482591
2.0856619307236848,-0.72382054432570442,6.6663636945065612
-0.19379999382580548,0.79737998190775361,3.5331203235749484
0.44857507495098004,-1.7624206700616309,6.6066919872775927
-0.40797839297013283,-2.754684135602901,8.5611449814770886
3.3399116068808761,-2.253064838066587,10.647233803509105
2.890152502389193,-2.613969901516044,10.183616613691594
0.92830774926915982,1.8797819851764448,5.5925978998889256
-0.82404818170215499,1.4817064342360347,6.2205537280551404
2.3563044555054962,0.98470696688453341,7.5740803889475856
1.4841886044792609,1.3308205036713154,7.1547812727782585
1.0195645460299172,1.4974987087290881,6.242298868167488
-1.9363577764518916,-0.50290322087860773,6.6853880682768505
-0.1359104083348206,-2.5719126518312674,7.9379133660929337
-1.1326355536332522,-0.24840346076034692,4.3365567721528073
-1.630109400084583,-2.2083215568516108,8.34389393868911
-0.8276573114994159,-0.19113383134201456,3.4675672908506172
-1.52121961558525,1.2396139589033979,6.9355907766138394
1.8066142733595312,1.6867729833991616,7.6372276793590377
-2.1904843087783616,-0.34150892745741102,7.1863275595737282
-3.0879678180491168,3.1946582020428327,10.234173349484056
0.96170616313007429,-0.25142894447152653,3.7232819844142604
-3.1631615744933317,2.7172152363036446,10.458464315529008
-3.1362142850744821,0.97224661965365478,7.8764683267544324
-1.2255113548094516,-0.22767039950711343,4.7927650457365409
-2.8427529698909222,-2.2456867701949719,9.4016563570756126
-0.53406901823633834,0.78734117071353715,4.546921750340573
-0.2944230108367436,2.404106124990828,7.9417573517762943
-3.2156146940826646,-2.3399885862636056,10.470145617468669
1.3867120794626127,0.92039774233662186,5.8508052121773808
-0.23620017962272621,0.8649214180699083,3.6468374309176532
0.17874457436619018,-1.2670127758021246,4.8516946269537762
-1.6042877929189165,-2.4193032368118503,9.0178086141073397
-2.8956509257760663,1.0102558884891524,7.3082908421940544
-3.0470925235195105,0.81357681363780721,7.955271390674115
0.93294447513625745,-2.389708649270577,7.7295048403005833
2.2829838819466897,1.3342522361391005,8.2572625429476716
-0.70212722142968564,-1.4476055664226686,6.2510945203853474
-2.5745717111070809,-1.2458744983338712,8.7234845080094363
0.91699530578922772,-1.7376979689241836,6.0860518923235212
1.5467021681334367,-1.7841452524296511,7.7069719950408597
1.7310472626192741,-1.6501226564478493,7.7548357793438285
-2.2555923325070895,-1.4501607798414584,8.4198406442380325
-1.9806154322913956,-0.39361733607947302,6.577219880580671
2.7917806016605367,-0.69981011800839932,8.4308334080613303
-1.4240914944356304,2.9297808922295188,9.0933359825757094
-0.23695190965010227,2.1133695386038216,6.3919987432980427
2.393036155712962,-0.98085517766111119,7.7339304634933299
3.3741954503716114,-1.4991531348233282,10.42688389361326
3.0344723689356137,-2.5220845996309964,10.278232889166656
-0.39807251438598668,-3.4958551139916803,10.152054203664534
1.6051660011324191,2.306524010550989,8.7107668231844944
-1.2995037851042386,-2.0459222264145795,7.1363913263011263
-2.9869822268904573,-1.9491517179949092,7.9950548401964401
2.5459753326466839,-1.3450250569615481,8.9407365768488329
2.108453102576008,2.3898516600260074,8.9713847552332666
2.8196187353547426,-0.027333030037810957,7.2726881722495094
-0.34003198961085523,-0.83286226022719179,4.1266277570344592
-0.7730566322888035,1.1914369405954739,5.07101647623346
2.6467122088517065,1.5299190988072846,9.2861465376715131
-2.76774890230043,-1.4352427768055986,9.1813952295640853
-2.9896796405853614,0.39612711125395261,8.5554171710103439
-2.5977675291479416,-0.76604653055220151,8.3834111530014361
-2.1491768650877319,-1.4629044802381941,8.0448190608204388
2.6635196700101975,2.1547527072197239,9.3748096968209502
0.068214679872555806,-3.0031283942653424,7.0426504752934775
1.5651850079857983,2.2815905013816744,8.6218363733502361
-2.5055222180641805,-0.57136380450943536,8.4259094247942237
-2.1620254274695343,-0.13668846557300718,6.1934481200185196
0.62357670058475101,-1.3224157704481234,5.8922019569041559
0.93571312434094267,3.3964105666081092,9.5021124271430821
0.51161367238814837,-2.5913516427371928,8.5534029953133821
2.1622280554692628,0.32904448575480716,7.0151350622479232
1.8238309933222308,-2.3444179162063703,8.6324576222079834
-2.3178551920853927,3.0471546253097541,9.7681788912579766
3.3736251069765189,-1.8784775156098856,10.123168378429277
2.9990982167036631,-0.072042554791696745,7.0484232051795495
0.22057316734554355,2.6885439447475079,8.1533724619372592
1.6748489807295162,-3.1962846589812774,9.7721974662569551
0.077572932667525851,-2.9400773613494859,7.0475417275663848
-0.42444777980301662,0.23766122605601669,3.3816064828593539
2.5778870505164733,-0.63932010091928104,8.5140236041060451
-2.9682199668198623,2.1199570142503728,8.4277719528134369
-2.7027137818295497,0.43160788272388695,8.5890288354794073
-0.28184686811344051,-2.7958675034703075,8.2333173933090933
-0.69506569920115036,-2.4660243926599397,8.2793451584800017
0.24283343090771004,1.1437744296645862,4.3727589763788153
0.78235963783125939,-1.0485498518625089,4.3142070597292488
-2.9264813488839918,-2.9407464124832297,9.1027210477461082
-0.39756191361139814,1.9306086048400335,6.5291144684333489
0.8511407851332633,1.729686111702696,6.2281786648810744
2.9058030077750114,-1.5743743512627175,9.2164316958807433
-0.5691805459823942,-1.0829179119255463,4.9153953013360372
1.0420090568295457,-3.4335134385937001,9.6515791294445812
-1.0561232804446337,-0.50187357723698778,4.7968550257520448
0.11689664353307361,-1.6963627370277297,5.7646796769156445
-0.82012317995741313,-1.4485910986245489,6.143073670704144
-2.8262102575805708,-0.21998562067783212,7.9410789358938008
0.42188636055375639,-1.7922295466817815,6.5696709092516095
0.072413220145264745,-2.9196206941866811,7.0582144085442486
2.8288499909493314,-3.1347888762361071,9.9444530443103201
-2.5791862709619102,1.5846680364223165,9.2644906375610638
-1.8456648980278991,-1.6297659154905464,7.6575878382659912
0.47974414897797324,-0.87516133136943663,4.4833897475636491
-2.5869402235247252,0.19212858097488583,8.0808339979633228
-1.2851404876313799,1.4334996963598492,6.9177721593740387
-1.732051828781596,-0.58728780069313924,6.6593992471548944
-2.2201156499657464,-0.42404155694081291,7.48605170422546
3.1699141431213498,0.40340062270299626,9.1460228626973343
1.6932211933827315,0.53939370276271958,6.6455511478537233
2.5584374831336376,-1.6686448399867251,9.2427075950514741
-1.8200831672410336,-0.73861353388158379,6.3750129947484027
3.4952113861317633,-0.86406011069116584,9.8559554535169003
-1.0496470082510512,-2.5310026863323918,8.1577881611478258
-3.2582661901734458,-1.3225416993162202,9.7729967104063693
-1.1903051853965629,1.5224756894438629,6.7689657041270213
-1.8725722893054066,1.2914363768840467,6.9745343359498388
-0.21206692531457572,1.3934669782778242,5.5724896321549338
-2.8098881937660165,3.1353791918992222,10.020505338292283
1.3290378749681198,0.53581382293819591,5.9030468154098976
3.2525705424418829,1.983884731135297,9.4179884485360486
1.5273432818385082,-2.2355179890256514,8.4411398160012112
-1.1448556122280062,-3.1540913635473848,8.4703798265057166
-1.5494229127136312,0.61254270177646752,6.4919463576858796
0.39108156242351289,-1.5385151948808651,6.3221810466140411
0.062994055001870386,1.6316622160523648,5.7115166261385575
-3.4742647550021819,1.1215442977244781,9.9077657261695951
2.9823194097901826,-2.5578715301960995,10.214159931642861
-2.0338312781754855,-1.1841525029906323,6.3871573968688544
0.090251596935018163,-2.0498791778623877,5.3024866003287059
-1.8597376485041313,-1.5177725627234675,7.6391738401068707
-2.075285013899312,0.16286158084347901,5.7939854568220888
-0.58831784948068444,3.1138590235769152,8.9886370424656494
0.60100080715473858,-0.55147163750583594,4.4811212605826185
1.5734851686967843,2.7987396956998154,9.2743519835856407
-3.1576527155681209,-2.6245331268160048,10.605152095189164
1.7775449335188425,-3.2414407776516265,9.7416465153425698
1.6472143881955272,-1.2020324696819906,6.8702153928140852
1.11019268903169,-1.9819595641941667,5.7988110018033794
-3.1817282013598049,3.4837228022123536,11.707015192238526
-1.2426585532436953,-0.72912992098773666,5.4464975620871456
-1.8774157374178573,-1.772554804809644,7.2999096458596338
-1.1809666866908191,1.0253737516966401,4.6654526703042869
-0.022508185530129676,-2.424754302289573,7.4733592513621456
-1.7914179700358561,-3.2856686937302295,9.9195544924008932
2.7172781627340274,3.1494854108839032,10.399466188906825
0.57816140345143641,-0.79071277944653362,4.575269376020529
0.81987394464939545,2.408322719838023,7.9485415461754769
-3.0547811821833282,-2.9850541180160151,9.1522154388124868
3.191027700621289,3.0785452958822246,10.173544270418642
-0.49189991185911852,2.4227726494682695,8.2292084479003744
2.2089794745190288,-1.3594646365822243,8.0325657837999369
2.0898477757694645,-1.8146458729634294,7.3374555272982391
-2.6841021765695139,-3.2234358816634825,10.778660310731963
0.52516614313606258,2.942853678341101,8.6388516949513185
3.1725720327869045,3.3077900019182263,11.200534543983347
-1.9861839854077814,-0.056440040491776422,4.9876904869419505
2.1675134995721663,-1.1201207573393841,6.7105421320889675
-2.2928874804895396,-1.7170497834814633,8.5903070860020971
2.2394268176826539,-0.59844963337466206,7.6205068563770411
-1.6098690972808538,-2.2952675672267993,8.6735755120780595
2.492085800867252,-0.92145451432540604,8.0401989363872293
-0.15749885390412821,-3.4765403749554058,9.6897394029489909
2.0144460240732833,0.58348105106521864,6.7840571946641592
0.93347866132538027,2.79133343792481,7.7322555816228125
1.4988343896988816,3.0628868474543482,9.408087957146817
3.2664267288806919,-1.8816479055963446,9.6103909195429047
2.8416341869096469,1.728923888128703,8.9942860439283585
-0.76376965930036,2.9447091223595185,8.0401665342421698
1.3847121610257611,-0.75059123048626564,6.0229972933314428
-2.3880028342250865,0.36090495169584624,8.0093874419178164
2.0101927570707057,2.7669696149452836,8.6509454105578936
-2.0382524816582848,2.7345718496728129,8.8230591733233137
-2.1278960138661827,-2.2823523827576477,8.575169941103276
1.3327824652361393,1.2805291760769713,6.6095143195057027
0.15639368842021062,0.69090717633360654,3.5240495195823449
2.1925999446399365,0.76473735953793387,7.0673625961668076
-1.3529567840216572,1.8710023118806705,7.2456964557026993
-3.1920621586759479,-1.0674024880310595,8.4081069308790468
-1.6170324277494053,-0.21438585426652335,6.0673069632772147
-0.12857571118242905,2.0606579703186769,5.5356185294521119
-1.7847754570042034,3.1743046298311199,9.3671678337622168
2.608931751973798,0.60251713130736562,8.5677333892735952
-1.5912215329134967,-0.29131064968458809,6.2302357715872354
2.1356845507718543,-1.4721158466147646,8.0104250376202444
2.5856054203729935,1.4506862033527455,9.1635959585178846
-3.493337261530022,-0.48172099228611343,10.202725151940671
-3.2073631250551684,2.430926872752968,10.672944840726139
1.9047503747038155,2.8102016343202001,8.5259583137011461
0.089178344370353546,2.8495538327102583,7.3076695142793646
1.7701559797638895,-2.0156479706003241,7.2805446741019999
2.6591013853966565,-0.55820608504745017,8.6206232010418251
-2.4785128640753271,-2.2993020585055515,9.7961365812979437
1.8384948438468705,0.20501246726497424,5.8252630389543505
-1.572401806287727,-0.35622814605139563,6.3275968140784009
-2.3276931759425583,0.18095449169636835,7.3664118777225873
2.9678243057902911,3.4582730367140755,11.212631387143936
3.2513932747720569,-2.1828368525563899,10.001475424774677
2.9059831861182577,-1.355922932592343,8.8979072252556897
0.0046076131937322629,-2.0713535776684462,5.2101746734467405
1.7440301036487087,1.2833539371203182,7.1093718552775549
0.12359716234413654,1.8348741334343819,5.4564884210653446
-2.2027504523656321,-3.3126645214914272,10.368277496421891
-1.2002022228607436,-3.428400449634299,10.009202511762663
0.91381790118246453,-0.85959144825489098,3.8608348625577236
0.42823606301143746,0.21088254096255543,3.3037547928970987
-1.2450827087204068,-1.6381013675206029,7.0327073642550193
-2.531701012353476,-0.5109190156287462,8.4659125019046026
-2.5273064178887266,-1.7497997184038034,9.1587488015057819
-1.4028771187139499,-2.2450294952945065,8.2897874119253672
-2.4642023917177962,0.9290454739609455,7.9728301311080916
-1.6237984125585858,0.66938279989580707,6.567637299880726
1.7091838415714058,1.8824740344766377,7.4839594071996896
-0.76070876582971936,2.3005486981978267,7.6361808830963422
2.2759754232267184,1.232447921383665,7.8745495597432029
-3.0483804837617772,-3.0933325484180476,9.4529176926725818
2.5055458326614604,0.39219993063172121,8.3350057778485045
2.4467046317739953,2.9510425434642116,10.083753808391727
-0.97850992418329641,-0.83652221791258619,3.9215751204050875
2.5719803886668426,2.1679039328810754,9.4731857695200326
3.1107740686722547,-2.8415181023107885,9.7699141430414844
0.81686163626128216,-1.0442848358577876,4.1545129401170229
2.5701875898390494,3.4821386141723156,11.486555903372627
2.1076605365728467,3.4446051644524589,10.497157275635193
-0.33636950914655506,-0.14836657730554803,2.6909305362821669
-0.5264150718686027,-0.46593906376036109,4.2363604788970619
1.3803903309683641,2.7497394565337441,9.0811588842933304
0.37604997362570103,-1.3473487893694172,5.7823174957129169
-0.8950419610161342,0.71675521701524936,4.3738263942490008
-3.3902034471493665,-0.97723565424073833,9.4597278639608735
-0.29575299321122195,-2.396768868651721,7.9219523701456023
2.3953952480625453,2.5604097742713288,10.114228499874843
0.074932516211347,3.4694183228259918,9.5193068155638318
0.60870972050483019,0.17065915632632089,3.5669880208788634
0.35984916470172656,2.2141841950419874,7.341979349853414
-3.1162039480682577,-2.7415624005933585,10.184660199405752
0.36820872699632634,0.50820737315445452,3.9840479953444508
3.4347787516685653,0.42515570918057444,10.054298060373782
-0.42918987956512211,-2.3552517116376182,7.9940613379103596
3.0635351835053539,-0.3620284649977461,8.6424099908109948
-1.5553666974506841,0.63575744353800978,6.4985463032943365
-1.1848169954398449,-2.2863576707450717,7.7332432609531701
1.0542067223859037,2.2716043119051683,7.1858296654215277
-2.6049624808033407,0.85885681716157425,8.2248855013134232
-0.70511360676988133,1.8779435343308828,6.4110326906602459
-1.6008792969378267,1.245680805433163,7.0284757392933344
-0.61619072649158291,2.8948202152437963,8.5360178263062814
1.9493754484445311,-1.0790078868402957,5.6282393146231477
-2.7822773623811523,-0.34781430602412433,8.4364161779589928
1.474481048159082,3.4672155792784443,10.605332890939589
2.0763761229852014,-0.99378533902549648,5.7075551598359873
2.9295671441075202,2.9096996124854062,9.1689800605623155
-1.1420018385200539,1.3907599363167957,6.282457617938892
-1.5377274100729612,3.015914091750977,9.3156523499207164
-3.4793853775764649,3.2749447423751015,11.979361805821583
2.8483645272009479,1.8719723833519017,8.4778380007512357
-2.8459799880613548,1.0120806348349962,7.4851375316790794
-0.86527228149566238,1.9315542748869747,5.6977349740535423
-2.9614793398444834,1.4152103596612351,9.0890371245864792
-1.2986587214389895,1.3236437394833018,6.6435947759524261
2.4013078354286428,-2.7801797854614243,10.09081043467005
-3.1916554529622472,-1.3125502031117335,9.4539866053837365
0.37437709210389603,-0.13921677710927227,2.8477779539254939
1.8918489027037673,2.4153405348742849,8.7997045564863594
-1.0509086806879138,1.38080681240237,5.9559179517709495
3.1090151570640492,1.8994088184684461,8.5663675229745877
3.4010109709356655,3.3708834049482945,12.085436863121021
-3.4227366138251512,0.28601267244445783,9.83897218186722
-0.51958354905895421,1.8763624411152744,6.6623969754905374
-1.9355821641700217,2.7251361687092519,8.7871665432286878
-2.7891211577844315,-2.4664325459698171,10.212805077695949
0.75114082570174112,0.15583355893146278,3.4481289706902452
-1.3977979256577386,3.1723044124231254,9.6217075065589075
2.7978105038755459,-1.9222516190919552,8.5403030867334948
1.3498011061129453,-0.10710436176432259,5.1012093398037059
-1.4310078612300603,-1.3135981656362024,6.9995117998125025
-1.8632680993111082,-1.8138480162161659,7.1873432225225304
-0.82083612924928318,1.3928997406085877,5.9672339807065136
-1.7560653969138351,-0.9360739424362472,6.0092563299076964
3.4713869694103527,0.52837634177106008,10.172334231339129
0.45706563428380242,2.4348482805654816,8.2391161738507641
-1.3372025604003444,-2.9918366382670962,8.8662265639959621
1.6603185153107933,-0.51814755080379626,6.6135313800629625
-2.4323785349210243,-1.4364698102842399,8.9051200265699357
-3.1314294652906782,0.75721634850880903,8.6014217987278858
3.4058198412634857,1.2236183485043952,10.012800360426459
2.991755631512925,1.7511004240346022,8.8154204368496156
1.0584820308531713,-0.89569307091221217,3.9092547042683456
0.46110451938806474,1.6208781581942135,6.5309146996000749
2.1444107148302134,0.59936856002155636,7.2140084008936647
-0.4792369958882956,1.9406392428662702,6.6729273738766359
-3.0287057991165249,1.5201910986563592,9.3374159179577756
1.5793118729634124,-2.2743093541841288,8.6011673250136891
-2.0447038469359602,0.80476542440632759,6.1466454152578187
-2.5854064551083011,3.0540168534278456,10.318503052188056
-3.1561596448882718,-2.0566282906624371,8.8684629468726648
0.53276617591743669,0.89528781647473732,4.5477296896927122
-3.2053365967975647,2.8924990147799594,10.160911996202882
2.0162560215868552,2.8671635892527476,8.2349120812043424
3.0397079569228103,2.7978327055603609,9.6854784434894832
-2.5581295554644092,3.2499918696261529,10.948370799966293
-3.1238970938770381,-1.3811454033460233,9.3910403648466527
-0.92713605110088215,3.1099773597505944,7.7772093518739336
-0.99390437468695758,-3.388821828590372,9.4570253206075776
0.086385443627640779,0.95700616724252896,2.7751949779405614
-0.046070117070430072,3.2055663657888278,8.1554495410705456
0.62045493939209528,3.3358840283456654,9.8031081334456189
-2.380480656468456,0.24050089197600188,7.7447317551353709
-0.34118321401278351,-0.35036089082209454,3.4868687622517207
1.5258803395816569,-1.5413122712218017,7.6246267983119029
-2.403496506519986,-1.3325362999104642,8.6413279208313636
-0.75011893473019597,1.8264154628999529,6.3306996681145726
-3.0370344213570819,-3.4599548944078138,11.286302957268996
3.3724258114869992,3.3552647305939569,11.992937983397582
2.7656164566959598,-0.15829916515363385,7.8218754031610018
1.5677096735538303,-1.1696167838886331,6.7435592102526325
-2.8316575832570314,3.2008913368758236,10.302304127220431
3.3990339393561699,3.1195239658644605,11.339491840800177
-0.14834143645902653,-2.1594532440066718,6.2284354391630572
-0.97546033878453065,2.1700261501183142,6.3472897476408505
0.24920395539196072,-2.9323071118972353,7.9462921426141708
-3.412274185165221,0.73688060004496592,9.8841054312197443
-3.3668107231390256,-0.38922503172630929,9.8466402030628704
0.02455034006104917,-0.25589686899693564,1.8234465540313636
0.62688355428913667,1.7953551843105222,6.6228372293884448
2.4652903464590192,3.4267114778375598,11.316825404395868
-3.0188194224373817,2.208601467742441,9.0657724513134212
-0.31488050343710805,0.25991105210803411,3.0453481484434874
-1.0684631587631421,-1.6996081517705346,6.3134149297654965
0.8079131914855866,-2.2358103201036625,7.1795402871987264
3.1767559157152485,-0.71811431488027777,8.9697497763421605
2.3852731035443391,0.27876301149885707,7.8497019899527807
2.1284559158259455,2.9577730636078794,8.4829090912194012
0.57349588454026534,2.344251670211861,8.0179321641550771
-0.30375853161606869,0.90935584113086065,3.9632705929191552
-0.52216470939609883,-2.2692227331456891,7.7559425523688059
-1.4559982698426386,-2.086777228315424,7.8147538944272323
1.2816868847163159,2.0124187615850149,6.9548645286718536
0.92573821574654147,-0.12928270756065885,2.9903664085397494
2.1612115070917266,-0.94098400868055876,6.3114163621036319
-3.1151318360502063,-1.025765352523325,7.7579676709098599
1.5167491723606545,-1.2321579059394026,6.9042842931094963
3.2140718830402379,-3.4914742473008209,11.816807970890002
1.4086353940801706,-2.6207259460179184,9.1303500146703769
2.9638128933345413,3.2913020481923185,10.596038819740118
-3.2364421795245186,-3.3017264360787082,11.427998811896515
-3.2081588727098271,0.43330001852974087,9.3438413050168165
2.7667106166444118,0.28063806849593664,8.2638173414872842
3.0563881342171193,0.32565056493401245,8.4974957858068603
1.4892467907372389,1.0606675320067112,6.3093023176478553
-1.7152252785575524,1.5713549901001018,7.7532293285879046
-0.037916757802239687,-2.9537649641785988,6.9232773965680199
1.5486946769854608,-3.4445544436268443,10.60640614342741
-0.23381457748303314,2.5488221393855612,8.139052972954028
-0.48482195696593999,2.0703420695869452,6.9571959987443108
-0.22446651065153578,-3.0565708751538896,8.0217689518031694
-0.28621686690856363,1.8420189013875481,6.1790410296714455
0.97958168034179227,1.9517182959982975,5.3861356142930568
1.7551926892048062,-0.18004693345280698,5.8774287206835041
-3.0526116563870596,1.4986017301159178,9.3806945039946932
-1.7289711747152685,-1.8540112209948565,7.4751749417457809
-0.47609076385490479,-1.3685484928196106,5.9894027652239927
-2.6722166426908887,-0.79915028515221742,8.3166646229046783
-2.6474778561266543,-2.179303638074467,9.4854942880364845
0.80482221799409803,1.2348156603228126,5.2397104863209698
-2.3966020075049785,-2.2485344641250755,9.4777676894560727
0.86560379309968294,1.1857244517527192,4.7714091998484598
2.982591052754322,-3.2513601588912295,10.365273680131013
-0.28718014256641489,1.2685838847535811,5.2383405140816848
0.49625669963397012,-2.3005606090186927,7.8615663830518514
1.8470181413459565,0.034789547277448207,5.147363967233872
3.3191145709169128,0.51672005498644413,9.7883561111587589
1.4786639861342916,-1.0710944320122913,6.3132598461475737
-2.9719217045480457,0.86138912848773952,7.5488928840982563
-0.21103753986432183,-0.82683121133647308,3.5681906840430067
0.32844160374673326,-0.02056393548752844,2.3317798506375418
-2.7075002866347453,-2.8869728590791923,10.010652078483215
-0.36932277487167164,2.4526189436817045,8.1942782154593736
-0.28126328848896476,2.0173255562134784,6.2328261489530838
1.9605077588006203,1.2637198720743719,6.78262920253799
0.059126633135548889,-1.5843774758173257,5.7003771952478424
0.58026328298517171,1.8840218556029846,6.6470204092324714
-1.6222791499652587,-2.489593675866252,9.1566242201599604
3.2907457670401268,-1.0420221392609004,9.015447461453693
-2.885355831451613,-1.2385354196882612,8.3801788167521067
-0.56725610413803107,-1.9571508509061992,6.6993502668887608
-1.3461332706871092,3.0664847090404859,9.0744050119441617
0.1667990210601582,-2.4215733469097298,7.7031634173713588
-1.0369936071237795,-0.64787133971913491,4.6882477403704641
-0.98054949627093935,-1.3981475750529211,5.9095337177067861
-3.3611159933956842,-2.6123541350883657,11.268575524029234
2.7860627164111591,2.1948578945738468,9.2809887805435221
0.82532251820503078,-2.1734101766406058,6.7392630608607771
-3.2881566899137966,1.8080030756319987,9.8928451814491449
1.698334760957894,-2.4634769167368979,9.094810309881975
-2.6962655390001813,-0.69317627881973687,8.5157700995436603
2.5464692854481346,-3.1137324508087421,10.491035083973575
-1.464069103908193,1.8753664770847589,7.5569781012116479
1.9324264688892967,-0.17597386721736008,5.5443584518795923
2.5838089860719844,1.7166351761032255,9.2359047347225847
-1.4060532392244527,-0.71315802274701401,6.1268159652479639
0.50998089513669242,-2.7093592775434878,8.6405587558389971
-1.0461520662787489,-1.2101606401607805,4.9399761971223271
-3.3648461407987886,1.410514748638791,10.30916884376329
-0.17407212685852702,2.3563412415507328,7.4763359700122081
-1.0926123976207269,1.5404699580492851,6.4702644589006226
2.5887527876141565,0.38305428117958495,8.4533790435738414
-0.082289968853106021,-1.9872258571764987,5.0796906451115511
-0.30054612920645551,-2.1071578778016038,6.6523305030269739
-1.8215437292072156,3.2152654242009318,9.4740819373901211
2.5048260825468818,1.7884447851321079,9.0926413495048664
-0.13483197140787784,-2.1990149940322992,6.4425099357319233
2.7673435810800946,2.1814926523732483,9.2666584822594142
-0.48846541715524117,-1.4019049489745807,6.1019143664908491
1.3820937268146913,2.3714934313517615,8.6630983029334594
2.9938543564053131,0.45203923107528432,8.6621760603501237
0.40402232865970289,2.110233177504929,6.985543277222396
-1.1922326276871322,-2.4149485602809362,8.2764045943149167
0.013273578257683383,1.544672318253058,5.6251436278085656
1.1578658924258187,0.26020758479484396,4.5351844267951051
2.2178646871802794,2.2400559743546298,8.7714866044026021
-2.838367098380207,2.5548111753298528,10.25108759940426
-1.7835787653844721,1.3665108200435139,7.3677651600430725
0.87321735264300049,1.3334170400410104,5.6500767995681223
0.71887129115981896,-1.3835308651233227,6.0503433798530004
-3.3572036655549917,-1.1149198744936051,9.5256545911952895
-2.1484653063314063,-1.9347764004798225,7.2998977507168572
-2.0021052101406687,1.0206851889916786,5.4567656137808136
-1.6873746461005541,-0.83934214464455703,6.3202128954714247
3.3140435598961364,-1.446276330219237,10.211787134380598
-3.2327322788654227,3.4754512291462056,11.852883225486339
-0.58225874312056902,2.3719297258690721,8.101762967291771
-2.8751480887164256,2.5130335886170485,10.198203365124277
-1.3818797022687237,-1.1881706555469362,6.426250787627076
-3.490386975623601,-2.7394915956385733,11.452365880079542
3.493315046306396,2.1240557012582943,10.634003416410337
2.225989641113312,0.69267254630143515,7.4315151452440915
-2.6155586916136588,0.55497561818612695,8.5856314349787333
-0.70849384271651905,-2.5900801153098563,8.4612239053630542
-3.3402551071536313,-1.7034000616177196,10.287538141007584
1.3773968222840995,-0.001426870780107059,5.1066002458744144
0.72293781165921356,-2.1397857729066541,6.9223846394338668
-3.0264507580810998,2.8774942994204231,9.2934817232136204
-2.0996225587349322,3.301049276727797,9.9360459480623682
0.73336488239574571,0.063512253926731876,3.1909771112511187
-2.8255280352354113,-1.9676520820734178,8.3774391411254836
-0.056180934473169852,-1.7193104621347062,5.5845985790395787
-1.8170494084700386,-0.6706228983419078,6.5444091219532403
-1.1835310362111962,2.6141103944600719,8.5494068654731397
0.94671480904681271,-1.356288585064541,5.7131231377547955
-3.332630005831374,2.1250980208282773,10.171356215077822
3.1655132947015403,-0.49806059135914893,9.2249164505155576
-0.81660461838494314,-2.3341155756091689,7.6682232481130495
-2.3872215669425199,3.1313937391810827,10.297885107821356
-1.0808042199015593,-2.5478446111789159,8.2359035348373855
2.2288947831304897,-3.4734715024311047,10.908739801641637
1.896762384758313,-0.30171162664176254,6.2055636501340565
2.8042049381438332,-2.7847336042493773,9.9646074083071934
-2.3787875445326572,1.8655804899029551,8.7053060608059134
-2.94141565102034,-3.3267259761624475,10.780570580224577
2.4812226692738335,2.2266772691611463,9.5819522330012941
-0.027288155536311809,0.19639834284544788,1.3405968639436914
0.7287969832677943,0.25016987702747784,3.8479031213227692
-0.087684837986863329,-2.789860553177081,7.5080429642890998
0.9354798465441938,1.6351042635131883,6.2580052243716047
2.6016941636221524,-3.2400351273142887,10.914970240059722
-0.73980232027764048,-0.96543826056438675,4.3007411739802421
-2.7518862673540547,-1.7174796262898082,9.1679363572037857
3.4677022002419271,-2.4313684516834266,11.341336953928497
-0.40053801537503197,-1.8314329359915593,6.5245309351830798
2.1510140882418218,-0.95724734971774827,6.2152588162797784
-1.8521547079715082,0.76860434570097347,6.2268357581149019
-2.1489015450936737,3.3637570013984615,10.375881111129996
-2.3597089694886519,-3.1029478853618762,10.109902523059873
3.1809011126366205,-2.1189625841764967,9.2886386573655138
-0.67780782659334227,-2.8981747423709083,8.3898517032696276
-0.4574207497969085,-3.0615744283740844,8.827884207165237
-3.1932202065437898,-0.74433953299770828,8.9693782492067431
3.2151545587025208,-3.2056522334641007,10.915301786866808
1.7716691637241091,-0.85509428880190974,6.1211613594596841
-0.71528652375290314,3.2074981773287661,9.1284191904952543
-2.0833267957968449,-3.0196067358277459,8.2811646553489666
-1.5170515311604902,0.040364378299160286,5.5943543709001631
0.15424515345457301,-2.6709371613450656,7.9728403763237949
1.6758352027413572,0.77469292498868736,6.4511947887963963
0.84275364120093155,3.2589821503104632,9.0134926396306536
-0.35306301887576019,2.6663667561264681,8.4706038304073914
-1.6014841123906776,-1.6222886487407067,7.7628120946344588
-1.1166316354324168,-2.2179590503613245,7.0384766608361247
2.3473214687978254,-0.58113197791431404,8.0260170817461027
0.98295293486867763,1.9209246932492139,5.4266846048564581
-3.4765208493813766,1.5240559264574163,10.654232052998756
2.2892343737250886,-2.2069509456981136,8.9501605057873324
-1.1173018786957827,-3.1438404834032911,8.2683284878058991
0.32277523325605806,0.29176721817917661,3.2074689647964831
-2.8457055471714483,-2.5774978028000666,10.245048933383101
1.2678117341023016,-0.34833890438071213,5.4039460808739577
-0.73546663540616253,-0.81556280365257683,4.4280886344813588
2.0979876774506065,-1.5302549830615613,7.9448689514147901
-2.0359195820296367,-2.8205999624681626,8.4720162732581059
-2.0285590027893132,2.0035187064565649,6.6587038703830075
-2.8081958741444106,-0.47812654506282826,8.6213971535520688
-1.3714791864274867,-1.6625641229134591,7.4276941704028125
-0.94240895908073918,-2.4907641846510682,8.0257588705524689
-0.058309466111458708,-2.6015733268219945,7.8086742306927235
-2.8406176126839764,-3.4255685913752054,11.221465513159735
-2.8551860309486532,0.60943168058759145,8.5598487896036932
3.3181361998510308,2.3200774609077879,10.780398652017499
1.9902598557093132,-2.1549848946763488,7.3277283429470845
2.740221768905803,2.1300765575410505,9.1106704755692292
0.11334937972200265,-0.45361509542940404,3.0935433560163261
3.0313282561280444,2.8268827956906231,9.5295097951345937
0.49004180292035926,3.4545640928830492,10.132063272764229
-1.6272492112547929,0.020848030008129292,5.6713609474327669
-1.6493354889476588,-2.0884016530680429,7.8529746703322907
-1.9737411814567083,-0.23217021983803399,5.886819271584482
-2.7366992933029053,-2.1726075453957172,9.3050437099871175
1.736011168795569,2.3910175077546558,8.8995602659361026
-3.1571661229745942,1.3636845319643776,9.471901682890552
2.6001347455765149,-3.4383784626737066,11.427263633664305
1.436251355409417,-0.25871857012286625,5.8339222091352596
-0.96853708182073595,-1.9248194932620306,5.4233156738801789
3.0428775476938661,-1.0786094606523915,7.5343128093629499
0.90785278785340662,2.5800583741992362,8.1531724642286161
-1.2792912634597551,2.7851199335333172,8.7346698340621405
1.2365249327433121,-1.0731409115991148,5.2191413900734922
-0.11042502301720258,-0.25258630879752886,2.0261350139233443
0.91264179491602526,-0.3161264013642775,4.0197456405597407
2.9718811170686541,-1.8469128913716193,8.3473046202916077
-0.13811627664490622,0.47575198676994823,3.2286570392445988
-2.3232844939178712,2.9152229697380045,9.6811047502515564
2.7155584361964964,-0.44114957470586447,8.6010658636507547
2.1184852190730332,-2.187634445146696,7.9684235421971845
-0.46890526947736744,-1.3468162523877343,5.9110521299280272
0.30781712421406926,-0.99722161838352319,4.0824221594299779
0.94719569968534589,-0.25456662877062142,3.7271018869856434
-1.8545557792444511,-3.3349749460191767,10.00709372635294
0.81662808548171562,-1.743019108289722,6.2856274977268143
0.18276612852257168,-2.5141603284915766,7.9697494425482986
2.0657674658601186,-2.9119115309146366,8.2282787812676776
-3.1739545634056396,-2.3540347682355844,10.352368313447004
-2.8743184917161675,1.643952404680542,9.1527858372219395
-0.4618187659467976,-1.6597567379968361,6.572548633220471
0.6972278953279778,-2.7525000854812403,8.4762430807945641
-1.0743715867121306,0.93330818132893434,3.8970036712992204
-0.64755806172101593,-1.7151730664553375,6.6214736476510652
-1.5614138531182014,0.66873358020235063,6.4963128143495439
-0.47461723189266891,2.5380955636239886,8.4610712457838719
-2.6126250577212651,3.1849338988682492,10.714816646937244
2.7609633620288552,0.57374170757323384,8.6340432868264365
3.3632961281966649,-1.0108302448719013,9.3591396328815808
1.4611574677132637,-1.9759284181521046,7.5806852617679095
-2.6908003996945364,-2.4364504271163505,10.222569158017906
2.6414587396060485,-3.1073453673485139,10.40576888022624
1.5895008418855685,0.68061513421842879,6.5264438047360436
-1.8399025306120034,-3.01523765454963,8.4322814274007918
1.7566844562634847,-0.18412456636851493,5.8903688749224337
-3.2293221979628091,-3.2555092826080161,11.21295313343305
2.9690454181335459,0.42861113781245663,8.5920860179781062
-1.6848263524313147,2.0269921304393854,7.6001594321639825
3.0711883503341832,-1.0740910122717708,7.6405031074101757
1.4622334115841014,-1.4658589946843228,7.4176257196382078
0.016978573276675402,0.86074659727908909,2.7456938494676741
0.85916774280998442,-0.68119047189614967,4.4778669511771056
2.3124338431004139,1.0091322737345747,7.359445708378999
1.3956630179704401,0.66854868276160051,6.1228329009077065
2.2949648750072544,0.55285014078193129,7.8527112959039975
-2.3513047592276837,1.8953868883563487,8.5667898954344412
-2.6728842267438515,2.8690324226850041,10.118433136068399
0.21076193723519321,1.3382832754257619,5.3372378093292205
-2.6212539513766897,0.6872639544314163,8.5104150232695162
-1.9248084063804625,-2.7777782398866968,8.6145643711963409
1.1899228892385771,2.3278292509147418,7.9490822173055555
0.26751256017746572,-2.2617376476666338,7.3132520596595949
0.75199710552577503,-2.3707548973199724,7.9356009315138643
-2.2676700516936732,3.1990708611866401,10.124433991493186
1.4180521452069721,1.2709739647077365,6.8340692340200953
-1.3686762616891537,1.0943397411706126,6.0299533600305892
3.1546932552731324,-1.3156153370918582,9.2995001770170074
-1.6610595534722061,2.3773126029415073,8.9112018463842659
0.52582417569345807,-2.8005646327943619,8.6380366209820973
1.5547065278671308,-0.77807042882304689,6.3959450401845963
3.2539699725419364,-3.4628400252533624,11.897420360482609
3.3618677981601941,-2.1003785530212404,10.217044792520664
-0.60321407513008829,-1.7300303999354618,6.6528902805629961
2.2039000483241562,-0.0055795169517431908,6.1727245745925146
1.0504304900083747,-3.4344389953307863,9.666199845029892
-1.8405979371669763,-1.9302085926559698,6.9435902620214094
2.1904474760072183,2.79069719984287,9.2461302728202845
-1.3139554237536788,-0.62206549916228893,5.8612650950330796
-2.7773121678574206,1.0215352959515505,7.7700920119608003
-1.7695453034998396,-0.36853792472526026,6.4720238998244994
-2.8576961334430444,1.1910439836517179,8.1706075569375276
-2.607324184328764,1.6831976393131365,9.2713301813663787
-3.2467588524948865,-3.1774958031578899,10.93956844535332
1.9148040326693119,-2.6627024109271908,8.9562142828571609
-2.3197604457247114,-2.3962349081976551,9.695448437530132
1.7863765654154102,-2.6194029160673935,9.168221243306574
-1.9240036869859733,-2.4297653865071549,8.8236915885862022
-1.3855647438697423,-3.3105319641365867,10.108529141058414
-2.589531551409793,1.4804854898606354,9.2026824757050392
-2.1790078656018332,-0.97947164462409786,6.4152156434120471
-0.4013640458664729,-1.9511586616713965,6.5563699899225973
3.1930428114923046,1.5657384331991535,9.8695274978022098
3.3122406157501088,-2.4850155984346394,11.080431404629724
-2.262562703057255,0.049575101385955112,6.6487462326258999
-0.15587712495374406,-2.9518279741315112,7.4216701533822604
2.16350798282261,1.5084797480838414,8.158872738076882
1.2783011185216484,-2.3865077166835991,8.4531291343362724
-1.4905378387877759,-1.8530540239930684,7.6096068765089715
-2.33181414926992,3.0706648748896122,9.8963144518027377
-3.3620833090214504,3.2450606815070406,11.654948555470922
2.4113523830857506,-2.4209746898063944,9.9611144919663097
-3.2133223216015927,3.051756318049609,10.231019152978078
-0.14620968739656526,0.26358363203421753,2.2549159174396998
0.33736405505909195,-2.8977929155964537,8.3297374019188908
-0.060510893226799034,-1.3952665355312726,5.2316568986114014
-0.12353581868450991,-0.96974207703354098,2.9662090498383868
1.4299619164112913,-0.50906627880131428,6.1958214875084252
1.6134724879193083,2.6376663662016258,9.3071103820787684
0.47963674319204497,2.8426427479885374,8.6129223104301147
0.53416371637687643,-3.4499085535019942,10.129679753136495
2.3805929567026913,-1.7793989292272909,8.821170320456666
2.637831123504581,-2.1081047480243353,9.2448843229600328
2.5190233899178303,2.6198057268396964,10.333497589974506
-1.8537188648662926,2.6031414063850509,9.0814312313799661
-3.096233949850161,1.1860712307347523,8.3698911751424188
1.5179324002224188,0.26550554787753899,6.0550288078234118
2.6568582449602953,1.7446716659946899,9.2133415001890917
1.1637250489462767,0.072835705961383113,3.7317684921753447
3.4377784816889925,-0.13247314680777622,9.5413643480020394
2.5294481697639171,-2.5044345759084568,10.257671508658881
1.7921588561295341,1.526582117124395,7.6857613256388149
-0.8663243700300729,-1.5264289379719196,6.2617263976536783
2.5677194173036604,-2.5415132839693948,10.328321886242859
-1.3597499510862607,-0.96253184890231402,5.7333046545182853
1.8587696526436162,-2.6695890404932068,9.0165818246874441
1.3278682150125007,-1.2774686679311031,6.5807001640442166
0.034942321429710876,0.573058232029096,3.2374114912554646
2.5539321302333322,-3.4488633099604935,11.429377236831588
-0.84963687334321358,1.9461579212613263,5.7583659232028594
0.85874665252169446,1.9196204140659407,5.7394872619351638
-0.8149680330589768,-0.059359358768101167,2.9581700370213504
0.035293734028988499,-0.30243463369457935,2.1758180029464995
-2.1882541982573458,0.60104078602440669,7.4009466306432259
-0.12578266214190448,2.9752875885717591,7.2625540814574556
-3.2757983922799925,0.96885534974202248,8.8745228604139186
-0.61843238926819266,-2.0853966327838975,6.9504566035249518
-3.4449359602170961,0.95822925522649349,9.64383218524525
-1.6412856363399733,-3.1089230583926675,9.4789124831449527
-0.054839184386660023,1.6921563216240427,5.6365357702349534
-0.31015981784762392,-2.7747849288182329,8.3442193658459036
1.33572364475177,-3.4274106503213484,10.33652604544959
-1.2942410871787642,1.7290711108920593,7.1658620716354378
-1.1120419369507144,0.10882914213686501,3.4845716558123065
-2.6236536490085136,-3.3938344123877995,11.34220971711429
-0.51768469911221704,-0.053817172317603745,3.162447276129928
3.3552609700444025,3.3421587327223952,11.921984497194899
1.9643713434039887,0.14662557166560575,5.3778465635622439
-2.7390636872665497,2.5229924469543423,10.317546418466804
-2.1007061886526137,1.319783400858964,7.4261273130099461
0.11041100200945486,-0.48926649373757192,3.1959165125240823
-2.5825963097001479,-0.81378404382628444,8.2938351687849128
-0.36101972641089564,1.3073978608030847,5.601087397949609
-0.85824949189589228,3.2171243394873841,8.7118442446910809
-0.61935782606604395,-2.6313461850474402,8.5783589929909887
0.7161434331079759,-3.3312101203605398,9.6608519119556124
1.4260781430109732,1.264380173280645,6.8322212038101249
-1.5328293555631451,-1.8969840996150025,7.6391434209931433
-2.8943211652717014,1.5914604978792548,9.2077150409607711
-1.0045381575493613,2.2165511236636739,6.7123077849785915
2.4444613000506514,-1.1029109367340286,8.099241745830426
-1.1029917130501263,0.73426844829086768,4.7174076679478993
-1.3636199684301182,-0.64186418528374567,6.0309682788646803
0.71110809158862676,-1.6263612857233414,6.5341794810330889
3.3251516964973629,0.64460837184202724,9.7444986155576423
-1.8974796118434791,-1.3814219912529651,7.3346761162997911
2.8580942425847251,0.24365519285162796,7.9910211921143119
-0.018696556141806209,-2.225420419387806,6.3442007721334512
0.97453381326220168,0.45008010859477832,4.5170527526933419
0.3117504977791512,-3.1413269647978939,8.7854993706854767
3.440210799442597,-2.291443232586909,11.019117222371571
-2.7316630807039726,1.6265893338540405,9.295513234698511
-2.0408111688031134,3.2795380585418865,9.6570779971664997
2.6811528568073797,-3.4591098244436593,11.447952000371547
1.6728816493396463,-3.3592644966618401,10.377610143863105
2.8027236454607261,-2.3770027634571198,10.001985619704811
-3.1197137133300621,1.4939869184580719,9.5815272163823657
-1.7366674102890558,2.8712731021794387,8.9206940912649451
-1.0931221336819803,-1.6698030866416111,6.4447952413425433
-0.92346206502723849,-0.73295922197170471,4.3130190800917347
1.4519343344034139,3.1778907905217828,9.7437705137178892
0.76239551813135442,-2.4825952327294427,8.2334138873855611
2.3578703947074651,1.7557116387634943,8.7771804957279365
-2.8042136148094881,-3.0238620883886433,9.6187614739276768
2.3089966830626549,3.476750705953731,11.12566712290376
3.3178507986276511,-0.14736927335152039,9.1158904380214913
-2.1361105879774627,1.7011053473172932,7.9318841424163011
-0.48103626910763264,2.0449004969796452,6.8747742943991064
3.02380525476533,-2.2089266086078716,9.078540961093827
2.3957718831213679,-3.1877265344508876,10.52506981403983
2.9867906003286375,-2.3411053456722413,9.7692676819880759
1.8062441482788474,-3.4799095384182666,10.50685276798991
-0.2284522373568989,-1.0357483639582918,3.7622670295039917
-1.516244032786795,-1.3055454729786766,7.1348117203331984
3.4971713222454346,3.1767612088363704,11.707886332214226
-2.4939253487392601,-1.5272922181694368,9.1219436600082631
2.9975382849896661,-2.7561894043591924,9.7930845547155592
-1.0681895891874218,0.33719226392271473,4.4337713353417811
-1.4729873048392892,2.1332639567687695,8.0030464954500253
-2.9311651661892228,-0.18287117924398411,7.583714445712209
-0.28956268629152682,1.2076503251160098,4.9311844318587035
1.2090757268315979,2.6465295239463558,8.62592051674525
-1.6950896538359586,1.1161062294180502,6.482484394816602
0.70009616541798092,-0.20613314578689756,3.6975328656781983
-2.2620650303469061,3.1237188967845739,9.7513106990594789
-2.9172663197572857,-2.6017693842191969,10.178325638187195
-3.4859469955793432,2.9237211322533465,11.261456046750109
-2.8870121580652919,1.4466890808366113,9.1394106030329656
0.085887601640924238,-2.9916296782663574,7.0899583782991353
-0.55876372316952549,0.15022819035003687,3.448515751863436
-0.49130376866223413,-1.1109787780388896,4.9847166304414721
-0.063855692828012511,3.2054958616731959,8.1901915479129777
1.6355456172803038,-3.4314450027338235,10.578408670324681
-2.1881502535608619,-0.63357114811544779,7.3612585009603073
2.1288067448976706,-1.8311532516061757,7.4708609301060971
-0.62755648076609472,-1.9533284215056945,6.6154687353966963
-3.4642222970366161,1.8986431753272033,10.360795082344127
2.5079295659124439,-0.28465593277068013,8.1773937438961681
-2.040282390839022,3.3016509190442997,9.7828654128653465
0.37708945194619536,3.2158028620312447,9.2884670256073605
1.907660260001439,-0.67536747712762946,6.4839822139026495
-2.9146293654564612,-0.29377358897857375,8.1601901918660662
3.0749537087221315,2.5778653233568924,10.374811691031493
1.061644044294396,-2.6467947629666426,8.1814057466236267
-1.3312812824739608,1.0552610974322709,5.7362986870192429
-0.64307339287273146,1.5288756943277759,6.4519833264703195
2.0618548408636004,-1.2811658579659513,7.0886006313339571
-2.2577391008160461,-2.0099167252038468,8.067758006390525
-3.0003032161187164,-2.0690787036186555,8.1781598881016198
0.25998215479204934,2.1523242833017537,6.7067943178936424
-2.0438488965191022,-1.6923742826027179,7.6209145408211203
-3.1226755146481548,0.60214864661472856,9.0034733410396761
3.4389970351937489,1.1090789415904521,9.7943024871063411
3.0039325880471468,-1.8343023100004561,8.4382171257163279
-1.1649403185909564,2.2227413536394467,7.2885900310168559
-2.5820289337694073,2.4806660411528378,10.270690053694361
0.015920970310074001,-2.802835823914263,7.3276827266030473
2.4979566238098956,-2.7987284024853913,10.247109654450155
-1.6156075846428879,2.8043337848978229,9.2500256844915008
-0.28819500675609611,1.6935652973244171,6.285622898499021
0.27429373596418927,-0.13262328671376045,2.2645448269997459
0.87828306363657838,-2.8045759109144766,7.8226307044125996
-2.3793642121515095,-2.2870751954627462,9.5576712401654067
-2.0088005855535433,-2.4143919018234801,8.8188803294252445
2.2358897403041071,0.28536540327405024,7.2411858300946115
1.0019169317461447,-0.28002240090945429,3.953406887095742
1.2246069849807206,3.4084639520804796,10.023043782724535
2.9661578597361036,2.8513439084674888,9.3464809763067134
-0.98371482792420739,-1.7950016441921168,5.854535933023385
0.30870783332998775,-0.71134919562701571,4.0551567232447212
-0.79108912941912024,0.54495161171082618,4.555947762872858
2.6033221458772777,-3.0928878289232267,10.408093011653461
-2.1808787387265753,-1.10556838446377,6.7349537487232123
1.6799416516841221,2.8707599939099762,9.0832288107197705
1.0752815446328459,-3.2368036210098952,8.7450446936451147
1.5029749743873868,2.2958298794528744,8.6246467932911415
0.55196982478454704,1.6096648103165707,6.5726224787171112
2.8755410343333292,0.96514250039409788,7.371649665517328
-3.4715750095875344,0.58197846370091799,10.165351615370398
3.4801341070653597,2.9951503366586314,11.26683047157807
1.2821833274155745,1.2400229596762404,6.244126830124781
-1.82129266982787,3.0616461117711902,8.6607681325459591
-0.30657921921400133,-1.4253344256733884,5.9066564752808368
0.90672563311716203,-1.2229693224685043,4.9418727715621529
1.8737902272522584,-3.0095185015421873,8.2646455872514544
1.7052426302687822,1.1954163878984287,6.7905752873972141
-0.44829812518778001,0.20454562717906288,3.3477753564394312
0.21873593466464269,3.4945737578187721,9.8600915110090188
1.5355295944858849,-1.1026187041445885,6.4942906778377036
3.3080721397645476,1.8974083814910152,9.8077937387331389
-3.3305435185216772,1.0148382109754275,9.2039564951584918
-2.7917321080338602,-1.4709634472399462,9.2217470978960101
1.1477673314099643,-0.6273924052554154,5.143459510013674
-3.315432309549319,-3.2667370025750468,11.585984814897893
1.0473073974738725,1.8231609179087549,5.8489965517764588
-0.56230704054573266,3.4350942490815175,10.095375317325434
-3.0050035021965638,-2.4175415241879423,10.058845047783917
1.0860732937270328,1.6686175354316193,6.4242082274758125
-1.6438909998724154,-0.22177476776894167,6.0986152037673449
-3.4852535252555259,1.9496572618047132,10.370849639709796
-3.4533663656534865,1.7457509584285464,10.535972921639729
3.350664555165638,1.0809666260968385,9.4106781177164365
3.0727033557023953,-2.7063543297531121,10.141878763238996
2.1628259356244408,-0.66135993662520765,7.1970409042657586
-2.081621450324334,1.5989068743585477,7.8906410289972087
2.6369980560611408,-1.4573649788027527,9.2114324876105886
-2.8674492650433576,0.8543330962988458,7.7197472414684043
-3.1079636809723516,3.1208403593203364,9.8691680173436627
-2.5219064256581283,1.1739857512200462,8.4562649479586049
1.1011130181433932,3.2640245868764479,8.9998269106534838
2.4517249163039052,3.4623582542022984,11.360195824465375
-1.0549660870894004,-0.056896360803150969,2.9369111268966321
2.806701069482747,1.0982946755783489,7.8693741595800759
-2.3181599868050826,1.610553174289981,8.747720786862784
-0.5091162133493361,1.0137067803348954,4.6836715320930793
-2.5562892568515454,1.8405522231563731,9.0888433757786284
-3.4955626358583078,-1.6485053721492968,10.689091140434265
-3.4975945879225145,3.1002521259988924,11.482826517320028
-3.0772867356780687,1.5541807142544553,9.4643690709814567
-1.6459138822139989,-2.09030966578531,7.8651105776609267
-1.0675336859909588,1.6780636804662237,6.3539338909951333
-3.2173749577080266,3.3384991074595654,11.486382468677846
-0.20033260293858079,2.6581325605262274,8.1122130777904644
1.5220176983263292,-0.66836296081803459,6.431377442399036
1.1418065200538647,1.8511256139967651,6.1714640034467116
2.9455903044946634,3.3283791310769466,10.786651731484595
2.4994595228232113,-2.8039530245328601,10.244223152434616
-2.013586203758023,-3.0643627820236379,8.2045680799978982
0.68610964557614995,-0.013905990533218393,3.2145387297033388
-0.51208824464697589,0.47235552455648389,4.2236201395570063
2.3487231675763018,2.0683045880399558,8.6926620630480009
-2.3754251789612342,-0.68622631380576804,8.0426853703582388
-2.7191505370445155,-3.2826276083056913,10.952636519696846
0.69845033744380469,0.45920996651320811,4.4223144112472497
1.9283201546711286,-1.1217933807730498,5.8801350088478621
1.1335599383510599,-0.66649015790255239,5.0250990560214284
2.0965229527498366,0.90528936385037984,5.9565224646337604
1.1429557349490151,-0.21578036618612151,4.232625130240212
1.6623185569372385,1.40918969114405,7.5174616890915313
-2.7940958329534911,0.33083552959944251,8.3847088499455396
1.15387789407119,2.6257799079078481,8.4525542772981197
3.1415814647709741,1.9724315170051057,8.6403483249631581
0.49085717565545384,-2.9621759485411152,8.6511568743940721
0.0093915566481248547,0.23085018469631136,1.6120268220825089
-3.4346714427248841,0.48332878096996756,10.087610924363201
-2.8008714886064938,-3.0826409178422369,9.8147619770654284
1.0800563964335641,-1.7110298775990382,6.3225018983543855
-1.9144730267652668,-0.13697110861002315,5.3439523643283202
-0.23330350157983748,-1.8626874371420692,5.9228813943195782
-0.93760136938277405,-0.046941164144603587,2.6436402934703302
0.70252369442117235,-2.0541940660298041,6.6225329076449917
-3.460933766889152,1.5041962973375789,10.615914222563802
-1.1606190799237996,1.5922690626418392,6.7232625471573453
-3.1054802307352842,3.1908568383533567,10.284771261254727
2.8761618790415184,1.2724915515281836,8.5683052217335316
2.33898148342867,1.3720686697753468,8.5466040094400615
2.1744892292314564,-1.3747736316273511,7.9351891187783306
-2.6607274371743856,-0.20127462447585165,8.1137697583977904
-1.6150345984665664,0.39063313117768139,6.4396871123627442
-2.9838971700269958,-1.687955086230885,9.0422847417530434
0.44318492315577362,2.799510082228851,8.5936770184046232
1.5120928989959896,-3.1050984158355615,9.5449459214980408
-1.7822532998176293,-2.5856763857484881,9.1706244312152982
0.26956969018493604,-2.174773186438824,6.8671348999418136
1.4012503229237314,0.60806099040210793,6.1527365825310589
-2.0354407862223853,0.55300414746349524,6.86131093009854
-0.74453836140140117,1.5762873878335926,6.457455422956933
2.7341332176669866,-2.0591389686763479,8.8766581273470777
3.0306832732647004,2.1123309407608897,8.4668249415394072
3.4052240455412139,-2.7864591976512902,11.24307382195113
-0.67483645266276504,1.1950449870626692,5.3031528301198243
-2.2727887572050882,2.5237121012506334,9.778499843553103
3.3327035484859913,-2.22409845622269,10.523632024114725
-1.2370782290093585,0.63789754278009614,5.5384697708170378
-2.5689832479192893,-2.5926860101869007,10.363883887988449
-2.6679196410662449,-2.1168068132003803,9.2300430312426975
1.9088198453450458,2.4261642649306312,8.8199804998272509
2.3858320545489757,2.7181711289364952,10.10494880583785
-3.10817006741296,2.6656394866056869,10.36414077487515
1.9612531936141488,-3.3011915610925806,9.7115753858115283
0.78810224153673936,-0.82199125673250872,4.2923349510544
-2.5367637657809432,2.1489427994684425,9.3935590271776412
0.020410736225337178,1.4595519334541383,5.4366241167437757
-0.16115046613871264,-1.7797849970544322,5.754422673894922
3.1096382029918583,-0.74351426193820025,8.5519059983418586
-0.0027479327517427876,1.2857193185156106,4.5684093249161783
-2.1526518918433935,1.6701065233548773,8.0658508242919655
-2.8093412054351279,0.91920589242156314,7.6941724664229092
-3.4356159119249012,-2.7485757268552797,11.354602372532124
-2.9427666705826105,-1.5234516431821619,9.227334680444983
2.6287662824110516,1.4961276570140498,9.2493047881059312
-3.4942275187961171,-2.398465308168948,11.32910907389752
-2.3849880337101439,-2.0942473073816572,8.9106125891456145
2.7994696576209392,-3.2630126366956214,10.711090893108581
-0.88010177396634814,3.3735677146964296,9.4887724742488633
-1.244980671166279,-3.0963414577351887,8.7101767889392612
-1.9109079470113932,3.1918506364538342,9.0739069108440837
0.30256364177546224,3.3443779092122927,9.6362872910640469
-2.7456221290852789,1.1992687945927099,8.4724026997582325
-1.9717084364150566,-1.0305882286999575,5.4449354051613419
2.0679415953173077,0.19359659813419272,5.9336671921702298
1.8939814643547113,-0.60234922024405613,6.6257514405580196
-1.0078864549803219,-1.3882560627281419,5.9019590863192946
-1.3559509780719443,0.024789252740219148,5.0053333392808099
-2.8415924010090987,2.1952162985238708,9.1280241662380757
3.1148718519721674,0.62543263259772885,8.9338172864499814
-2.7248369548233651,2.0660043056174224,8.9263348494445278
1.1465479172483324,2.9993326522884356,7.7866434953406216
1.5187158607489168,0.8152245745118325,6.3020571824254645
-1.5080789982311216,2.8417215653423922,9.231878630972556
-2.8352358490684271,-0.35545824307010854,8.4178393003061682
1.324482172635534,-1.9208826624603277,7.1008444929488288
1.3451453149002868,1.0910928206513164,5.9143242615281402
-1.6251299500962908,-3.2920981141028856,10.202151392826426
-2.1891088039479181,-0.35891536595865103,7.2252045377319831
0.037033338605261257,0.12152282973926098,0.74008426405958261
0.27455508551815422,-2.3167465493731281,7.5833468976821941
2.6189001489771355,1.2360874545180778,8.7154623624034215
3.4621649575720266,3.0611888832177305,11.336726267190514
0.1349148475318227,0.86012606472593145,3.1199642939288488
0.50010236604716685,2.4568397745240356,8.3141853225133584
2.4418571734006296,1.596715917218086,9.063990609633727
-2.6473810976752317,-2.8611647759469205,10.17268591869472
1.04320507479021,-2.6583868462576721,8.1305053780987571
0.20091088451007177,0.40486149381369385,3.1867634166528056
-1.3407484406278578,-2.0876649875779458,7.4679568999915436
-2.0675618382610472,-1.3699715827465599,7.5151346671140029
-0.15338621956470133,0.1526939412070063,1.5489654981872398
-1.2732682237353434,-2.1039222161431854,7.210191309485225
0.2778335169396482,-0.34179817555369185,3.228208767388125
2.2789804345190658,-1.4654306303335325,8.52386619398996
-2.0650742728795413,1.2927902240552447,7.1621695837778869
0.4445763665647009,-3.0610533951243504,8.8108470615568262
-3.4304739362275249,2.7188129649159531,11.372263623250905
2.3193327529872558,-1.0426606947291122,7.4480206995444433
-3.1834137051066693,-3.0352301373912498,9.9857425454279536
-1.4775395556542827,1.5359434434292512,7.5482814919729382
3.4129715359372943,1.6862722291971508,10.507381053046007
-0.99864814707609861,0.55673883256916756,4.6723426028321065
-1.1653278175524511,-0.085890802565108171,3.785670502873149
2.9397891863122556,-3.1516693106758509,9.7199086941428074
-0.96923078358411718,2.3012591593332612,7.274291708538442
1.9825697770574422,1.8969801958465133,6.7012535325952562
-0.11312759948847884,1.6103551752362115,5.8061797564515061
0.087054151089597909,0.83690993618262333,2.9748649832560048
2.6704914063233725,-3.0944110568119272,10.307109819597997
0.16765181412159524,3.2119607391489344,8.5860229418533116
1.7015776143716232,3.1786873358778882,9.637946042273148
-1.8352211802489784,-1.4207426392004616,7.4824391431330284
1.9177659222897869,-1.2536520381367966,6.7266494484822594
2.1761728055670178,0.92326582844285277,6.4538224462242262
-3.44806864789969,-2.1773897058486447,10.707300665977465
1.2633054162409829,-2.7954619696887675,8.6536531853900307
-0.79975151068823092,-3.3841753780601991,9.6846481738858863
-3.2902665143405931,-2.9595928217605048,10.590623350639541
0.11947899493133995,1.4903058900080346,5.6548276955702192
-0.10718866052878129,3.0012206139489592,7.2019523315553258
-0.71373306778239698,0.12204785676230312,3.3846491177878555
-2.2893020917135467,2.6838077715980484,9.8509064172473195
-1.4024589280061592,-1.2519862742982908,6.7273352365958949
3.312917328578882,2.2561136587347645,10.562829952218729
-3.1024396336546753,3.052003539477596,9.5152066594892357
3.0552079186395069,-2.2837349086431957,9.6162245223880625
0.94603661556425322,-0.036392792393210804,2.6167035156524285
-1.0376924427285119,-3.4885397863105916,9.7774769911250736
-3.4119197754084265,2.9216769350176452,11.106845713144681
2.8666990115778717,2.3029024715766253,9.6411053960894808
2.9018389531389195,2.907017369023527,9.2484712526481694
-3.3412892036758564,2.8883058750842086,10.891959416007312
-0.73888106143449939,-1.762746113891662,6.450225679974519
2.1686226482483884,1.1662274211339705,6.9575731343441074
2.3141485058057034,1.6824965665159262,8.7046861788899932
-2.07048893465738,2.5366754563112082,9.1657176773165432
-2.0927170652994702,-3.3302821427951499,10.058794920049657
3.1350063289523238,3.2788968460563099,10.917081768062182
1.5706563221302439,-0.93065768654903058,6.2675423487285045
-2.3799050383531331,1.2339029515857396,8.2982957243601216
3.0367811784530492,1.2233071582290655,8.3618759679214758
3.4056941641432719,-2.9368526419273397,11.08251969186033
-0.48623290044280276,0.894479054532062,4.4990115381744289
-3.4247153572735431,2.7632708058508451,11.316355579977396
2.5229116208620086,-0.69411122056895236,8.3909569433859321
3.0013786488548702,-2.2208742114345461,9.1171735506934084
-1.4197938925485794,-1.8233682332137804,7.4877773369271168
2.9647277794156217,1.433626037783533,9.1335600390607912
2.0585457673006973,1.0733279056709097,5.8202929323542172
-0.26334732967929853,-0.90382909967270031,3.7642350537076794
-0.80811253507885938,-0.088845290579606662,3.0635548725540076
1.621541219854131,-3.031393240135027,9.2810452465463928
1.933030024655042,-1.913693828969661,6.6827345713527393
-2.3364348046397305,-2.326611148303908,9.5592735579166153
-0.63106617397868714,2.5832583610401452,8.5255624834650199
1.4816455320849187,-2.1425203667267261,8.0495295008784638
-2.8799781292917648,-2.6369487799940141,10.165817548826151
-0.97105234756208381,-1.9363319920294972,5.4040109013538178
2.9839181560142425,0.078788890100849329,7.0520019311949582
3.1197510627034051,-0.49967115169335496,9.0513996193755446
-0.77009730186290604,3.311259442463709,9.4695640570113131
2.6324885963200337,3.17025423623965,10.643046792831159
0.020872208166745398,2.2897530822649568,6.8000705332606017
1.0554172066153411,2.9855263294403356,7.3054404787212537
-0.64807239761635405,0.48386614964451269,4.4288411046900258
-2.6557569844810951,2.8064788362113848,10.238015469730525
1.2704565456308847,1.9662603135393004,6.8259701492620017
-3.3264758837547128,-0.81892885320218278,9.4189957839107077
-0.19254542097595095,-0.99555332765934468,3.4233580385186144
1.1441386497143284,1.1720607710101385,5.1311082813915831
2.4543811092305212,3.0899315542597368,10.327649500320783
-1.8579499550527567,2.3805073358428173,8.7202557684097677
2.8477431892483178,-0.12230198778301249,7.4424224452206786
1.5607786571779352,-0.17256845484365213,5.9067670384321964
-2.9552057946076857,-2.1255284278030477,8.4663877741924285
-0.067751833881974033,3.0758029947923609,7.3152164883105968
2.6331391186374393,1.567355794772876,9.298301565091954
3.190506823192079,-2.9460189444634715,9.97275165945954
1.2859286235809115,-2.8572596423711953,8.6560714211328786
-3.4011815117543391,3.4751201155116673,12.257025836650611
2.0758457923165405,-0.12905687012246947,5.6142013626839109
-1.0466727392587711,-0.85123152643482491,4.0201845298747578
-2.1191579693051592,-0.5587391662046457,7.1436059878650582
2.0545226261918543,-1.7180148532678685,7.5745865205857275
-0.32399475554033197,-1.8481739807544915,6.3124230730953137
-0.29353989426444116,-0.14303459492222537,2.4281542929125877
-1.4821184561428651,-1.4380766432494774,7.400605478281868
1.0092143388163182,-2.3308636564769287,7.4620302742436522
1.6351607109948043,1.9598998651970243,7.6118637068793582
1.5522132260051444,-2.9671659475123433,9.2465918394022726
-2.4410136433875222,-3.2610748752007681,10.870247182445048
-3.4795913904396754,-0.70393825086068018,10.084565160688536
0.49793010535577942,2.4164237417694032,8.2156676981068415
-1.9406745930429297,-0.37072511958064203,6.4643182199360396
-0.16406167269003058,1.6919042514242451,5.9101816400628628
-3.1176192750187233,1.0448983163499364,7.8164331783550018
1.4288159315437587,-2.3812663130938301,8.7727885918426729
0.92811417565899035,-2.087910555176073,5.8406544293091827
-2.2458365978944848,1.024668809232506,6.9514633568428614
-1.0031054706238276,2.3873118779608218,7.7235408276464099
-1.0651670955205477,2.7421110438418612,7.9817223757110582
-3.3294586971775102,1.6898413997278441,10.268502994442114
-3.4040472806013997,0.25739876899551417,9.72975282826574
-1.4632721985750714,0.036611215229448213,5.45784909862261
2.4783294877379269,-2.7257547460023588,10.274890281692045
2.8094560919883218,-0.47933208789189408,8.6218023547777598
0.46267488185455763,1.9395818490565953,6.6543972425843876
-0.22290340802209796,2.0184384140749279,5.922356986963262
2.5912614442178121,1.1620951992336588,8.4795276609300316
1.3732546285279961,0.87918479867746591,5.8239676901090078
0.17935596751014238,-2.0475927474160902,5.7644502764542622
1.1286284853380764,0.58739821016539473,5.0896847991299587
-1.8329921063997876,-3.1104489835178102,8.83131442124043
2.4327018309725394,2.6470851537912958,10.220539077460943
1.1120565706004655,3.2141547230549898,8.717991410297973
-1.3810493579960181,-0.098632117320461177,5.2337605263585232
-2.2525490377144166,-0.43873079406226401,7.6370338197523981
-1.4216922644929584,2.6623276068655963,9.1713990521997193
-0.68195111451753965,-2.6677136847454559,8.5342823438345441
-0.0048711192637087564,-0.12409494146716904,0.71434252899210193
0.33502231979912356,-3.0891460112830478,8.6461093182463795
-2.7572914547269169,-3.0922498025206666,10.031702015483702
-0.62454692294942449,-2.2120675306514572,7.4792728822860948
0.8239269651947998,-3.4830400361790179,9.9013310141715323
0.15941059926519463,1.5553290191665017,5.8674683314318479
-0.38585803965738918,1.1376765599512542,4.8943674625782165
3.4975732234216954,2.7041438433962384,11.489249062869243
-3.2432591020092101,1.2609980558050076,9.5049017739344563
2.9576007805284483,-0.49047503623151645,8.6461507043423573
2.3406158075212584,2.5988993123786415,10.013698400956267
-1.7504350001043247,1.1838338759509464,6.6593918865267092
-1.3189359698163123,2.1268067569439486,7.529752887954011
-1.8848958723368077,-3.3206818513754812,9.8897386999632033
-2.6420605876988357,3.0211830353359233,10.1810332934163
-1.2335613380256159,0.093237140139535768,4.3312097001543854
-1.5814762450411952,0.8702650470982185,6.3131366038266172
2.7684559910775119,0.30616323850171412,8.3385191997673704
2.2577757380442165,-3.1056200252256878,9.6512681821480193
-1.3933426897312562,2.9327825842509263,9.0160282699150169
-1.8166269664982309,2.5076905720954228,9.0670516979530831
0.081354628413188745,1.8564092976306084,5.2315764198368697
3.1666207044918471,-1.1960679768380005,8.810222361397912
-2.037071982958488,-1.8288535687117422,7.0754322647806625
-2.0432819547742933,2.1923050020613415,7.6947252694525634
2.2795013034674465,-3.2013455637673331,10.185757262430773
-2.0164377629934949,-1.8519572084672458,6.9219705852804339
-1.179319159722211,3.3939925527779247,9.8492462137150731
-1.3726823729704987,1.9343087637961789,7.3018521149344497
-0.10073448584450562,3.4215591578687778,9.4297973208934636
1.2774182205396629,1.8961983045429927,6.8780012324900177
3.0342520999897493,-2.1402688927894378,8.6484557868772747
-3.0906569685673557,1.654773119566304,9.3868920770162863
2.7037359659259641,-1.6716055860310779,9.2758587205887508
2.5220064272222249,-1.9912928866553674,9.0181764325728651
1.954283840353928,-0.53356584040571287,6.7098012322086298
0.77205477600730887,3.1415638513732649,8.5929436258375915
1.3554755241335075,2.7140524524263752,9.0381865552421754
-1.2192226369912462,3.4247908632107888,10.05237472640103
-1.1744153153523955,2.8794204811510813,8.0273590397022261
-1.996460747623551,2.2602027628468546,8.0657072895522788
-1.9740223295837624,-0.82513261396732585,5.884118903634878
1.9067728141930296,-1.2942455228001064,6.9585011265621084
2.1327136801447528,0.15432875212569774,6.0807473584352394
2.7088237438231593,-3.0803562231442267,10.15852886246614
0.26233210902466286,0.7428926238670952,3.8862015676401711
1.4601649217857426,-1.7044157213603788,7.6225825170342993
3.3652542896867299,1.2386184685036365,9.9297312235505117
-0.99478243762323348,-1.0606641079226007,3.8141615575280596
0.49843063826449807,-0.82136526538224031,4.5058532383172292
2.1542838973527072,1.3896115164301355,7.8968170952604506
3.0701874420280983,3.4801369810174467,11.386079578780501
1.2002439986603033,3.0993382817985209,8.4688227400374672
-2.1395959970373291,-0.5191621496533898,7.2313101697160924
3.2676963773158318,2.1513466278779871,9.9522293579013024
-1.4124648852689266,0.94247002805239344,5.945595190295176
1.1600906920474525,-0.25650509521118359,4.5311238533584408
1.6292147868531686,-1.8854992734789109,7.6258268581194422
-0.15047311360360371,-0.27856694900392975,2.368444528672029
0.38581426308152089,1.1784317834974853,5.0825314087358926
2.1546517484504255,1.3621335027601003,7.8127351251082402
0.9761959434551235,2.721623638789759,7.9303280388826671
1.7161343033352781,-0.90956296971154327,6.1505541970757385
-0.92916502057176587,3.0502947411074288,7.4520517231980072
3.1363542395773658,-1.1300482362307003,8.2829867625997071
3.0674581549784614,-0.19452669813663626,7.8976938907032288
1.5332316668830543,-0.38507802286371051,6.3037150716907746
2.9436662748435953,-1.9054433799168571,8.1189099547676111
-1.8356654756346931,1.3092376335287312,7.1014914005590555
0.38240653296381488,-3.1809470888480607,9.1524657345742924
0.6738929799578468,1.9285989387501061,6.4901638587393968
-0.56102554544712691,-0.1119487810555535,3.3517248536706745
-2.4697577660754702,0.41848412457271156,8.2885598509407075
0.047321634141768154,-0.61272817463968599,3.2797860468641353
-0.38660422717459308,0.52897375875972941,4.0692730187843935
2.3932763922539042,-1.6904468846571792,8.9402445875191372
-1.6473033857918549,-1.2338115286188951,6.9900659784102182
0.95769335614152062,-1.7544571280310077,6.0001468850871014
0.95085284385087654,2.3514921521809988,7.55110621592857
0.63664175137019186,-0.6353294433368557,4.5884949165922713
-2.1591292958639583,2.3980785428516596,9.1689300092350283
2.0073370162662156,2.0650059585760401,6.8016990742211174
0.22668309023034183,2.5029965086509085,8.0482684318254059
-3.0102615954434562,2.2250300835617161,9.1581028962316751
3.4027366313571887,-0.93992469804384671,9.5216002631071728
-0.85296100441157252,-1.3978314173906079,5.9470517729589147
3.2896242000921623,-0.17938781135526627,9.0713237227249888
-2.9740943305483287,-0.27205340833488645,8.0797098705503689
-2.4278841269357603,-2.3837226404392062,9.9176392200945678
1.6766981070371001,-0.75666518293706098,6.4818675618716419
3.2734778154283291,1.5144049626089187,10.144621349142392
2.6895397279500903,2.7471090920749131,10.283050146593546
0.76271121129234842,-2.03556674622663,6.3167848215678255
-2.6819662207665118,0.045343745654002454,7.7187219399650733
-2.7102282817877228,-1.5012153838613242,9.2777727471901468
-0.81770247765077819,3.0955027619785067,8.14415640375557
-3.2297021043860146,-1.4094297698294445,9.8682472897181679
-0.26977424100698899,-3.0911123859703356,8.3913079805340427
0.9366434777908319,2.6331167205830388,8.1137782831897685
-3.3383123097655458,-2.8889751609589336,10.878825887744233
-1.5821738037096036,-0.050327333616027925,5.6886286425251456
-1.2254030301798999,-1.7512617593423583,6.8513015458697222
1.0108955103760966,-3.2176108460186827,8.4831327077982444
0.68349657188121782,-0.093266396236603377,3.3390419878345874
1.257091057466476,-3.3195578246220685,9.8203556038635291
-3.0854384777655031,0.81124543518140246,8.1266922287044068
-2.8379929340105918,2.5049829796903849,10.219967679842959
1.4992796886890911,1.2009167200539288,6.7701236094406632
2.1644786700422554,-2.6607373940876533,9.4151361942813292
-3.4511306493743894,-0.36465584026310971,10.028877194248672
1.5432646642651884,2.5224285587818294,9.1770334366010822
2.7681366640825278,3.2668847385817017,10.798985454688966
1.1575784506207309,-2.2761439883783865,7.5682174122863142
-0.95508112566784131,2.2929983645704821,7.2281104596798507
-3.2959395627654482,1.3087775760622744,9.8819847137052932
1.5866031001689054,-1.1142966786589552,6.564486622308138
-3.2214776181836253,2.7806932046452459,10.558989372874857
1.4771094850803594,1.3654547639191374,7.2325577203259961
3.371700606484783,-0.22473393928076169,9.5508629779336651
3.2631675287078892,-1.1002315930802427,8.9917306950956082
-0.63518693838059059,2.1865163711648927,7.3515471062494981
0.78320749613881002,3.0936646145791791,8.3013452583835132
2.1564708837645243,1.255105637624462,7.3663800877684125
1.2186601751797896,-0.44647643575146345,5.3841652062973111
-3.4959141813291246,2.7151898728667216,11.479469336303982
0.71568893111507226,3.1417940428326743,8.8077261322782014
-0.19076570316935193,1.2450901812613031,4.7636845578030496
1.9912939894331902,-1.1693827875368985,6.1907742156654102
0.69432176315816729,2.5740229055927841,8.4615257372270918
-2.1659827021725508,-3.4516342832479019,10.680312890333044
-3.0743303537076292,1.1843465581164692,8.2575299129312469
0.88797580518691532,-0.25327821037797094,3.7176821121946304
-2.4770551866095509,-1.5509146868073784,9.1098064126862148
0.29343563947424833,-1.3424314591416207,5.5863280685889514
2.8453907151505309,-3.1442052433880385,9.9339532187126629
-3.1490959437650736,-2.5087480551397592,10.584715900110297
-2.3271931525173173,1.3394882429094572,8.4307404763505591
-0.81738852711542265,-0.57625892177134563,4.5680553665294426
-1.2570169317405964,2.7066697884236168,8.7490658415883207
-0.73642626489955543,-3.0665661110891098,8.401381584646229
-2.8423852733358084,1.8480883792047251,8.5797317805384434
-0.7025328456158344,1.2555729904423369,5.5520188344845529
1.4868876343580908,-0.37866185404677433,6.1963061756064697
0.1695786587252508,-1.4384554124803373,5.6209990754468677
-0.63677144072755532,-2.5502177982102281,8.4789166163999177
1.8907057567499264,-1.5565901651760505,7.6516943823303265
-2.3106594516094887,-0.28192741350091532,7.5767496781782118
0.86219514457797253,-1.1944446586944162,4.8390020514457532
2.0217450693557586,0.89748138982484171,5.6430043285908233
-2.0596580811170124,-1.8595187925440979,7.0223365548945438
1.159618609782501,1.3246860557663762,6.0826055063599433
-1.9822278543641938,0.050882635095351514,4.9669433550675635
0.95974696380260394,-3.3575889953158682,9.3260749509609653
1.4662001406263023,-1.690170181528202,7.632854354740612
-0.93892310780063859,-1.8863561423667154,5.552289046238343
-0.10605055339954506,-0.0096603227551761428,0.57691278539390467
-1.5602731091911846,-1.9818261293838235,7.6860719045035939
-1.579785893855429,-0.3073872443571668,6.2488078637548128
-0.64232956486985371,-0.54595110477295394,4.5132187745214338
-1.3905397288931707,0.59599559598498875,6.1203888858407325
1.7232240269504011,-2.1922638493695175,8.1376556332718089
0.87154406527863859,3.4202090358121415,9.6658358008833769
2.9502827373607978,0.50808852859927001,8.644899397784318
-2.7132651461545323,-2.5473172448524757,10.349808951186054
0.5276794788007404,-1.9176067317394803,6.6781298026649374
2.1867229388042233,1.0195362643332775,6.506707137303529
3.4263754459073015,1.2172853831782895,10.051172219714923
-1.6897365941447382,-1.7030183166161337,7.7538829192624075
1.8537572040336521,-2.4680461128728712,8.9629263925234266
0.44391068273538981,2.7372850689144421,8.605476948325764
1.9764526002084279,2.3851911183914849,8.6862730839990601
0.99220656453623679,0.36215000837301803,4.3014811945072218
0.13670968802102745,2.920348340771949,7.341402776492421
-3.2799640151080043,0.45808524835097231,9.6357553900712727
3.0813251319160635,-2.2396196583401706,9.4503323030140134
-0.77983254811074243,0.66307860426096354,4.567127523428649
1.6584258232077813,-0.81901476699282894,6.3816790312864349
-2.2835018423388478,0.38437509412271398,7.683632472539081
-3.2439189151625003,0.93689370014815854,8.69518666709914
-0.042326036834309466,2.7934545509942703,7.3921995838470682
-3.2772679444348425,0.7211630540217433,9.4359926202820326
-0.61794173566652333,2.7130469538903101,8.6082245096035344
3.0892417160760983,0.56130570757709641,8.9285987428415314
-0.44138692058079787,-0.0085500202480282006,2.8954182336386083
-3.1333794639715085,-0.58092553315759066,9.0715945697667522
-0.7141218116883099,1.9677546539768329,6.3837721145567912
1.1545141874526381,-1.9024191104386106,6.1220906779299114
-0.96106415644806731,2.7545618227706345,7.8317218588170601
-2.4502556748041089,1.7522513303097877,9.0302452841636587
-0.53499420022984223,0.55457730450987519,4.3998874612286123
-1.5688241820924755,-2.0975167795766967,7.9534196113024738
3.3613949026477279,2.6206605757866956,11.268436047462631
0.35970241456441387,-0.084456069903260822,2.6165981509647303
2.9162036740794122,3.4633659219863855,11.228656379678531
1.8449635770184294,-1.4485059984680562,7.5401914167921973
-0.13108179464641401,0.94990782291035902,2.9949360756307009
0.74681758630130624,-0.21093130795390902,3.6791123082065731
0.67202794572638958,2.3188800127673241,7.8624205344383338
0.55922128347652134,1.0870542925820086,4.9315430371075095
2.7564574392499717,2.3337891270607054,9.9239189524988376
1.650655899628287,0.24442666986680539,6.1626201393529172
2.7762695522510921,-0.50221460243626348,8.6399191981665062
-3.099046834725288,2.8049074860117438,9.8664665475699032
3.0479968996548976,3.2460705164763723,10.431490000502423
-3.1348997838539669,-3.3739905855452514,11.311427774072701
3.2025263306606933,-2.5646768295825191,10.79123300621408
2.7717366791928866,-3.0250729300941073,9.7689637193760586
1.9352985163151057,-3.0009298114831373,8.0383875787650982
-1.1004750648903499,2.8349348319169909,7.7781012789517376
-3.2011342287110747,-2.5170122155931365,10.766733847604714
0.016405717510833195,-1.6103900100343562,5.6724127484914177
-1.0022201776874997,-2.3278880140371889,7.4394804126041958
-1.5435637325824598,3.2127034458677644,9.9428749731841322
2.4308567776077004,1.0223151040130842,7.9017284085952095
2.9859655773788134,-2.7772980726072785,9.6912294275276558
-2.3853050480701508,2.3087240732099392,9.6380637428995808
1.9211368521102639,-3.489712238621991,10.389829370866615
-2.058086379361542,-2.0800506580792737,7.0235880811151716
2.8770707270104898,-1.5299534235883312,9.2276821612512379
-2.0518633591073603,-0.15352262772085945,5.6326061859506602
1.6878856303642547,2.5813882741787904,9.2536287045866281
1.7902393950965818,-1.1724229493027978,6.5087155333883508
0.90611339876966568,0.92813006839224332,3.6943024349048379
-3.4673535165699105,0.45260692501123811,10.140956766338759
-0.84768725821535673,1.4353971977802615,6.0762480075347618
2.1065422894244854,-1.8894392278658489,7.1411509768481309
-3.3184021900333094,3.0410877874495155,10.819369159487845
-3.1949000225667197,0.18684376475799125,8.5613154396167257
0.32392725610635154,0.33890406700988329,3.3880343632725705
1.1086995696712334,3.4091526886350607,9.7044184338035269
2.3786675298021365,0.38595024566649361,8.0164008642691869
1.1366879671812127,-2.2590262528749601,7.3841725952613135
0.47495066127473606,-2.7701981878350992,8.6279132263239742
-1.4211558784907625,-0.32192037677051433,5.9250484218187722
2.9474539702095237,-2.8766172860719088,9.2541159857412136
0.088512670056616116,1.9402263605576788,5.0872589776255488
0.85772165322726668,3.4475258422342812,9.7647226346093863
-3.488506016175176,0.65020529645633562,10.157126495140844
-2.5362034577118369,-3.4102353335306379,11.35072831883067
-0.92551662240885202,0.16681551228509539,3.2035470571014137
-3.128085803625118,1.319709623586931,9.2002604041330773
-0.029590448309976036,0.62706066580474129,3.2642359870816513
1.5871013118845978,0.48412287320662584,6.5047530924096897
-1.2614421597262631,2.6859149066643706,8.7797006417312442
0.26551522746948253,-2.2848769916465286,7.4177422769888164
2.3303696593487917,-1.9240536251091354,8.4497885519123042
-3.0674685196876164,-2.9566822678143714,9.2164681701208249
3.0509885091906286,1.9679764974035647,8.1263110624469235
3.1308279745097698,1.7805750832035594,9.1544595799755797
3.4490650611477243,-3.1325600549236241,11.499232486754506
-2.954487711248917,-1.6456937693339215,9.1300295652659624
-2.8651779937409927,3.044027168810139,9.3923772458148456
2.151375095515152,-0.45187151368683098,7.2328739875819981
1.2591820059797332,2.6591242147898546,8.784330598495103
-3.0233492395635899,2.221177539649263,9.1582562688231448
-2.1988743978637251,-2.8952430224659174,9.0189228504062697
2.9291338980958326,0.64179555031965307,8.483990815961862
2.2085469104908517,-1.3409791723958211,7.9720758381401495
0.10524479337739834,-1.6316707171370273,5.7893996057518358
-2.0467704904303812,-1.8656341309293736,6.9500865020222911
-2.3998855304916771,1.9523673773220125,8.7293263904112894
-0.85066603787761208,0.60582615004808016,4.5576189342700815
-0.073156010727084553,-2.1436553282234243,5.8174936079613992
0.46924109502420741,0.30408470889539441,3.7206754624664029
-0.6642795052526731,0.12322630750005903,3.4344686190664504
1.367382152507969,-1.7641106193725169,7.3852247749762707
2.633861009687382,-2.3405748246117319,10.019824561709799
-2.7687565300680976,0.95383104450265854,7.7877760043364503
-2.0077404599683462,-0.16223211300481877,5.5347142686482691
0.069294986538440906,0.72237547511251066,3.2256330871953125
0.95014292765629538,1.5057747259602756,6.1939757491836218
0.057042485438739021,3.492388157741642,9.5449470349303507
-0.70802696280136956,-1.1648100877706402,5.0921071057381404
-2.933936989713354,-2.9974176009747104,9.0617083215626746
3.0941050223863291,2.5921602344215069,10.420612168857293
2.4681467354718674,-0.2437830989690295,8.0103524113518372
3.2163535568465527,1.3233113224076067,9.599180588211933
0.084061017445149488,-3.1940812393498046,8.1601897161659913
0.28453260217741372,-2.5176627223916657,8.194950232322169
-2.9998601967755771,0.44823755347829985,8.6679263785661362
-3.0390368340632339,-0.79154489702998765,8.0426121070155041
0.27604167959566084,-1.7013265111556264,6.2516602317395211
-1.1229852689291602,1.5981271245097055,6.5942008111686157
-1.5220427200315623,-2.6209175088940091,9.2660248429616399
-3.411678564542878,-2.6214440184789893,11.379063810516353
-2.7957250841281573,-3.3724758450556198,11.140473106959211
-1.3234700191095312,-1.260217626465471,6.4981827327728539
-2.4662273200578242,0.73554470065048783,8.2337104142194981
0.79446421347153429,-3.3542505666038354,9.5884786233177177
1.7415266069772866,-0.4235435030719259,6.5711987718516873
-1.8258901589943435,1.6325636000317054,7.6748451642740783
1.539701867047234,2.0153219427021929,7.7329350698426502
-3.069345020687035,2.6815841278535357,10.202408488152418
-2.8591378480177871,-1.1335641637497487,7.855728967106586
-2.3249235907605277,-3.0117759131149437,9.7284311870823714
-0.26093199911020415,-0.87003286147817827,3.7684860908678885
-2.4637964072952947,-1.7781360117225866,9.0333179703674933
-0.051924044600994534,-2.7129273842091832,7.6612936843741171
0.44116679731173569,-2.8643580704104026,8.5714942837223678
-0.95837955789452156,2.6170186354049161,8.1143736489212728
1.6661409066968513,-0.024431633048086709,5.6425150354054736
-2.5491733991222558,-0.79703087494503588,8.2913951421086658
-0.45728055801581213,-3.2531347846651006,9.5389366687930632
3.3671321582642673,-0.23982960011647991,9.5722141559192426
-0.50665187698973746,1.5152196487845444,6.394181322163071
-1.391498019702337,0.11978169655523452,5.3259467939906706
-2.9738809128776955,3.4610938950433736,11.220409931094565
1.0099156385012407,1.9167364173456338,5.4563543606641609
0.65904655017796188,2.5518831787958893,8.466123174643986
3.0663535577608148,2.8271471363092884,9.6358825135349591
2.0059508224388196,-0.29269581801001898,6.2597958853773257
2.2826125544010756,-1.0517061432572219,7.2500101263546792
-1.121333474884691,1.5861153975701781,6.587141630808663
-2.0486673518826226,3.4804390957214597,10.43998417725274
-1.0589741801702566,2.7644726121677996,7.8919614199362869
-1.2267867429179731,0.78107035659844559,5.2514010946672904
3.3293596503382785,0.44724933023257973,9.7907640544867025
-3.2255088701900578,-3.0687771941405702,10.362359686544998
-0.41720913769867085,1.5574320793939105,6.3902211247373337
1.3635819211473708,-0.23994751051754015,5.5308095522099308
0.83151030037562812,1.5755505440476938,6.3535208612887359
-2.3056157885570245,0.68193543916271881,7.7984055034054656
1.8141715743794498,-1.9959816806509121,7.0550948985201245
-1.5851848682090983,-1.2816841331951667,7.138163005697173
3.0063584861165937,-0.90269102559591108,7.4059967912887181
2.1824037849316973,0.76248035495732314,7.0177644207330125
-2.2482051565997363,0.36142530194583689,7.4960155407201068
1.3779035725294495,2.9042710665791205,8.9706472874068837
0.44766747612706403,1.5813984379493178,6.4633726794083053
3.2568314417728637,0.26665642548464463,9.1904698653051486
1.9219434462207463,-2.5657150812129021,9.0252706069104267
1.4410412384230815,-2.7510375034458283,9.1977334294352868
2.4478071940909851,2.7360296356611746,10.221973080590541
-0.33040488035468796,1.5708644420239208,6.2801466515895399
3.0184886327560969,-1.9990332728012079,8.0233028442458885
-1.5189476798219625,3.3608506134875054,10.405041634616451
0.6613975200631721,1.7643513506448087,6.5935577099787963
-2.9865888229209334,-2.4901156305684511,10.179127853440052
-3.3024141400470564,-0.30834253830590663,9.4954011994815612
-3.0746602401333263,1.7226563093762026,9.134421313679967
3.4255139926610569,-3.0677772082115005,11.271492172079466
1.8331737697729524,-0.18372573244952539,5.7345601706369536
-2.9046291643986244,-2.0323062134865424,8.1378718619232551
-0.62954824738685433,-0.42950259079305031,4.3101842385792359
-0.65986299448281782,-3.0209585445804392,8.5474171486811699
-1.7755674227883742,-1.4979682593836046,7.6615748412319462
-0.6466411771699172,2.9572088775055425,8.4864543479376628
1.5856864664112873,3.345477341356057,10.379438796330026
1.9726119405769804,-0.22889867377656525,5.8668984755577718
-1.5046188977934236,3.4271044596001499,10.550744898683574
1.1666094909794786,-0.3177628536764816,4.8171401805102043
0.15990243893056677,-2.6730462951186098,7.9869124988622477
-2.1676195138283232,-1.0771321962850342,6.5223459049747561
2.0592670527674342,2.2999243344097104,8.4280622246067676
1.9037991842960205,1.1698969357744273,6.2167685073220298
-1.6525039054029285,-3.3513010331889346,10.370419338758328
1.5719682847240533,-0.14485626388995199,5.8532036497731106
-3.2184798759036939,-1.5285707152868615,9.9601053277143503
0.58118852978685887,-1.5735978228807339,6.5289444796700984
3.368411367394776,3.1782188689562885,11.442491029524398
1.8542441779887024,-0.89209157781106807,5.7662902571559265
2.5984605622776344,0.56938821827905794,8.5660120019516643
3.1206266884317095,1.4144450082007136,9.4628700076088741
3.181720885322199,1.4290745370040083,9.7215855271499745
3.4555945988451571,0.24217962262982606,9.8307031142533816
-0.75523028405591708,-1.6862443772226436,6.4807495729570839
-3.2970346753756634,-0.56104161461902979,9.7116189110691753
-3.123863864544794,2.4879009155042766,10.48124954912651
2.5381971211271335,-2.5588643440153263,10.318868104554436
2.2207725109062268,1.8777143241974432,7.8926556343232566
-0.22372209408523736,-0.95459927871002703,3.5536478310521353
1.8145245392051441,2.0514920243937835,7.1842000542323863
-2.397566334886291,-0.24103929099631705,7.8044515227388249
1.0832446088157486,2.5841659971095599,8.2602721278697935
1.898545266679819,-0.51036083617865691,6.665316802775493
3.3862778363847053,-3.0063726270296396,11.046933807585507
-0.61744174924614059,1.8903451305177557,6.6051171020607207
1.5366931049592036,0.40752203295116418,6.3406361111393998
2.5407267104905049,-0.018373428085291632,7.7422599891828323
-0.89855880385670517,2.6085671094640004,8.1657696844235836
3.041576081845129,1.1963956719846731,8.2084195783739133
-0.76049841586198097,0.4176063176423721,4.358385725982604
0.51545402296071252,-2.0384216635334194,6.874674692337134
2.3364868554949805,0.81290986350534844,7.6863720039251451
0.18159572479459651,0.74502445011035334,3.5612178419541074
-0.27235051549236733,-1.5162619872855811,6.066567313187317
-2.94643256860601,0.98600325836051628,7.1918569987032068
1.2297774889213056,2.022915754283388,6.6611536991036324
-1.2092098292076758,0.48031843255195072,5.388525496729919
0.29502693232095911,0.34367791249122526,3.3003165920608524
-3.4399783904679295,1.3228727793922417,10.338707368090233
-1.6579453148816332,-3.0680948574364302,9.3056988063611499
-3.2076436617198114,-1.778859915753775,9.564434262006305
3.3511394244348969,1.3276364806887271,10.117542161883549
-2.6337603879932359,0.34000034595913764,8.4322028684309718
2.9405500116116112,-1.7483961969706006,8.8048660998277235
-1.9831025521489749,-3.4577686304704653,10.321696543979966
-2.6492875932218238,-0.3471028151699862,8.4531819964900947
-0.04157943024897115,-0.40267198337072774,2.754679461598716
-0.54455492703757091,-0.88331010551587852,4.5513636013327918
2.7709409316240343,2.3345765218961558,9.9085169269306714
0.64819299860717017,1.6537750103049706,6.6025811618466115
-0.44030386051130854,3.2955353635677449,9.6754027826484865
1.5812285085076168,-2.4977583411909285,9.1598417393444382
-1.6737704630302503,-1.6077357927934144,7.7763016703803558
2.9379706872434284,0.031467955692356053,6.9254224723858897
-0.77382971730456118,2.4599549810680799,8.1662721467867208
3.2073747790926506,-2.9017166571600468,10.153476506265115
0.5069405406469274,-1.8217368944684762,6.6567821959783693
-1.7052609274261683,2.6773120950502509,9.2535547589888836
-2.3086060427017601,2.935214820991324,9.6019225729146669
-0.12483226352704557,1.4946231281572544,5.6763882746485095
1.3944608721272092,1.0929237841819655,6.127574965063765
1.3636948442549457,-3.3991243389858878,10.321803510813435
3.2838521997325429,-0.64257117146125342,9.5999848423064336
0.22358403353544043,-0.46363205179160394,3.4550447853620732
-0.88897009463192589,-2.5178838652616138,8.1159616390461427
0.10188939676930442,1.6142370991986779,5.7829512046276896
-1.3035522770066925,2.3407670121969932,8.3788179880740028
0.91283990471587284,2.7091195326948858,8.0196363825836237
0.80008251468730407,-1.7609512096478281,6.2963733586721915
1.1079181431953824,1.0094418227109117,4.1069084566704852
2.5635895662695729,-0.88266482585081896,8.1744279309326693
3.2123493514095971,-2.1251013997925106,9.5172271274046931
2.5139180772892535,-2.3480564349760997,9.9673534075613386
-1.8063701079641814,2.3763332116799694,8.7726890338815
-1.2249814498517999,-0.43493849499861881,5.393305214873223
-0.80046802171963494,-1.225931401970286,5.1986850654942067
-1.1339403265336143,-0.45065193461642483,5.0214403838455333
-1.1442548747369523,-0.42906399356093017,5.025695883363845
2.9558561047119047,3.416488914471973,11.111461586286351
-1.0456058843103793,-3.1025056071253152,7.720973428815233
-3.0126632882048718,1.3190707753641551,8.8228977383281091
1.7345367495228912,-2.6384789994522788,9.2314764207326458
3.436749273842084,0.26739734634708778,9.8379128432952143
1.4334834331439721,-1.2684143882818013,6.863588726704263
-1.1344627210185751,2.4096120405813632,8.080842431284859
0.48063514009022112,1.9140124064922723,6.6540781225102705
1.2688271868582612,-0.52563395785552069,5.6733814984282276
3.0829771761862972,1.3184236711728587,9.0180107486821193
-1.2010266817777109,1.2740066522332611,6.0257181680848824
-0.66328787570897596,-3.3919493043449078,9.9278394670160655
2.0627856493422554,-1.6811991031437796,7.7041248855940854
-0.88696430336867094,-1.2741042341457818,5.3058119201641567
-2.3201789619047721,0.30989768288688957,7.6824811490094316
2.4090956616011354,-2.0310569967039194,8.8373867728233879
-1.0603471572987773,-2.3816230024003122,7.7840866540856801
-1.7527634424855065,-0.315739200503109,6.3460440179276567
1.9531530012716622,-0.58197954491325632,6.6820056654636488
1.123488412307081,-2.0224023420221262,5.9549883298028234
-2.7179868838275043,3.3840449799994898,11.269624037541474
1.1809947951887896,-3.2951766187251827,9.4547395988751397
0.74087876152719456,-3.0688174855137467,8.3904409550257135
0.43360598753680613,1.200024789298622,5.2815285533833496
-3.4578110669457813,0.46200392165110848,10.127071868957408
-1.8287159486304803,0.78406658166257426,6.2136413786930333
-3.3395430889794282,2.6209876219934483,11.212998410202649
-1.4386336680230611,-2.4140094963322185,8.867432851837469
0.49270951484195757,-3.2307183229885048,9.4753949809865734
2.9185829080205234,-0.71447689840671735,8.2576031206623526
1.7538714184356001,-2.3475012810746225,8.7443858444354134
-1.3360006630466676,-2.432419896537882,8.720265413330198
-3.2744247490205609,2.7656264431665427,10.836330074860708
-0.40507393607843278,0.77011592895805236,4.3297988945844033
3.2335138471656917,2.5107806054589732,10.869196650826833
-1.0160837374414267,3.1172756446723708,7.7574333581520349
0.73052051440158206,1.7888904742329403,6.4387622049286186
3.2491246394953119,-2.6527666278569391,10.914378556846282
2.6191548984370749,-2.3135900774722624,9.9465973337306277
2.3200448434331502,-0.97843184906167391,7.383756245676631
2.7218664375827668,-1.0472349302856845,8.0002978885866884
-0.4351349535578195,1.6280366330175751,6.5125527629258464
2.8534665776995149,0.48920677830273451,8.6158591565444382
-1.9867552588468411,-2.4179190963669517,8.8052992636956073
-0.49436044180165561,-0.94620337563016133,4.5485121549363008
3.1389665708845635,-2.8988217494658177,9.726971924787879
-1.4944594960779503,-0.91002938636388064,6.1770466162644375
-2.5137024732020317,-2.0018720041579687,9.0205090620600039
1.7470463497502466,2.5495614015587664,9.1844758735593182
-0.94526659720265904,-1.9320982326969598,5.4396965526457883
2.7625542878946669,0.83172088359636209,8.0890291061969339
-1.9383619407171335,3.4979460600988066,10.393749692519066
1.048905607146418,-1.2198922797149354,5.0188700922601726
-3.1095720091014187,0.28820468489124762,8.5523688920180696
-0.29502909217894402,-0.14218738985099266,2.4336587279849695
1.7416890813877455,-2.7050300748375156,9.1816925506161109
2.7880228282275308,-1.4192341255713226,9.1417237757039977
2.7823624264444877,-1.05708868209754,7.8227610706156305
2.0714016974570839,-1.4567107697024753,7.7692006636623727
2.705397677626916,0.49680733803793675,8.6353317992153862
-0.80404208653248865,-2.7436442036612156,8.2119231415548199
-0.054306402693837352,-0.24678892963836407,1.8022728120421121
2.8156045424509157,3.0864339311022455,9.7663139471430007
1.4979977248526328,-2.0078776490375456,7.6852271895883586
1.6111713643525123,-2.7854543777430738,9.2687427869609937
3.380332087224561,-1.5041814963560975,10.445338269335476
0.85663353973323098,1.112502990781123,4.3251291054246046
1.8214786267034402,-2.3034619336819038,8.4617841359474379
-1.6310067241921751,1.4802260113689902,7.6377656642702689
-1.1799419670053779,2.2577717440693847,7.5609338057073554
2.6269673770386364,-3.0907111378141892,10.374481951294355
0.41624488897680134,-0.63206337996671902,4.2852214146721685
1.1141045579061046,2.8991851347700583,7.6464627511211241
2.2550241095381063,3.2896072486223797,10.469790669507585
0.34305392923589562,2.2242251978920882,7.3476366253643803
3.0136497808255225,-0.55203982805260843,8.7258200751980652
-0.64206907844627237,3.4942895765339443,10.173866673120717
1.4072083002399562,0.31054890594007611,5.858602822360794
0.4359050193487839,3.0909254995142605,8.8948301705147355
-2.8947601974496973,0.25840672391807562,8.0135038033525028
0.52621595351558703,-0.97529977643016696,4.6187148770350035
-2.049163333422416,0.42584623015981071,6.8122666038705955
-1.8785601668289356,-3.1341405305002485,8.7874273666582212
-0.23792370042605748,2.0743298330913751,6.2086557228898975
0.039509888237133417,1.7710835942080303,5.4160482206178671
-0.061231783696791275,2.1362909947120272,5.7293704478246248
2.6956230200434588,0.3973214990851468,8.5466540981262611
0.38823894947344728,-2.4770611908036799,8.2727781403628811
-1.7828298470958626,-1.8598629819586923,7.3021695398038382
2.8304202445443645,-2.2966315658328984,9.671414812893989
0.72983144473485684,2.1312558767940519,6.8566708187984862
3.2704008363521275,3.1162354002538288,10.798829355326472
-0.84037495791508032,2.5451340539246345,8.2183759890341115
-1.5177485455808601,3.2988984063234863,10.22780463662254
2.8853302688980769,-0.23101355354891107,7.8913427387361992
-0.1470205979635435,-1.3874223883833956,5.3751743267797885
-1.3065832762221157,3.1301630643557976,9.1559951486281328
-2.9365817131545651,-1.7202297781636873,8.9141274956569401
-0.79661510844102068,-3.3878577034117292,9.7031348055758446
1.1050863508372961,2.1937175203280077,6.8226838961257954
-0.88491144078899797,-1.6774874765103176,6.2559516619073925
2.2277711861755627,2.5651990057036684,9.6708741597998422
-3.2621170115312412,0.80073681413983611,9.1549230404331379
0.76167890476891387,1.1711080174820694,4.9879456810074956
0.14659031666505262,-2.6722550337573825,7.9500771742043739
3.4015647950687846,2.7351106749952097,11.29501638666326
-2.3296266852853638,0.82505161580941255,7.6302441968159229
-0.23225563658881798,-0.58001631686573063,3.7274749994240075
-1.0421706400017543,-3.2789987065033404,8.9438988406616708
2.3530336938504526,1.0434386816030123,7.6235882684616598
1.4432988427745652,2.2879643731959129,8.5199890055594434
0.29678413261774805,-1.0991467995603563,4.3941047152117392
-1.7225601324614792,2.9137321478713645,8.9178137782649962
-1.7671854723729958,-1.8754086210670675,7.3219699251283021
-1.8504005123088585,1.9148097842330527,6.9294622867182749
0.7269262095408644,-3.0060071771439558,8.2703158026276675
-1.7338818110388092,-3.1782945658189421,9.550569518348393
-2.0775803886006603,0.56076293720760617,6.9879037576196161
-1.6662141885891553,2.1896588822600904,8.2293075272409357
-3.1211361483032012,0.61332087093676968,8.9799924651211711
0.95001060513063251,1.477319705255181,6.136446533471009
2.3157642728891226,1.2191201621162939,8.0042040374981518
-2.0193835430720846,1.8021375170230538,7.1495363471974827
-1.2124481765531794,1.3023565644650219,6.2114767853798689
2.3284150518353322,-1.0686946874545495,7.5538840828970635
1.2581845285401103,2.0766495671743446,7.012865782901148
-2.6411349263190522,1.1183596639222548,8.3335812289728608
-2.2853128251203358,1.8489920122640591,8.3222995165789619
-0.53940987875162127,-0.79470808121539482,4.5510883955138866
0.98230168979909926,-1.8428418211974713,5.667776392642228
3.1671336034958317,-3.3098175095594042,11.187545904356917
0.67766647474492636,1.853794877574229,6.5019317082732684
-1.4072381128902229,-3.241814611594561,9.9092896725882706
-1.365890185362745,-1.1874280543694824,6.3664242724629752
1.9081396085538103,-2.2972998816052801,8.2947142609728441
-1.5024982039611496,0.69316673136650842,6.381866311642419
-1.5312320044278958,-1.8283564074303258,7.6683202916996631
1.945902300679994,1.3757450524156152,7.3172196136328811
1.6298898288559043,-2.8935946952734937,9.1630007784384517
1.1834849574851773,-0.011623716442082266,3.7837100559103547
-2.7052132280736059,2.8564609218585808,10.065844407776316
1.0895603139312176,-0.81978783228850638,4.3384802855048932
0.93863825915115662,2.7602704635820254,7.8345691061969092
-1.0511449955373209,0.40844249797430177,4.6101652054388573
0.89001000012594389,-3.2650701585080402,8.9231059926718537
-0.14215678611408844,0.8415849122009913,3.1963503720704658
-3.2998176783666584,-1.7908785664567488,9.9840914624404586
0.61410239357047036,-1.4258523448459308,6.2218931032496663
-0.20482300663573216,-2.9739598789040342,7.7141474780430066
-0.86154298913099447,3.0404637015996743,7.6865848107264885
-0.2830819294575595,-2.6845729101178906,8.3265077961424314
2.3180409287565089,1.8633241840587305,8.4584481182584987
0.39875054741460669,-1.2650688760554005,5.5011304480824847
2.5073960664424337,1.6038719291433061,9.1817523116464734
-3.3818545610748698,1.5309826300493432,10.4635000596243
1.8420492380629723,-3.0881707709906943,8.6798381195053036
2.7822110811533758,-1.0338503904573146,7.7714583412990343
-2.5419293198698139,1.3375318450672014,8.9197292564734632
2.8881007197588744,-1.6162732787757526,9.1847489500062665
-0.36623432594260619,-2.0551158307895085,6.6843127178937749
-1.0125302757353842,-3.4538056287018284,9.6767869573214824
-1.1991624191969965,-0.67009281187998049,5.3297605019563754
-0.53998428742882476,1.6154315543646893,6.5757778500658013
-2.5658901215856571,2.4264853538496487,10.176382711467525
-3.0417492538418074,-1.8388484744584284,8.5077158366805357
3.3949782457493827,-1.137024199150563,9.7310979574522172
-0.13525014594937623,2.5809372702632567,7.9424654382028432
-1.1366216461762808,3.2608425656950724,9.1055517801899395
2.1140586776473178,-0.89164601904011409,6.1100316076158876
-1.581945008529883,-3.0902520489930558,9.4908890028101407
0.0011328740245453162,2.1323643980064153,5.6160549416443679
1.8276564155759694,-0.69590613479638197,6.4806506165708804
2.8273485582487048,-1.504563141801615,9.2368745960962126
-1.3437578390771034,-1.8252134378851037,7.2520216435438734
-2.2180646875706787,2.1529835130532904,8.3298744484363034
0.42562928524671939,-1.8971568104863978,6.5724565244712778
2.5507070401194136,-2.8911324546699642,10.207936990928197
-0.18840387950636028,-0.84358108454890646,3.4258533704067453
-0.79017138949854404,1.5665924801294082,6.3957245742312914
-1.7417410736709378,2.6096169289356386,9.2228517877680645
-0.97910985704664322,2.1910083341471243,6.5065492859509355
-1.3566086789320027,-1.6010084998321541,7.3638424694755695
0.17471285781689216,2.7749253538144298,7.8628626835222075
2.4930422635339102,2.9460591571952115,10.158221767167555
-2.9038930609517193,3.1387118628956099,9.7115594546120043
-2.0890581145441858,-0.32680046890887038,6.6762128894852921
-1.1278321341776127,-0.27301862962614765,4.4285273741459221
-0.7339575577547186,2.3060137163383825,7.7143449738416496
2.6121450338126522,-2.834242034142592,10.243055165880609
-3.0222943591001297,-0.16637877668143197,7.5745824708341374
0.70130117059946606,-3.4075892688908276,9.9240298511316887
-1.1805964408765632,-0.59982796388125825,5.3100130175590827
2.8622504630419634,-2.2787833286712598,9.5330702492880803
-3.1514758104408473,1.030659351601507,8.0212714609722084
-0.78196227699233489,-2.9971889544937147,7.9909742847728822
-0.19353989758968604,-2.0050493688283786,5.7151685056129153
3.4955961386778025,1.593307617270197,10.701526700952217
-2.3625134377658545,2.4623061131497082,9.9300626023138925
-1.6881167965505339,2.1792592961749504,8.1492598146155313
-2.4444068216806398,0.64959679792701674,8.2670198633925693
-2.6037573879681624,-0.77431383996747316,8.372738311194615
0.14878533828668861,-1.5226125874121579,5.7889268035977821
-3.3534913390374048,-0.10799517028802263,9.1839732263498295
0.63898546968538827,-3.3225661497698962,9.7419612263121191
-0.81886605735395079,-0.95364951794997044,3.9845304284491831
0.22099775963676871,-1.5681263060097073,6.0366106812859854
1.2044099537588648,2.203947798878148,7.3691189787292206
-0.4800279503592102,1.6999045155929213,6.6176172296310902
-0.54183893034094188,-1.0743927657794146,4.8836712963881759
1.2948616349361233,1.6306122422449816,7.2009063102464754
0.28386707627860597,2.9079874394335086,8.1200430104038634
2.2202883482859992,-3.1023415187476626,9.4206200514186715
-0.51811535495766714,-1.5501997206376656,6.4676172044510061
-0.49896150974694198,1.4318777975645878,6.193568339108019
-1.3241573842989753,-0.55673067597372983,5.895070230664178
1.8481545258646364,-1.9709016488275237,6.8864590550884834
-2.2924431573749833,2.0723011288024464,8.4255086355204405
2.6536851273499504,-2.3723009061677862,10.097118043863249
3.4305005134615625,-3.1769991455116213,11.600839959214955
-2.5127669632679792,-1.4632874698294178,9.08811294004229
-1.86166872283908,0.78313719029884599,6.1561572657050192
-2.3590583284418063,1.7409842557589164,8.7982705705914821
-2.2192151821238744,-1.5664075081246702,8.4007073810599149
2.8018118282516973,-1.4050947785765455,9.103761952022138
1.2747864352896983,-2.8234822987809989,8.6569692282783315
3.3624813629034866,-1.2068168083687674,9.8245011664315065
2.1232713670365593,2.7402706569798152,9.0822844568492087
-2.0758596386238111,-2.9992000389697147,8.2073472503921749
-2.2544441922153799,2.3111863628748583,9.232069327641776
2.3036956077381223,-0.40474408681990592,7.7903591468527793
3.3850099453285569,-3.23733901181873,11.690936158703737
0.3379873419193018,-2.9597207458609116,8.3462899274540536
0.940900080159496,-2.9878840378749398,7.2528165267188331
-0.85968584169566764,-1.8541829178197569,5.8752152302147813
-0.91956071723913579,1.1056905108756272,4.1027535836510829
-3.4992380849991034,-2.6686107559843917,11.509793694960536
-2.1409956437389286,3.4163943447616028,10.519660139225294
-1.0736455058388934,3.1146453573308959,7.8892393172627475
1.3468367951331341,0.23975685920927603,5.4603503626478904
-2.9493439877305847,-1.2131905092796953,8.1754952243680883
-2.6858546451712666,-0.60171121580199305,8.6167945462626303
-3.0236564082996007,0.88774071947679989,7.5109266320240344
2.3093969092800295,3.0843929244899773,9.8377052958728139
0.31402634778524741,-3.3450875738005008,9.6617837009628076
-3.4313964352634594,-0.78483233055873525,9.8532808908408764
-3.1057948942235845,-1.0559599057924181,7.7718364744480137
-2.284619782738583,0.95511996864479087,7.1760983956710049
2.7893121039315538,-2.8736379542027466,9.7620777602518718
-2.2914102511785055,0.98248970324246621,7.2155788753206735
2.6671585946220828,0.54987491768385599,8.6263232907022172
0.29892633503437471,-3.0638396710839997,8.4154315667881452
2.1807389673712443,-1.9395842630869502,7.5171497985050753
0.45479955629951707,-3.0218575431539065,8.7208380707026869
-0.45245456861245792,0.76315460097778054,4.4303689290190285
1.2826047248147896,0.99759779053397057,5.3351619234781182
-1.8339676857727034,-1.7713026637588154,7.3978739524440389
2.4394972874987273,-1.4422648973619481,8.9284907911715372
1.4565021943168306,1.1775456008963587,6.6024695638161006
-0.41808293596361601,-1.7938327980060904,6.5633577390311864
-2.4781839109320787,2.4670476012914593,10.147487154417258
-3.1117145801354269,2.1468627527462756,9.0196173104745192
-3.0397146481261821,2.3816846790926665,10.010938038359312
-3.235635845302959,-2.0483156999004271,9.3958726326367863
1.0656226329402099,2.0132489811956988,5.6241318941716933
1.8720238645622906,-0.27148667980482788,6.0901062053220265
-0.49668793352026164,-1.1702711721869363,5.2381443289333092
-3.3465329285275325,-1.9746971518562175,9.9417124892923443
-0.96418022831119954,3.3824063210052362,9.4310942682597734
-3.2729787948941746,-1.2140844626741853,9.4701123213301397
0.83650461465637971,1.6365949021661699,6.3621947403591221
3.4330592109984712,-1.8882044444564055,10.298529167628857
-0.11368340989949477,0.81709279896954623,3.1303863471420144
0.13089996168025619,-3.4106751004720794,9.4556824907238806
0.51335843868028164,-1.9698763156421486,6.7285006898261699
2.747685572948245,3.1635198162432561,10.37469713966582
-0.063019808198902627,1.5787955629828554,5.7016574267814448
-2.4377127391745907,-1.0677565179561768,7.9980550043857992
-2.5643242690284969,2.2835032988349431,9.8428496191374553
2.692107596194127,3.394900579692381,11.317090787163494
-2.9588712345545334,-0.061358237570363627,6.9809274626682196
-0.55059023118078398,0.41381875467133167,4.1693472223353929
-1.2697962596835337,-2.4792900841693974,8.6578672015951792
3.3860255782183524,-0.71586916845591331,9.8423363254552001
3.0840695382852781,1.299156668970082,8.9361115886358711
0.97923700646722001,-1.8369006238168193,5.690032579828241
-0.53131087364813556,0.63116630609877866,4.4847373562005934
-0.2123548157790518,0.49757065209015172,3.5093996004641888
-0.68798639445834553,-2.6840766838381587,8.5259953034276794
-0.76990021445067214,-1.1546837053146843,4.8715424958913118
1.1991519608224497,0.56017502448893275,5.3971671625307636
-0.98969652532909391,-1.4859571776753246,6.1801090582392959
2.782762732464187,0.066805684912603969,7.4779860499824373
1.8770183433368661,0.26822739607935109,6.0713422549548177
-2.2467121089486839,0.37715175405190182,7.5207908851789789
0.45147779581095282,0.9639000391100101,4.5029075077357739
-2.163715896240352,3.0109822671772246,8.7481688626374918
2.7269705501217398,0.87176292265795396,8.0616592719347864
1.5582371962933292,-3.4708915146882422,10.657187744554401
-3.3472261658199187,1.8929280707758469,9.9978882037010202
-2.3398995702922498,0.39829340297031335,7.9088934634244179
0.79495261617569835,0.51309316639557245,4.5246976579389617
-0.57202293316906871,-2.1384514055809083,7.2135590816389001
-1.9386990459647095,-2.3185870849962527,8.3846718340627451
2.5525756533406598,-2.8354130284316863,10.253297421254144
-0.77775164131253005,0.033141396072676521,3.0244151633341865
0.36443830893749496,-2.2701376531683994,7.5945809007834395
-0.092942668994321576,2.2951883682651832,6.9463695085222685
-2.6599151766845002,2.5164289722238404,10.336967228107273
2.2560082830317008,0.54710900073734603,7.707004768799921
1.6697404737127046,-1.7368603311445188,7.7395566080283533
1.2200984189280719,-2.398979490969146,8.3155768275715189
-0.23104622459969892,0.081445707314291127,1.7582522018559388
0.19652074022671151,1.4910153599721943,5.8342559293452751
-3.2529524647719898,0.72392785977073171,9.3211817940301316
-1.8086735918980632,-1.8995996662499608,7.1234518130807025
-0.70442709585850638,3.1578111112471268,8.9200996684860616
2.3482512707241359,0.68602965354129974,7.9519946702436837
1.7213107758382913,-2.7621396606194391,9.1462265940019485
-2.8125140342042094,2.5756884276354155,10.279263977808649
-1.1414691675188791,-0.26792403126864084,4.4786568734368295
-0.90820555865200525,-3.2392542133141013,8.7173010024819106
1.4304027618607664,-2.5593042514780908,9.107587150155771
0.27318013852366319,2.5898867911203549,8.2704315779933815
2.0583760991470861,1.6471195336355846,7.7624894948791088
-2.4116477201931512,2.8399330419559998,10.055100209909503
-0.45306900725562826,0.83260865318663235,4.4331842534249049
-2.8858053813657598,2.4189251550668391,10.033893743513381
3.2214364097926582,-3.1253484315344116,10.5610682716326
-1.2835262909747609,0.61754316168252021,5.7448071768399096
-2.7278050120477961,-2.7724553998825576,10.178984819335266
1.8760764266382406,2.6564114519652211,9.0098189451291777
-2.5960510508288213,0.0086610083306339902,7.7724817072869534
0.73739138304520413,-3.2365153008214063,9.2085094210319216
-0.64714969870706618,0.72537995305898573,4.6020286240093426
1.7722183915336327,0.054709361759289088,5.4373649297316007
-0.60874335814484226,3.2364167132481851,9.4565556230275956
-0.66849593638868887,1.3853077677648384,6.0906444843457272
1.0968577254818577,-1.1746172336982115,4.8910817585303406
2.3848135489506914,-2.9833267965121522,9.9345294074182302
-2.4917914087919297,-3.2093473942141366,10.771153085182267
1.0722227184019344,2.7879197193266743,7.8455010208523461
-2.0317492871205198,0.26969920439168193,6.2160816924422058
0.30316600270252358,1.4951745865433335,6.0846476982667461
0.31230135052070107,3.0164493087704836,8.3346453097523217
-2.6095554191656829,3.3900180572641192,11.334581379080165
-3.198141482874687,2.8330711325273885,10.282508196324315
0.33571022547135376,-1.2614665783663592,5.3432263926400445
-2.426867715301309,1.4127119581771899,8.8563480261128067
-1.3870120159914388,-1.1315333182837461,6.2308584940855454
2.3235382973281835,0.23011245388905532,7.4911095757486272
-1.9017775641282095,2.0264938332549338,6.7563410363983571
-0.19676093316805421,1.4496966156943953,5.7235712445815174
-0.073438713625479046,-0.70722004810584194,3.2613977755742027
-3.1962379850929445,-2.7993119498629122,10.376975856806249
2.956420416734713,1.625977817315615,9.168627924239253
-3.1460116167820003,-2.6201365642287771,10.567673900746923
-3.0308468463638523,-0.052212394893730973,7.0689536288608856
-1.4737990763034579,1.390487482450788,7.2862855784739988
0.0032111387795650259,-2.404828724581086,7.3936932177652679
0.81254131830908349,2.8371215452028542,7.9716368341416288
-1.4346728059124203,0.39501488872775647,6.0878948460419693
0.66389928288082789,-1.6433167803593107,6.5857778611868518
-3.043714481607914,1.6272646462850222,9.3004907226967735
-1.2020287232943021,1.8544170965880635,6.5126864495826418
-0.42032781895982296,1.262425846206245,5.5285603217805885
-1.8434568101746724,-2.2501131130257286,8.1447511205120406
2.4984141853326971,-3.221985696002045,10.820108091638147
3.4739517171360248,0.71864721146140909,10.054515147937392
3.4547230113917768,2.6118566429312375,11.455674293499692
3.3707313941139212,1.7216663275688315,10.359224076553659
0.80913581299251192,1.4880568296533117,6.2502255946258387
-0.23183257156984904,-2.7082730037324048,8.1712810802809415
2.0578713534120734,-2.1856182427318318,7.694147836151588
-0.78777015320591914,0.22074323487262326,3.6710346628284007
-1.5538537554663039,2.865047921988694,9.2357887675763539
1.9302160402477337,-0.74128855768871338,6.2589424205800235
2.8442015769002644,0.37310296389249142,8.4557054999597394
2.152428833266212,-3.0101840940140066,8.6714463032695477
2.0241660934762198,-2.4609604815251376,8.9645517317122216
2.7948895526211377,-2.6544517858969678,10.256288300939048
-2.774906616441327,3.139297987065401,10.170538007195606
-0.50414177138340266,-2.0641415459629373,6.9483422688107961
0.91507648711893808,2.615167163176082,8.1445061307610018
-2.1216198745978287,-3.2425619291220649,9.6875975833451218
-2.6346395105581495,0.24636696202367458,8.235685081413175
-1.1500380018449063,-1.3913897478407051,6.3143127985972285
1.6421613715748942,-1.5962040687148047,7.7669884515853109
-1.752941092370129,-2.1206526006115514,7.7138692032031084
0.90718020880307115,3.0332930699154153,7.4614253033392046
3.1606599164294007,1.0502846986453385,8.132050849529584
2.4150167856961096,-2.8116520579985629,10.091913883827505
1.3329945811663668,-2.5028090201306208,8.8527344927421971
-0.68651690075673599,-1.6652873099363266,6.5768926282379496
2.4438339632285011,2.3331113960228667,9.8281982527989147
-0.16478925061237115,3.3848052195110778,9.4460269006326421
2.0563673555425153,-2.2138298340029348,7.8841129325701331
-0.11756763773510492,-2.7596733231128079,7.6937931656352667
3.0721504094854364,2.1126057325480687,8.6219854921359911
-1.7660828060692133,1.8854763097855018,7.3073612331377529
-2.7485444786636588,2.5622125425086066,10.335711395609616
-0.34045956729751703,-0.96340520226570048,4.1660171737714222
0.10463225168055068,-1.6398714497723459,5.7856704109292529
2.2481081409653525,2.6534293247381138,9.731701281686572
-1.7280221359018404,1.6674763020511882,7.7486270900184611
-2.9224032803672833,0.095794267191244842,7.1430864415225059
0.44173206927817965,0.2537813278544081,3.4889599870752122
-2.3220073240947481,-0.73893441891731726,7.7721006670817303
1.8235720687181081,-3.1975721038313818,9.3654753652274376
-2.1400010318503049,-0.26529573279464369,6.6642817423518714
-0.43893583950258463,2.6370810791267409,8.5605061191408005
2.9479468622694744,-3.4151587479833854,11.107765863338056
1.2950454822064117,-2.65926585932562,8.8910277960496664
1.7119088575963843,-1.2223772438243272,6.8962641680072565
1.7633644429599098,1.9012507834227783,7.2918798451427662
0.6119116897993635,-3.0392104336585977,8.7083237238446216
-0.04108821016118247,0.63731322275975799,3.2739773830525642
-2.4052401803578989,-1.2514343511780144,8.4299541852819555
0.94303197590060073,1.0271789074891808,3.6833582664985549
1.6409709274737461,-0.29311928686015332,6.2810647501818906
0.88564635858133922,-2.5710201724286268,8.1752751805171187
-0.97374911503736383,-0.34080198452057475,4.1833491921864017
-2.3077749984352502,2.4550306768071097,9.7812929395990018
2.2987913093880232,3.4648192312038066,11.081994920718614
0.97197540803947291,-1.7188363043045283,6.1069550982680063
0.11263220318198419,2.0615982447477297,5.4595346360915897
-3.1893833106662237,-0.53732771544451685,9.3192948701729925
2.2541924390793326,-0.79819021533258594,7.3114376292783554
-1.1085619753590397,-0.0092379514920457595,3.1919243330612481
-1.2846533280245711,-2.3229283851236606,8.2585107054038858
1.4706305312754928,2.5702069415395332,9.1720613924185574
3.3020219479457262,2.5625440064454015,11.107286352790453
3.2752516666974953,-1.0214628759150353,8.8901393856429767
1.6436840608272911,1.9849401726216129,7.6200008492415243
-2.9820354624492094,2.4932640412371345,10.178636976116151
0.13028727447152466,-2.4423711918894346,7.6848929625471687
-1.7261842970787351,-2.009158294866987,7.4380319378110809
-3.2540634100526447,0.78679932370261962,9.1541688194430684
-2.1585872228037024,-3.3228092987478011,10.246171453426609
-0.49548967412877554,-1.0203139513130992,4.6862322635053921
-1.7457216508873434,-3.2082536618704212,9.6633686325795125
0.33627854526308587,-2.1703039566338482,7.0757628998844151
0.23857171695705404,3.1892739381069513,8.7462711853419179
1.7512459107103675,-1.4817261212903845,7.648414882140532
-2.96667657062146,0.44298270483803215,8.6114164063584955
-2.6006548369777991,-1.6581267138144566,9.279730100968461
0.26361136233358318,2.3739083622590806,7.7768383875937275
0.28825519968099567,0.4492676742616224,3.6202882921985697
0.50765852433059244,-0.64511118076141249,4.4636230181880521
-2.8464312055742282,-1.2411190572948421,8.4595516973410607
-2.1767702621089273,2.3306938238795469,8.9991261313710922
2.7068541283082572,-0.14791619498293551,7.9074661066995677
-0.099020397403046356,-1.5916566991319481,5.7693682234785513
-2.9513044301305267,2.286326097293264,9.4836679035304599
-1.8188665653241407,2.3150922154955893,8.5185898517548111
0.95509495093475927,1.3649570589993223,5.7548557148478459
-1.1881232187650381,1.2318609039356563,5.7383506261982049
-0.90474850036814125,-0.31643678405375697,4.0194312660460234
-0.809143630002088,-0.104329509701659,3.1153539490994788
2.2510046754593374,3.367187347422739,10.726865889717391
-2.0748862954877039,-2.7365256273510541,8.9156919802043948
1.3188748983168654,2.8085080448551523,8.851595563485656
1.6431550941711528,-1.5237535734305969,7.7035563230072182
1.4809227935967622,-0.80276472415352895,6.2414862552200816
0.86026953210134316,-1.9265532071920577,5.7245363656271202
0.80927981243448333,3.456145161287707,9.870401872329591
1.5538322128363902,-1.7570881143810353,7.7264453559719932
1.9181313566581091,-0.81685448233656155,5.9302724489963126
-2.8150735031975955,-0.54056718877367516,8.6319114431293738
-1.4711871420254772,2.1479604512281441,8.0538763111475156
1.5877485162252682,1.880808623265648,7.6555434662401733
-3.1107951249700285,0.056055096078207356,7.491010141930337
-2.980434528305806,-0.17079112287521081,7.5207535053039827
3.3648578534405242,-0.88749939351247065,9.4407593021063754
2.157639266829519,-2.449157193169984,9.2945333252407973
2.687757132764423,1.0644542826352836,8.1211360141978552
-3.2496124531534343,0.14772385454424874,8.7420770143099986
-1.9633747072277288,-1.7832908944061334,7.1687068183544227
-2.760935970813025,-1.7857679352739178,8.9987989445049692
2.1239721243421306,-2.6229971289214005,9.3114552261544876
2.3731270456351181,-2.9005356266718074,9.8884147115090286
-1.0845983646954047,-3.3545886621346481,9.4367506528231555
-1.0276564340122851,-3.4989870307822928,9.7845089380754171
1.9939553217723276,0.8595657488335755,5.7419776232209827
-2.5028298625031864,2.7712548045172563,10.275352657428536
-1.801185496326202,-1.5442356595842206,7.6949199738802747
-2.821662112680785,-2.8520961075617075,9.7014969092944909
-2.0791202425185924,0.66754730718939559,6.8204390988190813
2.3649927930072474,2.2976925838708686,9.5522401334811562
-3.0938156428670016,2.5753085666836544,10.428624285219769
-0.6760931727031152,-2.3046677845283492,7.802607053315926
-2.7812094794196467,-3.1240064388084607,10.075229707033419
-0.38281210402443433,-1.9737008865179155,6.5372821271578196
-1.8309703545885825,-0.38007614878457296,6.4799075271347455
-0.57886169299422985,0.4080263063151266,4.2006420403155325
0.021881883836253557,2.6266945931197698,7.7674430542212036
3.0558699182575833,0.43279266143862793,8.778588013669264
-2.5598884274000175,-3.2775031588107519,11.034646666593749
0.93442027628990409,-2.848228599243428,7.5170367220788741
-2.9412486164979637,-1.2958185238534674,8.6402786846075106
2.2127193660595097,0.12366769239438025,6.4952545998677316
1.6373864319536944,2.2665588695192467,8.5645312949826451
-0.73635018807311958,3.3877742199531866,9.8146182870273719
-1.4016472278980636,0.029621995175941329,5.2278160152337669
0.041645573183592521,0.61474721819480926,3.2738840172975898
-2.1286150052009787,2.9296293864825742,8.5142458457044281
-0.14979030028029783,-0.41136362516422187,3.0408979099068496
2.5115324393199394,-2.5456911753674811,10.281047225352724
-1.4992285171516615,3.4352193151098964,10.563720990653424
-1.0982287924104219,-1.2560865246623378,5.4470694869137866
-0.62068541156068813,-1.2712615218144796,5.6940098338238094
-3.4541045799393384,-3.2241771955295775,11.794647794782241
-2.9902739434359717,0.44027347981715348,8.6404095998651886
-1.672686271813191,-0.015014370810642941,5.6290033404492803
-2.4147547727847738,2.5358882525198094,10.129865446036174
3.2055062299899113,3.0350327203190215,10.135479605620809
-1.340588405164203,-1.4311164136401193,7.0769010065359748
-3.4680104267872314,-0.97612305385364007,9.6979984900839664
2.7460668261729122,-1.5551336064754397,9.3013429868339514
0.5749303046296248,2.0896136275665924,7.0204036119793578
-1.2299682935468099,3.3774728087547956,9.944728152962103
0.55400098355206673,-1.1756637265552512,5.2945781434563592
2.9797270057672822,-0.22787378150889648,7.851962885158585
-0.069789752704910946,0.95591319126986907,2.709772518447803
-3.4604091231139238,-2.3683945832704918,11.226154173967485
1.3054031385768354,2.0952573560180978,7.3376251978929652
1.5885063627834652,-2.0127943511493758,7.7247659595259712
-2.8932139566777968,3.2784403046157555,10.588241054283227
-1.7376357631962125,-2.1775465532893907,8.0325008318376749
3.3046924821018697,2.2590028208926345,10.542287221230666
1.0673550096711297,-3.2099058538241572,8.5356773813361908
0.8129508606819984,-0.71017768633035017,4.4785667108327054
-0.41841294852239974,2.8548293590340119,8.5409710751669152
1.2621728278133411,2.7114852192477592,8.7625035864582266
0.30213246475132394,0.15535654983191893,2.5298280670927724
-0.61082006488515761,2.141003148936429,7.1856476258414901
-0.73567237885120296,2.7338417538866215,8.4081363954724715
1.5411286885672499,-2.5759054796139003,9.240955032828662
3.3765095482878476,1.0524197318342399,9.4664489270360033
0.89765710935152043,2.2425772094605261,6.978585068032908
-3.2339538039371636,3.2183367367120255,11.066614571120692
-1.704353055971511,2.5458717547693475,9.2131123655465856
-1.9006276764708909,-2.8649075330149198,8.3314648508769622
3.028531893541806,2.0582369831643295,8.1934716307334874
-2.5486667921918658,-2.6429644112525925,10.364312053889471
-3.020572708597725,-0.093496695597335311,7.184634838748897
-1.8030082984922799,1.1816613132264999,6.5237498454345939
-0.10951649569427735,2.7741649943367674,7.6257301042053438
-1.4544032162828113,-0.8527537504183651,6.1247322778457942
-1.4436171947636112,-0.38881292751028962,6.1031818017790229
-0.052876268930523551,2.7176893463284806,7.6508537649366257
-1.1088857328269843,-3.4624030968139783,9.8521168070669312
0.89143421230460884,1.114376822992627,4.2255457916897541
2.132197302169164,0.98194910770924082,6.0657256844566483
-1.9001380325087411,-3.1598605752921465,8.8848401746760004
-1.234608533369475,0.78487006177103336,5.2862441503413287
0.1761775284707543,2.2824334808927302,7.1192642905759342
-3.3616077127146107,-3.1260804860469422,11.240001217037651
0.14759140571619689,-1.5951151578410367,5.8798109438558086
2.5993988059845323,2.3418677983091412,10.016997114478192
1.0226621438483408,0.592411399940179,4.7167428313861954
-1.2059546171259097,2.5728389462154722,8.6045132534191424
-2.5045489890250572,1.5986122651440908,9.1761562520921398
3.3958028661868518,-2.6669642751559017,11.333998925859664
-1.9549450583836256,2.9930043298810913,7.9915761263547598
2.1179839453252196,2.355811597610888,8.8781487699901085
0.97525990213879687,3.3499654453915522,9.2860382326799105
1.0762833252333124,-2.7534475758451551,7.9768224533699481
0.33861339435801874,1.7950984642217174,6.3886679607852912
2.7958814978172812,-2.9008438586876828,9.6750027063958228
-1.8896660297254826,0.55196077984388214,6.6636512055578017
2.9160627163309769,2.2432138481148769,9.2577853770487835
-0.92740363899577893,-3.0408182280778946,7.4195954581886774
1.7003086628973696,-1.9670795042674709,7.4728954798517595
3.0578946331275931,-2.323622219324414,9.8232931459309913
-2.2772499096228644,2.8736109563618459,9.506567248875907
1.6617618738729343,1.5074659240954782,7.6895914869585091
0.097419123912937167,-1.1573254665771411,3.7655073361957037
-2.232241005267328,0.053918904409961943,6.4395880980244868
1.8374108315622779,0.62595674711659477,6.6059011307900306
-1.6512264859990817,-0.080409799139447458,5.729725301147603
-1.2351562209507789,-1.7974703232265319,6.8128363971346335
-0.74538027987337108,-0.32865376662525536,4.1171074660428957
0.5147967080278244,-0.10573628648824096,3.2497887131879715
-1.7899396738552638,1.9900913279116272,7.1560968700737106
2.6035484322500535,-1.8634006573075494,9.0697138503141534
3.4523448948426196,-1.7474485451453856,10.531890716637406
0.63487904554603691,-2.5920847307617874,8.5330305076662682
-0.68703372643579286,1.2846739533260783,5.7018453390130119
3.4964773760553811,-2.2706236264090638,11.058588434063775
3.2543886365038865,-0.98490818039717265,8.7306939650932165
1.1445376653423187,1.0439178982994477,4.4525816215255141
2.359733608793392,-1.3102769739545308,8.4596853886434058
-2.4182010547613704,-1.7800980384102156,8.9275609860119349
-0.58459536783226262,0.17644550278508664,3.5608205413364686
1.5937420490889673,-0.27708975209517028,6.201795119832699
-1.8261238689070793,2.9983509429660593,8.4696408534462879
-1.3159053399582765,1.9622246384719499,7.069479808496915
-1.7108496464751566,0.55424129205194372,6.6568993547844961
-0.93372060118511291,-0.5379270006003698,4.5734857619397467
-0.28912296607839094,-2.1320210875756924,6.724062285062006
1.0662310268456174,-2.1459091979662994,6.3253080674311875
-2.9432358133008232,-2.0715780255276064,8.1900419445796828
-0.81434228706102996,2.1078857664571675,6.3920696954288054
1.3741082470548296,3.0107031646115319,9.0348562415340314
-2.31476330134657,2.9817072248710685,9.6429266791003592
3.326871378989539,0.11369411871971602,9.0711374966635425
-0.5382510066206736,0.13352928921230722,3.3675017641465921
-0.62058569491852245,0.8108161063815098,4.5694649489774761
2.5014451481646027,-1.7183152003905828,9.1480103232545975
0.073427057845790955,-2.1200596010358161,5.6493485252884312
1.3379496090968104,2.6924692180970506,9.0009233607275458
-1.76066418495694,2.673410628633432,9.1797534756811636
-2.3567899198646569,0.87049318646499962,7.6660839184231193
-1.8982921934528236,2.4156983622256369,8.7960967713748897
0.71192612788018117,-2.2570164900610061,7.5382095584295712
1.9528933175154517,-2.5687615203585903,9.021822176282253
-3.0492621589366711,-2.0393494953244549,8.1990257127686199
-0.61913526394671248,2.0940336913610453,6.9818198603757118
-3.0535277598509709,1.5471514995911617,9.399478897028521
-0.86305355032812825,0.47324394890648813,4.4709098263813623
-0.80100237691858389,2.5382768393260928,8.2716634873642469
-2.2726022942898934,3.1223021205523152,9.7999420002816908
2.9428448991452125,-3.0241497689127494,9.0885073493531934
0.33110479781892765,3.1872187974855919,9.056474425977024
2.0107680461708881,1.0236919876888528,5.4819743500796712
-2.186582566631059,-2.8083591552948053,9.1757659552718547
-0.2432663457735309,2.2740960834374979,7.2980003350065967
1.169917407002206,1.5048950700920454,6.6720489148938533
-0.20147244851690793,1.8280024235113572,5.8282529532499971
2.4733205471872903,-2.078995651465434,9.1057976002551584
0.060301553425982313,0.56524342705230524,3.2571905812458546
-0.74631035461919915,1.9602054165269847,6.2472813494776851
3.4095270020745225,1.1157953954530004,9.7232593230253332
0.27928105419803995,-3.3000759503874093,9.4160776649361715
-0.5830954314793102,-1.2853141177028,5.7563774178631988
2.2452536659855165,-0.33142724008146818,7.4147228037175736
0.5463799727779719,0.22921450658488007,3.6647355608860082
2.8281952077234411,-2.0105356167657451,8.3896709511742849
1.5110159634470097,3.1626419358327622,9.7470289166891249
-1.305349617466911,-0.18558863773999601,5.0936323308234535
2.8707594466094379,0.62256664984225463,8.5318707658668735
0.068691512348986628,1.8151505446741503,5.3275390330157713
-1.2666879967847495,-2.3560539798499351,8.321057982780415
-1.7400680939154216,-0.63047770813783455,6.6349223489724238
0.37917518168367792,3.4989437139040866,10.137985472725218
3.2452172227642411,-0.73482839896512653,9.2572965708084034
2.6486949838920539,0.042932457546569047,7.7645461771377082
2.3306645075453591,1.7197148595113827,8.7265157083498686
2.2918208754809815,3.1642505100834564,10.073497822881261
0.73686764561541818,2.8577961325499253,8.2299996749446542
-2.7663837058630305,0.25515120815034464,8.1803445818913367
3.3378835134234501,2.8004547868700929,11.019180468699677
2.4973339227796103,-2.3052402212153833,9.8388454307677478
0.51978571783774541,-1.8441613935796515,6.6607192970765432
2.0822420134211708,0.76736336915323555,6.4745296414956997
-0.77720727370605136,1.2959106156838374,5.6220856421561543
-0.034053921138786247,1.9916160532222751,4.9426538538674798
-0.28523209827982043,2.284363716642563,7.4709096194152238
-1.0468004286102133,-2.2203715302643454,6.8141893821703281
-1.9162196951730084,-0.40304618944186643,6.5335399215647598
1.1249013731304602,1.3107655361511137,5.8705178096346522
1.0209450207280835,-1.5404301937560374,6.306299677264672
-0.41961179251674841,3.4232133490974359,10.023439816940003
-3.0334532250238491,-1.9685672846829192,8.0627854826787182
2.6104217793995605,2.1154104301999741,9.292835484396047
-2.2672406634476898,2.3172500396895952,9.3016100896323941
0.99403308970572724,1.7907483048385338,5.8771660423257615
-1.9226509476662217,-3.2696741818728299,9.5585769297830563
-0.79413312987533846,1.8063370167677117,6.2245818679682507
-0.29115865943078534,0.30172289250114837,3.1196301663459103
-2.7938160836161696,3.1410091295639706,10.109743336007858
-1.1150496187821504,2.6837250417620426,8.2699152572157804
1.0361283616754173,1.7502429326727666,6.0887385799094744
0.71339564477033868,-0.038363450954626899,3.190262228624551
2.0688996814348171,1.8210119871932928,7.2206406775059389
-3.0216442541908322,0.5595964432379894,8.7372118833056156
3.2987736728307997,0.12797657132531981,8.9624494543158733
1.7579166986203392,2.5761283888112265,9.1935135905520085
3.3525490967303595,-3.3458074611780435,11.924472555984909
-2.9894433245315644,0.82128396548041938,7.7723121153199344
0.3688755456925179,0.07208503291977264,2.6374334823723551
-1.6188630934566941,-2.5024344757408734,9.1767061742781273
2.4429854722873969,-2.3938733777970587,9.9657800796079954
-2.2918879375399244,1.3250302330497457,8.2644714466882689
1.6390010589681872,-2.0994840256656411,7.9074910016579842
-2.7173028424494561,-2.180827628306329,9.3846639375731034
1.3891432323586264,-0.44324387965780687,6.0185545648730425
-2.2896620964864032,0.64304843199110806,7.7830785522082522
1.4351910308326152,-0.39895411994132512,6.0948859235311623
-3.2516719893951351,-3.468879210246218,11.899574869612715
0.21115549184800519,2.6157903405082958,8.1424322015184707
2.2007441678066009,1.9951062317274255,7.6590443533254025
-3.1427018088928214,-1.7701673993380631,9.2541141088236021
1.8528529729551115,1.1815165594686778,6.3959684614005816
-0.24175518434061605,1.6802046656624441,6.1568024516149542
3.1915924776836073,2.265100927771635,10.078214383727685
2.7227825963398065,2.8943949161083919,9.9548793678000198
1.6055862973279131,-3.456726667200599,10.63521153184414
1.0048691797804583,2.4053127644598451,7.7955378727793239
-0.2998824441582757,1.3655042688027637,5.6911014421123873
1.2052010913074991,1.8059286389804621,6.6411699572367198
-0.25693520506665779,0.58902775091891968,3.8153007506321615
3.3659686325954921,-0.6427502903488258,9.8749751042951743
3.2355086098740253,-2.6272758168277464,10.886759948499066
1.8991610913532684,-1.3348243952749868,7.1545680626541781
2.1940005981076727,-1.6364799823910443,8.2810451726829406
-1.0415358338565999,0.60566654605470394,4.7581709941551225
0.88311565209108789,-2.1536210371505886,6.4014677020711339
-2.4849828192178172,-2.0404559937639357,9.039540365919958
-1.9013329463268964,-2.0743582830053588,6.9367624498474232
0.56994667993385661,2.5100717980854199,8.4344811633949774
-2.8587928842716437,-0.54346204784892027,8.6183260575565672
0.5167359030441192,-0.16782690878559947,3.4189432897952159
-2.6600803268892252,-1.4601792692289228,9.2255741299772946
0.18698092001179534,1.426757964427841,5.6260567532518166
-1.9663661066729317,1.0065960456126017,5.3975141076935849
2.3711444796869792,-0.025237109418057901,7.2560299476588455
0.26624056670636032,-3.4558087977783654,9.88032159868051
2.2648023820491057,-0.0042295153922067286,6.6259072147804758
0.5688226218466248,-2.6092444503495309,8.577752247647112
-0.94619663955249012,-0.28663673694681258,3.8980288889282342
1.4469387607011193,2.0336237481723609,7.6497130306600205
-1.1659920977223126,2.4791128474921429,8.3588606564165193
-2.8988599580684573,1.8627726187242892,8.3622358418120513
2.8760359063821994,-0.09543600860919943,7.2480434684773929
-3.372913722093434,-1.7716896800714355,10.2942977776384
-0.04903577091530309,-1.737381490895427,5.5288886331336826
-0.24513598877082154,1.3599834409152507,5.5303570363389554
0.15004096097749731,1.0627223562297807,3.4061817272448032
-2.2864231316234354,0.032609941767520301,6.7877255164064998
3.0466707709957808,1.5843014407398321,9.3638894844220442
-3.0723892234677619,0.99430442436068045,7.4679998560323213
1.8485071825305806,-3.3117520350176353,9.9147566818457147
-0.46201320166126436,-2.7315399244098839,8.6206890231812459
-0.2987383155253589,3.2798611835207536,9.3816641740268114
2.002748769802043,0.073895250547523883,5.0763295448596608
2.5171756446903135,-1.2565780907263258,8.6874812929381289
-2.1441725919870134,-0.19083338200348932,6.3348882562519613
-3.103437870399202,-3.0997627757472421,9.7305819428089553
-0.72451158578937402,3.3875319007834461,9.8332925107706561
-0.24602283622137744,-0.53824833281694007,3.7009937709860843
3.3618349596334225,0.46906536629897966,9.8999110295452297
-2.22357225376662,1.1493741228303822,7.2210520806314804
2.3561913299291106,-0.87616648444407375,7.6540962471589484
-1.7030977315105744,-1.2849327971458888,7.1516822072633488
2.2631485581997035,-0.21534305647718899,7.1480770645566203
-0.0031636733320059562,0.91778875262317516,2.6064228650529842
-2.297047890328682,0.64705940553881192,7.807600714306016
-1.8928239351809277,-3.2884454208007701,9.7119597599355654
-2.0869692480523447,0.89194183713736308,5.9472159690142448
-0.8128824679686546,-2.1640589459510133,6.7279476101434721
-0.44746397364030566,-1.1731133098501672,5.1860639342704715
2.9578569352309279,-0.010538038378394621,6.8866796746453289
3.2807791591915638,-2.4131568315626297,10.8825997829261
1.0075304745836604,-2.6422941726593288,8.1060190072764371
-1.8380519734286287,-2.9344811333152285,8.4055114005486367
-2.6683563287912859,-0.60116244136242569,8.6108008080129572
2.7395292614754423,2.2312124511639118,9.5572660514721139
-3.4024915139510434,-3.2009292371211431,11.614855166871386
-3.1318828914298411,-0.23554969208038834,8.4240261343527791
3.1514708628839356,-0.24266752905267719,8.5597096156981856
-1.550229487986617,0.18472900472175491,5.9216753417754795
-1.9585185475171654,-1.5938064587512721,7.6544231774910134
-0.77426071175759059,-0.54199090536399908,4.5547179520143075
-2.9623472604086158,-3.1018529233264958,9.385884216119269
-1.206539049057278,1.4839610867608508,6.7621125370938042
-2.4728824086119237,-3.2404001724039868,10.850977823780447
-1.0747359877725495,-1.5787187754377359,6.4462368304095854
-0.78274103007922857,-2.7271070641111352,8.2976032306130154
-0.24224025675160377,-1.3068516187737815,5.2850969064704323
0.7474569071035333,0.51471079604101355,4.5242901967064242
-3.3791467646637265,-0.85621441614198357,9.5540749112506944
-2.3006428693981,0.41429093884029111,7.7915967204919507
-0.72327872637830559,1.0184283507854852,4.4453906575139364
2.505077639142204,-0.4381978460096132,8.3779512354327732
2.4554446529728384,0.23738607556084235,7.9651780545181143
-3.2168892412325452,1.8435065394789927,9.4165248228343827
1.2359703216759428,-1.5776850194221987,6.9824737272487063
0.54803142603952004,2.0213297127542518,6.8269233570797994
-3.0329448988644656,-1.1389322805279187,7.8201727450658538
-0.74421790641530361,2.2676350121035673,7.5183623538366486
-2.8968523197184552,-0.089592934771762334,7.1697577999903164
-3.4750572839794569,-2.5650335533457063,11.474541672797406
-3.3673178413872464,1.0791034491944398,9.4795099993686822
-3.1323171421291067,3.342471246255533,11.190089023815418
-2.23281625064058,1.5459687496420988,8.4431044528356605
0.042369459250604535,-0.16312418398226303,1.0892880387023496
-2.3243615448083719,1.4303327358531224,8.6148175351412473
2.4642309688428909,-0.56985278284335816,8.3418949213427354
-3.3675820462056016,-3.3909277024683071,12.058952498598504
2.3402969051560367,0.2082334384751845,7.5022497412750315
2.6396179510834665,2.9587991794333286,10.124809804881242
2.7221791397206667,1.9748938993808025,8.7861677374395484
-3.4188291919405485,-2.7789285263643309,11.284855258629074
2.2937728873547529,-2.6352000186895808,9.8880991162373864
-1.6052210660025048,-0.69920975399614838,6.5289798351000137
-1.6336063032241763,0.62197513765160561,6.599169013854759
0.6956428811052664,-0.69554043712292657,4.6006126885364544
3.0361893369153066,2.4492921396374383,10.186272409587216
0.67121899918212513,1.3671498282096897,6.0300206297536612
-1.625456929127771,-2.4962716181710025,9.1676525192244149
3.1115395299528199,-1.1126968353530238,8.0423270862986449
1.5181508945260154,0.15250377254637559,5.7888369289805013
1.074486362816665,-1.5126897821502721,6.3850934492997311
-2.9689964551410801,-0.14143374941201436,7.343595070422948
-2.6845841195207765,-2.7300809334336358,10.311251390916379
2.5612233080810292,-3.0994305299778442,10.448391551420809
-0.25875676155674299,-2.8273300305900042,8.1034390464946178
-2.0223289028119718,-2.2817488941699424,8.2376808642366957
-0.32197893157870316,0.97591504285029806,4.10602429996284
-2.61354943959235,-0.29443401956861726,8.3335061650920697
2.5216198674953612,-1.3749027905736106,8.9664586694864514
-1.1124932148898865,0.55077678402414154,5.0286935795123391
2.3706503552695217,0.27749063336097457,7.7972420088305121
2.6322262213147196,0.36066140794629442,8.4643717402853333
-2.6431984580029937,3.2626192053734746,10.969689755952281
0.79040260502347959,0.29214110752447109,3.970421527398436
-1.2397507269477366,-2.701394190953252,8.6933297522934048
1.9198978814650891,2.0417663872863416,6.7514090214959026
0.20207638188897814,1.012994050433349,3.5274492136964781
-2.2867685486016334,0.16173307072471221,7.0957960551597008
-0.8132200347262164,1.9062597527105325,5.9602896971938577
-2.8919650853867491,1.4618188195737609,9.1627012766460254
-3.1483057917319219,0.23448946769608048,8.5060547627473788
-0.71858754512020662,2.596050176486477,8.4532708144583619
-3.3273325090963461,2.2614887578901888,10.632229718881979
1.5557393916810032,-2.6321872283818104,9.2931131506320188
1.4380153616887341,3.2967349374781669,10.147339720185835
-2.3295629661462129,2.7482825627182255,9.9198088621206679
0.47221203022050595,3.3161027471289692,9.7648842653311743
0.21350859849950821,-0.077562765538682577,1.6078882151256551
3.2083117742520901,2.909486356735874,10.143905937577156
0.12255300433227312,-3.24494447103987,8.6281641191446887
-2.0126570409032842,-2.8267913517442791,8.3989383930348094
-0.22451326899295676,3.3916314756634645,9.6169149144248269
-2.6951328906817,0.12464464183130719,7.8586703889273544
2.1642033940653569,-3.1231128308470755,9.18393534579487
1.4240311305572328,-1.0634664806795766,6.1464743599125526
3.4446100649653228,0.43830254774643995,10.085445052146918
3.2008926191197009,2.828667633108525,10.311438943854144
-2.4138176315897413,-1.7344581576091178,8.9614843119582464
2.5304440996093049,1.4656565343484242,9.1167698973543061
-2.2878664640660391,-2.9701017862675156,9.4959794033787119
1.3198457205185763,-1.4740659279934976,7.1061328795793486
-2.2129168706858042,-0.46033018721242014,7.4989055786248198
-1.3298074873932584,-1.7919996111728611,7.2351205701816106
-0.68434039454662177,0.54134099674576319,4.5353268532216902
3.2242916759629132,1.8446066930572336,9.4571389981267195
-2.0422212992441553,0.35528925936443878,6.6084545998244835
0.092263965453574848,-0.046561768110937152,0.55607068665298698
2.2991060718001455,-2.5285777816772477,9.858257823953906
-3.1615548613312354,1.7945314537675063,9.263104854766123
-0.65012015527351785,-1.303783842120894,5.8104900063169147
-2.2007008529651513,2.4836299270580096,9.5010577484119132
1.6043406770788842,3.4613233794242895,10.643747674726919
-0.56945379054688861,-1.7634596846808965,6.6661096880908985
-2.0570267086748668,0.99716404303432427,5.6098353819847553
0.74386390576819128,3.0431628447242041,8.2886732871015543
2.1406801407551699,-1.7761776199796704,7.7325791184363108
3.027336359349535,-2.3695695362953382,9.9427658387507787
0.60639357510428837,3.413642439894252,10.029486247897211
0.88730186194322869,-3.2196784122172053,8.6398442768568682
2.0624872599712365,-1.9445193002422578,6.7843135615102419
0.63267459563286454,-0.91927788891682827,4.5319752047099939
-1.0154646341462001,-1.7984837977226826,5.873222243724932
-0.17396661128209745,1.3744303163115426,5.3920058774844968
-0.76688063268353268,1.8892665977507219,6.1807569827467148
0.63454202346046085,-3.0595141662755498,8.7187891681192564
3.4021585902263523,1.2199543111049831,9.9919367713095752
2.7406375103573479,-2.7768364444928251,10.143540658673533
3.4730430080638461,0.17958231851238704,9.7313015613676086
2.1160660463077905,1.0969802526400914,6.253543108623262
3.3224879691758975,-1.1118515653212224,9.3573684219775828
-3.3693089034302823,0.090578618287462387,9.2174363210562813
-1.9466080954561633,2.2238422036242547,7.8104953994292341
0.38662073471586833,-0.9366039805170594,4.3024029856404766
3.2158329596699655,0.38562495903209193,9.3044033844089249
-3.4613448142415248,-0.052643941128596161,9.4727711711427638
1.0905535151580681,1.4545989997304201,6.309433576410779
0.98022572183960222,3.0086128826812928,7.2278913767192421
-3.1716577062920246,-1.8166782046675556,9.2388136546231916
-2.6942150303241128,-0.097428693999685123,7.7902975863329829
-1.9777132846027348,-0.39101317753524789,6.5657186473476408
2.176848735946499,-0.68501482407438674,7.2114300616384899
0.23648919279291825,-1.056919937314595,3.8920005495785155
3.0613946388916187,0.40429562501735239,8.7427639018743193
-2.5569602269619325,3.1920079464406914,10.754150387172388
2.4328234984694515,2.8629399698987301,10.083920743678581
-0.86247551279305723,-2.2825927824263967,7.3052384809239292
0.33658942707691519,0.45269120039961841,3.7732394749412705
2.1698250717970016,3.2824946058437243,10.103443276677814
-1.1195286437142329,3.1310263042789588,8.1966573504889499
0.58087111354134535,1.8881558420419191,6.6469596283410972
-1.5103232476405368,-1.8910021696733319,7.6206381597758845
0.45950407407834071,3.3858710970831094,9.9596077261573832
2.0877228818768945,2.8895526247211816,8.3892323251515446
-0.081415191327527836,2.8130439830227356,7.4093494282304118
1.2205196914464018,2.477333062758234,8.5163108661925673
0.0017910195268346918,-3.0478005231439949,7.063384563973786
-0.4785388107828692,1.4012496938240222,6.0912806662976031
3.1895267757484618,1.8685819251180558,9.1712799586970029
1.6177303673143726,0.16088214362159725,5.924739676379982
2.1014118929765742,-0.62784590364235715,6.9955312286557483
0.14969741611442267,-1.2805009324244825,4.8309458774976939
-1.6819763687302434,0.7455131817559657,6.4986794541450479
-0.62547934961729235,-2.4451527106792339,8.2827967966961449
-3.1220342360057636,0.95033916814935093,7.8048686929693076
-1.4089647927667102,-1.8278483606037303,7.4569652030073126
-2.0019253820881757,-2.2132317581593663,7.7555528367755997
1.0750555537987161,-1.8962213516474298,5.7009279216015578
1.637661122859801,0.43508914335351623,6.5230912742550515
2.8371616193380831,-2.8840748864744006,9.5478479362739677
-1.1411849749362464,-3.1062535774473181,8.1622737226250717
-1.7284215144065784,-0.63833536822061454,6.6292341126263388
1.4130312385266333,-0.65874203217221883,6.1782629204912674
-1.2660137951910433,1.6054128548274678,7.0990163662518491
0.13610076198132681,-2.5074372774289895,7.854111723040587
-0.084474579087641999,1.4714055297863338,5.5400726563086167
1.8193405800819002,1.5438150829847928,7.6831604742961108
-1.9373897813271201,-2.7009154149236996,8.8556721971390839
0.079726802890329296,2.3286682814112893,7.1097819825662398
-2.3911131877175338,-1.450594970520318,8.8299822249631372
-0.95267077629272068,-1.6617867026050359,6.2245667649818124
0.74963716178441331,-2.7927921751078033,8.2904702720811905
-1.5368912973091149,-2.6778187771160669,9.3004444129108439
-2.6640054086785803,-1.3295203004083356,8.982760179410656
0.23556606952558523,0.63087661482088997,3.7905700854817113
-1.7893674593495767,2.6127479196224437,9.1650624129451828
3.4760514016577888,-1.2585550110371639,10.267522516309336
-2.2310218404296056,-2.8150323430919078,9.389480325015537
-0.31734773627448076,-2.9581573823960556,8.2673348592415365
-0.090969076110333891,-2.7096968145150857,7.7443441225294016
-1.3445459511247524,-1.1406804057519326,6.0943518436476261
2.5925436070147789,1.2230792318474402,8.6676978223819017
3.4505311980808724,-2.7033968219172371,11.420694551704209
2.2384632238955788,-0.41966435175331362,7.556143578901203
-3.0341049500676878,2.9989449312354477,9.091034373763506
3.0039349034129019,1.894302399238355,8.1708945447578696
-0.45967233899065452,1.7597038843125095,6.6188124157894457
-0.19158658764224201,1.4978220330950585,5.8382823246338837
3.3442371574764023,-1.249103884775836,9.8878508063147574
-1.4809032286900101,1.5677424199790631,7.5895923196335993
-0.76331739281917965,-0.91260972574425603,4.2182795740552734
-3.4440511756617145,-1.5257342122915791,10.596336180115205
-1.3392319225629121,1.506143573791884,7.2132970075120788
-1.2042876080971845,-2.4221292494478628,8.3347670575249939
1.4857861722747288,-1.1630681304958794,6.6144516548155607
-0.34620429591177704,2.2798558165644138,7.5982244455910006
-3.4844744609600573,0.60358948032549531,10.180651698820023
-0.38892200854114289,0.30822049075370517,3.5036571572551551
-2.4873956164759887,2.4016642799607242,10.049123475625642
0.16591836669258964,-2.643785798805951,8.0231255436812159
0.19482880361952093,-1.4046073439282187,5.5682656629359037
-1.3759271267864466,1.3698365674366295,7.0225873888719921
-3.3878274129626469,0.80026505291314987,9.6958000061848413
-0.27657752791013923,-0.17644942433508248,2.4749380943267703
2.8309038128735402,2.1705438178332184,9.0214500534068733
-3.0086143849719118,-2.5404276163779094,10.242923480766532
2.2781040548617657,2.9385241096696264,9.4414815937635499
1.1302717122076302,-1.1357178758772872,4.8180503416577736
-1.3428619418042329,1.2460160696294578,6.5141015700237226
2.0111422847061604,2.1682953773266576,7.4491528839722303
-2.5872526270766421,3.173601816251244,10.687647148413596
-0.30295194929988511,-2.8396500113499146,8.2543627536881718
-3.079051801643244,-1.5007955007296703,9.4557699400981861
1.9705002243315732,1.6912493562122792,7.5005614195360106
1.3022885230538206,0.98714313961819045,5.444317517213495
1.7642721352068111,-3.4695254589900242,10.54445297908061
3.0773356452241929,-2.8857546973956718,9.4372018129441653
-0.86221411623551791,-0.8037859145679036,4.1572369259534767
0.83887101031196476,-3.1842693262880832,8.5712680012512763
1.3262467285620296,-2.0704807151700426,7.3448105089948665
-0.32306548403892776,-3.3050246706318687,9.5372188119151069
-0.38594771904173442,-0.78798852929395347,4.2802506001679639
-0.41105835625316267,-3.1235321381984358,8.9736849988311409
-1.2244794454836749,-1.6176393594035008,6.9583250988653891
-3.0353417766348727,3.4919048136238366,11.33393129239222
-2.9836788448807936,2.0188051829005875,8.0002709306205517
-3.030142498602487,-0.48420297303725368,8.7660223786341582
1.735537231469964,0.59214665061558946,6.6581533483417665
-3.3332839106408905,-0.2203996755021036,9.3941807871326013
1.422213167206765,0.65445910040152988,6.205584852448176
-3.0013072418444611,-3.3821261812338856,11.027008765681975
0.84050006613456496,-0.93408388011458054,3.9057016701325686
-2.8789445557765267,-2.9651866751205045,9.2300017229139133
-0.1467963403923469,1.2496794457203313,4.6246477283747289
-0.35663679495632783,1.2523862438720403,5.354546479908155
2.6449365439976296,-2.4370690808576274,10.22792566840584
1.2379202668600486,-1.6236930817087651,7.0070748235768683
2.2803822086429175,0.96970398377730671,7.1447277884932259
-0.3097035877447909,-1.5889795845949342,6.2658779203607864
-1.8752959338704234,-0.074005176186753285,5.1524606482750315
2.6063067309965788,-3.0797825946363835,10.367290180036965
3.0865883422839406,2.5970294426555398,10.394998459148914
3.4088982945073987,-0.7584533037057537,9.8386739876569909
0.92437889254934902,-0.92858304329757724,3.6535112157976215
2.029789554774295,2.2546207221052592,8.0846459513388123
2.2746360554502711,2.0458437139215313,8.2472955515050987
0.34246238490616143,-0.87579218438528894,4.1245142400752179
-0.72559535987408319,-2.0731364711053382,6.6082161044451126
2.5181520895581118,1.2021514052653997,8.5339483785217638
1.9312959567427823,-0.16008199196747475,5.4544085659208186
0.795388706547139,0.2614797584879307,3.8412947087588485
1.8369967701383478,-0.38688375675497566,6.4939035555957219
-0.95130436060578338,-1.3583664100114374,5.7234754861692032
-0.88217635533550931,0.46706112557529833,4.4646219491827921
-1.2259473710661344,0.43480962594621353,5.3972826824278428
-0.83105972365188396,-2.4366801958966624,8.0169046076502344
-1.6306145975937454,0.99493115371393337,6.280634743422933
-3.0635439043550918,0.53117215786697702,8.8632031663178594
-0.26569477542843689,2.1427284806787821,6.6803372375065457
-3.3861425581713003,-1.0330711370561505,9.4773978069212905
2.7550638010204418,2.9678862427244717,9.7799158327792473
2.7784973165326505,-2.4812255876831708,10.243261904209101
-0.37229136948717256,2.8684299678179608,8.4415753739653159
-0.90078065525956097,-1.0899837308973974,4.0541839115797522
-0.96260515093417487,-2.7556892177522676,7.8269192904229055
1.4595206626349713,0.98168999084024122,6.1099770184361475
-1.6798143435006199,2.8138860976062068,9.1541084807635542
-1.5568293476239865,1.5608371664684171,7.6816212303447635
-0.65197147969970892,-0.44936518400211023,4.3711630455154129
-1.3332941224050803,1.8815486174229399,7.1588562893288561
-2.9006613705524216,0.11045004746923803,7.2485077356077667
2.5209263683296967,3.3026267729014283,11.086979495585172
-0.60500094593215925,3.1608287416125043,9.1522339930815395
-2.8340437260772298,-3.3059930110773199,10.83138496415909
-1.6800478026235548,-3.1470989100604982,9.5498264868618943
0.51595567096231143,-2.6649236722444818,8.622639472270178
1.3282470442518655,-0.40163920470099557,5.7565983361108657
1.7176681337323707,1.6323619552525059,7.7675993995027373
2.0860232359468256,-3.3565231025193198,10.155566626346191
-1.4857685362944806,-3.3140932391003584,10.252277279269959
-2.9770232151717408,0.59318140150685483,8.6176677494482252
2.6247809592595699,2.034169435771445,9.069588392112383
0.88440351264448314,-0.95853140388055857,3.7309929737311585
-1.71682663900083,-2.5267357851433654,9.1835242886921034
1.2614308536631667,0.40279476683988236,5.4933277653433663
-3.1906332495629801,-1.6210640311926843,9.8264194155593714
-0.46320498899789708,-3.403114838389325,10.005247371531793
-0.92267283343861672,-2.6765859080710972,8.0714831719349593
-2.5963357101890749,-1.0665821188225038,8.224185365427612
3.3067830026377836,2.4740514687767039,11.052845047357525
-1.2476326813098728,2.9698905747190034,8.3901754782126172
-0.077433255782930033,-3.2846520861185753,8.7546596738211946
1.6891450365117393,-1.6619956445739876,7.7751426700412569
1.8745368842796752,2.2095947869439359,7.8294183161250697
-1.8679636497847572,1.4792365449149996,7.5859667926897973
-2.7230224748686469,3.3933913435659075,11.287678737106114
-2.4977992873244608,2.8858105699116585,10.176417903380678
-1.0259103419758357,-1.974376255350399,5.4346259386851408
-1.2031479816201425,3.4618453754034624,10.096360730946371
-0.97258394330501785,1.5209158179545863,6.227805856384407
2.09323621484047,2.3740301891097779,8.8677694348552709
-1.5486942647458439,0.55115510450269323,6.4805997034557059
0.4213569173091507,0.37204492487326135,3.7914432508013611
-1.9333337733658242,3.1203604376917609,8.5458436911422986
2.0118114669415279,-3.4785637367227396,10.385281382270664
-2.4791063674371694,1.0861307836465954,8.143830047964963
1.7810214006334606,0.096705975161675894,5.5163272701194401
-2.6260516682052319,-0.16996152671244769,8.0377276063056105
-1.3851066333704423,-3.388379416885515,10.331308915664204
3.4430912245083194,0.4122966021555512,10.06184962167492
-0.89383670166017559,-3.4131767215747377,9.609216421426428
-0.5475673917069761,0.26205531509119373,3.7665270532759543
-2.942057928212134,-1.8928023395252946,8.1651710158771813
3.0588056905244452,-1.2846098764257898,8.7769769121894239
-2.3008830047909337,-3.0599400732089648,9.71951904578982
2.5485882764459005,-2.8021378717921532,10.283715782927668
-0.35018464103306224,1.1063365427696672,4.6422095366024045
-2.6972932054466341,3.3889561257920535,11.299440513762232
-0.20985869146379077,1.9726188100574991,5.7567486336761711
2.0814176239978215,-3.0551106894669893,8.3859398911403282
-2.9647237496401742,2.1145774644953557,8.396296170296532
3.3569007832469682,1.6217172365462069,10.402840933917895
-0.97432880312551351,3.3463358737757538,9.268721540217987
0.79175884810556685,-0.088474824908696181,3.1084483954429274
-0.059715087202275807,2.204137515097421,6.2406191179656894
-1.7687276946897454,-1.3650919022998766,7.3749430986086946
1.8851984383785565,-1.2127341543340733,6.5170550553903048
-0.94659381812341303,-1.384465905767414,5.8381921935939651
-2.0258330559631648,-1.9046419421071428,6.7456355323081016
-2.5555180310850396,0.57594749807863721,8.5091766366501425
2.6542715471840488,3.3045600822314576,11.098700499153793
-1.1445504030995606,-0.2089446260881882,4.2074362461876653
0.18391551711593923,2.9862637383675938,7.6048822243588017
-0.56303273427605527,-2.8177918527106183,8.6219044704422778
-0.73233363903377047,1.4164227371505298,6.1421351658770682
0.76736751143437854,0.66100865158280708,4.5772869820838125
-2.7828419910834965,0.8287486984032153,8.0489305819204926
-2.403246183715102,-1.6029626062098665,8.9806991730633268
-2.1023055294959452,-2.4981532745298747,9.2095744709720186
-2.9057455838755111,2.6311514538742431,10.15147684346265
1.2222505689145784,2.2354721848533101,7.627640253064337
1.0301798721773494,0.37391571147137581,4.4396344940487964
0.74234820955814929,-1.7402827208971843,6.4666126743453596
-2.2252180550384333,2.9829214293602631,9.1259725508535716
-0.21055119763030827,2.6414161700201726,8.1440798728959525
-0.61471822879894722,0.50287753074929586,4.42644895041445
2.1441485954024619,0.73328044342797138,6.9102106970181314
1.4534026787110692,-3.0696496436293521,9.3720231277030059
2.8428283894831194,-0.72190152890326331,8.3024919710420342
0.42065301689525114,-0.64998050051850687,4.3120661026046534
0.033135252072268528,2.8214662289041588,7.2726655115836785
-2.9660648551478821,2.0062566417946028,7.9785507144234238
-2.4581233366120516,1.6017277410834287,9.0973190984201171
-2.7034061626702655,-0.064056669599140026,7.7029170861788074
2.0022796514757246,2.8375045393000367,8.3387564495383799
3.2467673120747778,0.61194439810420675,9.4938523445816969
-1.1678891855991393,0.65611898519380496,5.2008768486699672
1.1860973775928976,-2.0314194949466424,6.3930089918722253
-3.1165142549643319,2.6869503885180306,10.345982173013551
1.2779077997900767,1.8703807838243796,6.908811519145404
0.85564936307515271,-0.24622921588245372,3.707534339697915
1.9649829919059476,-1.3076117801423277,7.0296656047970529
-0.84211416620605828,-3.4364823952346897,9.7629007977957016
-2.8059929241886956,-0.75565024589262464,8.2487693203102523
2.1422016214631885,-1.8645268933535,7.43179406997311
-1.3069334703141644,-2.8133355588988622,8.8019429077100764
2.8849189006213454,1.670782394497154,9.0907440814415423
2.569602988398211,3.09226701852036,10.425907936381311
0.1404530780096449,3.0560719349125147,7.5459487789106721
-2.9638523476070713,-0.73096560246320186,8.1969206794663627
-3.4799971884446301,3.0132841014789404,11.285630345193509
0.89984431807266052,-2.9092503178470812,7.4345502123701461
1.8546307569428766,0.98339940236814272,5.6237165796274482
2.9350865005624147,-3.3177107758678832,10.741157346990043
3.4635696082143088,0.14294242362375398,9.6295882381592719
-2.1028771897186562,-0.16500252085197475,5.9542615961783909
1.8957369870173491,-2.0467893891036688,6.8395348955851532
0.54326465316078121,1.4932680565551948,6.3686439445926517
-2.9807227833042607,-1.7086388542630861,8.9705845163672766
-1.5259646733200916,0.91842371791814781,6.2274423588642591
2.8028575153231827,-2.6297674760314704,10.269031193067427
-2.6229579558889253,-2.9416853591324683,10.149203939141081
-3.3137956718588262,-0.47168438994709838,9.7572495744042271
2.9201475893014184,3.062103913827027,9.2628526742330273
-2.4150199385164655,-1.9420297238645685,8.7777029124922326
-1.3261979236899686,-0.44150773963794299,5.8074173795173714
-3.0411997593092299,1.1468576343998151,7.8955019548419507
-0.35128101018905777,2.0577654698749406,6.6453073333113792
2.7451955536231631,2.4402951697596826,10.20268080176775
2.1489560951636602,-3.2106680960329066,9.6171933744132989
1.7353535838677816,2.4222429914278099,8.9814833134712302
2.1691406842956154,-2.1257559100936705,7.8885148822095879
0.98111128995411256,2.1964477442350914,6.5479655114934161
2.8601918595652887,1.3012173239934226,8.7191747658488499
3.0820601260465263,0.51020112665067519,8.922699964266803
1.3792316371237145,-0.82391615166245602,5.9128019002837604
-1.8838396394435069,-2.0195918877859307,6.8008137603907777
-3.4134119327334562,1.7667695895637623,10.417595665217187
0.19791866031133543,0.6476371678359607,3.6747469484867921
0.058617406802610184,-3.4109486472489015,9.3292827720996314
0.0092213488630989993,0.30917839010301673,2.2006092657342649
0.62526306060368686,1.1582267835199573,5.1923922183004301
2.2692313458188638,-2.1090754866039703,8.4267925076095747
1.7564966688182038,2.7615417500190507,9.0702439769800201
2.7327054484792637,1.4606370011661376,9.2310745861417569
-0.3894389369346638,1.4261882596406164,6.0561633626652487
-1.150627685858518,0.35088436860529137,4.8508665770809323
-3.2979928281377653,3.2633637400539524,11.514726046832894
-1.7837769442202496,0.59432645616013247,6.6540520344875063
3.1493772063161831,2.8749998275203001,9.8619325830256752
1.7707639550816188,1.2113108675506634,6.7486554590961187
-2.5749172652406767,-1.9472664454231272,9.0214607246735188
1.0534246221288939,2.5073822002579194,8.1311087818934684
2.4885902436882796,-1.7879293589881078,9.0682642133537534
-2.2654334351045287,1.7245871894491556,8.4674388511999279
-1.9312753623631349,-0.85032982622054121,5.7640332629722835
-0.98848263114411639,-1.8614174104887355,5.6007717342884575
-2.0593393137448612,0.86413560307915382,5.9218883921153811
-1.9926466102467755,-1.2295989403541809,6.5995276763350184
0.73169620615529674,1.2209062159911142,5.330780013596609
-2.6991628024645222,0.9807413353033736,7.9898791158866906
-1.7966351956059654,3.4643267261721604,10.491554832064956
1.193869399668678,0.056477164023904347,3.9291355516954987
2.9686276297138239,3.1277510043691654,9.5385232534979405
-3.1370163905661599,0.14365523400451385,8.0020685215983214
-1.1778362652343004,-2.702084724600442,8.4626843880594542
0.56727702682959258,-0.53642381938531525,4.4195245835107251
3.0377440027498244,-1.2108709097197985,8.2876022499650972
-2.1383917257496359,-2.291858128508955,8.6674748837195139
3.1134873713600584,-3.2028307994181704,10.395365373720221
1.588897556757308,-2.1387494001383049,8.0944152908718401
0.59563772922486269,-1.1971263480826035,5.3848546558794119
0.5043401612941647,-0.53433487632123455,4.3199309088988258
-0.9864492233312987,2.7478898363489943,7.8487396731944017
1.9772652655113108,3.3376475800438277,9.9006951369875793
0.96844019224208644,2.5006481545105004,8.0403899263212253
3.4598637966802839,1.8660358520664557,10.387710198570737
-1.5429181419324218,-1.0086059311990732,6.2903487918270571
-2.5334407320669268,-2.574026245440487,10.32529050406135
-2.7500778410091753,-0.55578436513981533,8.6432733841316107
-0.74819622672598118,-3.3246884012325695,9.5734970770904866
2.0262376492781096,2.2806144635356045,8.2384657422665271
-1.7584528184685757,-1.0585716266159344,6.1196715406630346
-0.43044863044927606,-0.74700458562420424,4.3842540292108438
-1.0247250770475218,-1.7905095252611454,5.9205266616793182
-2.2507331288006087,1.2489140285437763,7.8196488881955375
-3.2031567634719522,3.0832449426339679,10.270347482059378
2.0824264836056114,-3.3298864547465419,10.027739753817656
-2.241782042118329,0.90232323659280578,6.9635303555185999
-0.29214134035345474,-2.906541473118232,8.1563141018116081
-1.6645338983271911,-1.1869426812605237,6.8007179228157479
-0.57314634698111444,0.70731253815863493,4.5748013364452973
2.3867158573649867,-0.88569974036657317,7.7671856976830114
-0.58262651056864412,0.31398152652441436,3.9725996714907374
-1.5675509653620643,3.4866631000371404,10.685413276159904
-1.4570411338563938,-2.1056330911530639,7.8786262366693656
2.5650069587198399,0.87666954840342903,8.1834102004163274
-1.9673343059346489,3.0319154530093799,8.0588985460560352
-0.25495595448256303,3.1185654343385147,8.4478649956027443
1.8315423032565077,-1.4700231665793257,7.5885136741868404
-0.089580665114504576,2.1565409054796527,5.9658727373550953
0.11492951101584747,-0.67158946672684072,3.4067069960944956
2.2224636942041798,-1.8219067516883742,8.0418456965001752
1.0305696922915546,-2.5206381493914058,8.1158229508784494
-1.3628595974664011,2.1558102339113834,7.8199735623311746
-0.97668964754464671,-0.56168036440074376,4.6318595760487788
-2.4733456782586902,2.9208968939809115,10.130293545413092
3.2483786689528618,-0.80821773853778378,9.0586705702853241
-1.5382238688013294,1.3982227160339464,7.4004760707011759
1.5313981781245722,-3.0075651304549385,9.299943667471597
1.4276715940125388,3.1711605801566609,9.678764713805835
1.1903625752091731,-2.6808742777425718,8.5362107869525179
0.55328857136373966,-1.5868158217822301,6.5421642180681623
-0.50808914370236113,-0.24447903822489225,3.6336179325859419
2.5377187022163019,-3.2991447120614472,11.088196252949308
1.7792498987041103,2.4540050025141369,9.012289845348409
-1.4452157258389291,2.3470066360085511,8.7052792680742588
1.3076606576809624,-1.2296753873409787,6.3094952876605248
2.2718858910841249,2.5473312878132051,9.797165590256423
-0.59967785279125296,1.5152808370417405,6.4295530392132498
1.1166121465148944,1.1069995238280619,4.561341564021518
-1.1332125290535977,2.3551295663973164,7.8698218751488636
0.10978008591678234,2.8153437185556642,7.4956560310710749
1.6085476229293718,0.85238047394169758,6.3423061223649775
0.05538639579081428,1.8176616890630886,5.2871464083192379
0.39793684903698701,2.6677425130584211,8.537639727994236
-0.98230214203603206,-3.3492821224877516,9.2825852848758803
1.4144559167261788,3.0827869430351624,9.3341744009909942
-3.4661260865825172,1.0542778157212656,9.7540166095735046
-0.047196861198036899,2.2066588772456388,6.2353697021833945
2.9851008730523017,-1.9317358934188122,8.029845395793398
1.0256408827717793,2.730962340987773,7.9359487748972892
-0.90262523429942165,-2.9179652035788415,7.4070696898706334
3.4463830607420691,3.172690065101806,11.618943931412019
1.8690738248695773,0.61807537912965582,6.6065201454997755
-2.4985711112906501,-1.7874124816541321,9.0845188397710661
-3.3707970721820706,2.4411720751096873,11.171320418281232
0.25617186849789109,-3.0182060243102726,8.0751277714950476
1.8132076284509671,0.57251772056562,6.6595116775733416
-2.3378137376349621,3.3119682226159579,10.808779239540172
-3.2919960023407091,-0.26709221076540235,9.3498536145133571
1.5613891103790571,0.73512320030449629,6.4489834158208765
-3.4860965520352978,-2.270951474174896,11.044777411591095
0.48387991647690454,2.2436419407665564,7.6415172790976094
-1.4064546551783361,1.7605397811348489,7.494202116129582
1.390055002397153,-0.15198240386605688,5.3988862182625184
2.7943192943289326,2.0021973846615699,8.5269281798558634
-0.94703720841840511,-2.5492960900123149,8.1074309713271724
-2.4051070177680427,0.16870744993327547,7.6524126021038281
1.5728593608951549,-2.1645954683839328,8.1946015662322722
0.43065173198666518,-0.7225747448513653,4.3780944852521344
1.7428702791419646,-1.4623281126242227,7.6191980384636153
2.4489944795856307,-0.60487008569836131,8.3002927322654259
-2.5386062897869253,1.2874985453162351,8.7983023796928954
-0.62253209427792155,-0.44942479020490778,4.3418926554495911
-3.4240700696482893,2.500912315143494,11.349166593459945
1.0664161915786412,-1.2656848631466504,5.3883419011474771
-1.6866425385818615,1.9712564571826627,7.5134246918139738
-2.3707183779397516,3.013141411577978,9.9220548650556974
1.6048019897105812,3.2044806731274695,9.8949146859526369
-3.1286640094421054,2.902179969679942,9.6554069422212496
-2.99071671694134,-0.0067925554985093228,6.901349165535855
-2.9580607943339214,0.52719023181267488,8.6518332905631734
0.77660623322556432,-0.69842214095211919,4.5378554885015987
-0.94862485704864907,-2.678506896012165,8.0435877468768471
2.4834645258400654,2.7721895585186633,10.251299437138522
1.7406643604007979,2.3945880109585191,8.9050842247147273
0.6547799400318759,2.3931329166495834,8.1267695629475654
1.7250615142792123,-0.70119459312690191,6.5533772446005933
0.40472523028375473,-0.32614833544037314,3.6101403433950026
2.6739357363450562,-0.94783607048026264,8.0524464401510745
1.3503366189487211,2.1522640638968884,7.7619218505191139
3.287034856257101,-0.25359814746232345,9.2900448577529584
0.82230249368040909,-2.57456645316518,8.2742180555953659
-0.21701563394194068,-3.2743140342047106,9.1167822910403746
-2.8447728756052664,-1.6066361537745211,9.2237976839101385
-3.473457312019482,-0.86654290308813842,9.8103913565188137
-2.0635123534083606,-0.16714412308433957,5.7617652061041902
-1.4823052478466017,-3.3984697140021916,10.472260756642461
-1.4502261685140962,-0.068346193343870265,5.4514820431432973
-1.8745960330671687,-1.1421224305055415,6.1089230709310556
1.5899956645260938,-0.09174252265280991,5.7546449790536052
2.1792772153869198,2.8206445566098584,9.1004309415205675
-0.54588015880857288,1.4687884873740185,6.3143987778971287
0.71127531562609025,-2.8873324360583803,8.2882575772229803
-0.85210335847520202,-2.1540793291278382,6.514516115175077
1.5084509410581708,3.0057063944335871,9.2876386165478237
0.16111911227708076,-1.6420148300133797,5.9281525826712063
-2.127405389142186,-1.3333533882944435,7.5926848300552248
0.16414057070011179,0.09165785647744773,1.276640180626746
1.6780468561866302,0.79402058795209474,6.4149631899268691
1.2108785684776207,-0.68174866227589304,5.3692087715036187
-1.2777900895698724,0.67931720187902744,5.6801753545547662
-1.4177405734338748,-0.089914586912952288,5.3707294254889142
2.000441585090921,3.4456546780834838,10.304263012364062
2.9362991111252628,-1.0496724246036737,7.299716494714815
-1.0026352150758067,-3.1888625744500065,8.2640684335684504
-2.0476146321884903,2.8899121517874109,8.2284510397970063
0.58770955200806174,-1.0646651238467433,4.8445390289775752
2.078058188006275,2.4476928696486411,9.0493363430459848
-1.7005862111950494,0.13209406985865479,5.8021154419958165
-1.9977306674320625,2.1371859005084346,7.2118040003852659
-2.8038143494402088,-1.8589291076646175,8.6706639692943508
0.75417996261322173,2.2938273924087511,7.6195097058491914
-0.75800343239867862,-1.7423881899054989,6.4298867776513937
2.3655395357867626,2.95771254380975,9.8495762620484228
0.67454763623687164,1.6529178491547434,6.5830641631722777
3.1233788135612244,-0.35484560693955691,8.8436856166380338
-1.1093315570380926,-2.9823209280536349,7.546300221575212
-3.1431341295675566,-1.4116627213872883,9.5400113060370089
-2.7327434209219019,-0.94038576182547606,7.919483387384437
0.39002348411208221,-2.82280933280797,8.503663404784497
0.43564671366375007,2.9859300686148771,8.626570747216709
2.0347316542242222,-2.6914654629707417,8.9462251625411273
2.8958204004214023,0.21733739285195242,7.808008972890855
-2.3430204974674602,1.1343437102335105,7.819984610553778
-2.7236825936976246,2.5542277572071121,10.348457591103076
1.7680314582084922,-1.7235073415305724,7.6389659952269451
1.0283673710783221,-0.1816956883496883,3.4502095189546758
2.7934531712712527,1.4693691847586052,9.2188660931124318
3.3774080672329827,2.7466913774275525,11.221233020039842
0.16329587404590651,-3.0868811463334969,7.8142929937401409
-3.3394304082784654,1.0942064766745077,9.3907535072349564
0.85812979939615719,-0.14333365737118697,3.1659474590739123
-1.9475659013684463,2.5424872634670139,9.0121597128744835
-2.5700904063324939,-2.0871914583473585,9.2211745079859551
1.7503037886160815,1.8507384649674465,7.422723639152613
-1.4362305018942059,-3.0143240816535295,9.2074840846374943
2.7375699575683994,-0.51544674254677325,8.6458763881123399
-1.4877134802482397,2.9903824498294505,9.2469878381529362
-2.1043958639611842,-1.3098343690979188,7.3952589614449042
3.2420384914007627,-1.0068791808699125,8.6541328319646578
1.592463594254081,3.2875299703135177,10.201580527029765
2.3116055564468763,-2.9419150571459785,9.6148976245747608
0.75641329784683631,-2.2518136115739802,7.4104299244346823
-1.9075833723560749,-3.2139928305692917,9.2299026298588753
-1.3033775303279946,0.54963176514088019,5.8173379860457572
-1.8732112890369406,-1.479474267957321,7.5843719385052637
0.13986451924151888,1.7727922713403519,5.687882375430906
-3.2842239744471766,0.65880463646409915,9.5791602828642013
-2.0009811346372905,2.6420165160583657,8.9973818266157792
3.3310954087060125,-3.4323918862628391,12.052790546968852
-1.5880465954168326,-2.1707834720185724,8.2164687260296319
-1.9540323519741138,-3.0231653067445636,8.0487081330621244
-3.2246458280795514,0.57052878214130409,9.4428083333969308
-2.6754839223308733,0.058162135608605503,7.7470162613976754
0.034145853012008232,0.38992377226572472,2.6863185618599879
-2.7213672474164876,2.6137678723729802,10.361909015502135
0.0065584593545904291,3.4002243827315892,9.2540398136810218
-1.8513693766862416,2.0378809277846877,6.9800283790213022
1.3031533515751885,-1.9306383774768077,6.9957540931490581
2.4491879377419732,-0.36976934846541676,8.1866602515353968
-2.9180517863293121,-3.4329387457814255,11.163555626190323
0.030833043885350353,2.983044436204783,6.9167897544509511
0.94412503980086893,2.4374469573386985,7.8912772065913011
1.1731418161320413,2.3046446272896226,7.7784304995361389
0.27669168737993033,-0.40900333546308065,3.4631709494441196
0.26675277838926892,-0.81057046834242108,3.8494569910996006
0.16741260922525125,3.4991661182468157,9.7547928275678313
0.97373414269226899,-0.76817685491557697,4.2022751876569799
0.56963262708241302,-2.6735643304911263,8.6261918515427105
-3.3786249021646118,-0.25230433759262949,9.6403715489996227
1.0883640610407985,3.3431567560529425,9.3935805318155641
2.5672771025534455,3.367999299730938,11.277828827427113
1.0427674719244688,3.2207582352931503,8.5529820405570849
2.6818028176928808,-2.951133200382329,10.030512092943892
0.38493519524728015,1.0027806550123284,4.4037184895385764
2.3368928044337922,-0.59202228513307453,7.988609112389101
-2.8763540605252924,-2.8645918062838156,9.4677676928240402
-0.73406981848941122,1.5486837160656046,6.432524020157377
3.2412463721906217,-1.805471317026244,9.6643376393663747
-0.34570501255976094,-0.12171093803174537,2.6474773926807345
-2.3162994373755819,-2.3170087314629644,9.468724555144183
2.9570472822983778,0.95271874398480261,7.21759444780532
-2.1148456400807092,-0.9669429090858177,5.9493261863533995
-1.9233211624141338,-1.6506364095764929,7.5801168622853794
-2.1713286710653046,-2.1590929647733041,8.0864655694562639
1.2802795979291925,-1.3520483115094706,6.6739207853362039
2.5502085853784999,2.31592489378757,9.9227548740507316
-1.9873976079168933,2.0313135536129838,6.6492915476431342
2.4039845621439415,0.071708882679035746,7.4455603458002226
-0.50241262445925772,-0.55098202243644057,4.3425394166076181
-0.2759535514856184,-2.2308980140303785,7.1858696805046893
-3.2041935762938993,1.2287693895603891,9.1765275562948112
0.47270832781929695,-2.5917785305203278,8.5373863056639827
-2.2148553531480015,2.778860031972302,9.3975008453837994
0.56240677658308869,-0.73643865660461039,4.5709763975472875
2.4586592200547877,2.3606052524296635,9.9198609466334737
-3.1748428759357896,-1.3242716810420543,9.4201115144929002
-2.3835843045637364,2.914654633296653,9.9159110796957641
1.7101933192577663,2.8631326426632659,9.0143087454149153
1.9680867859758759,-0.026343531894910122,4.9048549920828464
1.7475493773067088,2.1772532211388116,8.0049864525000558
-1.6029619578692582,-2.9428540847298605,9.1955149203422035
1.5400028140367779,0.36774366415205284,6.2907504639409382
1.078881063984122,-2.15122795280638,6.4114745399425175
3.0985474191498206,1.7260036546584274,9.2131977782109615
1.5797863254297617,1.2541801609020951,7.0453179822025458
0.87943853131064031,-3.0949884869131519,7.8550544189463025
-2.3995134254700781,-2.9231069438101267,9.9629775229553044
2.8537373366335812,0.97340088910759714,7.4439084596373313
0.76388208824991377,-3.417867965747786,9.8541752903786062
2.5310176412263878,-0.49012075255879184,8.4569098813604757
-0.18411007263869061,-1.8941816941398881,5.625192083896561
1.8654523321342618,1.5912359945768477,7.6632682755359713
-3.0709767667043737,2.5633567553030518,10.368964857416492
-2.8518557916756286,-2.5557659873174496,10.238830263308909
2.2932578502277616,3.0085498254807286,9.5641286874315234
1.7941355989455019,-3.2511531427496405,9.7463519617652672
-3.4395192324412984,-0.84755573917266114,9.7614085422270733
-3.2152956525716743,2.2776368871125561,10.240497235258811
2.8992530291964709,-3.3464183572232753,10.899822493257952
-1.8049609224437702,-1.2880767226122587,7.0498716313679619
3.0959793235129576,-3.4461391517211748,11.389063213898991
-2.7478777455562398,2.4573943175478483,10.230432612594095
0.032484419157393418,-2.497100057616743,7.6794137251256718
-3.4088682984217851,-1.920201834333275,10.199031297915502
2.7497235005225349,-1.6932408448748724,9.2115823772212764
-1.805212837897769,0.83615782952483997,6.0893946458766983
2.7650862919528567,1.2866591905509113,8.7897097421645007
-2.5623542824344172,2.0977024907177357,9.2491793462529088
1.4026150930447461,-3.3286887312141245,10.194511233378716
0.19516822634963171,0.79049232130544134,3.5508790948678879
1.9567651749861659,-1.957202714917472,6.5746785387001481
-0.56833727208646367,0.09235061967385283,3.3181181654110823
0.94218701977632602,-0.99174949497438636,3.6069203434270065
-1.2689303545415047,-2.9856247962863978,8.526664947275151
1.0681996091447212,1.5255707201973427,6.3872907938142731
2.5968722020922215,1.0702299847826149,8.2317528344521769
1.1735728615779744,3.1363952417650989,8.5152358575552594
0.79063447345229676,-3.4013294415125981,9.7575006263648412
-1.906198517133201,3.3402366490938782,9.950082798485818
1.3766359458739013,1.7714973345820244,7.4073598242341099
-2.6744594357070004,3.2884479126711819,11.02992687914465
0.85410633840272343,-1.0940542821736763,4.2295048681651082
1.5831973009448514,-2.4554657957474046,9.0863929916753339
0.58513116866810755,-0.46998873135202279,4.334276061204438
2.9537516926873666,2.0410293178210512,8.0630310778798702
-3.4528208540393339,-3.3606479260664668,12.150193520823283
-0.16626132554360229,1.5772758766205497,5.9106737007231693
2.4200446493817855,-1.6404251229298308,9.0215841935192582
-1.2797742905159306,0.24790962537954808,5.1682177326223986
1.0342356469993739,-1.0614007409624207,3.9096280270162111
-2.9973521324033379,-1.922972961069513,8.0651643780971423
-1.210636339293278,-2.3438311059352297,8.0900761645260442
-3.0910145011475998,2.3631859913637721,10.083569390808478
1.3919046374554771,-1.961704853188829,7.3838869690953501
-3.1256555012278011,-1.7837764838730878,9.1157922715374902
0.34896201634497004,0.76431451924931348,4.1773339115685317
1.7203902762067012,2.8743731401224899,8.9684691341766491
-3.2477486168673995,1.2969853173686721,9.6508877276571194
1.6866244728981865,-1.5970186607395243,7.7713117787787418
-1.5333587143570888,0.70288578445302452,6.4328724497341128
-0.63373503738003567,-2.4933228058355628,8.3833051561309642
-3.1203665729360628,-0.99878093903506571,7.7628487976505909
-2.2651569780099803,-2.4636247284214772,9.6734126431109928
-1.3792858328618296,3.1436903084982228,9.4622762965844345
-1.4222464233613112,-0.080893911728165957,5.3722790837543677
-3.2796365696937042,2.6028616657892201,11.043758146045793
0.20885959472953441,1.9993826960198016,5.79387478740205
1.9052105257733754,-2.6919832360582778,8.9074568286534905
-0.035826813128815971,1.4393035104012046,5.3791132415964888
-1.7959235032455396,3.2557680119723775,9.7649044738285902
-0.88572570797047101,-0.47399663286128035,4.4772781701481108
-2.8732261165310895,-2.4905265368124927,10.175814587371821
-0.69390009235190364,0.1894847264729167,3.6396942462622874
2.9780475896907568,0.27856879173776861,8.1159097443632433
3.2597089138826467,3.0941776256109623,10.657088110756002
1.0243071307119891,2.8853557523528259,7.3602337718480548
-1.5704935209544888,1.8317198958093162,7.6865628010270051
0.88362153138432209,0.94328286075083323,3.7412487791740254
3.2035796401569048,-2.5845298473228016,10.793687204901719
0.88506302418783633,1.188179498834236,4.7402857242759389
1.6871973637321194,1.2052275798148662,6.8532884943653585
-0.80571138665187725,-0.62711478586178515,4.5698207681947807
-2.4304887508384043,-0.19965393959603039,7.8095303706425518
1.6962863190299551,0.004149602404952546,5.5871041647793867
2.2565987975537798,3.4689963793551168,10.979271368959566
2.4970011138141039,-1.2306690990654636,8.5825411832919833
-1.7356230324415982,1.5534825136106889,7.7351620261870266
-2.5188511517070502,-2.0575801066666166,9.1205789446232153
1.4628343341145778,-3.1393887392211557,9.6165711345647704
-3.3742969909469398,2.601679611876353,11.299461501132177
0.84539299214991814,3.146269624386683,8.3062216188333888
0.023175572987624626,1.624829682355867,5.6734065550710788
2.7576154990047703,2.1413868768164823,9.1078392067520433
-1.5245045801774519,-1.8987089977987994,7.6326858175661467
-0.10168823039432384,0.41334429516354643,2.9127207919815739
1.3206617604820909,2.202115753115315,7.8728995434823794
-1.8862574691291485,2.6081707628530033,9.0430823742539346
-1.1203446131295807,2.0644087727305838,6.0928939897651446
-2.7706366960237241,-2.3926734875246134,10.078767353139213
-1.9858777892868049,-2.9315935525339687,8.0045402136312944
1.2872590643292341,-0.72955383639155258,5.6592048212603672
1.419128979945472,-3.16052971653078,9.6218291295715108
1.1323616698810186,0.33450514581825219,4.7067278500650502
-0.11173624442268704,-1.687360640884239,5.7631065437768072
0.86189809951966545,1.0044615793711289,3.8548667384588384
-0.10558570400771927,2.8078896310784849,7.5051549540385061
-1.4603629030045808,-3.3709172912843659,10.385809791447125
0.87260157292289442,1.2039432843511895,4.8774276695537431
0.3755981272536304,3.1020812853392306,8.8152483621527082
-2.4092521182792206,-3.2070552930517722,10.626791568147681
1.1301495282565064,3.0027598719629172,7.6926001626797138
0.73498447199648531,-1.1929599832912681,5.1766247427139902
1.056131589821284,0.49919876460434498,4.7941627488825027
2.0736741316643563,-2.6470883580373528,9.1300171221929922
3.3777878274661504,-2.8407237642855216,11.09006391004537
-1.2894519948075027,1.141615450541825,5.8297656394937043
-2.7871384145618796,-1.0733926772220039,7.851986439091343
-0.75410708946506899,1.1978434028431595,5.1566719654127624
1.8811870654852374,1.4007302876217285,7.4021667896631591
-2.4101416799987523,1.0510366833986158,7.8755783326056079
0.92038972838108446,3.2729969833913986,8.9097866370702281
2.8048458063029411,1.792010288818136,8.878123767840318
-1.3222889966292044,-0.41551432888062623,5.7565383462199833
2.2682203100948541,-0.39120607320598833,7.6341474143390879
3.015596535822322,-0.78315117409174784,8.0215562691247051
3.0788840905283079,0.82600831379842354,8.0225957684678075
-1.6569138897468692,3.1696170451380583,9.6914018919812115
0.53708787934782265,-3.0169029120678577,8.741022652898133
1.9400163362073464,3.4128769908594734,10.200234850552507
-0.15364061419448394,-1.0173200638587567,3.2415453347177348
1.2964637688006526,-0.78727105501852934,5.6069592303103306
0.732026350385798,1.2959469855611543,5.6947696960913561
-2.0679376970996626,-0.60301203020648764,6.9124950262555132
1.3905880324852848,0.17765714129590737,5.4688255850010812
0.98553736712425977,0.60834065755439948,4.6242959623638633
-3.4557348034491446,-2.2547065422865646,10.950634307841007
1.4695320738590709,0.87764194618357561,6.1413974871139736
0.9857363496431768,-1.2196116018577281,4.8871174335480987
3.4841288323255295,-1.4331763948408605,10.593793102676067
3.1213879846027535,1.9315139343943502,8.5560769471174769
1.1631333750274697,-2.1800381415542196,7.0129078802393465
-2.606304073190076,-1.3019063585529942,8.8966157005834692
-3.1737632261634552,0.71256308321400308,8.9720885544164481
-1.640702190733099,-2.4129838015716842,9.0053783397875211
-2.9636732413744156,0.56154373817926828,8.6393393826537004
-3.1768647539774761,-1.5601472073994569,9.8097951546480626
-0.25131096699773314,1.2506891025046887,5.0259816848525816
-3.4183162836137142,-0.44356751834626218,10.030035157638208
1.7234803879299783,0.96243967391750562,6.0933669964025476
0.91920006888180161,0.055650642371758874,2.6843654182955845
-3.4390957298186069,2.1304796987325485,10.54721391081477
-2.3534668814551827,-3.0086992699625017,9.8484260517143056
1.8310404641649569,2.0222437811431275,7.0266372711077807
-2.5750850672845678,0.92676282285970402,8.1343755257052734
-0.32076809596471101,-1.2821352368147587,5.3983705942049838
0.20911068902463192,1.7912829783649045,5.9298231602868086
-2.6750276598104685,-2.998072719495819,10.073764978047944
0.093077864327937299,-3.0575423349682955,7.3199446111188013
2.2981847005551872,2.5509286288372355,9.87538814731362
-0.46635546548587659,1.7387081157757915,6.621507205550742
0.90114665007458949,-3.3253710561869032,9.2363735546036452
-1.1127209386068264,-0.58159683226094705,5.0265159223759035
-1.8755841081034059,2.8333549482372593,8.5181561938976671
-2.5634084938737538,0.26093701571477634,8.2164676273821762
-2.474133223256163,-0.25417209711852751,8.0463856552275228
0.23597423445291099,2.0349353904643426,6.0463479848097919
-3.1589530338978524,-1.2481540588027573,9.0284763568076301
-3.1783026274623114,1.0088246633610822,8.189813736289949
-1.3497793922440637,-1.8088053953599557,7.2899747158014616
-3.119424320442969,-1.7759510515914367,9.1165303867518404
-3.0800776714325475,-3.4728458309756189,11.397919319283165
-1.035297193179292,-1.2461335983322694,5.1649885317092306
3.3034106641319401,-2.4028032128344301,10.931251130494294
1.9020260199908847,-1.7124276004030998,7.4537010368964154
2.0057309591271135,-2.8171500289733098,8.4316136442405085
-0.19842206029567455,1.0611426561934678,3.6859251316966279
2.4071361362876091,-0.96858577775450927,7.7855900361341099
2.2338002815506313,-1.6072856528634396,8.4542070083550467
0.067676619694329254,2.3597793151503721,7.2480397882836396
0.36226834922603768,-3.4246282578564196,9.9657495265266558
-1.3090340145749089,1.7968987785726389,7.1491485416240845
3.2877366063334819,-2.5561300702303491,11.063896212331036
-0.029015905930373176,-1.9719985098772514,4.9110439327364155
-3.0549474723315604,-1.7271577563846485,9.0524193486668185
1.227482160060374,-1.4217229300137038,6.6932757198161319
1.7492773454135362,-0.38134863802745889,6.5009780671881963
-1.7245147519702115,3.066387399122398,9.0991422976122696
1.7619210987524774,1.1519633003725946,6.4820343984328908
1.8875910317449351,-1.2156343277103772,6.5308921869412693
0.88135961239342198,-2.7443662875965718,7.9952160590792651
1.4104057151822902,-0.67303346552761312,6.1647986420910463
-3.1408453669451095,-2.7530626111697361,10.253301208720622
-0.6893933639698373,-1.9300481630188617,6.4450326483639024
-3.0511619009259441,-1.0341743951502118,7.4177881166356716
0.00077626826600196708,1.7312125461443122,5.5071073416758907
1.5226653349996662,-3.395390842779169,10.491666286541394
-0.60613929350969942,1.3242408813389623,5.9018421670610302
-2.9138518019984767,-1.5672932396305539,9.2191429381031433
-2.0605814377191187,2.3074884813469314,8.4722635546789427
-0.77876318693842883,1.1589384120848161,4.8679136417580153
-0.16214472762084009,0.18908073306023487,1.8438735111626272
-3.3229736488406241,-1.9170942652657326,9.8562509086719032
-1.0690811491955765,1.2934692227372206,5.5680501915202143
0.30546639284376731,-2.4021358315326475,7.9573280631825831
0.31831038823190916,0.9194544675860028,4.0317190870887565
-3.3041912877353483,-2.615803360954208,11.115388533466776
-1.6730972763705709,-1.3413249143867225,7.3459004632804064
2.291428008609965,-1.2529971600449139,8.0234792035305915
2.1156341761121213,-3.1386179321887937,9.0030323688073643
-1.7927033523400873,-1.7024930983875834,7.6337733609311851
-3.4466861549062084,-1.0312270942945019,9.6753963393094295
0.96953722346816384,1.4345691401242542,6.0290420890310834
2.0752814861653066,-0.58943524467300001,6.9550204225954957
-1.8571688849162356,0.24453479136629719,5.9832435100842289
0.41793228824745743,2.4717901449336024,8.2924777672974788
-0.26199136932797096,2.1418039997825948,6.6593366672421794
1.5228069534930597,-1.9233852655736106,7.6317045265912835
3.1821329262477009,0.74735171154668478,8.9016318847431126
-0.79211205895850867,-1.3715627178624201,5.9253740557357695
-2.3082738957630795,2.4367808043689676,9.7493429512263177
2.5660486678362879,1.8535389991601949,9.0792774588311307
-1.6765415964271373,0.94525117892650368,6.2025394010136239
3.0315182748111473,-1.9387255995149308,8.0999995667576776
-2.9459724169915167,-0.6791446273876387,8.3842539365373234
1.0115862350853337,2.4980275100703482,8.0579445369101261
-1.7946093470503595,0.56693099247760514,6.6644208530825182
0.050648959119117709,2.534959683524038,7.7577797099859751
-0.69616135740593288,-1.8688846732102438,6.4436413523471892
3.4395061015220207,-2.3713097331192534,11.195757694905399
0.36962445245703091,-2.9486049263800558,8.4387956074136383
0.49484198984581518,-1.9415435765783049,6.6857569803771462
0.9453516576785379,0.5458433181050939,4.5878789275907721
2.9873281918755312,-0.10254557381861851,7.1579392001540789
-0.72241553507771483,0.73043230700368955,4.5599767204598969
-3.3247876204830216,1.3502661117827746,10.084272809854905
2.4130739291809338,1.4369977334494193,8.8628859413809238
0.45667512473287752,2.6843678596257066,8.6047632234324123
-0.37930689888117897,0.9707114628080955,4.3218944634446892
3.4354046623724761,2.1984663802578472,10.743893275583961
2.2674337582839836,0.67391631112877892,7.6525006898053185
-2.9110267422068041,-3.4824523907743288,11.262887869907061
-2.1474790719265235,-1.643799589609259,8.0837644026782414
0.70641594272150954,2.9005772593035744,8.2957123745610986
-3.3686929449441765,-0.78678184335318502,9.6575472689090329
-2.4393446652135231,-3.4370060422868507,11.302194305801512
1.5712327480897947,0.65966783834781051,6.5143998268658052
-0.049739668559518613,-2.5542937757402626,7.7782818883309837
0.39844220334491354,3.0794001418336707,8.7880998277373816
1.1711992112921434,-2.769277470313567,8.2986249518992139
2.1324731960771794,-1.2887287194667931,7.4166743956465417
0.33970468481649974,-2.9253904429532005,8.3352392706407148
-2.4187758679311675,-2.5036783070391087,10.10199712344081
0.92327955253830307,0.69126924486657693,4.4279807106939266
2.0045038523089413,-2.7944122090279189,8.5291545868625676
1.7755352302973231,-0.57762609257112585,6.6632043392913722
0.70230294707444596,-3.0293027702994131,8.4241063281872286
-1.3146855085483948,-0.79400397460161187,5.6822826260872077
-3.4500956005761241,2.8969694876317051,11.215841928260476
-2.0608915238017449,1.7825759997343535,7.353785921880803
2.8178919369446476,1.0173962526288092,7.6041190805365471
0.40937610090939369,3.1694448687671466,9.1542193051987777
3.3008811985601501,3.4146818422453071,11.945017944681135
-0.42051871892719461,-0.56580448927272764,4.2081710616785948
-0.44619774912814147,1.9243792015463024,6.6197765547022271
1.8071504979545665,-2.9526923023322635,8.5377433350978897
-2.1319638974615809,-0.67471863864487647,7.0244092204419371
-3.4103811470932284,-0.37315507264421877,9.9445656545202663
2.0832851456553003,-1.4190406374869622,7.7190934754002392
-3.3994265070970267,1.8704738826434166,10.222845286179581
-0.017450529512084145,-0.46483637131140876,2.9824283172893509
-2.3915440104380252,-1.1168808303767439,7.9658972389856615
-2.712528075103477,-3.3338030834689345,11.135334793108795
2.724956030800973,-2.36008906067562,10.033965288176057
-0.25595057435144675,-3.497607910414569,9.9432174072774071
2.8723475555291706,2.9029867204349316,9.3596762837624876
2.3965423516709041,-0.39017421907434846,8.0742327112099623
-1.8131295945816461,-0.045502225969348498,5.2832620646930444
-3.0284806839783545,-1.0487018474850345,7.3722611744939055
-0.70121275990708831,-1.0968024006737855,4.7850428668815326
3.1708302837636575,3.1541624569776374,10.4079966728847
2.3378873869910457,3.1679905749503927,10.273372940550805
2.6728882512135748,2.345646312928312,10.0258899669168
-2.5712729780849135,3.2976529970120048,11.097107385345794
0.93139369104449177,2.7364681414812866,7.9197681736597083
-1.5636049490802848,2.0131343473214356,7.7331415618170869
-2.9540327251733465,-1.3782902736377438,8.9794017418357264
-0.54664419766310912,0.84313410608805661,4.5510011589965806
-1.5576479591352899,-0.82588407314704604,6.3437453697368262
-0.36820056879949181,0.81453932480375446,4.2247240685998833
-0.9288206729293309,1.345350630382435,5.6627019489323516
3.0600096024243539,-0.44505021405255718,8.8083777892221686
-2.0907668850405279,-2.5934641588437155,9.2274926556271542
3.4099692513266016,2.6903881344488036,11.351461822126266
-0.87863641310345164,2.9712312383101676,7.4665309356468654
2.0246702018614817,2.0961901412901227,7.0007570087553876
-2.0938346809376331,1.3287990527181934,7.4396601970556784
-0.075175147529805919,-0.74157437198533582,3.1990777398849843
-2.3225699212441868,-0.51138867014296441,7.9432225583345737
2.5829094945831192,2.0247802700344906,9.0826047913535994
3.4982825560407527,-1.1538426829715998,10.033343930811846
-0.91213213701916596,3.0945154750128125,7.7285007810653088
2.8769407195680552,-0.9129051384801814,7.4750787580936855
-0.96385820434218994,-0.65781081265814167,4.5229443383803414
-1.3154985738017047,-0.36049976557010632,5.6324110605875823
-2.6030907693177046,-0.024764491620648421,7.778088138648414
2.9371156735287993,-2.6259517606168865,10.145469729298782
2.7768277139859014,1.5591378156685112,9.2879455076460022
2.3493800616112201,1.4305286127292973,8.6890497407552338
0.45092511909583033,2.6558229572185512,8.5843890770215872
1.6942961572178081,3.4933349991540847,10.657385572267525
-2.932659717955886,1.0563371775259887,7.3265397143973399
2.9051840644973828,-2.9125237504027246,9.2232451431438758
1.8172093147902508,2.3019022862209475,8.4624545574043086
3.1500457804296085,-1.4184182533899912,9.5804819266597718
-1.2228324614791237,-2.1298353694262673,7.0531305028032083
1.187203396930542,-0.87924345504645185,4.7471520369065487
3.0266299348058991,-3.4483516680641895,11.24626352677911
-0.12644577243547417,0.35829405978755124,2.7281746510733633
-0.84866210769095218,-0.93960736309608173,3.8697047167583314
3.3268430321316309,2.2781499995370549,10.684256472191549
-1.2924820602992169,3.1683197555749754,9.2706771425379362
1.7394447113916858,-0.11788327916612218,5.6894207949923015
3.4342475576150422,2.4321904955317422,11.287355029127653
-2.0840871455192258,-0.83447945709595572,6.1750579052125261
2.6491808171900724,-0.9978246828051307,8.0902309723137975
-2.0943949560975015,0.67472998332934786,6.8612370445946844
-3.429870607910833,0.29449054125753804,9.8727769163568109
-1.6980622126072979,0.47933687213329135,6.6160104722655078
-3.0887308335513843,1.8277455954758626,8.7463132711755218
-1.5028390340288331,2.5933001529277266,9.2282982783494685
-0.5072503819168368,2.2420610949983404,7.64685544147987
1.9686428031064533,3.189110891461719,8.9784686341895039
0.94910185739293862,-1.5959794213250156,6.2724339865611292
-1.1474102918740683,-0.97791421439315585,4.3426743639431145
3.477346783025137,1.5570097411423554,10.667861193989255
-1.9574659168059396,-2.92424028548422,8.0330763198979689
2.199012914611095,-0.63977936930307555,7.4009501288196127
-3.4498904237874091,1.3862288499835334,10.470529947923795
1.5141016243587284,0.3500946887821379,6.2114467397506949
-1.0917645884783482,1.3763759987712936,6.0535289251557849
-0.47767999345804935,0.39712863157055045,3.9914123454174835
0.60223254618055222,-3.4319728503891223,10.074520015565934
0.8927201768993438,-1.0176574430791794,3.7737678984553611
2.3946614655132121,2.5280192165238891,10.083705000525066
-3.4234895193236707,1.985519216750081,10.234421445747342
-3.0040402897557796,1.7671459754730545,8.7616166669074307
-3.3518281061318667,3.0302868163818877,10.949882178494128
0.81997486760469585,3.0570080617555657,7.9591621889450579
0.31687176959760643,3.3644549367834555,9.7300886820996766
2.1040045673763474,-2.4940789438428022,9.208601579786972
0.9907995090848285,1.1085068178360507,4.0820240228102378
-1.6595378024944474,-0.24068966870290609,6.1541148838881625
-0.62008722803770278,-2.3597843670483449,8.0492713883773348
1.622533686968306,-2.3716733599766613,8.9031410123161869
3.0784729320804392,-1.8915515434960766,8.429574339364228
-0.35814909484350466,-2.8939479027410391,8.3949153346266492
1.0104517358113618,0.4291457050953662,4.5455038001658679
1.8227992773437105,2.1848019155273448,7.8220092470994906
3.1074277917704594,1.2545678162166745,8.8106912413358245
2.4521513359836407,1.1014415522406846,8.1162374401833812
0.050882302480063757,3.2755093950411389,8.649802639095963
-3.2056882240453239,-2.4668510226862246,10.727444994309071
-0.80208914963800249,-1.1350953022931645,4.6530139005316293
1.1390996815732137,1.6731023291761176,6.6040768265473382
-2.1924773323251596,-1.8064504712713112,7.9156329667046421
0.37389513444833833,2.7958245001224213,8.4859443656026556
-0.14238850316380613,-0.3517122852933805,2.7484428700653503
1.1520413711966215,-1.4788877930945787,6.5628542984475935
-2.4715343101651102,0.53971807900775026,8.3569157098101226
-3.3027455968606176,-2.1446472792531877,10.103163696172874
0.82755515102995059,-0.029250974531772833,2.8623116053468856
2.1244857076472305,0.4194712504621072,7.0735360867884474
-1.8197906415040657,-0.71415774995108139,6.4432058273809325
-3.3608291762432696,0.66422417122689481,9.8366200377082862
0.60039679666685863,-1.3868282697723795,6.1095458185719806
-2.1140549485863716,2.0438526722519281,7.1638992453854371
2.6171767581203174,-0.82029943707472341,8.2934817893211914
0.99121741683517328,1.462926188388554,6.1279863533730605
0.58706524038564378,-0.38256511799872861,4.1544824986190996
3.3429125494996415,-2.4531360834688494,11.121248345159916
-0.28844174209193696,2.6450361812791172,8.3369682117145807
-2.3815218240129914,-1.5497606042542973,8.9062024469736247
1.7548459568498416,1.9768457780646997,7.2911987691909559
-1.3937335152219266,-3.0461915473536676,9.1746666817773797
-0.82827988492537319,-0.36671805886071818,4.2168982042711995
-1.0132317694062238,3.314666465147134,9.1171653215681747
0.73870185040729819,-0.14079042362280081,3.4111692496195687
-2.0627657030117041,0.69833094031746246,6.6669807916712713
2.7464623986248027,3.384496823108476,11.240297714465234
0.44348902000197921,-0.99424776903579559,4.5408423242221509
-2.1132616853953818,1.0582401721609109,6.0713778334742337
-0.63839340364806585,-2.3734646364118959,8.0801655260297522
-2.1842781423461251,-2.1695908272483018,8.2211919154982276
2.1219949245577983,2.873028405706938,8.616988672623016
-3.3989060699837328,0.013017846304683722,9.2504509235914192
-0.17301974035524248,3.0841387610706485,7.8538435686881485
1.3448301354344387,-0.091948344332511311,5.0412784882148323
-0.70783322700975493,-2.4739600335860934,8.2835365373170458
-0.99661862699543313,0.41677581134018071,4.4827807118274094
-1.1054219015756779,-0.89254852862900158,4.1673795110932836
-2.3712488913719882,-1.6894919857436481,8.8803695271314016
-1.2660904128855086,-0.20661758829074994,4.9488096184418602
3.0844156474200135,0.38664589116024928,8.7783382002835708
-0.89802392347806803,2.8659363488597824,7.5566934550490519
2.7430355406428344,1.4239306423892621,9.172242757512624
-2.4613764595337475,2.9805433711225966,10.12973439771876
0.48424647858926662,-2.9035287131182841,8.6115172749254381
3.4221702833879277,-3.3210119205299513,12.010659706986848
-0.67460548366520134,-3.2121971609573388,9.2498846466958184
1.5768735785795975,2.3603607740325288,8.8646629512752071
-0.67424041955115666,-1.2986084891069183,5.772509004342588
0.38277409056968548,2.6636617651956991,8.5154456467294981
-2.7197665414078047,-2.1683374847200096,9.3261141584669325
-2.5611343567973894,-2.2543971369933908,9.7534647968840389
1.7020097081336658,0.44576765835501186,6.5857782864603251
2.5786048221420872,1.5688707760031901,9.2582591483329573
0.66043875671664409,3.0835252256982395,8.7336490923558809
0.55226964404110479,-2.3056466610735891,7.8907893759099554
-2.2734971016506194,1.4312762719013383,8.450110485046757
3.3088077505984721,2.2034085544295534,10.354795249645493
2.3767488823023752,3.0750216950726692,10.082974617339381
-3.315667932824415,2.421485510940065,11.000670870373959
1.7683897007216238,-2.4601672069557488,9.0356609121019034
-1.9029185231022656,-0.56034112934268698,6.6639344594003944
0.66900702587617378,-2.2323524068848055,7.5053033000705067
1.3974641829423264,-3.2441587053967891,9.8993137171980603
1.104707784193419,2.8740970451272627,7.6677646757708438
-1.7781428278878435,0.6624173398180293,6.5847785304126667
0.42163924338325387,1.2795462739908219,5.6009057339556207
1.149572134637034,-0.81072819945381225,4.708290608268463
-0.95313365859943211,0.25945429207311221,3.7594481293582973
-0.24070464431013772,1.0750951702229363,3.9964746116804371
-1.6976526715942433,1.1637616693985429,6.6680060723452677
-1.6604824016320108,2.3830439833709747,8.9267704263793917
2.4385864442241516,0.95170281969666259,7.8923565577180899
0.90860679975724246,-1.2604899079326923,5.191451102778661
-1.5647355677544679,-1.9449232207676577,7.6557917039248231
0.49184175081442127,-1.1803690627839551,5.2767924299371955
0.85132270211831784,-2.0377627028739247,5.8948104035189353
-1.9525413758544818,2.329209927016457,8.4355932792510586
-1.4005589075446494,0.32187103774932391,5.8605664017200567
1.594999826994302,0.68146131518907449,6.5320389444231779
3.3941823398594417,-3.0029628803354722,11.069738255065566
1.1124511662383876,1.8680330478743148,5.9618594776984466
-1.739038064410972,-3.3278280452683004,10.194166227923244
0.59482328251537986,1.6483664289998039,6.6176722014527485
3.3367262670895794,0.54835585909821294,9.8415969465401378
-1.358297370364399,-3.4399751749518686,10.405264344462747
3.2989720650609593,-0.12496341586777504,8.9550780095067832
-0.73181508933754458,1.1462160007733218,4.9380009798789963
3.0739590846536267,-0.53585356558820063,8.8936023337858305
-3.4485348214889564,1.7696367207701194,10.496083105656632
2.494602977664881,2.3760403920802942,10.006463656748107
3.3892316646024145,0.43943291556664299,9.9553588304763281
1.0985035560914822,1.5577834858582138,6.5025047405190257
-2.4311204164651228,-3.3315598219940252,11.059713276407729
-3.0837020227688772,-0.65829459280629665,8.74015542626959
-3.2649707837131161,-3.2647117084616055,11.397223035706352
0.093495422197324984,1.6721395482528978,5.7373484687263741
0.0484668556461747,-2.8749868956979334,7.1061264694910022
-1.5698973373157514,2.5311236339099734,9.2038712349745548
-3.2818268422920998,1.925677150096071,9.6263576273690497
-0.9172064684607828,-3.1245455745358828,7.8992884015147808
-2.1088097483258923,3.2229655234528263,9.5144562217496738
1.3455750138949174,-1.6938112596629531,7.3552886570917249
0.33308351565148797,-3.0383487996705925,8.4710189971690379
1.2730647676481599,-0.76340647070381884,5.5351150401006386
-2.4340399471003922,1.2650699085519053,8.5457094701835068
-3.3123002638763381,-3.0698554591609071,10.859135469354001
2.9486176589633688,-2.4915830340756897,10.157120703950143
0.37810397167694099,1.8221274507046896,6.4780803246411232
3.0682877531097601,-3.3726761162859047,11.110909638889755
1.081467276425367,0.21129852107077429,3.8600513950378748
1.3686492278521776,3.4152770392997738,10.368807140577767
-2.7648606518248799,2.1500784095756913,9.1254271985873565
2.424238271014401,0.60878365885529551,8.2384003318052059
-2.6897344255734921,2.3811651201366715,10.108760535935884
3.1354561217770174,-3.3769426670692169,11.322837104259849
-0.91834348732016524,0.11885927869124124,2.9419410349829853
-1.590734053030034,-0.93930155233399493,6.2725025147275382
-2.459471957869984,-1.1714879438491468,8.3317927416041293
-1.0193877362149184,-0.98368520716228813,3.648089063045397
1.1891589847857365,3.3297117592771537,9.6400877424424163
-1.5294791960210026,-0.011003773308137177,5.6011311356821309
-1.7618738828369269,-1.1053350483062854,6.2749902540300226
2.2320889640331867,2.020645716125621,7.9166910896587481
1.94536495564906,2.0100258163223526,6.6151427401535621
-2.2830076848949661,3.0754794776967849,9.6752789880523107
3.032357824988229,-2.9573684798772306,9.0883969352588938
1.829058478782807,-1.278273244645161,6.9691754730517044
0.33185921788078909,-1.4635123593665251,6.0621326932114243
-0.012272791692164109,3.1461050394043157,7.6704159511241805
2.6967727284110747,-3.3577232125275156,11.220434454299077
2.3815128142064381,1.6461925020716874,8.9265869730937961
1.6552169890635264,-0.71529732667859136,6.5420590930573042
-0.8666122918442789,2.2564725987054501,7.1399863452334245
-0.40669227323805135,0.69885046018261221,4.3163410528852708
1.4686997148794942,2.9998545070018929,9.2380191603048605
-0.85905883109042502,-3.2601747330069584,8.9738212640103399
0.62094840443654409,-3.2429712069488534,9.4686287193999181
2.3661646748377745,-2.6909860205657115,10.071603422294247
1.3878207411114207,0.68473640194490848,6.0897513851170295
1.2036013830657772,1.6141658718687522,6.8821725921109866
-0.58169068432930215,-3.2023793962515463,9.3467184369963974
0.1482480574556444,1.4026670572847788,5.4401224384656146
0.66553990713848954,-3.481075833788303,10.129811302054286
0.27727502578300678,3.3466343292880225,9.5890661647020998
2.2700274787599035,-0.29906960427169205,7.4434863014488517
3.0710647353913565,-2.5131701016982557,10.354048304856036
-2.8658171994892219,-0.63034950325600247,8.5200131048340477
-2.5326254091877116,3.2674762555547172,10.991994541376133
-1.8731771429014672,-0.75261591690433027,6.2553280609637412
-2.0575401957778978,3.3490761921318155,10.054262304761091
-2.9238574637513643,-2.4835340280828451,10.144814636888485
-2.813324148561315,2.9453872877268497,9.5320079453963267
-2.9790279485649127,2.9178905103300155,9.0926716798876157
0.94558351917157246,0.76621538307256998,4.1954224276033152
-2.9231041799129103,1.0159251833958409,7.2465144145499494
2.1952678391385314,0.64140968440410084,7.3816012706184377
-0.2686033343101295,-3.2319116478524901,9.0769958176187764
2.2655508205098069,1.5822670285535629,8.5713433606694114
2.1919489270613131,1.9097730220861235,7.6380524110142058
2.4277626165294777,1.4087301689081118,8.8517508424959939
-0.82837501481590525,-2.1267929318521386,6.4389897392939339
-2.4261688183605092,-0.76139873544541148,8.0965980246345204
-1.3202203458781097,0.81978520145802847,5.6655134978992088
-0.35574507757291007,2.1163799200864322,6.8877279514456244
-0.059243524037401407,2.1976341971232065,6.1900358592720686
-3.179023174627635,1.7390662341662138,9.5390036145597374
-1.6067813166511944,2.8665205724730809,9.2079666001905736
-0.77480945475442775,-0.4111100855100327,4.344223876387435
-2.1126071328092229,-3.2423914144075772,9.6503284194200667
0.48600998937992612,3.2293890061742632,9.4676773358266857
0.50078855524468313,1.5135436722235402,6.3867492790102247
0.044429664074685071,-1.5340575356694299,5.6282383276689778
-1.2590900821713817,-1.8510385839856183,6.8384542781623416
-2.8644552044805476,0.60502636353061501,8.5622448141412466
3.3563408811388165,-0.79728788985248711,9.5903251822837614
2.37526661520692,0.23261100362227349,7.7064364203198625
1.7033472149857749,2.4767086400353255,9.1164349027230678
-1.2116074015120883,1.9252776187611111,6.4599763497334841
-1.6622732648653331,0.50159964635294063,6.6059968132032125
-0.99605567434636111,-0.37032418989762084,4.3392156093059207
3.2789175729395446,2.4445624563147259,10.931330255098052
2.4696232666130298,-0.33391422103677515,8.1828801197401511
-2.3724051665529764,1.6293423927235651,8.9047837518018138
0.56776101913177435,0.65740245015901078,4.5484009539090842
0.5397833630156299,2.3301008743126506,7.9739497513518991
1.3162262089238457,-3.4231665876966328,10.287270222221329
0.25114502222995805,1.6201805840228154,6.1648816720324184
0.75340673635821709,0.89609998535385671,4.266376840439829
-2.3288187473225959,0.93917263999330203,7.4425081254616039
-0.61024911384922742,0.48878216260514318,4.3985232323002599
0.83354968201851154,-0.74419910223428154,4.3801744998295824
-0.80505857472015485,3.2510049361166384,9.0827339881568143
2.8909974383023771,1.5648880009191091,9.2236167869682397
2.8150597303632949,-3.2901047792231286,10.80000470897444
0.73418447147637433,1.0013642922915817,4.3702974359497873
0.38851265468343632,-1.9782955943623921,6.5600219195907528
-0.21159641371333837,2.3226776585340509,7.4335131021704264
0.79876458626670388,0.85003529760083651,4.1995537324757777
0.19171395141397474,-1.5863007093220565,5.9840288537795274
-1.7885946407061886,-3.4712906864686084,10.515727948682715
-2.5735900018644156,-2.5213135812595007,10.31312027356836
1.3600138219386633,-3.4964537297039695,10.511762645860124
3.3227756293739139,2.2869699355588713,10.698212201847594
2.2862287071359182,-1.7079073221762848,8.5759226445626187
-1.6402574156902823,-2.1087490808552696,7.9390124966208671
2.4510723082303283,-2.4116624736157628,10.014244717896096
1.0582440755645397,-1.1020194778053307,4.2234366107718273
-1.328422299099401,-2.4260542495984696,8.6880531234700484
-1.8111780884607072,2.0851339198184551,7.3305994739220779
2.8571573871479341,-3.0722036336153931,9.5276974983422029
-0.76464400919953324,3.017030802631183,8.1183460204698772
1.685097037578358,-0.18966296670735261,5.9959495470881059
-1.5414176169879139,-1.348979036434987,7.2872601873596423
2.2034839645985986,1.5526137067967687,8.3378155561048253
0.75013953965790225,-0.47360310078205892,4.46548460829435
-1.4013148031878262,-0.63287399706688952,6.1510213597719989
-2.7999280930679626,-2.5835017510933036,10.292111087267418
-1.1896967804599008,1.3968330820808674,6.4816009018442031
0.12529524751018073,-1.9664835674806704,5.2617817957613049
0.72824029231171217,-2.8921074473171169,8.2217094049782524
1.91937145135363,1.7235199366025045,7.4064690084247058
-2.4229932727615875,1.5430217133970414,8.9986136777749817
3.1822001884603752,-0.078474784445401013,8.0579482899681469
1.6516080213350399,-1.3986611067639148,7.4909701949651808
-1.8645993541780137,-0.26235162843385584,6.0562753158363591
-2.8511833703331195,0.28690251857810933,8.182531088044632
0.6189266948908525,0.6151961018981984,4.5638771713948358
-2.365667934771948,1.3914218186475189,8.665268020085481
-2.196534523372363,3.4826346425912096,10.828667358164068
3.2043195579349426,-2.0582912183848978,9.2094686776347601
3.2826265335897915,1.695283568657989,10.094263019210468
-0.99147469815934741,3.2622005499869893,8.7839434583930753
-3.4964200735539115,-0.20493086025519336,9.8331704476601125
0.57690580788414358,0.97908130460283971,4.6331794161837614
0.34184994372848188,2.3009991146497386,7.6748440133540807
-3.4633766830914761,1.751682913993486,10.548500265437633
-0.2719783264486777,-2.3794941266320908,7.815325884685457
-2.0726369121214545,3.0194763865574856,8.2303116293240262
3.1936540879944486,1.9767117327840449,9.0095606879044468
-0.36472175323126832,-2.7569929731062048,8.4867959958658403
3.0177960263000223,1.5893255858706787,9.2952987140225538
0.84362275078150883,-1.8562712404731161,5.9297004573791021
1.8445738546541044,-0.16814569287561509,5.6352164792330122
0.34072269785224885,1.3736901074410417,5.8085196580447587
-0.49567771852995524,2.137949260075648,7.2163125418293603
0.24756845052446552,-0.72755238089538388,3.8387520240158182
2.5932374763347896,-0.44063710500350028,8.5172869849530031
-0.6333045613683872,1.6792291650518516,6.6243258234779638
0.99632860047970961,2.1617301082442726,6.2896422281066542
-3.1874634920595488,-3.2336854732082321,10.920314795560822
2.8114387680929083,-0.047792763690087003,7.3341976212026267
0.53778363087472858,-3.1680914917012704,9.2355428083301838
-1.7796878360590715,1.269867400171476,7.006479502239813
-1.1722683540183869,-2.0707142265528846,6.447280027278584
-1.231607202632337,2.4502151783083024,8.4893521623466484
2.7695273571538781,0.92547438557167183,7.8235834978791186
-0.90750492418293804,-0.4950822041524594,4.5171135107230533
2.8082561066064979,-0.075183634186901216,7.4087469607588865
1.1947348607924466,2.1438747151384439,6.9683627587325496
1.427278430996024,2.038276263281853,7.6136859772556313
-1.9689119040615877,0.2151094544173775,5.7834527180860178
-0.70409493684290769,-0.72518794125401254,4.5795941045117523
2.4302879577365291,0.14048918160432855,7.670029734302668
3.3665034235639988,-3.3843941057948546,12.043452191677092
-1.8551474543932858,2.2096946192910165,7.8785911363580468
-1.2988062839131245,0.71730881905668653,5.7273087747039888
-2.4631756542965126,2.661498968962313,10.27048013954427
0.58396630633675439,-3.3781479617066772,9.9495020676275416
0.76456822432173333,-0.30627277201474179,4.0369436365060949
-0.58577424286049862,0.00066884945231526771,3.2348933671704039
-0.023287589816542997,1.4548483565186103,5.4231736582651386
-1.4156731981847939,-3.368027857199055,10.32489475135484
-0.48051514756936697,2.9037097026861023,8.6092240530060327
0.11843839216559848,2.7791730871128815,7.6405552827515315
-3.4470300593443266,-0.43841727005635001,10.090675470757205
2.0176825401963692,0.28752441073372381,6.2639794090799192
2.0532876786107588,1.389760167256,7.5421404379668733
2.4449519645590598,0.56727426786682056,8.2981735503196035
-2.499792241846027,3.4143533568329723,11.330141460137947
2.1309181922242857,0.3049513471376204,6.7809535782704398
1.0405510615974523,-1.2800145572661736,5.4026237326313655
0.26589325993006163,1.4341535998960744,5.8442158827939963
3.0104480077088578,0.065854160942681261,7.0507454851079867
2.7311558633725843,2.5080520976063143,10.307910954036991
2.2493479285323454,1.3004172589868634,8.0106767102855549
2.1106721690200816,1.4418346930274275,7.8652739144255435
-0.48875813609758278,2.8115357005662283,8.6264259479998948
-1.3716298373021258,3.1621895884106879,9.5150640381758986
-1.6679631009879179,-2.7508143322106893,9.2451562772492082
3.1531486019357216,2.7744370529992537,10.238996337995305
-1.9560880556452551,1.3213679073566338,7.0923006092492287
3.2127823277690037,-2.8656523786054988,10.273326834263637
2.1145866565932057,-2.6037198091596303,9.2939930650426916
-1.0419726075454525,2.5551267439876497,8.167914420102381
-2.5693085178880972,2.1686091302261099,9.4748992759935842
1.1784313224728269,3.1582500584877193,8.6698773035283985
3.1950751704003171,-2.2806990029710037,10.162612419189319
-1.3517715245814172,-0.49525049307026103,5.9522792297814391
2.7105172635523571,-1.2587412241081664,8.7515037858097582
2.41639504367373,2.9379060853601802,10.009271004847829
3.2372182302074206,-2.7916276334480701,10.607050790376016
-0.92225096709346754,2.4506941294876885,7.9419542237869916
-2.0081496960410314,1.4886295964695115,7.6733684584910851
-2.8810620131622851,1.4283031438808322,9.1063206935645251
0.57067559726878514,-2.4686005610163662,8.3513702287124367
1.5376315970453458,2.3659284637964264,8.858194837593711
0.38430382908750893,3.085531063567557,8.7765885311252863
-3.0918316108205266,1.4755390976705467,9.4703903319291545
-0.88358160314777257,-2.8264276129055572,7.7337519890037658
1.2792540357041853,-0.87114876253946338,5.3613587134507803
-3.4567227692629601,-2.439877826687932,11.335925040071608
1.2894579215673634,-0.59619289898231909,5.7722979034996698
-3.417314492452864,-0.87159783035173932,9.6568716998859081
0.48451324854872624,-1.5208276540373218,6.3892585796040287
1.8495078692404805,2.7564829957478718,8.843759128319757
-2.2499373628701624,1.3827855965488878,8.2609868405853391
3.2060641376807641,-1.237535494325058,9.2250593068531508
1.9675045136605087,-2.7322028581590327,8.7517527931464905
1.8642474136311282,2.882949070005802,8.3977906809478426
-0.17583939434000229,-2.614891059615652,8.0522290419718381
3.3544859879287223,2.6507357054487652,11.242417537280787
1.8902820315841593,2.7925735608143043,8.6255438601956769
-1.2870575615301094,-3.2384955354945659,9.5766540780484863
-1.1719746067638122,-3.2527227468477089,9.1982477946550354
2.7905849869715453,2.9883351388455974,9.6326410565661398
2.1944215133925473,-2.3312365750344926,9.0716085327801022
0.33428025516743576,-1.1968344014326751,5.0263141180974138
-3.0455460777777992,1.2158950370230492,8.3432442771168152
-1.0871132955005693,3.3558068352553496,9.4480698812169823
0.14140491648835773,1.9582505935676302,5.3456616736551013
0.42520836728509082,-3.1956288815226896,9.2838295513104221
-0.30208353152733425,3.2385153692031725,9.2096125200406949
-2.775977601508707,-0.54312596248447997,8.642248270162046
1.103605811560465,0.073429670320556362,3.2851902343557704
0.54187308921683375,-3.341508431241015,9.8567816517978368
3.3194020089731504,-0.41855990742328375,9.7340308904965163
-2.9169100035631579,-1.0889341247945592,7.4848006014388826
-2.0101438408311996,-1.2509992029788148,6.7672531541073653
-1.7663880847061577,1.5883559710458544,7.7367440397442024
3.4153449479156563,-1.7389577215552259,10.458911335143499
-0.72237661641722761,1.6542919120757915,6.5330913049944463
-0.88056491815850269,-2.7725444340166403,7.9168628268950503
-0.1024375609181325,2.1822697194323206,6.2002953392632811
3.1100590076774903,0.67324712761054606,8.800308442301743
1.8125234236592274,1.4487463480107117,7.5595711064537685
-2.0108362250381795,3.455754508754235,10.337792891648236
-2.2105029432162997,-1.7080797494382038,8.2529090082501817
2.3773175039149006,-2.4302473483515943,9.9081005130335047
1.2100077663263029,2.5784971704786042,8.6204945472879366
1.2755390701226714,3.0381012486290668,8.6673575513387497
-2.3059978850667657,0.10463428358982618,7.0383122061535524
0.16095646564192778,0.7759174751358735,3.4245849355845444
-0.096324888302373513,0.93177634025540002,2.8225327005574776
-3.0657015932986256,-3.2467941514763861,10.485603840027174
0.22450373597600048,-1.503699729573537,5.9306759593428424
-0.94813945885477491,-0.89802922141276831,3.6932138871857738
0.98616464315208052,3.2906356622048731,8.9639760338126173
2.792448954247627,-1.5980399423277327,9.2708192601034956
1.2957110424101224,2.6184936102633865,8.8863667602954131
2.4647342696236159,3.4103401302554959,11.285469237147437
-2.0555607537674745,3.3620648932135593,10.105762522738909
0.10639331908209515,-2.0792961789929478,5.5223556926499455
0.86712170554284818,-0.9770932982360212,3.7976591967625559
-2.0665321076627636,3.4219134074827524,10.338804255447572
-1.801782024832663,2.8570414111442313,8.7118141506314988
-2.1756632572196146,-2.7294444649171643,9.3357342270109616
-0.30605219406289663,-1.2793341527442501,5.3454245209623394
-3.1696348837792527,-2.1094361182556387,9.1708575515837083
1.0492705885585325,-0.68589347133701839,4.6439423486236784
2.5038485036897207,-2.0410607874111273,9.0689297670908449
0.40306777005073879,1.8471294960449312,6.5267150982720459
3.3587012381262067,-0.42707985591571251,9.8621565296498606
-2.3092061617956161,2.2923439216227015,9.3635046244153219
3.1638287603861484,1.1531420502136775,8.573740328157422
2.3206146588986076,0.037540529177527926,7.0023404096415121
2.7125684488467208,-3.2502360012607561,10.838408147767124
-0.2693134683447429,-3.4619500322472887,9.8998065570465794
-1.0730351670221419,-2.4120344998708685,7.9267471732529025
-2.7158661459995423,-1.121139044057418,8.2271038398957081
-1.4415547329566278,-2.6617651477685218,9.2012659248246713
-1.8593871082134164,-1.3888227746352668,7.3776257592924281
-2.6796375385671745,-3.0347230491085209,10.120930612671884
0.44736074874576559,2.824754292057623,8.5900734763244326
1.6732132512547908,-3.1464078019962418,9.5622451345953348
-1.5645565012798199,0.47614089114954661,6.4626880812640621
3.0092154107349423,-1.5686460455888849,9.2956101348413576
-0.53452655140395056,1.3561940071515828,5.9937640854776681
-0.10435842716179566,-0.22269190662669924,1.7831320352618505
-1.3469840514442075,-0.48705506262202158,5.9292435798327716
2.2994674378636946,1.7330311640237097,8.5944449069109776
-1.1526770651973006,0.99925098192766537,4.4024821782576673
2.1188669057578515,3.4737502720502809,10.587783080011064
-3.3033947463736131,-2.602589856196091,11.115417143584699
-2.8689734504775002,-3.467738657527037,11.274553604194388
-2.774060740074868,2.1444529673549662,9.0705604490860718
-1.5504995226809548,-0.63610669586751412,6.4906628037531888
-2.7098492500353135,1.383816321056095,9.1039849499068133
-0.22650350768105643,-2.4560909074116628,7.9425631680661084
0.64576143488535731,-3.393116652201106,9.9484348122830148
-1.1487905826320692,-0.24724089338278388,4.4229917297770101
2.969707444219071,2.3531629925702742,9.8066408441046136
2.9945447112978254,1.374162611198309,9.0080154574956648
0.78950646065725838,2.7147695400770724,8.2964825081129359
-1.1510539511468649,3.2106340654221901,8.8593823864030927
3.3917486925213245,1.6148512569831777,10.495218347337985
-3.2137859333519625,-1.1960290006802832,9.0817838469923178
0.25941854710236045,-1.818454337099664,6.0978155563028373
-1.0830718709445,-2.9307032409771074,7.4342215843116293
-2.0414980473598696,-1.0684119078551082,5.7262654930057515
2.1655385082186829,-2.9809483529621543,8.7246568470767656
-1.5639608576503283,1.5195634736929424,7.6413472307561925
0.053220121392296704,-3.3664677472263249,9.1466646621459979
-2.140292523687136,-1.7674135746731507,7.7600664218766511
2.8247889381617872,-0.56748079880631597,8.6165411121638744
3.1689084629763551,0.10561819654825522,8.0530625018638933
-2.5376287787795091,-1.4103119997898377,9.0498737590835354
-2.9209424078822175,0.91221523779557323,7.3679394911951377
-0.13264032062842901,-1.2453142045539711,4.5441886990771003
-1.5125148926579861,0.81246601482614089,6.2943553360303248
2.411946029947071,1.6122698503119741,9.0025213923754137
0.35235143623566678,-3.3381234647454034,9.7072671749757244
-1.1730599051481105,-3.1527246693024695,8.6086947838651948
-3.1720940456120759,1.837242909965461,9.1674276107186454
1.1380622529692666,-0.92451937626826153,4.307881440254814
2.5156719695219367,-1.3828239102512829,8.971994918821995
-0.31725094770512507,-1.7114398303813227,6.3597738218088296
2.8787473094442397,2.9841700083347718,9.2300768226777716
3.3639675819580868,2.756667717313487,11.170761790828898
-2.0951793364925102,-2.5751184662194442,9.2434521909970329
1.272115215690345,-0.021755127946341712,4.4804705319484732
-1.5142273382992053,2.3727459554977051,8.8570140376236868
-1.3097482350162091,1.6668318078831392,7.2501983970706263
-1.4607734930376761,0.35504021992303869,6.095483213440005
0.21547098379417795,-1.8804581445595607,5.8102309217574195
-1.9279405978731445,1.3457140354024064,7.1943152018294168
-3.38538047975866,2.1400280208267164,10.422592019701945
2.0466681091373307,2.2769079423857939,8.2630036446628523
1.23738768845711,2.9115233794654074,8.3415653645292025
1.4193395296490054,-0.88943846809947935,5.9882140455387969
1.447800134636358,3.0241235551470185,9.2490047277355369
-3.0498207768687235,2.947244086516811,9.1579983870531176
0.62201300847610774,-1.1592365770430981,5.1998829568405007
-1.5709817016910306,-1.1292569319281291,6.6073371552888105
-2.1245543975935499,-0.13814024994534746,5.9486757520905122
2.5803939959723143,1.4730616246598514,9.1855634124738845
1.184239598349909,-1.9911895541250737,6.292023672333297
-1.2573583695619943,1.690587276119226,7.0573975487448113
-2.3888127149562131,2.438084295041123,9.9468270541451123
-1.6701891476716508,0.26906453578091405,6.2331147223156762
2.3573001845710095,1.9323150253326657,8.567792555270449
-1.6287236650593835,-1.8565642917114558,7.6485292024180289
1.9630990108990778,-3.2986684925622787,9.697155220068769
-0.98540743964748012,-2.3554919744784062,7.570460193926916
0.49898066157149223,-0.005625734266492266,3.0813524825469258
2.9087846426827939,-2.086416999004689,8.3277550672648335
-0.2287740595386305,2.9655490725088374,7.8441043158488437
1.3514346649934197,0.12973892357261274,5.1657634391666036
-0.64133362287754236,-2.1556917578305228,7.2027766541785194
-0.66963659173880696,1.3686094645704712,6.0357715292714396
-0.15551703681409368,1.9512525569234382,5.4238727214266085
-3.1927392219164772,-1.6215768617384905,9.8342358102722383
-2.9297097651486013,-1.2499019649845216,8.3995364878297387
-0.94168787785540209,1.0473740668156699,3.7579772942164205
2.5758456488023311,-1.8758523093304977,9.0588892545431925
0.72402049057769524,3.4593398329588583,10.017197277089164
-1.4574767760243783,0.60679185692365145,6.3029396310159989
-0.01315424029836354,-0.33913829288229103,2.3935934663629048
1.4355315283959253,-2.9755032806870658,9.1481875758582998
2.615234909107869,0.72712637875600716,8.4539403008609426
1.0931172226028432,0.2938530807636468,4.3525482217932421
-0.651637035147548,-0.16403899920680942,3.5634535652141608
-3.2533220976333528,-3.0518227245666649,10.486054172203605
-2.1645130608328715,-0.48662033691887574,7.3194871862798365
-0.49291565641700608,-2.8909902041017883,8.6143455981570884
0.65745127586256036,3.4846110819501348,10.143817363022782
-0.77825041083525104,3.2835219352215521,9.3243431715713321
1.697120537444162,2.3710207673766988,8.8746540473837818
-1.6430258553358847,-0.55360809674846312,6.6103087388292856
-3.4185136484121004,-2.193703919735067,10.688803749289347
0.69938883847128785,-2.1157052962635921,6.8817466416126916
2.1043281122191289,-1.6031871433188849,7.9626100967964977
-0.28381020484618524,-1.1103118229664899,4.3885691145961303
2.187654442588217,-2.9698515977713553,8.8697249871279471
-3.04771723879084,-3.4449587688331604,11.275068743050904
2.5534799795155765,0.51638519041235043,8.5025295173661846
-0.077867726752052668,-3.058465006953031,7.2635059325528175
-1.4285655789215097,-2.8926832711600556,9.1033756422910894
0.81829637462371174,0.26061416223744427,3.8147037706133311
2.2191878900087865,-0.10467810351679718,6.4752622174200134
0.11380026690714296,2.1757931224357545,6.1954686450928733
1.3348796196674799,-1.8525520324320441,7.1904132152413247
2.6126375063100022,0.3327218840517312,8.4041113157053662
0.17419607295645179,0.26981552283532428,2.4244106708369131
-1.0657582542326498,2.0238843414451431,5.654065432309114
2.7842775990180373,-0.94196486323219331,7.7451356530299993
-0.62507603765752551,-0.63416040930854933,4.5811171091135137
-0.034790812990814324,0.82596311845462722,2.8751248402552214
0.087573310841732699,3.0932197488013813,7.4838985926143984
-1.2747616573058651,2.5984130330620694,8.8203652585968761
2.6436625960907234,0.45513228149750518,8.5786072127421811
-3.1259831370078053,0.060284785486512504,7.6041270614198329
1.5680320059543504,-0.30696400905319354,6.2308206818003384
-1.3586275334724789,0.028600841355637563,5.0220219833697577
-3.2459165356524058,-0.33521143721390079,9.3264743174293976
1.2990055614347016,-2.7326863970659971,8.8667910361108646
2.8339274654016053,-2.0700919938138469,8.5212520708918404
0.28296532461491397,1.427419139095309,5.8623411755138335
2.2969627087111171,-2.4936221637668785,9.8112936224854845
1.4400634757012005,-1.3074869686065353,7.0015569202976629
-2.0480251870294115,-2.9109057374561242,8.1658836202591853
2.4084268139274476,-3.3981467317140632,11.180808859344602
-2.145226951937441,1.7494933542140041,7.8414613138387175
3.3573575105137197,-0.47184592817914472,9.8887055746358143
-2.3416080073382135,2.9697858608865193,9.758388661318719
0.25518939151006137,2.8612623694363428,8.0381606595502557
0.95820264704530622,1.3609350870409624,5.7372187064697826
-1.6501087222059225,-0.60698417179370212,6.6170218066231286
2.7442925799118125,-1.0850896603810498,8.0320321521750184
1.8294106464938231,-1.551756893821699,7.6813301617098428
-0.7556600523816317,2.7141890353860498,8.3805076949162984
-0.06512149445175508,1.7650510543954443,5.4803857707773709
-1.2589247784896043,-2.3944965136890577,8.4206934000289344
1.3785472318504866,-1.0776584613495874,6.0189835779757779
2.2627481177732882,-0.72694182807900987,7.533510069933266
2.3671752807260349,-2.685332732243181,10.076639483198809
-0.050399188291601948,0.89363146703975449,2.7150874919754102
2.7263157142403163,2.8008769711289876,10.124663679145812
-2.4236209634469441,2.2298380879271589,9.4813651963573609
-3.3073027855355837,-0.070833073350970555,8.8743794454955101
-0.87259455966258948,-1.8499557883626869,5.8418481410257179
-0.41304653004245973,1.8198031143654347,6.550716556817676
0.35474060967242593,-1.1306994548645717,4.7687996855127857
-0.81537329533894409,2.1733153562296996,6.775612399690365
2.9206232650621455,0.044922625478883482,6.9786379100073823
-3.2017152594103315,-1.8859222855705919,9.2004014088623105
-1.3350290163469891,-0.62076622063948861,5.9382887739053842
3.3906328913827561,0.96619903180456124,9.4629782980857868
2.8887057965487415,-0.1004568371572887,7.2336698957858392
0.20998485876921524,-2.3371269504665482,7.493431501268395
1.0010115753209075,-1.7579520034313305,6.0040116558806957
0.40358394492231708,1.7769232609180072,6.5404680147383054
1.665360617968112,1.7684788008319234,7.710839035677342
0.3651797996731454,0.70334887810418945,4.2172186597992045
-0.88919333930343214,1.5943155536951901,6.29958543564846
-2.3554211770083175,1.5929920581462014,8.8559324976838116
1.9948965939626744,-1.4146630982000414,7.4936076145272832
-2.8677087743143126,-1.976362394334112,8.2000999950101026
-2.9319650196382803,-1.6690857054554715,9.0712692374612356
-2.5260141535807987,-1.1048079071099814,8.2691262565862793
0.26806991059886398,1.2617571763222308,5.1425988744666178
0.95198505053814753,-2.5530357776759689,8.108931969651227
-2.2981177939774753,0.96576030786077194,7.2558139256153389
-2.9844330788440985,-1.7023723506019337,8.9960472990311509
0.98941799723518464,-2.1551251197851178,6.2361276938372185
-2.0138364427364364,2.5438314130047699,9.0608312698877462
-1.9912630596085328,2.111905766699417,7.0393444346232066
1.5698591125364345,-0.71760922961032847,6.4753692879245257
-2.3661948094224909,2.6492419619344441,10.083065655825381
0.46543942754145462,-1.2592741921987542,5.580757512775083
0.74654472150486928,-0.45551157115573027,4.4332651583873925
-0.46247456269190934,1.7819535814173921,6.6232647174452381
0.67159194374819986,-0.28245184787782929,3.9629917536505097
2.8234800521469987,-3.0365018822545502,9.5583339651456853
-3.2226615236259688,1.1797700065187966,9.0599172055478014
2.3291050176192396,-3.1512072240950753,10.173419475542246
-2.4690091009162733,2.1219714302639305,9.219954877476038
0.85250567522480303,-3.0958944013994172,7.9797457760189818
3.4482474703532944,3.1529857406635342,11.560357591909435
1.4849139553200779,1.5276914507170396,7.5495316510472783
0.7813227867730248,2.8722180706036786,8.0292428621441232
3.2910887951690775,2.4051439008459949,10.898830961295479
2.5633394741406095,2.318502810858825,9.9390754421146816
2.8775824048595462,2.6072523147910456,10.200433016553866
2.2903196522243299,3.1434569045747596,9.97652023676957
0.31811239106709577,-1.1679147059003285,4.8251117743028651
1.3083696163790801,1.364481642682617,6.8088247239166169
-2.6855167428592992,-1.3200992946851131,8.9557708184832769
-2.4775176248435482,2.5246310766865854,10.218611768746202
-3.3131939631135205,-3.2490715368660061,11.515902625711679
-0.044159787272247453,-0.088102828803035216,0.52018110750486102
1.0956767273068895,3.2260788831359317,8.7374952156220296
3.3696881920957562,1.0293760942590389,9.4050766399345562
1.1421691835341958,2.8108317703817729,8.0474863601337869
2.0191767429508412,3.3599384964613455,10.034991570682791
-0.75717035924689968,-1.6736349408194628,6.4819314866271149
0.52469225396305941,-1.0503026641571793,4.7965938291234878
-1.988903534722932,2.6225295665880051,9.01153052300584
0.095182571061502408,2.9124707028758126,7.1580081216607461
-0.59285583499219996,2.3732569452271308,8.1027970790976784
2.9605670771140078,3.0584685783507606,9.1745426027279642
1.2514169039438183,0.66558031402194739,5.5780011378854759
-3.2093847029678306,-2.7417488682828539,10.60298748350603
-2.4836701716469065,3.1665077108244049,10.616727799600936
-3.3003321642293328,-1.642382074772994,10.21776104857916
0.014547747304463066,-0.83304083250047878,2.830394211145574
2.3736281422312393,-1.0433909020587917,7.7176652536144275
-1.9893429384359136,1.2417817803531639,6.6735492932778619
-1.3785565959857835,2.8528205664496546,8.9998382215536701
2.2685923325310755,-1.463976047353821,8.4865322514131734
-0.91866931019784914,-3.2452348307368499,8.7351588195625194
-0.78508472487772618,-3.3218399941004684,9.4793097791150611
0.4202884247452392,2.5404176688825872,8.4250787955373738
1.6338591786581276,-3.4203220883330916,10.555224529766532
2.3210883384274581,2.5148464233346273,9.9020122085335363
-2.4025450936276518,0.68763074259361634,8.1238019919547249
-2.9694580655781926,1.1331461756247529,7.6753494028595988
2.4051488843941815,0.57151346402049441,8.1976264394811906
-3.0462662770723337,0.032695005692061851,7.0849057110917251
-0.45136430162095786,-2.616733896631664,8.5515816526305102
2.1737908289839369,2.2190946438949171,8.4420849342056208
-3.4435424097692473,-3.045676854114169,11.268095928682635
-3.1495358536547,-1.131102883406566,8.3723128693770832
-1.8105634091706166,-2.8772564803509684,8.6287833144982198
0.1735131910949006,0.068285776982312196,1.2533818483202239
-1.0945322214374591,-0.39926082246421801,4.7451693542673432
0.50150953342970084,-0.78079535777998643,4.5103228803006985
0.61155967310461801,1.9699169832609451,6.6633584507791603
-1.8526989629648838,-1.0975359478745736,5.9355365518859244
1.4781138258865028,0.21817727278276244,5.8546605285854234
-2.1615296747158088,0.82998164674122599,6.646614808718617
2.1747353747721991,2.6795175480904021,9.4281828991418823
-2.4541938745484981,1.6959295838443218,9.0779501386213646
-0.68408095710462824,-1.4593920060313614,6.2907396641779343
2.2485844463812699,1.6303056650171257,8.5009938175251456
-0.67083007527705796,-1.482392642104672,6.3500866097066293
3.403217212463848,-2.3910241325646693,11.161368592445482
-1.3294640048154225,1.2369691870660784,6.4280244415845011
-0.28337492556157207,0.29833510725705281,3.0728780101998616
-3.1897764935279471,0.45410606803683429,9.292779758158634
3.4511877826194048,-0.83965927541842955,9.8047872790929933
1.8261430245848533,-0.62033694016996055,6.6176472838828815
0.46040582847657108,1.3299790871140429,5.8437982535292221
-2.2691476774517172,-1.4278299620919577,8.4286116132811646
-0.12507732681320594,2.0892537090023051,5.667948988847737
1.9055914712218396,0.48216485974481227,6.6510944288248446
-1.8429786300251603,1.1381423902918311,6.1752122007165013
1.5006751160590142,-1.8840439476124478,7.6111348468881523
0.73812008557990261,0.51229059444928282,4.5195328880256618
1.3149207751297984,-3.2275423770022673,9.6210395280528918
2.0000456044637609,-1.9622335115664593,6.5809970033298235
-2.7265201739660703,3.3294230096215891,11.104501570761995
2.8736438344702968,2.1272753064065091,8.6440609561023063
-0.5849033819371936,2.7967923026322801,8.6149701727260197
2.8569070792157722,0.99999072443041293,7.4323463561787513
1.3109626545793702,-1.4649397680049931,7.0633378797644273
1.3186171293642621,1.837487301133204,7.139426967251385
2.7122554656490241,3.1152468609678428,10.273461252400189
2.5662702230746346,-0.17135231530398221,8.0143418790927736
1.8927946538639944,0.13830109116581824,5.3848447973657905
-2.4814000158534766,-3.1205078873770451,10.462420620055401
-0.41493887437388732,-0.75032525399792682,4.3511589372204931
3.3887989948022721,1.0541696114998302,9.5181982345650944
-1.3641789210313036,-1.8067997890868013,7.340561837199548
-1.7682301365375281,1.3364676635381532,7.2823336718198579
-1.033640053462642,-2.3082524646115181,7.3689012143877406
-2.599397662214634,2.5464487096083195,10.350700095608628
0.94785240489882128,3.1339619479293761,7.8908457014167794
0.052129025476391533,0.14819534920207111,0.99388940584635321
-3.1387442401429326,1.1477986774126787,8.3899595389480695
-1.7014740913218465,0.15667557476141125,5.8766138817913749
-3.0134936660525953,2.0947032787619326,8.326213107765426
3.4945089384414185,-0.48055963745760044,10.204339308704323
2.3571188855396219,0.69037912630940301,7.9773447357129559
1.3355544192943896,0.1081459998731864,5.0285662596843181
0.14584293958835115,0.88427183816542509,3.1293768473815291
-3.4811547356875203,1.0375792271177362,9.7631888292302751
1.62071042245935,2.802024773689598,9.2477641697652366
1.7057054576103452,0.10092260363521977,5.7075898213221592
-3.1975993166524743,2.8279895372703008,10.295156462241032
-3.0120695015310552,3.3082063361666556,10.718604225280085
-1.7122415182274691,-0.058511397828183931,5.6039342627621203
2.1118345872079818,3.4660675994163643,10.554443655039703
-3.0642477473799499,2.6604113106194553,10.238799205151038
1.545604538115585,1.4465035428209907,7.5065424667049605
-2.2032118738719402,-2.7282217544118517,9.4585061678683111
1.984042552414123,2.3040507227805618,8.315861731983647
0.55079808878452319,3.0577416513599562,8.8369568790271895
-2.4683727709673926,2.0060892162010546,8.9540051493694151
-0.88137878316062457,-0.13001562281901791,3.052563252295176
1.9341050015931733,-0.46806777984435755,6.6557531955267883
3.3076046839611779,0.53443252124351215,9.7519791002158662
0.3475043915517082,-2.7106611469563431,8.4656795180277751
1.6753161636051939,-1.2192911287340999,6.9204086311513535
-0.25842745882835505,1.2713942211968128,5.1601328502034747
3.4417870944120859,1.0573479763548477,9.6977107086727745
-0.006432385582942679,-1.8415889052914267,5.140603768651232
-1.823387556475093,-3.4731182343327012,10.470885173405408
-3.0604719599301471,0.14744151574552022,7.602852938670253
-3.1454654799697042,1.6064240853309419,9.6648336840439963
0.54405624284228438,1.11720141673322,5.0461047567970958
0.65005088842311931,-3.1989662410680602,9.2407060834088774
-1.5069006395371611,2.3338240608239884,8.7440420497327267
2.4617194310411463,3.1093300855828687,10.398148344614611
-2.3842691161636029,-0.86858626659450167,7.7828220256205611
-3.3653961312883975,-1.3626332254631919,10.231397263136815
-3.3058411281701336,2.0449816880037464,9.8151269459992108
2.434626814693206,-0.24546406638089291,7.9274315090707539
-0.45338702611983628,-0.75437580361637924,4.4308337312279811
-0.16871101663982691,2.2186459148710842,6.7095243370481121
-0.91138658272647355,-0.6199641365930022,4.5433497644918965
-2.0246758440296073,1.5220482393079493,7.7410497394131053
-1.4423511586882944,0.18551370988159377,5.6730529152835345
2.7214784392763018,-0.47058097655460873,8.6255253087319925
-1.8417047255468466,-1.8990930029062876,6.9959288715319694
0.91423144526233102,-3.2677072503874376,8.8880082786360415
0.80081740521506539,0.15620948889689545,3.3531444355341833
-2.3392491366233141,0.84766367895467987,7.628600571265304
1.9099322741086464,-0.87829608558338013,5.6741034067435976
3.0353813182677047,0.095400186795139952,7.2404270109317075
1.7172026043883681,-3.333099995679818,10.245634494804277
2.6911126789548439,-1.6097336907713644,9.3147327958467052
-2.8641972757092051,2.1876329950912607,9.0231369719530523
-0.56876762313223983,-3.4444462489894123,10.114213897185373
1.1402092694887322,-3.0288637655646005,7.8155141832208059
-1.0386744955293761,3.4376145589235652,9.6591245923529314
2.0436003222377614,-2.8286529020770441,8.4572942719909996
1.758155869201274,-0.23350790136251431,6.0746994942633634
1.3559044388918284,-2.0829245518377526,7.5123174590235742
1.7281052487345834,-1.0922914046419443,6.3211632707007723
-2.4266438261212668,-1.3953736463744906,8.8262524652504126
0.75682055390004699,-3.1569523681223366,8.7350627948382353
-1.6757593776396627,0.022170290731920339,5.6282525925617897
1.6668172018931235,2.5555846198431933,9.2404624230115999
1.1624213931963032,-3.4286318247044236,9.9045603027029685
-1.9500165463404753,1.8465980334974077,6.8985242592093101
-0.75619841065059834,-0.85327249156148,4.3171648735407224
2.0385640810868502,-1.8608841190892924,6.9424011975876674
-2.418422966754215,2.8027820931719063,10.108677185705588
-3.2454444980694128,-1.3119107495296722,9.6883578356824298
-0.91652572753434125,2.2934573307951558,7.267322793040309
0.24041303910812406,-1.0462106419310166,3.8713856614001507
-0.070066459682785798,2.5218391687782491,7.7618112667993948
1.6251152998031806,1.6604733303460755,7.7813755482262881
-1.1355210162772993,-2.8861896256460908,7.7920192861723212
-2.4868485648459546,2.9332807246508912,10.148818523238107
-0.87324393257704447,1.8111775822816938,5.9572236827413896
1.6845400727051425,-1.146235178140572,6.6162813817084078
3.1227351632241049,3.1757486570758751,10.272865070361359
-0.63140018640074613,-0.020042312100156945,3.2575814978506195
-2.9815549088430737,-0.9442906941210869,7.2388405821774757
2.5494913183470436,-1.92137721046273,9.0197119092785787
1.5629172577258679,1.5338621160323997,7.6581393478462996
-2.0392071616022838,-0.4007162524129968,6.7290126517381932
1.8491190106503863,1.2563841308082289,6.8273130484986417
-0.032255930103758157,1.5509616497228027,5.6427603111191651
0.56532956497329856,0.046404789136106572,3.2393477989338493
1.0916793893648569,1.5050494014013367,6.4198446129648516
0.27881243512221676,-2.8159029797705215,8.1966781769687458
-1.1938790361685454,1.1551592431812985,5.3323432257140446
-0.12165082416446937,-1.768315453730104,5.6332595478475085
-2.9253289276444958,-2.7110615916266703,9.9563951032926106
2.6937506655180625,1.0631918319805145,8.1055179828363837
-1.4590917821848146,3.3290920918538243,10.270974874733195
-0.74049332083386554,0.15752356855781358,3.4718217437426837
2.5433135063135053,2.1009805380531379,9.2506745263306716
1.8185765668171543,-1.9102029679607913,7.0647178101656731
3.1617926588116205,-0.82501926272290982,8.486677361819142
1.2065807811455125,-0.98966200955677275,4.7945182393130068
-1.2202334441607992,-2.3589048706543698,8.1805592033587846
3.0129589808657089,-1.6156867212808363,9.2529609962631962
0.53358255870521454,0.40914979601185664,4.1298058891517577
1.8440041809013472,-0.54417569969575164,6.6629151749323903
-2.093400165603553,0.85307192453758773,6.1404784380206543
-2.5015300141821166,-2.4463991468447372,10.146345285763017
-1.6574056672619777,3.4342373117217608,10.574266746782442
-3.1189732266679071,0.1160345535655356,7.7604419181457676
-0.39605418057149455,-1.0861426875007885,4.7029691954163191
-2.8477015635806033,0.29089211631385314,8.2017229490656032
-1.285535642410558,-2.3498701625990304,8.357178203426038
-2.0000790167045435,-0.78616513058961957,6.1145874453092972
2.0402991393127365,2.6953948189427592,8.9473845718537106
-3.0179679796230632,-3.1983960526906694,10.052515732033013
-3.0993837959721189,2.0072613474112497,8.3819094642366814
0.30363992482235114,-0.29819650700549838,3.1563078347034867
-0.25928021153310166,0.43247906567480365,3.4790279940710818
2.8933849690232751,3.1571996125723052,9.8548429435925335
-2.7729101184839284,-3.2271202116908437,10.606767264561897
-3.4783620069761758,1.9815861940762387,10.36275039021668
3.2111066224541407,3.17532818185229,10.743335281965759
1.948358780962522,2.5092831119535441,8.9814514775349856
1.8708411912929197,-0.74231949174765699,6.2953962667527428
-2.2548667104973545,1.1053151448345488,7.2356557848698433
-2.1166772038497688,0.71467430160426115,6.8374485254688544
3.090685362264491,0.94592511078001795,7.6149284463177231
-2.7078912114943785,-1.8630686025616456,8.937827660976577
-2.2574324783568036,0.31612434046937832,7.4312018681162879
-1.7852878282324764,-0.7734903313548962,6.327813409290691
0.53600571763273486,-3.2443599166338331,9.5308121623516247
1.0791678028183558,-0.88788245036951219,4.0334773483910169
-1.268681512958779,-1.2905437333857357,6.4029122175371818
-3.0097648759946747,0.52960236286337192,8.7287743845417278
1.6142755548355261,-3.1060266310983033,9.5106920875345384
2.4579036345362955,0.68281274145685966,8.2725628824315613
-2.5348533224318985,-2.2328049665696383,9.6665669055626644
-0.40873251830340607,2.3670399812704908,8.0088633555559401
-1.6835921887881804,-3.0329791739636751,9.1408641985152315
-3.26628546707102,-0.47645639602942813,9.5988249390105729
2.0519355208686019,-3.0863179788239417,8.4127299709095524
0.83506289280166346,-2.3605346680820958,7.7454575585897611
-1.4953491874734874,0.95933399696032051,6.1776547965569364
-0.0075971587890308889,1.9969945673480138,4.9226466005616025
-2.9059347899870369,-0.50672114917923317,8.6209129591149054
0.52072262651766721,0.40562249874984202,4.0983699553782813
0.47773796279546987,-1.1135195010997569,4.978281373837298
3.420615138313754,2.1987668859599392,10.709845102711038
0.43161462079777202,-1.7298562532869823,6.5796309170256819
3.0020677499561614,1.3292271828432671,8.8484244860425338
0.0918266176802085,2.505879558805848,7.7669565311929674
2.6109197492601197,-0.038808590900574202,7.7864908232237937
-3.4403056642231316,1.8924338237288172,10.312496339730188
-1.2939908431455365,-3.271622196294329,9.7426168332063803
-0.65439923496489083,1.4677419992271812,6.3221954736409849
3.2922127865521951,-1.1770859436255243,9.4259431183370221
-1.018854164369964,-1.994329503013935,5.4395987743455798
2.6711507303039133,2.1033500696635832,9.1785558498991549
-1.2142044224833133,2.4497614855427869,8.436916446275589
0.65820413426712854,1.9784498273839084,6.5762296807298171
2.280602897011561,-1.0798428815633465,7.3118332312183014
2.2896172667956485,-2.3739313807024414,9.5512565875284228
1.2837885689252042,-0.94160961808772958,5.3151380790873368
0.57391497446846529,-1.5197469066117042,6.4340866861020096
3.3028498386397631,0.21384821046162239,9.2432564649795275
0.10105570199744918,0.665111421926321,3.3734812117972908
-2.8483638024243323,-0.14257707929416252,7.5303249531100853
1.8452457929653496,-2.8989925198659536,8.4340425090908138
-1.4337807068836894,-2.7141029976227622,9.1953158686778806
-3.1682954271036001,-1.2915051229947232,9.2665956205124029
-3.2331944988778303,-2.0277027319444851,9.3352504362432409
-0.25329720500314634,1.8143392899367479,6.0781802024075908
2.6820198840154568,0.94655388001278418,8.0383059304925695
-0.46400255648541311,1.2752038035527722,5.6429067458964077
1.8163151781384705,2.8555940775211308,8.6596445404895679
0.97219884814173074,-2.4056310069556002,7.7804096767593922
-0.37443172034678041,-0.17362336372570342,2.9666000147296749
-2.9651166049651501,2.5816064257906408,10.194540500736473
-0.23445341173991174,0.53034884050929065,3.6502906877834462
2.0729301999099476,0.75660643221839052,6.4810661005925922
-2.0693840606786083,-0.60659349665913975,6.91219915833776
0.84501704799070065,0.99331974336562912,3.9038528034311852
1.9214989596242829,1.8846251830561327,6.7912223469420141
0.76523411540383002,-2.5525281446716694,8.3443496087424993
-2.786154534940195,2.7578431823972114,10.082924327348678
0.59805785005711964,3.3528519398733412,9.8709467539200748
-1.5563159076440234,-3.0316687236579396,9.345220242790937
-2.209978881094715,-2.8905279915467648,9.0966483212925642
-3.1544916937540122,-0.57288981666412342,9.1621771338049545
0.22681054711305881,2.8119938165981084,7.9978991666743209
-1.2176103448572113,2.3371346007762819,8.0878504711133896
-1.7408783714061322,-1.8672308293576356,7.4194824985699626
-2.9794295477146502,0.45757884798895265,8.6462332177872874
0.70498555983452604,-0.73608077679886064,4.5703625777108066
0.70530508355378796,-3.4190230549894971,9.9484823292736735
-1.742188571462322,-0.057275202278262771,5.5298424046128822
-2.9439470039298024,-2.6864614677090195,10.01901227391207
2.1169977797691137,-0.40110848890640582,7.0066564130147473
0.3637974640887025,-0.27751497135902836,3.3103616741856143
0.60520453662755003,0.1377303834450494,3.4670655323979069
2.1630578877778941,1.5977475366981366,8.1835547033744902
0.38875469098657023,-1.8813735685217312,6.4916392721925753
-1.2557452132745208,1.2529553803514668,6.1827739477730326
2.6257820936940952,1.0662555317478617,8.2112189898236938
-0.63206254793117322,-1.6656679794373428,6.6184198898301254
-3.2401916134314104,-0.31925066541273051,9.2630022990435048
-0.40435083789842574,1.9749851205375961,6.5946274246675465
2.064748188810265,0.70176888120615377,6.6625249929943458
-0.2140853310215034,-1.5138127474918903,5.9274467787901699
2.2767869787918977,0.51558889095863059,7.7826697412431933
-2.9077631101969499,1.9344484525211119,8.1109435772174692
3.2966685444148141,0.52455127937792945,9.7162232521170413
0.48228910986895723,-2.6477785273361527,8.5985011196229522
0.3484132042784589,2.1436955134408686,6.9873302184497028
3.4786882873982545,-1.9391780104872938,10.362096900750984
-0.0556481315845887,-3.0709875919838687,7.2535136667307469
-2.4676389734232664,-3.4397423091452679,11.342498648887128
0.22907051563689418,-3.4850000912758841,9.8645853486289461
1.7488510527676437,1.1199667260531516,6.3735022654735189
1.8093995042767714,2.7900538197364781,8.8626889068081969
-1.0896937034079466,-0.034688255259858636,3.0895614765368933
-0.86926478873468271,2.6812363666010022,8.1530689649450245
2.0443221699116005,0.8293028801024791,6.0247552883270359
1.2475887044253318,-1.4716355671181867,6.8780475228798004
-1.7595932912604286,2.6545963483354456,9.1935624484698764
-0.78878186257401461,-2.2128890443459799,7.1055409959629898
-2.7974258873748439,-2.0637894522546127,8.6504294080477155
-1.3722843763153616,0.43542994157296722,5.9563546329273187
1.5742606783144124,-3.1043239326560572,9.5421360473706116
3.4844010940808428,-3.2924728208600751,12.032359572066564
-2.6558234898852273,-2.6891913153057803,10.37124330837848
-0.52222755520937403,2.5373317284015506,8.478368079265044
1.3861077512078239,-0.40019791813977479,5.952167685624012
-0.27436270991226275,-1.8461765712934628,6.127106796047336
-2.3422668635341131,-2.4427905637614407,9.8492283622893506
-0.57629271604336463,2.3425171091373134,8.0117470877144612
-1.0156688194763355,3.126859753531261,7.8223427762637172
1.9136072383691651,-2.6182807139180215,9.0135571933018213
-0.257573089127352,-1.2278855749134694,4.9233493068013772
0.96382470087235905,-1.4291717508603292,6.0086270066389353
0.65795196210321194,2.2788379218059474,7.7225247033330859
3.2798550186630928,-2.2908374473332964,10.557538111593299
3.1849418180618931,1.0906449872215518,8.4356157005387686
-2.5584015971422582,1.8496599801883704,9.0800293526417608
0.30811027492813681,2.4208477574038136,8.0165497948269451
-0.90779574381283101,-2.7627519688555426,7.8804476999349387
1.7771379313973101,-1.9043122368881207,7.2369293495968279
1.086647268076173,1.6391575417580153,6.4613214876801237
-0.74308641526656372,-3.2267245607798212,9.1441370796133583
-2.7270569536385971,-1.9148821347643308,8.8028226165619525
3.1924463920952766,0.7347247197351745,8.9963176753918859
2.7023279219831906,-2.2891348230445701,9.8340640839048401
1.2759006603584258,-0.54153936863995833,5.7094770065410607
-2.6998947000289695,1.5776556353885116,9.3155143121063357
-0.63429504798428127,-0.44660540238237889,4.3490185167359243
-2.6328254954198216,-0.28114201831242314,8.3164113584843591
-0.63043077970042338,2.262422918129503,7.6869354865095527
2.2573874714175126,-2.2024027523321821,8.7826290442097061
2.2167210895977076,1.7625056965032639,8.1649001770529175
-3.1538316673311497,3.4310232617143805,11.527707993859362
1.2605983413230994,-1.6992413012717262,7.0633837737512248
1.23251610834898,1.0492325297613689,5.1095002950405544
-1.3544514806672905,-2.2094063331955311,8.0189658399136974
2.3062973383010936,-3.4172471531442947,11.009348846285333
-3.0111284609937874,2.6669374047848171,10.11134222657398
1.284422785306349,3.1897641025410852,9.3397954694615759
-2.9988850556776456,-1.1236886916066817,7.6478988615533741
0.89641501413115243,-3.2474748880774351,8.7980709573234073
2.2273818353634525,-1.4322073095854768,8.2848098341412566
-0.79604584398729372,-1.7004634710098008,6.392688339570995
-1.9780595711611633,-0.25964318822419852,6.0429296878453265
0.58803810116954125,-2.1479799511950795,7.2405082054405767
-0.82124085457535223,1.7136992234447126,6.3226392477428703
2.8999569203817126,1.0993845211561926,7.571410452112536
-1.5151132157146607,1.0528967616646652,6.3363447468174243
1.7298993906162368,0.88757662203274723,6.1528157705724205
-2.5936195638107367,3.0448382681939403,10.292006350721936
-3.071875097272545,-2.9394944343197524,9.2614024570782618
-0.24758168525954272,3.242608232423513,9.0601670981442499
-0.71782553585959441,-0.13455178816484059,3.4206019764409241
-0.81026722526997919,1.7506421679825364,6.288084163600459
-2.881409085848345,1.2195693268302179,8.28151547939982
-2.1959838943232217,-0.50722118617514589,7.4601762080855352
-3.4003870825088316,2.9599478055089365,11.064399137571449
3.0213143733463852,-3.2969826047980839,10.673158082505077
2.9495200246186979,0.96475552380597662,7.2038613419547932
-0.48380965106164453,-2.3178536418586235,7.9149865967287418
0.39944766458297609,3.2996743165109468,9.6459640056013285
-3.2617272313236652,0.36419693755286886,9.4510248530213961
3.2389908306628197,0.074775778836090989,8.452975688764683
1.6066506785181174,1.5096428268120432,7.6651731165328663
1.006104150080219,-1.8296964548879673,5.73683106690752
2.2770829630328704,-1.5109462957839817,8.5713523074598754
3.0640786237582223,-0.68032831025350271,8.6058788450135708
-1.2462018925756322,-1.9405345398370668,6.6724102246019328
-2.8886396218589616,2.2129427756745832,9.1184078988592105
-2.9630870379973726,-3.370652229757821,10.962666807444803
-1.8270120900960132,0.076549878628553891,5.3099625127488324
1.7216192422544161,0.35154501041623565,6.4394151394575587
1.2546166548456492,1.4599826937667508,6.8775155024437069
-0.92456328517188302,-0.89900316675706371,3.7186034493983691
-3.2166573566094647,1.8938674222814873,9.2777967314028587
-0.21283400010768627,-3.1183069955373126,8.2413235859744116
-2.4013022954901828,1.4704080964297921,8.8805232098236306
2.8686048377501328,-2.7712138914203006,9.8403837439636082
1.6033432619772459,1.1771041225936241,6.7844913925839521
0.6519284326353576,-2.1819056796428486,7.3032822755305062
1.1041255564392101,-2.0834167402306831,6.0969587204739817
-1.425994580503001,2.6900501699605606,9.1834549213780381
3.076416201030657,-3.466639456998033,11.378869740595258
-2.4747319009029232,-1.402756844233223,8.9373500335133169
1.1797299612220886,1.3324718076674689,6.2018994993621739
1.4207126075803398,-0.9902797223316715,6.0011361219762414
-0.59872626080614655,-2.2346263637100607,7.6004299099433812
-1.7329897880326248,1.9756193685035894,7.3724610787270581
-2.7107893066759381,-3.408031654585217,11.33225719039374
2.8141214972698725,-1.1268324618008609,7.9656627607138244
-1.2365868980157737,1.413143490618725,6.7025051127551656
2.2840673154122335,3.245463249584331,10.396212931010552
1.0004348220017203,-2.7756783472270978,7.7546695913034274
-1.5903836572657302,1.100170555487848,6.5209774813325225
1.7522490301156939,0.051870841131392176,5.4924624245832909
-3.1671774306227842,3.3751254582238976,11.42475177128061
-1.7934130066218161,0.69227276532485593,6.5209685834959643
2.7078753531098805,2.5021514117568744,10.312417993797002
-3.0844823384464664,-1.3601493606449453,9.183549242723311
1.3704608952466426,1.3748540550380879,7.0214276077369551
2.2956505971425587,2.0144411166458118,8.3048262303054017
-3.2087012089437636,-3.0736623499603781,10.270837624619549
-0.78487306593505224,1.6181571156637631,6.4384779919227739
0.96896689480643428,-3.050870865371706,7.3747460138079859
0.61699895014759498,2.5183333164640445,8.4376711485767331
3.3283711429482752,2.828166544898103,10.934996334121527
3.3083997955558599,-3.2701623837946587,11.574562886785905
-3.2000383811290565,-2.1582449839153854,9.5988685073376523
-1.6639627518558848,-0.46409476068801814,6.5783491729128336
-1.9994980435992222,-0.59432697614220409,6.7386196549844133
0.80148183942160234,2.9813918302651938,7.8675763156300036
-1.6659796913592959,-2.9796360153424515,9.100540074670576
-1.2162233941115472,-1.9169033963853099,6.4967902536655195
-0.6978290582615867,-1.2032608874579447,5.3058717743004742
-1.1598088823443375,-2.7288085894307339,8.3445354281628692
2.6070968394278484,-2.0737315214580185,9.1742193032791093
1.6147140084582441,1.924066595130185,7.6270878719863369
1.2733861081204472,-1.0981820666540081,5.5536958742485254
-1.574449276298999,1.482177797755714,7.5982347213255643
-2.5672342854083228,-0.91675397505528489,8.138924335006843
-0.12024000872578711,2.2766271175220272,6.9062303941939174
-2.6014689167616001,-3.1710201913156326,10.671911995605763
-2.2752042459305359,0.10605500044103566,6.8567939349990468
3.4925379460083885,0.21158508798331965,9.8408242214799735
1.3238028733659926,-2.4593445580248661,8.7516200850404982
0.82594429750972331,-1.4314681593865148,6.0878987615739746
1.4443993128721289,0.69478137322716638,6.2472469271415427
-1.4650930913982583,-0.54755942394465151,6.3063896509600461
3.4980466598525837,2.213425162067348,10.901071780707452
1.4549510014874345,2.5537388974991568,9.1341093660024413
0.46399216039519509,-1.8726083059017933,6.623738134976243
2.4909072326022885,-3.1729133919282622,10.646969580227163
-3.4033415645596738,1.3755103097105863,10.352307400640042
-1.0801460093095492,1.0922366234485938,4.2691632762282872
-2.1187695018289494,-2.8065284701794502,8.8372533934739561
0.17258183066510213,1.9506897538837773,5.5225333817520692
0.50187178111020803,3.0308457524125956,8.7753171513662682
0.82705640115549439,1.8192289353414228,6.0840732414248606
0.1849818708125146,-2.0057645435587839,5.6655878946303595
2.7414275217501842,1.3144556844522395,8.9081831301049519
2.7603794883461781,-3.3048684346751407,10.967501136699042
2.6858099487509941,0.48077049687476947,8.6208018693291741
1.3397059881123567,-0.012428970322033717,4.9100592485043961
-0.51432263330607197,-2.6953846111571784,8.6372307410129689
-3.2655758073418162,2.8454430865622982,10.616072141305807
3.1294851677293014,0.59997080595605645,9.0331092179226804
2.6948180689996315,2.0850068874072125,9.0680534176873255
-0.053733712800529077,-2.8253067957025855,7.2939317077818302
-1.4150343607048392,-1.0753239839056343,6.1484359376643454
-2.5228484937281301,-1.1609423399954344,8.4193321130787666
-1.5356072511236483,-2.7983506613202618,9.2705544435044267
0.61956232033139536,-0.60051668221508692,4.5522302345572285
-0.78401805672409397,-0.94337305575321517,4.1268032781077757
3.3215236510605548,3.1600426971868645,11.208315044083793
2.2142649312033846,1.0786723035982515,6.8650826787493138
1.505333250715581,0.29574991808169848,6.0924598866731081
3.2606909089159819,-1.2544110934593524,9.5619284100934259
3.3928939672312239,-2.4651651742151701,11.250950235837381
-1.8484401710204619,-1.4970374780772007,7.6207826509219103
-0.12816385727287694,1.8605826307496569,5.4074079995047484
2.3613961547559681,1.5345047567963759,8.8439584772851614
-2.2508118107283002,-2.9021066821520964,9.3201119245805888
-0.96684667966903381,-3.0579625064674407,7.4087586225899251
-2.5532326278021245,2.123700835192496,9.3234101843278125
-1.4644973416803211,1.9353872782013868,7.5566942093219787
-2.5718904968117853,-1.1859255698449287,8.5431963680670222
-1.3327987883891725,2.2476843906011705,8.1117766058787737
1.4557478959643024,1.7925794249700502,7.5848069114004897
-2.9041220298648183,2.5499504790416463,10.20108946251975
1.6754502959999815,1.2887331299603106,7.1787032813933926
-0.35428594607098818,3.1473838487970784,8.9433124940731972
1.3836657101923917,2.0801528948462584,7.6033060467459315
-1.1280595272018674,-1.2663906555792281,5.6397582153087527
-0.52758139283905026,-1.8581012601034808,6.6623033795260334
1.7410876969928815,1.8255882544395927,7.4973756403907643
-3.2790237400371529,0.31277557328127559,9.4123305157038537
-1.2269328527906191,0.56843256072957438,5.5171513109577468
2.3636426373535695,0.67499286755577614,8.0167331342157819
1.5200946764331098,-0.13369469805700618,5.7502255656691332
-3.1405118256557851,2.2658072374828047,9.8450713677411201
1.8689278708208237,-2.0034614190521047,6.827222344278038
-1.9833605448225553,1.3039746602598576,7.028982605752903
2.5227810927596757,2.9691432230027877,10.19510319086457
-0.9891554347080449,3.2656966183216332,8.8065575866008245
2.4158292511726511,-3.1670088067657822,10.498823855974688
-0.20940064102222689,2.2606908447091749,7.1139260701182927
2.9427901064728523,-0.37177851940246054,8.4410931130451843
-0.22977441329138681,2.3876132675086481,7.7434763642367148
-2.1700863679872562,0.3787603208766317,7.1859721147979396
2.5846561877259049,3.1709494172151755,10.679180621808177
-1.1001387081676968,2.0489648020201248,5.9111254491725198
-2.229103431062506,2.9918112054856802,9.1591934203619729
1.8971500955879455,-0.27056751728185935,6.0685548391557411
-1.027449238556398,-2.534085458636226,8.1285110748829688
-3.0543306926574534,-2.0268138084377592,8.186481249458641
-2.24947142311441,-1.2667300828527353,7.8852040409357684
2.0314073095881389,2.1990271602395541,7.7104705270110312
1.5455426382886648,1.5194170898210277,7.6211826427921974
-0.048862749399646965,-1.4000922789665027,5.2383185735470548
-1.1702511092922898,-0.90056101359914198,4.5802441178867817
-1.7452423122379892,2.2979387517729943,8.5703929811060142
-0.85706008314137483,2.327282485051235,7.55357458883352
-2.5619022396662734,1.7483412752439547,9.1936239207797659
3.0593818444243777,1.4864333832395733,9.3873649006756601
-2.9879883028334238,-3.2331521145953719,10.2516033292099
0.98674942207812322,-1.656887375857661,6.2434828268333824
-0.62668175713539664,-1.3215374326928142,5.8881303074888081
3.3061423520374031,3.4038990207425872,11.937628940088736
0.36921959062176279,0.95335458225652658,4.2624137086739076
2.9318260741101474,-3.1141434613388688,9.4982734508562388
-3.4274854179230809,1.85602016021216,10.324069770873312
-1.966038458131065,-1.439335604109266,7.5231696225500997
2.0231542386054073,2.1926847067773156,7.6465909882774081
2.8679088433162256,-3.4495083739719776,11.241898739295113
1.2171500320510766,2.928067781031201,8.2086571197107965
-2.7622695128439076,0.66482731656870975,8.5306307269105659
2.0612272893500165,0.49731927651987551,6.9357504557963168
3.4315838605482103,-0.36928893505959204,9.9909546438427768
-0.33440853769042,-2.45329932074032,8.1455734009692815
2.3074720120523331,1.8592095839445726,8.4147169767476004
2.077321538901427,0.70029099567191011,6.7152283186522617
0.52819927755922702,3.3663119959902641,9.9281839879772669
-2.0565065008671986,-3.3437471695898946,10.028112277785933
1.6592882230254578,0.11488162439556326,5.7990825118679155
-2.2437132833389994,-1.444462182213373,8.3675979425482065
1.1266138312522553,1.0621665524034221,4.3983507099496926
-0.85379958132304568,-1.4674074095902827,6.1570034969628331
1.7041794498115967,-1.6962020409832905,7.7483549247083658
-1.840149794047321,-0.84872518409718545,5.952942156599903
2.4405921669213742,0.64994924426965373,8.2575115354039585
-0.33503096715041591,-3.2091109078679194,9.1656061007281959
1.5447867130271238,3.3016783551861035,10.246971197735563
0.32526499672214815,-0.73166316752554605,4.107645874939994
1.3932582343494833,2.4143707625425268,8.794163570178851
1.4879760441520169,2.5861727647260402,9.2073135406059965
-2.0215541852094621,-1.2134130165392545,6.5499168264331509
-2.0601712027346348,1.4614536355465066,7.7463540532541408
-0.11820439915590297,1.8294447643748244,5.4497188012836979
2.2425957972300825,-2.8120425900807065,9.4545689166286646
2.7049771501742104,0.64608259690633663,8.5798842815719301
2.029508533614969,-1.0219579644628096,5.5325862082245045
-2.0171711129505114,1.0029385235948265,5.4645972702715113
-1.910527700802384,-2.9112861381289421,8.1623332169572897
3.1763450956031667,0.90072197090984396,8.3037653099289486
-1.6355829557621426,2.0758695639344742,7.8334242028747205
0.22202207150755893,-0.96287866954713675,3.5514928570528816
0.39537563880847593,-2.4474648289895606,8.2136777895512463
0.76157529246619937,-1.4499115257139024,6.2086182942239638
-0.97674368563708835,3.0265092250045127,7.2773490522049435
0.83458712229669452,2.9897917773735028,7.7024381412659082
-1.2047298373022493,-2.9480546648746238,8.1229966649686176
2.2744347835928966,-1.168289452306682,7.6029008334409056
-2.0174796319153088,-0.97048512835237055,5.4590005278545206
0.68802166604887027,2.3793379956364848,8.0531047543832432
2.6197230385325803,2.7996422546867796,10.280081935227411
-2.9886309471472576,-1.8232437340907557,8.4720086515991007
-1.9011999619792201,-0.11512319205879695,5.2561858427109627
-3.4205284475361193,-3.2587360261046343,11.837608636732424
-1.2953759102231253,-2.9986424006865242,8.6847936581738594
-3.2248739593379065,-0.31476976874843476,9.1827445350168411
1.2331248410649058,-2.6984156720527861,8.6725854171599135
-0.63507330365673775,0.99373773905299956,4.6063471954232398
3.455802713439633,2.1149572008782425,10.541795021663248
-2.9810795844135813,-0.41730550040790337,8.5875717471779502
0.56032567998209082,-0.54238663703080769,4.4187710765846866
-1.1064009602697555,0.88662735163739903,4.1905757465946358
-3.016491014152729,-2.5538315822664224,10.256123732156494
-1.4375949685893388,2.4616129843075836,8.9662745739794438
-1.4488339079899695,-2.996544892167031,9.201283277870882
1.411126118228502,-2.9712329804521032,9.0876512712893671
0.64265398406024143,0.15162576898911473,3.5235891466317746
-0.65865458526448162,3.1134197416451297,8.8535799671121609
-0.43938843194496435,3.1085397368700391,8.9619615948068301
2.1905591281092702,3.0359290287948255,8.9858738257010486
0.4419404106117053,-3.1742585454944203,9.2187637849851924
0.61289903040239935,2.7225133636496093,8.6121246746931703
-3.1181835699944438,2.6699396497681525,10.390635081468091
2.5477032606523204,1.1272783321457993,8.352362239331935
1.0652867363252101,0.70570875134362065,4.646055398706757
-0.77170552135716397,1.122886339827124,4.6920498282326406
1.4509655055184183,0.17814213132411894,5.6812693575175892
-1.2903481646802919,-1.2918317162404831,6.4950728882126256
-0.076146808334697447,-2.8202279467411575,7.3685216455499223
1.1001902820105425,-1.7129045109997427,6.386971797757365
-1.5583623589381435,0.28357428737035395,6.1673520075451975
1.7482815343113574,-1.9009445231984268,7.3446168141822437
-2.6464492772936556,1.5699489672537066,9.3052678028762728
-1.0268715513617082,-2.3466072211462019,7.5652022558410312
-1.2402242532437819,-1.2331712493894917,6.0137427995927233
1.1770886167661567,-0.024056038442330063,3.740765833429716
-1.7539187850001003,3.3781502578795797,10.3374624530401
-2.9255597289044819,-0.60560161725149442,8.5564836061343694
2.9897917797387006,1.1286742432150163,7.6642332588015556
2.1451541968468106,2.6338287015142523,9.3744090878405029
-1.4462661322201487,2.4059944179427957,8.8597520893158013
1.4137002912385244,0.78783661688543027,6.0766950373965258
-2.7993967539027871,-3.0985145558007283,9.8872571753072034
0.49412189516421279,0.20739106936675888,3.4854321710716292
-1.6460036198574086,-0.043637785168778365,5.6789522428694497
-3.1298905672851687,2.8473369998920237,9.8474916348957162
-3.4366515359806407,-1.1091561103086467,9.7880945833701514
-0.36261578842654085,1.7607609695194384,6.4607382139842997
-2.3381745900969984,-0.95904471957526294,7.481785615391173
-0.010119816191751951,1.0963030794848851,3.1059312222630027
2.3618048039352306,-0.60755532564767778,8.0621404773045402
1.1076357260839229,-1.9609306347075723,5.7747206616400675
-1.0109510004957776,2.248991186326653,6.9543485307592103
1.2440572329385251,0.8925229701108881,5.1069245114886037
-0.57110766903957089,2.6476732569225412,8.6106577675558924
-1.7609165591962102,0.078908762444343417,5.5245564515961796
1.8767466207136749,0.96800668890704245,5.5482744363342853
-1.7143914656529968,-1.487715740892058,7.6663404490345162
2.7834294085518287,-2.2389432596404069,9.5012669645852483
-0.96195325980303314,3.1982457669256581,8.3401744560387794
-0.35378284619745726,-1.810455705026881,6.4221418959576795
2.8528659201813173,-2.6176233158286748,10.217169839459395
1.6883307151469218,0.6954519039567133,6.5701170169697392
2.8547696979204567,2.5042616314261901,10.2051544249285
-2.2401235241546811,-2.3638413234876294,9.3565993559059564
3.3416648903106791,0.41626235408079104,9.8016730889329597
-0.29710567310220082,-2.2434033964667153,7.3134211647680001
-2.0233126940388475,-2.5236951582975129,9.0601419782867048
2.3918804682428725,3.4385323657682685,11.231394261200728
-2.5008290655646261,0.1392452741918393,7.8481253974146181
-1.9057021159421179,-2.630973890055424,9.0077872843041291
-2.068319084183559,-1.1687303008387575,6.4136833647827807
-2.1527570647764858,1.8675840985484911,7.4871051053891655
3.0240782660510881,2.7136604185312496,9.9959131048469967
2.2850940278870508,0.47091702230991705,7.7908737959741128
0.88847761841263129,2.6720057629464726,8.1298273730781183
-3.2442907318148442,-3.3157222154800099,11.507241440099357
1.8800273494680688,-2.4168653353685379,8.8139278641846772
0.51100089389230785,-1.4530400169348767,6.2566391660453569
-3.0364978806850385,-3.2433432708450947,10.386925921983639
1.3402990224585736,-2.1098137584728383,7.5495711487775701
2.7363835086206638,-1.4525403533589114,9.219248301505381
-3.4977691827755839,-1.0390932457881381,9.7953630715364532
-1.2901175360812625,0.52779238215609769,5.7570600726504146
3.4623590591327202,2.6910824694036375,11.447845366980477
-2.004402670767317,-0.56701250580191687,6.777090391993859
0.66325950691391,2.7593811479342731,8.5352429084020773
2.8555411351319613,-1.6523899399950186,9.1551113635604722
2.2312755144361995,-2.6413861930453693,9.6797254297163455
0.71425476756183048,3.3956735455112437,9.8728229770162947
-2.7736078548750944,1.1101282943329025,8.02782508329528
0.76547766081311952,0.51171094706708509,4.5225928808272045
2.6150300588842308,0.0011858601425922544,7.7679834696039727
-2.3470174983088636,-0.38278636091689133,7.9115935736683607
-1.4193638796729942,-2.3324774131218877,8.6205546805828615
2.3717670073416492,-1.6146546532624908,8.9032428987840735
-2.9600536596335334,-3.1701730474529377,9.8237803639417329
1.5112284408048957,-2.1602272952365142,8.1493544779355229
-2.8394455206469376,3.3869935503110025,11.120159687189695
-2.9443803519397473,1.6532322827275792,9.1100099601537323
0.32634371783600047,2.7246974270404856,8.4176634012872551
0.65261756147471139,-0.392040965611268,4.2513581213801892
-0.41681148292210413,-0.93812794679260492,4.3910061593225009
0.81797564356206021,-1.2569983433737391,5.3370736022019187
-0.4416407203138788,-3.1427934134003075,9.0941911250079688
0.83558825282568083,-1.2990387699551249,5.5326511669050724
2.2331609467520073,-2.7896992379920635,9.4597980086589128
-3.1992101789055813,2.0814208799183618,9.2514253364871966
2.3312801338929807,-1.0466319941762623,7.5201812693162822
-0.8558181836971297,-0.62429111259638459,4.546438522166401
-2.3839769138586595,-0.80353771012404351,7.8934637551403029
-1.7385225989734863,-0.91377015412534091,6.0881800912019877
0.20289561761037556,0.42614352393397326,3.2698017700320996
0.8478111509651125,-0.39402777716226556,4.2948136557556431
0.70744492588279684,0.62823254144442142,4.6032521660241983
2.7201303543615865,-0.23446615823118222,8.1679661036967328
1.3526050575893418,1.5696385042522047,7.3274972102358475
-0.93003226602277467,0.12455275171743407,2.962558847350941
-2.726249593087783,-2.8498427110801581,10.023298984294033
2.8796727305352361,-2.6972990981499216,10.048276765373204
0.68684996753194039,1.4696162705468678,6.3137697642732249
-2.2018052318530952,2.0753733961555731,7.8694573157351488
-1.0311983281421808,-0.77652509096345002,4.2813100209129935
-0.86776097322941759,-2.9588750120575003,7.5151972991395457
2.5598716411566071,-3.2957636607415415,11.088541289119755
-0.63260793610602706,-2.3331729402121146,7.9528765182896795
2.1849966701976049,-2.0005640794979205,7.5528049278229403
-2.1696138657572162,3.2240213073404673,9.7928301255301271
0.37239780194004979,-2.434259888185843,8.1532094089605724
3.24166075608606,-3.4747814984148389,11.878519751561438
0.21696069472961321,2.3580764965561816,7.6001697727605713
3.2095936056678633,1.3094909282968938,9.523967449354668
-0.16787220938898839,0.029159850491177419,1.1019780453891528
-1.0227132553113663,-1.3675559015408232,5.8378359810829998
2.0904216177333721,-0.92619159746800461,5.8601672736520527
0.65083965144933931,-0.40774982105931823,4.285152216403862
-1.3401890921689796,0.74401241942254082,5.8657816606111872
-1.4185725230061106,2.7232883337423139,9.1684557093797263
1.9447327216819268,3.2856139434266591,9.6305356510178051
-0.093718127889597547,-0.7017649815435556,3.3183348088027067
2.2220856508559823,2.9268571885303771,9.116169532850769
-1.4918739343937291,1.3535723954381753,7.2278789363994917
0.14423813490332593,1.1102771911498106,3.6472391716693338
1.0374351363936745,-1.2747457685988124,5.3612032981092135
2.6306294026339643,2.1291356904262493,9.3219893887599135
-2.813795082427343,-1.97733113376539,8.4272906354606185
-1.2182343046865567,-2.0656651813455889,6.7250039730263058
-1.0954582814264628,1.0036219940730327,4.0175712715367879
1.4227600310283819,2.7269092412018985,9.1749315208271707
1.5725652733125157,-2.1966822759323597,8.3167948375322815
2.4820961701965105,-1.6951606028342163,9.1299498781473893
-0.8989789642318935,-1.7947267265723381,5.9428292636555327
-2.5848357897074434,1.9192974619974992,9.0267038760230953
2.4686925049392556,1.8470062502901481,8.9708858128281239
-1.0659466730066169,-0.69144635983288882,4.6873207562064465
-2.5342367862161188,0.63263193298283049,8.4568373050072108
-0.078421698504690163,2.9499237575945774,7.0429971525501607
1.6670614919890703,-0.5856777037643357,6.6329410690187522
0.43274837797388876,0.6754089190362258,4.3574834213684959
-2.3342190005556143,-2.462619405349403,9.8630825402056885
-2.952641507839104,-2.1963268853358828,8.9298160388977941
-1.4725139260611972,-3.0725807180707969,9.4082285498457843
-1.2722108527307703,0.71562094107768282,5.6105754966930839
-1.2302626465405706,-1.0594812771874844,5.1270092608021578
3.4726179180221104,0.77438756354350602,9.9665202938717208
3.0534678938252675,0.94133807869643604,7.4336097925902731
2.1826191762444749,2.8421154428672555,9.0553465291833017
2.5898954878845277,1.5303686792972231,9.2473114291402787
-1.6198978756592299,-1.6854776358605172,7.7783441170526384
2.8033367660371136,-2.8337523377535101,9.8212334230721421
1.8054943631350602,-1.5715766367944584,7.7055408322337176
-0.1579409728337966,-1.5620315627963346,5.8728072761488193
2.5144843272607558,1.4028455016317025,9.0045854114392263
-1.5301867027068174,-3.0730653608491187,9.4523152887134181
-0.64845718299834321,-2.9385491283381788,8.4705060583426892
-2.3333713203117208,-2.0761266861741463,8.6455945672101375
-3.3098761232347984,0.85595497978894119,9.2523988896289175
-2.9395108150074831,-0.10175202176599729,7.1477719144637319
-1.1570278481652223,-0.2270025568361973,4.3741484699304394
3.2402383540297457,-1.4362230766655348,9.951976964226894
-2.4749220301612906,2.0426105932611369,9.0258552014298008
1.7586996759114202,-3.1716709981358546,9.4413797584486616
1.9337281831589372,-3.4597976165681943,10.326614858936621
-2.3229224455286035,-2.2944765958074287,9.4163467131987506
-1.2612268941774079,-3.4299802931773016,10.175990179087465
1.9748912344990464,-2.419937879108403,8.8025115441672828
-0.54809393139608886,3.292675735501998,9.7005311659076074
2.3340919046261952,3.4798393389524778,11.186962911758496
2.9141546348909824,-2.2845999833373343,9.4927321711905783
-1.6613801552093062,1.4081330607212701,7.5149100081343203
2.4375176983209892,2.4194592535464938,10.006110562475955
-1.3247286117471528,2.0405146515743917,7.2465594552043946
-0.037078366321190437,-3.0858673141862329,7.2936546627539407
1.1356954580857499,3.2165236850626471,8.8298600961675469
-0.73497934236278173,-1.9079499249137746,6.2903329716679295
-2.6994458287627925,0.52647786206134839,8.6405148377437939
-1.5534172704648139,3.4862431011551722,10.681515095016067
0.75048915982865605,-0.92559974047545079,4.2550039152720061
-2.7628968303538222,-2.3416719326085778,9.941609517580817
-2.2614359756660791,-1.1775828865599589,7.5709834425222997
-0.76548665360922286,0.93240115653264422,4.1996514219028498
-2.6734627321742339,1.338454399231753,9.0048417770806441
-0.6919954477096697,-2.3071389885430991,7.7900211258229728
-0.11512713154265253,-1.2383694020759193,4.4352539493864036
-3.1379694379677918,-1.7846379418122225,9.1750115353004968
2.2229102894635098,-3.2552196399105826,10.194299238695701
1.807810353230666,2.4950341913253542,9.0579164136955761
-0.18688895710795617,-0.86206948897511237,3.3872110589264324
-0.091806973606274322,0.76547800634491647,3.1879956640468272
2.2811796609023203,0.3135074038197212,7.5299042375204248
1.5656950017301341,2.2160471359697009,8.3887375774957302
3.0148420348035048,1.004122978956822,7.2460003391942109
0.68494198019280716,-0.67249165934755029,4.6083121483619216
-1.0174425830794491,-1.091971476727946,4.0251766485434075
3.2690356739547664,-1.2035540281205384,9.4103262212064944
-0.99585591384804761,1.1564082444807493,4.4253687985460708
3.359511675328287,-2.5313756274162982,11.239901518380588
1.9492349323143499,-0.48783552420366894,6.6889198985817977
-2.6189435438174584,2.4439282276904173,10.233916962434446
-0.90175317742244765,-1.829048460757239,5.8211236121987362
-0.89268667870144736,-0.97870982846094767,3.7093141639774103
0.80770437297486541,2.1691674530027001,6.77882562376187
3.3320190502768909,-3.2161117722354202,11.459862525018583
1.0940361264898772,-1.2167329038784498,5.1695548910986489
2.8648841526428468,1.0347312062994982,7.4509884204509245
1.5529732188599521,-1.3467829558473303,7.2950969691608289
-0.61228136196746075,-0.35434538837390805,4.1184950235665845
-3.4046188416819079,2.8672529286381092,11.135008094686761
1.0340525766551583,0.73682899102371913,4.441577395468542
-0.52951910918629252,2.183691583144646,7.4139349725457446
-0.22602249648852801,2.846716894067491,7.9293550936475263
0.78627318202915664,1.702289249460474,6.4110070063751863
1.5818189154089399,-0.069320036512277916,5.7125540374668731
-2.6321024186200557,2.968087340799566,10.14101068657248
1.325140722278352,-2.1109451580382732,7.4906323510434287
-1.4826550469139557,-1.2484329364644022,6.9019983417920958
2.2955181488769565,3.007867159123446,9.5751425826768362
-2.5454985527822789,0.37183665145219491,8.3800689748982613
-2.7724507638322433,-3.3896908532677124,11.22156419662323
1.2693649233908975,2.1042636349967667,7.1907454352780729
1.2941085337595757,-0.67784523761303594,5.750780246673294
0.96551082751268957,3.2135866667455169,8.4496115587525829
1.7596865807470774,1.4997959878109812,7.6710973228809323
-0.58755826256261567,-3.2037030411609173,9.3468887899266253
0.018816203574039125,0.31803616640725352,2.2640146516134116
-0.64078079418316225,-2.342348421326812,7.977802965820743
2.2431462932665669,-1.2014004450588551,7.5753517133074073
-0.65340403763218058,-1.7861300171557768,6.5934925434897842
-3.0011086051824618,-1.7635453153255856,8.7733138361671799
2.6204959775047865,0.61299600281266287,8.5733652378503837
-1.2174984814161149,2.6871005861675599,8.6275810812619849
-1.8175253491007453,0.97353760895601926,5.7651463242178629
-0.39260557030196042,-0.75518551343073392,4.2985470137834412
-1.4081486790003104,-3.4904662863668778,10.573754565521584
-0.81073854142271928,1.8403435291209194,6.0927274427207792
-3.0914781936861759,2.7760054512681069,9.9546910748823834
2.2635237380275663,-0.22561725245178987,7.1854769766621551
-0.73768843655543348,-1.1918945873500277,5.1645602450786825
0.98458056125177418,-0.78177950723970202,4.1596706966770611
1.2888186519529583,-0.58348361022072925,5.7699793953796146
1.6658134750292533,-1.6129088658993647,7.7781004905724949
0.57742250558231323,1.0693645996508598,4.8651749471943475
1.8910485828114991,3.3790998912894477,10.12667407473203
-1.2152637179335901,3.1210710786184457,8.6632803126271209
0.23035437966036154,1.8302775626031478,5.9566616158694146
-2.156435936471095,1.661415583776491,8.0957721096055906
2.3226483371059778,2.6284085290280217,9.9720168482608109
-0.47454426437387287,-1.5193264935581678,6.3779857819646075
0.73264295496919019,3.4553553328248245,9.996160706169583
-2.849143641383197,1.9547073611731438,8.2858635176464634
-0.012641237958442186,1.6172198112098712,5.6706280145385861
-0.52601898018819515,0.030044880904420701,3.1565606632039831
-0.8763348212692974,2.1774677252520735,6.5878092517923932
3.3344501427650775,2.7474366111517865,11.092073354145917
0.79908193799441296,1.3068585021157881,5.6365357573090762
-0.80017570673245464,-2.448814940014576,8.0984690144326805
-3.220103735836144,-1.8348086677794448,9.4615265650707077
0.70051465927581269,0.67027050997824489,4.6058682043251338
-1.4510606621743185,3.2111900422132535,9.8669653933822001
1.9988052669722363,-2.1167395397007533,7.0778650499683575
-2.5243364887297064,-2.9223123755180502,10.185593545591489
-2.9398093235854099,-3.2779253394974819,10.529849926970584
3.3872137337352033,-2.5127056286523919,11.287278026492396
-1.9447792998222657,2.0113632741848351,6.6185826298658768
3.1451849781224812,-3.4759236158989633,11.583194479802538
-2.1704802997871084,1.0614173701051888,6.487541164609322
3.0125287502591735,2.2072103186846972,9.0443921632177986
0.65039212279354253,1.4638493505238852,6.3140425166770449
1.045626316097902,1.3607146773533767,5.8554403593119524
2.8086467760467029,-0.20716212942530809,7.9212162790227207
1.6784007723834913,-0.69097522214797147,6.57487911215431
-2.4488075663099282,1.4410614699261917,8.9459281717760533
0.88408774267823897,0.07748828918236228,2.8180134482466634
0.30659406474397688,0.68382220612885636,4.0428937838390482
-0.39516143576741491,2.9904862632716611,8.5544350311362116
-1.6987921960683976,-3.1178671229630646,9.3787223571399316
-0.10402053275079748,2.4299408351534471,7.5930125894139024
2.5881533558950736,-2.327074284816014,9.9749987181366802
-2.1543529528987344,-0.77888456230483216,6.8008380123915551
2.5084439912471073,1.2590743706587357,8.6807143427926761
-2.2871526822597721,-2.2606422642625601,9.1651135844998102
-0.42156460607552759,0.89492913647480776,4.3739330542591581
1.8514431095260697,0.17119426841885987,5.6350120716570267
0.0085288132645531256,2.6183491180742955,7.7673621935601282
-3.4625273812434902,-0.97138388588957936,9.6855533165777814
-2.704798345124515,-2.717006134751442,10.304459352388479
0.31338927294541818,2.4400791077514352,8.0776657758677448
0.35138761759519443,0.54886063562192611,4.0180415640155047
3.3426122602611938,-2.2473595958929309,10.637493460868832
-1.958855584580141,-1.2644096427850342,6.7859367743873449
1.7135921952091167,-2.7883082395106618,9.1225962673427468
0.52017064174050365,1.0372655646848585,4.7547848455472561
-2.5545225012764385,1.6620874899802995,9.2408033160636691
-0.45652843154643596,-3.4480288281534301,10.103977316946841
2.3691235503535566,-0.65265451593552237,8.0556079244508787
-1.9601376921141942,2.3523720527865715,8.5448451142498367
2.0342876505569416,2.3415102301852002,8.5784765634358457
1.2356212018809227,-0.4224721497288173,5.4182778864357317
0.7923834298642447,-0.03668346700467584,2.9847311373115488
-2.303832108949381,-3.2116693864062116,10.32792822124542
-2.9002059684039465,-0.9730258460767458,7.2881205814755408
0.34290031443031177,-2.9446990519116842,8.352808240690484
2.6942196831571419,-1.3092724968172229,8.9227785865926492
1.9861781529115152,-3.1862376140148734,8.9577828357805931
-0.31329106262628503,-0.41208338329476835,3.5917780971456352
1.8090232105065551,2.7034716070890612,9.055169550060997
-1.474430468507117,0.84239241633218764,6.1850091948625696
-0.93467003172612984,-2.4802395046432579,8.0072616636543987
2.0605455728248971,1.6446325900447096,7.7729734894919069
0.46593188481985504,2.8391339296893143,8.6037345450888161
3.2933730945965927,-2.9131215953962784,10.638766560125685
3.1969551187017071,2.2729681905810315,10.137864316922533
1.7097957972130615,-1.136337011660149,6.5334999642580271
1.8608261908695569,-2.1351159023731556,7.4014141136121658
2.4135380122501102,-1.0366111836651664,7.8633951338116717
-2.7547773959810344,-2.0202621906928577,8.7142783973671847
3.4124700015297549,3.3996352141675024,12.1622085612987
-1.5654025021337801,-1.6958090422442875,7.7526137911888746
1.2317799469770794,1.9373822654599158,6.5828544683504759
-0.95051263614080028,-0.16920446124497701,3.2182249449354536
-2.3972254490946385,-0.031777855157597124,7.3743391303127446
-2.2227989483585233,2.3545228924929678,9.2640060673225282
-0.27295860505882841,0.59081007719921175,3.8659064217281554
0.90224041023325441,3.3175069032803197,9.1943364948433874
1.9739610713730524,2.2643395606152223,8.0748768404349853
0.53730558158183506,1.6468001218961499,6.6091860350532556
0.91603805250891046,-1.1467183263355323,4.3832183733693952
0.80276344629545449,0.20407140853702366,3.5723723551128721
1.3887668687902543,1.7113385388582332,7.4693401699259709
-1.6530908726150213,2.7886652426735914,9.2258757804434186
-0.56078407065308733,2.3616574371169303,8.0740747389498395
-2.8901094468310147,-1.0098582278582593,7.3246876853995726
-2.2813684752353049,1.0875316024717296,7.3399891246421927
0.076389482119475272,1.7753994348153261,5.4756683843555045
-3.2304132509514907,-0.078127811000251679,8.4018846332303472
0.45398572852089014,-2.6496356569309309,8.5823200817340179
-0.1817660961787575,-0.35793033728806023,2.9225052267443736
1.5667138085156749,-1.0381051292933301,6.3568514226347226
1.1825855639551079,1.9615137499361817,6.256407345996795
1.6012153999490799,-2.1823447930013931,8.2572288579776174
-0.31117095473795864,-3.3353987450000711,9.6229019399074165
2.5117490397278956,-0.62238660164063031,8.4236069331950745
3.0533016046879036,2.6056510065800955,10.299754755386312
0.15521133033348011,-1.1887255389408069,4.2399597775098314
-3.3420419563395618,-2.2898750852093346,10.768778975684294
-2.7364678651352707,0.67090921644433443,8.5360150781192257
3.0995697780767522,-1.3270339850046873,9.1148953851692021
-1.8122844420517503,-2.0135605394968961,7.0920448177260411
2.3637741216293486,2.1906993450638241,9.1747835131980686
3.3317505532661356,-1.1834587015574618,9.6297196016286648
-0.84834920717345907,0.15375232948500228,3.2387841398775095
0.13544390714706278,-0.32951551429644965,2.6067432202973215
1.9889175644468065,-2.335142464789346,8.4811194556620499
-0.54504898708104532,-3.1302049044865443,9.0864445918962495
-1.4095798660753447,3.1503394257664254,9.5628409149911455
-2.106633737399926,1.3595895559741216,7.611922679019365
-0.57515763841284651,-1.1262637643348068,5.083783081331827
-1.4524332000875657,0.9490905720863001,6.0731824995451831
-1.3987381157947811,3.3180924345336678,10.155665699194071
2.1862107626209388,-0.19297900384475009,6.6065792991875618
-0.7831080507723498,-2.9825373280669725,7.9645229999763387
-3.1687034625838093,-2.4759910562527221,10.614213869657
0.67993092801996635,-1.1995450249862518,5.3171710737874669
2.224735821539829,-2.8218539719053188,9.3404234178833008
2.9274862262707622,1.1828626397120932,7.9986917438530192
-0.99243570839345052,-2.374128933335399,7.6598591148150703
0.61360138663872554,-2.8782533154061181,8.5443211822246905
2.2264752511466561,0.57653535243307097,7.5804671502309002
-3.2546114302951694,0.71124600009486283,9.3587191869477753
2.8645351831734587,-0.66539483753247231,8.4441748631578228
-1.4747490707809616,1.3371906477332605,7.1553050207422011
-0.051398996819010279,-2.8333008995766478,7.2592029845302051
-1.1754630354514237,1.9665606172269969,6.2098204894687044
1.2624423151941659,-0.45944576053548492,5.5861731868013571
-2.0649428787256281,3.4652290972098365,10.441832987222309
-0.17059673270698106,-0.065132278055713755,1.2185438669094459
-2.8497722901955624,2.7622399622798621,9.9152194534189544
0.97026068373413654,1.9552060218672462,5.3877693989411526
1.6953997679121677,-1.9098094685516294,7.4921745719584436
2.0572926942062448,3.3038722904765434,9.8316598592018014
1.4041410903655764,2.8144211435601605,9.0928484782569594
1.1589150611762085,-3.230017609313947,9.0124050500396269
1.4439992319245523,-0.72857629707487925,6.2226656070085404
2.886565158500713,2.7446469968827287,9.8962928714359553
-0.29152250427306825,1.9570191066327078,6.1766604368224556
-1.4958151959731545,-2.7491253915567109,9.2661494488518859
-2.7352213316161742,-2.7150569343742044,10.265618650786612
1.0259142819644635,-2.2511090092709765,6.990345460744992
0.64153137810135608,2.2828178942706492,7.7576753500103202
-3.3705961391945687,-1.8081933240032364,10.22618804840236
1.9933956669158768,-1.0073759976668817,5.4194232910701636
1.6674585897380689,1.3176410441427757,7.2750234021973643
-2.3560546001704834,-2.1472138611730904,8.9841580487522013
-0.44343870293002219,-3.2483787833455935,9.5096431414351805
-3.3424824213202005,2.13392526446854,10.242964722159421
0.98827036779552291,-1.1494609148083113,4.3654335956242747
-2.583547132043754,1.8731605715116872,9.0621104356514408
-1.847566585473561,1.1641511845164727,6.308424748691607
0.37356520582492569,-2.775224141041539,8.4960769449754121
-0.43354301163924625,-1.460349099708365,6.2044417704182848
2.3188433270004678,-3.2377572098295779,10.48800270332193
0.17708053931444834,-0.097723464183260056,1.4049652094720564
-0.97201043172410673,-1.7774446626392935,5.9179262983499292
-0.040282079037821106,1.1724990026293352,3.7254974340008538
-1.9390425717462521,2.5771049673619482,9.0217323363965445
-2.8440309014808118,3.2644936502320299,10.613763820257683
-1.2089442552774194,2.2574659541366167,7.6850285092553747
2.7420190919348713,0.53696562293360728,8.6471284101289765
-0.62673407609212095,-0.92956613952463396,4.5431075032971151
0.30609437720418864,-0.64337915088909892,4.0183923833725856
1.4767635929287461,3.3317281892255961,10.295936127583815
-0.11554788141148986,-2.2295728032212345,6.5837198127930527
-1.2910679393874376,0.14563680502503118,4.8813181668665635
0.37965383502090422,-2.0244425511253579,6.6330523397059942
-0.013799400694578079,0.59582544194454723,3.2450424397198212
-0.08114778323281735,0.41810965878884065,2.8862351103039217
2.1194074391836697,2.6273022211740038,9.2926476045984749
0.46347805532558439,-1.2636717764566838,5.5961783279928596
-0.54154367882475807,1.0172551451706324,4.7119697979625386
-1.6721824378051955,-1.6983979840130397,7.76681510809094
1.4912276369498132,-3.4096450125644893,10.504314363918231
0.4684990285400783,2.3990462564239481,8.15414294186116
1.399592215687913,1.7122213276944418,7.4958635423332183
-2.0542894752027188,0.75558274783896362,6.4124771793233748
-2.2716999792042012,2.2732853303309737,9.1543418048979692
0.45984291864547888,-1.6278970269177522,6.5380619392712234
-2.499090475766109,-0.46462922027118081,8.3850788791208313
1.3133963868499849,3.0044958941959896,8.7817493413684709
-1.3780004929632002,-1.8668321802689332,7.3379953281268584
-0.15883792574013134,-1.0165377122187946,3.2704822578534625
0.19567791891921171,-0.80554015952480418,3.5281312457347944
-3.4826027602113983,0.7896657028287466,9.9601806730101448
-2.9612831410567564,1.0816354256521752,7.401058320922461
0.57241498851753292,2.9446479156015659,8.6116773765388093
-1.0322596881530632,-2.0345000781595628,5.5742573270175271
0.26174853941132348,2.7393202806169699,8.2337849345721601
1.3489459329300928,-3.0268657347716856,8.9778673874267714
-2.0521198829889986,2.2569316720536676,8.1552771526810446
-2.1737822451879305,-2.6611769001720056,9.4497879568945677
1.9389157937635861,1.803270462086898,7.0915156345319286
1.3002668902577872,-1.5473195070837846,7.1596491544195988
0.73027561556852216,3.0353210814160647,8.3259526682234526
3.4150155413357721,-1.5017756663964379,10.523390203535097
3.2864262802696018,-1.1742329827766009,9.3864753566754029
-3.3283563341066893,-3.3890862517804985,11.964152394883373
-3.194305601758102,-1.5873082432378738,9.8666949086250622
-1.4951841869200866,-2.3115276652611128,8.6655783112974962
3.1915296393710664,-3.3329031938577427,11.371340353895684
1.2343324426240887,-1.9850415586457075,6.6201130410102955
2.9511190123098689,-2.7540956693354532,9.7860649893929192
-1.7700380297647247,1.5123442757974548,7.6821895891757617
1.4117193626048046,-2.8502270763825264,9.0857787449193346
-0.60392047003018767,2.1424020628368075,7.2002560260351007
-0.11860344569139736,-1.5795526774031405,5.8010287176504853
-1.1160180171917053,1.9410619939275353,5.8323596971101104
1.7397453059461387,-1.9281334901249343,7.3473954798905368
1.1258798362223992,2.6287857669602763,8.3645490216038496
-2.2793700269530275,-0.84927236049956045,7.3179373645119625
-1.9706991800440217,-2.1262410918383345,7.1233485885865075
-0.12421280396700141,-3.0657573261346744,7.503821431306152
2.6483047360795906,1.2044093508516927,8.6095858888028403
-2.4650584599786782,-0.74096284243555077,8.2240600765872802
-0.67246989858244755,-0.82311155445149931,4.5218212826799373
3.197185741714625,-0.5320941010045277,9.3509023740037911
-2.8177339817823785,2.8592479292638879,9.6942679264747174
0.63958008938747213,-2.1831875427983736,7.3298133927952716
2.15020725529636,1.9301837415193015,7.3185044453273722
-1.1065941749503869,1.8980010761494679,5.8502015000649052
-2.1229644123619726,3.2312314529632546,9.6247369739963844
2.3352787601720966,1.3822273164933723,8.5570358849945798
-2.1416268959457341,-1.6290758636912348,8.0776006806342995
-1.1522624025423336,2.7827584598654829,8.1778090073539431
-3.1031453991709563,0.023416701726712841,7.3799243271186974
0.039094196400879966,1.7995772886322259,5.3199718962049509
0.59357741288986077,1.9824007329568145,6.7083655387951282
-2.0559384655362698,0.42956630015958996,6.8401243652239412
-1.8691053545006611,-3.2321843846475558,9.4369447290516906
-1.2467046575741407,1.9594712613790293,6.6781969383637154
0.42973778004950436,2.3869991846292153,8.0900050320806134
-2.8989921734863695,2.0989384726337459,8.416232503817735
-0.69705514650806322,-3.4926526659265393,10.116753600946325
2.961416554630695,2.3354131245253829,9.7275043560334122
-1.9443796363415744,0.46119928483244133,6.6572717830695751
-0.18781916172651236,-0.944837993804716,3.3294123723169342
-3.178544840870916,-0.75178711525489916,8.8674197519825988
0.4956544038659505,-2.5161715333953651,8.4331846734136207
-1.4792594751876642,-2.4565629809777993,9.0095301497348483
-1.6667772465516666,-0.66588530267996537,6.596422051528986
-1.4267110851269416,0.17471971823108712,5.59479437965296
-0.90643005878517258,-0.6855286037729198,4.4428613157920189
-1.7890920385328397,-0.75204301200514534,6.3820852229364142
-1.99607352916452,0.015581961419783852,4.9259047992523399
-3.2448036435146164,0.19424245531302642,8.8821497322131204
-0.69140422684724756,0.93380592616625968,4.429129966603476
2.5172877846001356,2.2483416624784462,9.6979199548669417
2.1382602149793026,-3.3687220693594351,10.359158571261867
-2.8918703078839436,2.5202304138149572,10.193704455524598
3.1434149129768159,1.1190888710521456,8.2740902614468119
-1.1349186036440169,2.2711863139584461,7.4489204804339817
2.4290172566373043,-0.054419546851649514,7.5138813039361558
-2.6272788565059164,1.3876037670059338,9.0974056188724433
-1.994793214462323,2.0787747406910562,6.8520159316616631
0.4755769984083158,-2.0837510010562936,6.9953315728114678
-0.064328736023399724,1.3321457458606254,4.9188285512168619
-3.2261334681796892,1.6990031976680333,9.8554406886552766
2.9099689167350764,1.3439401719131112,8.8530591060585255
3.1777584392483682,-2.1301165369150343,9.3224311735585843
2.1115729786389341,1.0478435408400149,6.0257832427838487
-2.1546065289041758,-2.1899138555082396,8.1718708115036272
-1.7012718730855234,-1.1899737248147195,6.7729479913810913
0.28256317962244681,1.7747084029883782,6.2306466939610594
0.59706784606506602,-0.11152215642644236,3.3918175119690908
-2.0885452622406233,-2.9260562931033842,8.2984884286273566
1.9779119731880943,-2.8595115798321706,8.2326570818332456
-2.1755279962727192,1.7090426253132627,8.0907829582600268
0.412744873137187,1.4983846660431714,6.2687723250159344
0.49103728638573862,-0.87216127526121312,4.4990261276284578
2.8857136273625148,-0.70865904521617518,8.2987240051090687
2.2571355491833813,3.0711630749649066,9.5169419657449144
-2.3372473210235238,0.40201218782664316,7.9047640574803726
0.81875653320272068,0.19792460754153218,3.5165431964203187
-3.0832619070670453,-1.4691670537364674,9.4357131821377305
1.1061784258908993,3.1659498867550591,8.3660666208334806
1.9616155917930538,-0.76457736061594073,6.1673479824724602
-2.9260945187109368,2.417251212682741,10.012186960041891
3.3054145087516744,2.7892670214976452,10.916502321898101
-0.64544362098849772,-3.1960009248930352,9.2363109921660715
-1.6582844420197533,-3.4586508245076302,10.622048355532561
2.7425177330556307,1.8416939717656762,8.9004333239269258
-1.997206884448905,-0.61519966284366534,6.7022762375839555
2.5300681987534785,1.5682852119945805,9.2017038373327331
2.4826943646436987,1.8088383858991586,9.0365875043322195
1.0516056666000964,0.15698449579261586,3.3938512044211429
3.4495819094095808,1.9986183628600154,10.312372836366112
3.490775422661943,0.20685366704195784,9.8271959783703231
1.4297258028237891,1.4889835912825076,7.3954689393372366
2.0195506083399062,3.3256428416928712,9.8754992171017371
-1.9323578466642573,-1.6946071121589166,7.4834123009927485
1.6330912143020608,-1.3905838670490107,7.465301744729679
-3.4714418591444698,2.4393071736490857,11.357849021995596
2.5259895073238878,-0.35732405745783247,8.3288620046827955
0.25298785793911183,-1.3527892660328931,5.5222878837865608
-2.5592573635894151,-3.0810819113806933,10.396279014665712
1.4042065748727159,-3.2859746657495532,10.060478595685758
3.1161567954144305,-1.7750263578898431,9.104564174146816
-1.2342318972917146,3.2037012223445833,9.1981588654893365
2.2997561269384965,-1.628605515605213,8.685138422026732
-2.0470382085761569,-1.3568656699222101,7.4045950672358813
3.237730347100352,-1.0265979760071562,8.6453892963236427
3.138622789766079,1.3484750521436979,9.3483849810138793
2.1587802113744683,-1.9806889452955185,7.3483243573631345
-0.45390804316852496,-0.39473590240538803,3.9319452903884908
2.7041156842904153,3.275596915871537,10.948953448487508
-2.3333133280403464,-1.4160496358613539,8.617170480151378
-1.9578898442771717,1.4919984653392326,7.6146330661933828
-2.3185661945502756,3.2391301859715966,10.49249418427566
0.48558531879085676,-1.6988079164639229,6.621320992153553
0.36606663914848703,-2.3086627651139233,7.7495349156825721
3.3996595222001069,1.6474661528802397,10.501739233522237
3.4194095889899137,3.3440507545654619,12.06049023035732
-0.50475159590065166,-1.770642265716289,6.6559511433406158
0.96492376652214329,3.1117532827563918,7.7159296136717561
-1.2754889514230356,2.3556906939794127,8.3467572027060655
1.7088409442832058,-3.0806100042701474,9.2032957785870071
3.0141738891775915,2.8259240509611612,9.498409480868542
1.7831457410557032,-0.76417558411644748,6.3577157066393255
-3.3906483982819404,-0.97576405884578143,9.4615106309369246
-1.1038783617371317,-0.45009685130425003,4.8965832626140759
3.2654529490754829,2.9746575331312846,10.448906659588975
0.45895351404081186,-1.2735695198260228,5.6302429024812213
-2.4833473814579814,1.907782123490783,8.950300469459906
-0.28757626414877668,-3.2580895826768352,9.2575140575971471
-3.2118776894672871,-3.2505806604392662,11.114324087194033
2.0236846023052255,2.0562984096389743,6.7979576630292033
2.2855714611811253,-2.9502783770618715,9.4796294781559851
2.8495444601274365,2.4537113850420962,10.137311189403071
-3.0276069753753032,2.3818891571418872,9.9870209255977578
0.63814762237114664,-1.6562311898785791,6.6097521007705993
1.2018178946007465,1.0359240153093694,4.8485495809286654
1.9225506670175596,0.97552790485086671,5.4242630443365378
1.5750656287597113,3.3072968860300413,10.267609153507689
-2.2608665343257051,-3.4920817623458209,11.02656734196376
1.4251470976773852,-0.66495000245971436,6.2100609869896459
-0.57057026802213517,1.3540788624159958,6.0012914221957665
-1.6262135538183422,1.1528541735386204,6.6936749744326676
-1.6379809662702807,-0.2840792386537041,6.2578752039035024
1.3061126221656751,-0.63744048166608414,5.8260357825163958
0.43724469805042299,1.9834516988316944,6.6752977299529377
-0.29807916370279885,-1.2433208708242685,5.1464363032019982
2.8505410266296956,-1.5463157910857004,9.2430142905707342
0.75717052742650637,-1.8112146747466891,6.3328463183356867
2.9784906812432022,-2.1143366273298265,8.395542326812965
3.4681213323628723,0.804023131380184,9.9061472368700141
3.25081481472116,0.34503857966477414,9.3688370292426555
0.43427209775998232,2.1728642761410999,7.3001370759840594
-1.5231582909290089,0.90578753516457677,6.228574987913138
1.4873723383293402,-0.20474428851307191,5.8453614700421532
1.4640703494255174,-2.2685791603306718,8.4866242702494166
1.6254284386543603,0.55943936417136975,6.5932364419715874
-1.6508484146606173,2.3219168641692507,8.750299672241729
-1.9284582133513435,-0.62846938207476821,6.5954499329963845
0.17824521331442167,-1.7315859485486924,5.9089283686326759
-2.261873089068827,-0.6927731090185234,7.5970090913900137
-0.37865594879745368,-0.56433084123701294,4.1111225332713026
2.7189442762603973,0.59014368140680951,8.6288554258134695
1.8508098075644401,1.0316663628848399,5.702110016092977
1.7624352119072055,-2.8524576284407894,8.8667455643833684
3.1371371120596407,-1.688729646067118,9.4865562960157099
-1.6839150134076308,-1.747105039809445,7.7178483011215366
-0.13715345667947076,-0.92635684342485014,3.032882384626177
-0.53359128062140204,2.4149454066425502,8.2223259723202116
1.9522684595187201,2.9843486202832041,7.988267398730331
-3.0071549978447316,-3.0841720887431419,9.3048532019769521
-1.0883247990204645,-2.205115071621635,6.8350879020221278
-1.7496346184220319,-3.1405963049555514,9.3175919847892157
2.5579953718859478,0.27941159095021595,8.2474083483179346
0.42280806865833176,0.92132613004503128,4.3916321129572466
-3.4984069421893742,-1.8006681948023588,10.54405077858231
1.7247744205528104,-1.5636985614232488,7.7458013513279429
-0.90624578363215313,-0.043160992443584068,2.6732803543603438
-2.8702661045053195,2.7730037462980155,9.8301607188486013
0.1428367375630053,-3.2942876479699343,8.9815648323995401
0.70601720499712783,-1.1706658394916856,5.1260957545018684
1.3438753830197001,1.8070532083965833,7.2707865002852223
-1.4390430957977483,2.118032104969541,7.8851481244740693
-3.3873454241105829,2.7798585151156248,11.205433227177394
-0.4983651736963024,-2.2645038529928678,7.7302014341445808
-0.02845177829548895,-0.51852206061512085,3.139026996581304
-2.6385826788480804,0.90650489820255586,8.1401343285101753
-1.7437009964688759,2.4556927318492709,9.0488644386147019
-1.8155924091887701,-1.4040306075530244,7.4523582292371131
-1.1009160491324259,-3.0815659828486917,7.8145424057590702
1.9288506535352159,-3.4278239742610848,10.249720913780902
1.4637504811156123,3.4974882156897626,10.646143560611712
-0.78100380431973315,-0.87760236818662563,4.2018910716522271
-3.056389320428917,-1.5121384906857824,9.3995518574155117
2.8187482706782756,3.2832619403053975,10.761249161450282
1.342827470356001,0.067234128580899721,4.9834290627474687
1.7481047585822518,1.1446291325488636,6.4833343265055667
-3.2673608472320002,-3.3869489283892094,11.790117288086497
1.8817490199722453,-1.8551848275449514,6.9903544155877633
-2.8273608832693804,-3.4504016220526244,11.290815669913943
-1.4454313177869902,-1.2578965767463006,6.8565376116944776
2.2198318559059,0.63311593987341741,7.5027276424712355
-1.2142892508849852,-1.6782851536840773,6.8981984825418845
-0.34110095977505406,-1.9669601134374199,6.3935318779114922
2.2611212721036829,-2.3378624904481029,9.3491865044717404
3.2559699154884445,-2.1066739396750807,9.709087184118717
-2.9976840248572132,-1.8454285902314196,8.3752507793469348
-2.3745879135904819,-0.67418195120480817,8.0528629122544118
-2.312603339790237,0.48559686568861871,7.8980582942293154
-2.0619619722309013,-2.6007651791575994,9.1491289600399455
2.396977726653363,-1.7591158921082455,8.8930212434711642
-0.48946933651260416,-1.1374259371310798,5.0908319160842233
1.1393975647558339,-0.34020380824342311,4.7609118804316317
-1.4983497314972509,0.8988711282591515,6.190045316700612
-2.7587331324331483,2.5248964107170506,10.305781333310367
3.3712332341262794,0.1971193595384797,9.4790090990715861
0.39745964355879959,2.3881531282584465,8.0589234298746959
1.4526237835104308,0.20798316130872108,5.7600313067942572
-3.2178966502593442,0.098904063985839397,8.373257417111553
3.4630063888006166,0.19477482914745403,9.7434071010602654
-0.0086019060649440426,1.858043614245906,5.0847422209838697
0.41946420152305075,-2.4756480816506983,8.3022456766279351
-0.25273495995078976,2.4765011364885625,8.0487496470821611
-2.9126837084536641,-1.9067074140825722,8.1705423981497987
3.0887482142971692,0.50469238940654471,8.9438421584195815
-1.9712379384820597,3.4364906119329914,10.265579273583034
1.299829267214311,1.1959989006592204,6.1266382552675935
-0.60692237478811117,1.6398085281019972,6.6084270961297129
-2.545178575419905,2.4721217904308217,10.231083549076557
-1.4414306615866477,-1.6089138823126223,7.5573624719046961
3.1006233178966118,3.2687109815579003,10.730812772078121
-2.5047861396444113,0.90163168973720964,8.0809817446216279
-0.86869770254856782,1.8519011381813346,5.8495860046411643
2.0324461188507019,-1.5618089440078888,7.7722639787289172
-3.1140784520767482,1.580813635754823,9.5715364966239314
-2.7500590141866481,0.38865766968128401,8.5325185840539337
-2.8267390124757039,-3.1177306028998721,9.8645170118710848
-2.0805578408472303,0.73125556816056481,6.6167207125020617
2.8518023585468635,-2.5905068263643871,10.235404540534898
-3.1579617446000112,3.27043295535006,10.970577436261717
-2.8013638576401627,-2.0907163827909727,8.7336455301284417
0.25810368726772248,3.103518126120715,8.3916391319235633
1.4831244487347561,-1.1220793760545416,6.4718151133849808
-2.2384243903913816,2.5966719431695662,9.7144881740458295
-2.508555033904027,0.05897652558605504,7.7255375513428
-2.51206415210613,-0.66823794037116757,8.3955185429302244
0.81935531756264446,-0.19820119261045743,3.5168875714848014
2.7733325799663726,-3.3701161687796155,11.16586079204472
1.7387876940267031,1.3512755657059436,7.3529980008587046
0.72738460561377494,-2.1160196211813815,6.7907438371254045
-2.9280334196566375,0.15858138235738384,7.450084884275805
0.9700198259298034,1.2796100976966347,5.291354133541013
-3.3919922680185981,-1.4774346165901608,10.453157020247607
1.2805404466628705,-2.634687577059494,8.8493261611229528
0.29602005250000696,-2.8851214930109408,8.1853473948615338
1.4112549225644306,-3.2748824445572406,10.034606281911644
-1.89396069093526,-0.59553818704898065,6.6336597699716258
-2.5391926758581889,1.7598231429329605,9.1626435645776247
2.8810506973947128,0.43104140673447144,8.5548695160205224
2.0971279801640828,3.3207840299694009,10.026999572787618
-2.95052595454549,-2.1837928083912979,8.8473644417411901
2.6244830572614495,-1.910878490942733,9.0100728000892083
-2.737465222649563,0.87730344117761927,8.022997494483759
2.3829947778302767,-2.1763104146577392,9.1842311909493404
3.3495627256725919,-2.1045916500898403,10.179163639896334
-1.5095717768540384,-2.5958853075915407,9.2365361057378887
-0.77215854958728114,0.29871539223938726,4.0061743466154702
-0.53658173444193569,-0.19185591026712823,3.5320718598361118
2.4007656475888108,-1.1097072556404624,7.9791066312765651
1.5575258637023168,-3.3014220596784893,10.248610173815356
0.40106502046596004,-1.4866365095061971,6.2272294321938304
1.6939939148048353,0.17829215031853929,5.9532842484209745
1.6313268256312243,2.7501886810523635,9.2811448868878532
-2.1261656445356274,-0.039310071544577774,5.6062135396529698
1.6126434962542939,-1.4439636722247373,7.5646611030393469
-1.2238713013884528,-0.24576448067587942,4.8552389857841156
0.3243750353303172,-2.1542434140789437,6.9618427406507379
0.8136959397391923,-2.8918794521880233,7.8481440229724679
-2.9064169113628155,-2.3074860663091776,9.6146364126361803
-2.358353806826452,2.0165022836791024,8.6219951869534253
2.2025763793587192,0.3890141736038224,7.3522480859377719
1.071813625336274,-1.2369257710194659,5.2169238512483069
2.1026601388076438,1.1986269392169397,6.7679108083736139
1.4570605504328222,2.0996940963432147,7.8587176392999911
0.10323693144772594,3.3209294045400108,9.0159831530901329
-2.9011139786011002,-0.66632333249238052,8.4215959840843428
1.2156949966854596,-0.41691418659130353,5.3206862828813577
-0.48113846805512761,-2.1291734586330575,7.1715992859841595
1.9463473373115265,-0.57542236475127861,6.6812083373655398
-2.6526673467343529,0.15115357045303357,7.978945797454049
2.8327112771177054,-2.4485966078571266,10.142754366324347
-3.1331069192662335,-1.3111219653492814,9.1873494158398827
0.82216933371040746,2.3097180477878814,7.5417792846999667
-2.2785087169087732,-0.9252327553849784,7.164563406413258
1.1832442232012852,2.7380935331170333,8.4205596025935954
-0.99322032992360931,3.0722960252427676,7.467255922582531
-2.5793392531001493,0.67008446005767386,8.4916208140789013
1.569265280586321,-2.1186282164873695,8.025409141388824
1.0422012641210294,-2.6044433766941406,8.1776067893256599
-2.3961572352112124,-1.5555727656593623,8.9454312594220973
2.1369462828738897,0.10287304646073725,5.8746884481741688
-1.754894773115856,1.0505419871645127,6.1088632956718705
1.6269917832976555,-2.586725056337337,9.2762856560181959
-0.39215391030226998,0.71411078945492168,4.2890890967447461
-3.0686388531080477,-1.5390792570444951,9.440757962500987
1.5358113347767812,-3.3200518700183701,10.299697966395998
3.2437973803714719,-0.039860472122084101,8.4220231417431517
1.6287319133134863,-1.405396528873359,7.4965684482236696
-3.2989855016686249,-2.0490719372912407,9.7862973428404896
0.59298678370898639,-1.4893746635301546,6.3751056696373247
-1.1955562150690757,-3.1994538185033168,8.997587052661423
0.69178100029199463,1.6380987576309005,6.559955564736061
-2.2221491015962327,-2.6644116433030409,9.6292981126484385
3.2757386737924206,-0.30914613233299537,9.3901180423439019
2.6510303955578154,1.1257243358609861,8.3470205217503892
1.1397707094382081,-0.31865435879055592,4.6840199415566381
-2.0769354834356228,3.2529273738886966,9.5881182609276081
-2.1801537544929293,-0.98892845303564014,6.4258007073968386
-0.030288201502754131,1.3469706373398678,4.9606844383523523
-2.5988754179459685,-2.9661306088921733,10.182307772006482
-0.29193480229961954,-1.1230134555706748,4.4893532449013343
2.7805568659919055,-3.4237524461142401,11.293841794032836
0.90272160660081724,-1.9529963868124283,5.5352467479955081
2.6178645961506231,-2.7924311890767664,10.289845704347838
2.4708376438614552,-2.7915620538225654,10.217460182282821
1.7925499986253817,-2.65799763642132,9.1405051386191563
2.546939286466273,-3.1295706939552952,10.541353009369521
-0.34176066064345267,1.7042564660276227,6.4161693815176015
-1.3075318961542726,-0.19254710544322018,5.1280988192959072
-0.80329392515497577,-2.4859999620334978,8.180066225883202
-2.2462435032801022,-1.7736993656163,8.2857885760442311
2.5562450372544996,-0.38209990472572031,8.4090770786023672
-1.4315718970881708,-3.4184649468931467,10.466275447640182
-1.919943866430009,-2.9892156901995599,8.064950760062505
-2.5200033113382529,1.8334359758906862,9.0647853532104499
2.0990031499157515,-1.4932204021636233,7.913542575066348
1.0333119391699537,0.57516674746247531,4.7536444230637471
-2.0059528544914835,0.72787301613503974,6.3904988903206892
-0.76532512471936309,0.35315087273324552,4.189816948597759
-2.3441430606563194,-0.33107628043563864,7.8157368144191555
-3.0638513093680801,1.1896287087443369,8.2463532961277206
2.0791151802154602,0.57803809249334659,6.9801213832169573
3.3507325415601761,-2.9514229646376369,10.88360939480075
-1.0629914291163933,2.41127342127559,7.9026997201590312
-2.6687086805326055,-3.3471346193547404,11.213110907464968
-2.0622711506168416,1.1391231072709385,6.1973856677391659
-2.2024074603770343,1.474533592948438,8.2628590352076881
3.4890623180383971,-2.9468261188062748,11.260265812935462
-1.3086848371084256,2.5714764194293904,8.8870844334908092
-1.6998048145321005,-1.4688929390504799,7.6376429336737299
-0.9430997948666846,-0.52131693083985464,4.572069421599501
-0.47651592500684803,-2.3904933738669287,8.1354329832278385
2.6731020854802132,-3.2495589226332089,10.893931552787603
1.6477544750967184,-1.8498037283468538,7.6354539837365039
3.3827658728438212,3.3059757823116511,11.891814143012505
2.8584174809045448,1.4180900703985193,9.0951102983785201
-2.6489776870938835,1.3990936670734122,9.1284751092641176
0.47033251070528959,-0.20009238663538831,3.3991173687284473
-2.3075604109013241,-1.8318880477695754,8.4619097290045406
-2.9872263468154254,-0.030399498954215787,6.9205434816590135
-2.1580320359196503,-2.8819220432009449,8.7986525564664557
-0.27446151103032257,1.8531282334312058,6.1204756822590554
-2.4368929702435631,-2.1663356171011099,9.2963716049150769
-2.6220343416103331,-3.1803223375647489,10.690573688735171
-0.87413280372072588,-1.5765340707446662,6.3065257741931227
-2.0189583674846983,-3.3293899710534522,9.8934549282783113
-3.4914031983964682,-1.7442995263658889,10.605570316567119
-1.9594413357497149,3.0118983018165792,8.0151529525359884
-2.2054237587346384,1.5705518364160218,8.3497103288883512
0.25566646673751148,-3.2357801967579238,9.0532361616041044
2.7492532116088455,0.035559340515395998,7.5368263499488233
2.8551463666490182,-2.3144419143900485,9.7091268209411172
-1.6274830164136973,3.2415975905857248,10.018946356127039
3.0056579655614222,-2.2464749676090516,9.2875356831499811
-2.9716288153122896,-0.52966474385236983,8.6666452478127702
-1.4497635672101072,-3.4608547270907684,10.571003538270993
-2.5823303445469454,2.493923700019451,10.287850260738146
3.3817470987577938,0.53344053359354326,9.9697088567460526
-1.8829269380235076,-2.3013382658255921,8.3476747275595038
-3.0871564895550976,3.272288688861023,10.703266423798645
0.65577829662617759,-2.9445695050185043,8.4537275215897303
2.5743637355218487,3.3274545480534785,11.180176971983709
2.2491791884497356,-2.1076737417273157,8.3042210868287274
0.24848784574520888,-1.7753859220762715,6.1092636135093734
0.099853021629344951,0.89855331463076382,2.8784166441784862
2.7632426313489979,2.3251504623435872,9.8866463771840678
0.90064756445381455,-2.9077132528299838,7.4349009163196467
0.077024124474028621,-0.32759549097325769,2.4161886606300165
1.7874573221035295,2.1083298309789971,7.5320265535282136
-1.6926028726478204,-0.01693935338193997,5.597860567592047
1.416479839844806,-0.61476198715532338,6.1961483507518977
1.6157133597319806,2.7262317538392988,9.3034464347035897
-2.6232445064662313,2.81616778287981,10.257140626992999
1.1385796489125237,1.5610373275182408,6.6321688679655537
-2.4458266066800318,-2.6444344682480438,10.242536322378536
1.1135551364982801,-2.2468867794152532,7.2160080041781409
2.798198239009813,-3.0622523729728464,9.7514967789821743
-0.92606730425942851,-2.1017623234976561,5.9294128660632488
2.9342631200163751,-0.46977200782298478,8.6131716227256607
-1.6589498095484414,1.4786601330334452,7.6471970331734269
-0.46043538755552316,-1.3574082216106027,5.9373071690262513
0.15703595555296879,2.6354081238393974,8.002524782118515
-0.82521510360052286,-0.42678915917880245,4.3785430163518697
-3.443040628566516,1.1309395063270058,9.8588563951303705
-2.2744379715974943,1.0621070799291017,7.2237759818146792
-3.0569847114766966,3.1250073202422124,9.6657482248044779
-1.0338613937129066,0.079908378926980106,2.9193288934937129
1.4464669016167058,-2.2290870634960713,8.3174235567428738
-0.82708084192723375,-0.61786351692824271,4.5625208848296808
1.9626694684814261,-0.74730413309769705,6.2448565207987272
-3.2342554808681476,2.2233293611870391,10.09532565141094
1.9030495556561284,-1.2573116507189792,6.7598061573283914
-1.8531530086914607,0.75267345315744816,6.2821235772154331
1.5918989243696542,2.8725053756705163,9.2171069033268083
-2.3803485356782188,1.7205545004954645,8.8832378191603851
1.5600919833206239,3.2617600371414364,10.118839447331871
0.39328100785313991,2.4122723970011748,8.1216417690713048
-2.5550012572627496,3.4398990382943033,11.415050652168048
0.60598545109901103,0.18861580460315253,3.6205847021080935
-0.27743416274809274,-0.39755920185610272,3.4282741069611085
1.7335001576115019,0.23893740290317966,6.1197094315610023
-2.693448605917359,3.1902316740313319,10.627368714172366
-2.0241862593059885,2.44321806673672,8.9230900945065805
-0.085102749126107824,1.4661911407395403,5.5261358464290176
-2.625553681701585,2.3895746515507286,10.134046140165022
0.59931223296004976,-0.59469897764469115,4.5287630134251344
1.6570574914202529,2.4872721337617012,9.1512128367243211
0.56092479194722067,2.0362950314392094,6.8591521475805699
1.8050605487405909,-2.1010746596734751,7.4286797680152095
-3.0679612950384172,1.5282084069706503,9.4373087758598686
3.2157987665149648,0.60052352831902311,9.382846907916452
-2.3385812013202241,-1.7559188355171804,8.7103678996109561
-0.52503161705408541,-1.0588816781001391,4.8240391925285024
-1.7212162955738175,-0.74626194672222557,6.4756104779670558
3.1711033753700875,1.0327293737696452,8.1692940301838952
-2.8105290924075783,-2.9455897608998969,9.5444872623602173
-1.1313827897602002,1.1337269288605913,4.8124740021104095
-2.9021335846365623,-1.3445709333982263,8.8583283548557006
2.7244852196471196,-0.18647189391974406,8.004293423724004
-0.32622253470619977,-0.38346951168720045,3.545196542437278
0.44895507249891686,1.1851353603087569,5.2413804108333188
1.4710608390469142,-0.40875822746770796,6.2005165708336385
2.6724265184868807,-2.5549957258625451,10.367696714038168
1.4683322752210648,-0.65918480949725522,6.3221621143986972
1.8306591731633448,0.24347872386777825,6.0142958624181766
-0.29068474403583133,0.066516483001012094,2.152460851985925
3.3735162935589678,0.34589644943696829,9.806847030081526
2.1348364200480878,-3.4252034504430702,10.525015278748418
-0.27081003792656677,2.6625600241162521,8.298720067754136
-2.955958749958369,3.1454089631532955,9.6604321377543645
3.1250561745219567,-2.1987944207453678,9.3999274120550176
-0.91520815870639982,1.7980535362403849,5.8979884800449192
-2.8365569371980524,-2.9839044036499982,9.4151981339388087
-1.8665025365986863,2.4926046815836029,8.9948428439854702
1.0527399091473786,1.3120118087947246,5.6255913089998799
-2.7805202294623186,-3.0990752030389555,9.9674627269782849
-0.90346298688831439,-2.35268481869831,7.5981328707664861
1.9062136323411609,-1.2081741660221086,6.4575976555274615
2.6844312655495779,-0.78037983461496641,8.3494146414867441
0.42366538793541064,1.3434193435257811,5.844249345242833
-0.069510378012896279,2.7329805980596529,7.6400130149316396
0.20378871050113867,2.3057135789267313,7.3295621121937629
-3.4817965357340386,2.128621275149162,10.628550120621362
-2.4914717692285979,2.9393324444006783,10.15512338474327
2.7936175586882941,0.8798867376412236,7.8530432463227964
-2.7787896609496041,-3.4607053138336359,11.367784703218341
0.76002631872296611,1.9426697428884729,6.1801170373910423
-3.0027668457315855,3.2816041264152114,10.562631277723042
2.0395959880425574,1.8830894796504989,6.8591053961431214
-2.8715050721509465,2.2881878940659606,9.5643405249100422
-2.3130653540808686,-2.7663551691072441,9.8400076182185394
2.1969262285350393,0.20944672157994582,6.7441159915723041
2.1384664980894481,-0.0061724030510137418,5.6626987373305582
3.0793886939201327,-1.7118378696781962,9.1889282120488307
-0.71655043721039924,-0.81660205988683776,4.4627686818729657
3.225132418759765,0.38768429916114755,9.3460881086528396
2.901670260356167,-1.3397847397393328,8.8405250297294451
-1.6002882675941741,-0.06877491594319185,5.7209375270422065
-1.8289603293265535,1.4308533841103701,7.5107242985704517
-3.3118276173383254,-1.4330230019658003,10.188052464391266
-0.34717734935853528,2.1212917952826089,6.882968314235546
-0.37097385549702766,-2.7648936136486668,8.4957297399429521
0.43947340916126443,0.058525790815403766,2.9314716599275563
-3.3416484682822225,2.2120838104389851,10.513850448989848
2.9956249177676444,-3.1486434804210042,9.6821390087414549
-0.16277352647387167,2.7076858041968128,7.9525671083588989
2.6460241423042454,-3.4872275607619758,11.501052130116491
-0.88405136644967364,1.0523148747814091,3.9201305584829917
-0.82228874728005907,-3.185780876075111,8.6439681880626544
-0.52470469744300274,-3.247705986397682,9.5441272955144871
0.39412307286372794,-2.2158192695070911,7.4196933246539043
3.4847394561704466,2.0566047283005773,10.461678390461408
-0.08287257181065133,2.4108713119159555,7.4890760276888049
-0.70645837911264797,2.3686472032026069,7.9959529716304392
2.0527853185479588,0.074515117244268847,5.2538317281778468
2.7739157987061693,0.79757918131778283,8.1724540586391505
3.3842638084509034,-2.5514050496963097,11.306845296860452
0.9545507234891355,0.62244158575398867,4.5670073703024343
-0.098369895214121428,1.3025500175755989,4.8136370061436509
-1.7860898087428896,2.2585551183374353,8.3189428715734
-3.3487434319880736,-1.1015389816990582,9.4526857869026042
2.5343408997648629,0.052414159508102021,7.758781471807465
2.3695473094198594,2.32349739867204,9.6409014054341924
-0.42865048355036262,-0.63262306302210947,4.3116876324747402
1.5875146535357665,1.4420753672529676,7.5416448855821496
-0.60810168661090058,1.7345646878925658,6.6506783172813257
3.0200585559186583,-2.806718370648464,9.5994576092255013
-0.24921597026261555,0.34569929933545174,3.1325671543632474
0.36765191909782047,0.038478459438501034,2.5767708741772886
0.49212838541191761,-1.6358812543683323,6.5737883856117705
-1.1882499865858374,-2.13246704011322,6.8654805324422252
2.5736712588527775,-0.38797743853238886,8.4404295053246869
3.3830400366784694,0.8488956978021287,9.5824790071287094
-1.4871780979547959,-2.4583627922601172,9.021690367827869
0.67856094227331365,-1.9804496899429087,6.5212985535083234
-3.4361704322734816,1.5653344325502241,10.594115664440141
3.1184805881593363,-0.79281494618630344,8.3801899021402093
-1.2718814915047103,0.88809315927434973,5.290597728900206
-2.2493032103306945,1.1645250852743967,7.4453342817165282
-2.8068100679450625,0.10995716193993399,7.5241660204946843
0.52906601221031657,1.0414323293154686,4.7722333053892001
-3.0272364138177839,1.5730194400192774,9.3276602313842805
-3.007684971830233,-1.2059945788233382,8.1820144009455973
-0.73130835570305397,-0.52611455400977736,4.5348788056303242
-2.7381844870450704,-0.4974389889330082,8.6409927323698348
2.1130555325437523,-0.64912643214919186,7.0011370297347852
-2.4493199963571177,-1.620283408035597,9.083430666108427
-3.4491735745814065,-2.9189562361311348,11.199492908192823
2.8924991166910203,0.9173997306012005,7.4164910636534973
1.7852315006183082,-0.55413603798796762,6.6676470778922621
2.4145246261500697,-0.044187012054802022,7.4519526373537879
1.8027077723629734,-1.3826339103525362,7.4014596258564218
-2.5153826593474364,2.4231030603725925,10.12341133038047
-3.427961402335463,-0.083427726691777337,9.420127230302489
1.1091744268316672,3.4022390355950378,9.6825801459824348
-0.14305524694392657,1.5805555775857156,5.8574103388762992
-1.6843055326041225,-2.1456964933644382,8.0099708897399235
-2.9854597179137565,-2.5841723713437172,10.207418596470063
1.2506552631830612,-2.2505340089027657,7.8258064062903578
-2.3042569865977671,-2.849028359281137,9.6741538037908246
1.9069432941828639,-2.1413867100976658,7.3057382765710699
2.2458436032652989,2.8942193153059197,9.3032715106291874
2.80548735110305,1.7150353313006708,9.0920129526354181
-2.1910183114532322,-0.87069648318170945,6.6986226208218014
-1.735278056094349,-2.9281369785830575,8.8620191717324168
-0.39571994536638355,1.9481356740501878,6.5394578841957944
0.25782490813363523,-1.2393650346941714,4.9877315590859013
1.5513333992734175,-2.8900271588414066,9.2264778468724753
1.4797235488887432,-1.9925047652311547,7.6349450956312026
0.48143331786368915,1.0261643350433154,4.6838413612022514
-2.3830089370866925,2.7367480659378352,10.084685584801223
-1.2028279308001055,-2.8794968209150174,8.1902311274112449
1.7698402573115359,0.67724313345345077,6.5666065413238179
-2.4164738778658665,2.0696161112514808,8.9446328273870641
2.120328181617829,-0.95215645145574035,6.0016848900935464
-1.9402656057721852,-0.67870158555903926,6.4811961950020169
0.48957201765342084,2.7323805457478549,8.637358126925724
-0.30120419936026233,-0.54819782497328307,3.8817084669157609
-2.9661934353134436,2.96263269001496,9.0123639488734248
-0.159374724095112,0.3122861195706923,2.6037144124232192
2.5516061205691125,-1.6805762255298,9.2312534607885084
3.4609021360194321,1.9021127862466303,10.350656201595333
1.3459635497766209,0.23343897475396425,5.4385103584123193
-3.2716883633870752,-2.5969853537643539,11.019793288202141
3.1828825937420193,1.879638229195387,9.0952351609626518
0.41641569701899783,-1.9036430677982725,6.556930601126389
3.2849886614021067,-2.5849197312263374,11.061468045574994
-1.9954717653396608,-0.93003872855525849,5.4775358334873019
2.6752275679113602,-1.5912153978708692,9.316236207577127
-0.10215566256144637,2.7949062279085979,7.5362325946179478
-3.1520000258090315,3.0962270314796783,9.9973717365110915
1.1763744440262851,-2.1525770969575446,6.9149202130611176
0.73374126454324351,3.4573982026025813,9.9989880913274725
-0.84628275559394917,0.82656128704393961,4.1244546381688103
1.0141631365411108,1.4173678060149344,6.0212415411365967
-0.82344571947565814,1.1830693034644124,4.8742833549515048
-2.3213866220457406,-0.06229443988450889,7.0388678604674197
2.3870526552866291,-2.7504866830065988,10.083326669323052
2.9283156563998718,0.1006525744191662,7.1554676233074854
-2.5706805543739137,2.7810193440748501,10.310316461421138
-1.5307208994880064,1.1888411404342722,6.7747122155796706
-1.0183965294345816,1.6655385978249972,6.2674805316212741
-2.5738161420825647,1.3354957375454575,8.951194997924194
-0.42288211560720024,1.0518320695108567,4.6491480628246293
1.8100580046742962,1.9133205264023445,7.0939086114893968
-2.4554362911784171,1.0280909403220786,7.9807886305377806
0.68743651398962768,0.54418295548102247,4.54005746291649
-3.3051586313317673,-1.3481480802712826,10.013944786498408
0.15298408050433032,1.0277329889607154,3.2728434811425338
-0.14067771495938919,-1.3655424135117862,5.2621659862559298
-1.6691395582367194,0.82305589363571841,6.3678359595921137
2.3510868954793605,3.4181407046263059,11.114209126606021
0.96347787775441507,-0.6921770756971517,4.4450324324407298
-1.308399644851022,1.7145119549331014,7.2276121914344102
-2.5024758785949279,1.4279005835235106,9.0246218765279629
3.4524646275384816,2.3080078654432299,11.08295314516641
-1.1627661234666538,3.3836563626651852,9.7657813701536309
2.4440538650073727,-0.29851155709929467,8.0610445510206183
-1.6654939421006367,-1.0512160087432414,6.3328475575130838
-1.5265176402129152,-2.7834647371595791,9.2744310752889536
-1.2195481847141765,0.72677274957223403,5.333699874801848
-0.27363521848889416,-0.80410390702177326,3.8848548625829018
-2.3604733966479747,-3.4531039943529449,11.198665626534531
1.2812905349047137,0.78181474149745345,5.5417490121162771
0.90461184491233748,0.40663808309123528,4.3392299717478338
0.67068091404290975,2.6961578278721303,8.5495336339392605
-2.4198359455253726,3.1940695083426425,10.603833731323487
1.7267391600881759,-3.4969888440597896,10.633211175611105
-0.4654498397827016,0.82076798035549725,4.4557270550847576
1.9413585666442881,1.3261478571259397,7.1091130912869183
0.012834997918159452,2.7982889834787139,7.3434150995527574
-0.00041480824995376864,-1.8531339168263647,5.0996330600014588
2.9793467625877277,2.1174812695657588,8.4146204462794305
3.0463167110022535,1.7490300400944001,8.9389462478861965
-0.60663088785164598,-0.14119880414508756,3.4778905304532834
-3.28878419325439,-1.2900635352229228,9.8003386012290079
-2.9522323028351174,-0.21189417769868157,7.7434617790767497
-0.93209990643764096,2.2474336466989353,6.9517037518629454
-1.794060423213037,-2.3020842729765416,8.5055415887696206
0.30406392065071453,0.11937878672126878,2.4007484543474362
-0.75648874305565261,-1.5991533760310184,6.4651266598010437
-0.66250086735296154,-3.0432742335406715,8.596972705733755
0.6039967451427577,-3.008030448828817,8.6508362926611966
0.012439861780658923,-2.9771360962291915,6.8907380091869079
-1.1827280944798413,-2.2783922513471175,7.6836933823411506
1.3681720558921269,0.78855874415858018,5.9171602794149045
3.3158838959664658,1.2390296059637702,9.7485397023292073
3.1569944976266928,0.20266180846165405,8.4067573916593457
-2.3421961837804961,3.4072204156413477,11.072067239455867
-1.6824901995798647,2.0676904784356136,7.7162377174783021
-3.4924969530100394,1.0864694595506474,9.8642087395395368
-2.1652001544252419,-0.45888616945033789,7.2983991191642321
0.18939172104440427,0.70913163345396324,3.6295779474002607
-0.70165872832445375,3.3152517147012501,9.62761619612915
-0.66179557449313764,-0.95701896338403269,4.5082864914372642
-2.3629747390355131,-3.2547997845292804,10.683225210930397
-2.6628376191632932,-3.3557559755072655,11.239631401897944
-0.97493458425632218,-1.8681682779077062,5.5748226056358625
-1.6277537242074331,0.15175568978945586,5.9029485989491128
2.7072853890270272,1.6696057684151926,9.2758447682962242
-0.93989893656734358,-2.5789048436720967,8.1271829377937621
-0.64893378194492346,-2.906985582214678,8.4655129808842524
-2.3984891034851272,-3.009776752868913,10.010727098899331
0.43846971299656312,0.83835094267349763,4.4038561910329328
-0.34771193316886428,-1.7051395356808505,6.4291083528675372
-0.70061451214933124,3.2196287247279898,9.2240801095967324
-3.1585734860466865,-2.5444214328549011,10.636957901502136
-2.7086546261864486,-2.6452619394477259,10.36216354888859
1.5118561709416269,-2.4328726371535261,8.9949508409474905
-0.68612548299275566,3.1128560586141942,8.7736082322772315
-1.9701446259260087,0.90405587471294258,5.5314896081465434
2.4087641501391683,0.26590024282984892,7.8965023168983386
0.15749857305131076,2.9324728212416273,7.4401384438751368
-1.1673331434861547,-3.382712336698654,9.7760165568819666
-2.5356694123650154,-2.0813922412402124,9.1923650213713479
-1.1260728784018026,3.1380147926221582,8.2735024930950267
0.1538130337825403,3.4732375008067091,9.6746820333712247
2.6619841231690335,-0.6025768677215817,8.6070305407928753
2.4879289343557094,0.67185586638240036,8.346872419411671
1.5477131123230166,2.1676346857269904,8.2011822167580686
-3.4759304048312778,1.5354366086231162,10.658333667974386
1.358429247463989,-2.3923774513957894,8.670381040998036
0.14635131983473748,3.4479803344201825,9.598632842833684
2.8103606926737088,-2.7517911655236018,10.040986182881102
-3.1269376639202258,1.8358373803198811,8.9088225276017461
0.44805380529643335,3.2252806480830234,9.4261344311549227
3.3876723360898406,0.58777219846092521,9.9732316064582722
-1.1361574821660323,-2.6104454744824639,8.4018850332106769
-0.99926261662624194,-0.98550964175768163,3.6061472512735655
-2.7463849268988252,0.021063879064971314,7.5325901031116729
-0.5960441064705897,-2.7843300449495199,8.6104635620933738
-0.32049318972084739,-3.3602654362508884,9.723557924875017
-2.2368834947601592,3.0282392635297066,9.2701434885316143
-2.7061529002788434,2.7639369553451463,10.233229080058411
-1.5597097027748532,1.8487498638932456,7.6724396751736013
-1.4660183805264326,-1.488815327485955,7.462437399647639
0.32982806300668077,-3.2874664485898948,9.4840832413646847
1.5687698214172459,-3.0122293169575824,9.3008840943424982
-1.1910399662931361,2.8903278732083999,8.1017081513640345
1.0596276770131672,-1.1279635234636625,4.3967725594828657
0.82340343278890415,3.2988539130442085,9.2789765669911137
-3.1183542353790541,1.6564346859519716,9.4849332466047329
1.0811940157590127,-0.39991829662478828,4.6944498171757694
1.7762718842116962,2.9636600646014113,8.68224687705505
0.39947021671595673,-1.8400450386349005,6.5205592640607293
3.0611705101855309,-2.4004528445703688,10.121046217660583
2.0768875818312615,3.1481491885325577,8.8870351071198996
-0.038989281377546536,2.1231303544461149,5.5837051108239315
-0.35263139061674753,2.8292367052159006,8.4147495548064075
1.1369881556981447,-0.77171195119058833,4.7678044279736653
-2.2826243320216926,-0.56246083756349607,7.8061804023678878
-3.4704199481591105,1.8692196829250793,10.405059618039989
-1.5005459547401618,-1.143865987677084,6.5759554763564587
-3.1137841356732707,1.310906470965552,9.1049296732545368
3.0372286681748806,1.8878165379288454,8.2767784335778121
2.3149264400933456,-0.96635120934266627,7.3543389771280143
-3.3983445652094573,2.607647031715203,11.352096665807055
2.9814570442995798,2.4476252671379184,10.103832610297461
0.2122106437053084,1.8429027583381457,5.8517394789558175
1.7432760277823514,-2.0762279929454364,7.5615059242145275
0.82060083317112564,-0.73229721563899064,4.4267862965030282
-1.8508568196845832,-1.2472566912619656,6.7755953442266108
-3.4786145543363816,0.025509784895655141,9.4916897364555322
0.32063314910132767,0.7381008610669566,4.0924559006478738
-1.1321686141390859,1.1628333693152557,5.0021834920142112
3.2171255893972237,3.1284588802296049,10.549849545437825
-1.6204401002552864,-2.3657088479816131,8.8870613214439338
1.0549846549475825,-2.6759622596577004,8.1234535609225649
-3.4628510874189598,3.0952072851929753,11.419139806593781
-1.111366566868687,2.0798047724645734,6.1172090197685876
0.59651090987317801,-1.5029095727071349,6.4042913098131891
2.7262390590825003,1.1006405296608754,8.1323060113707228
1.5482182225173808,1.3796698905097147,7.3706416430941726
0.090721495016898857,-1.3329588558176764,4.974004442957682
-0.48953980149148535,-1.3554956440742987,5.9596370042811628
-2.4129560935098215,3.1262147450248357,10.350231321195617
-0.92538857461827329,-2.3517110681485538,7.5691702267689518
-2.8342083582133712,1.9465731406873452,8.356069517804011
-2.7491788831815973,-1.0825334072076616,8.0091919190777947
-1.6538011755833564,2.2167785171081054,8.3576258934096384
0.13424946590321252,2.7099521559814992,7.8606440694708812
-1.5143839530908705,-1.4840594236236839,7.530282333885884
-0.41575905409477798,0.93772688501002932,4.3878479468562652
-0.58738718609924634,-1.0867586681845216,4.923137359391923
-0.66649584412054974,0.84530011480938771,4.5106707430810928
-3.3701936270087725,-1.4294840198740495,10.34887839203167
-0.53233006159759944,-2.3819045339998235,8.1322775561634302
1.2725500751252063,1.2652007216244021,6.312532621622136
2.0065755482206811,-2.4276838479441842,8.8555986263286268
-0.0092086434033635811,2.3986141201936588,7.3696225381501748
-0.69300687078386414,3.4175859618482667,9.9608486878828604
-0.19022005101924622,3.3807569609007935,9.495562477329841
2.1982474732374016,1.2889679377414058,7.7307878888673507
2.2287152420807299,0.72653542637953183,7.3682950466129409
-1.5270655729783285,0.80820056669502716,6.3233418078974175
2.4767125289224357,-2.6653069824415345,10.289715732712589
3.0181250376099644,1.9672890374777374,8.0211864465219822
1.9500137787331457,0.64807322612640306,6.5686953920314508
-0.61394155669014117,0.74926996417031066,4.5945479089372725
-1.5661460518156936,0.19855284575142784,5.9782854164241037
0.55055937473585459,0.53503066120403009,4.3941852948510771
1.1882240269439146,3.1078512097648474,8.4412134251773221
0.63553708214516913,1.8240753112568555,6.5987124342067673
0.92238013522287954,2.9593423220045931,7.2934847270093996
-0.49418140868961213,1.5424972033483195,6.4381460110385049
-1.16859435484001,-1.4911225525046463,6.6435884838997907
-3.336547903828194,0.92426223710176547,9.2570800464717724
-0.18330304750156357,2.6048884315153833,8.0684499137979309
3.2979141085285875,3.2498264749912291,11.464602141939849
-3.1860333108762822,1.0498289328924351,8.3164140181672508
2.089189585482254,-2.2440451803129084,8.1986862348337652
2.0285574885310638,-1.5718308293233596,7.7625641501457157
-1.7459907138939403,-0.48445631962732438,6.6389310581248502
0.31509037214867419,-2.072644526284614,6.5657320324682651
-3.457518979269667,1.3951828584004851,10.498337506724688
-1.532335049150912,2.6493055407680242,9.2888503171930097
-1.1131766191000776,-2.4541303474835203,8.1517786242664325
-2.1932927430173081,-2.2118497101883134,8.5036306175077279
-0.22739859907817506,3.134998092818873,8.401694990600765
2.4741256734829058,1.9688754375273287,8.9324305972206499
-0.48423536730092565,-0.13396307762303561,3.2416861648426156
-1.603319407415954,-2.241005021805079,8.4821827518549959
2.9324042704435316,-1.328327058150168,8.7874932296009103
0.57513777757866702,2.910828484593881,8.5937628238331705
0.96291840055247047,-1.0030510525284222,3.6069623092117631
1.7691761688474994,0.53391446591981584,6.6665456272371451
-1.8074992208001424,-0.20966747269164543,5.9033822780172969
-0.66266738375843781,-2.7784659523653592,8.5226979549243058
-0.91432593154162944,-0.50115299297688765,4.5285098804861939
0.76992183757737997,1.2606220694064341,5.4592398283513539
-2.1670388600818997,0.91319593504767838,6.4097719547921272
0.015382143786792479,-1.5579695126570108,5.6424396454899117
3.0969001812081389,-0.4895611790559089,8.9662988724525956
1.6620416950187007,-2.5419548597130435,9.2270781949519094
-1.1180590833038551,1.5010707291670515,6.4926343558631885
-2.0920625827825079,1.6427781554200331,7.8760414589323027
0.79783422579122121,0.12871234449149593,3.2406862855008036
-2.131163424588137,-1.7139571745708349,7.8780714826898528
-2.9099178387202493,0.44972163933823639,8.5819265960388886
-1.7985454222857888,3.0590671588229741,8.7583658442953745
-2.12541509036694,-1.5373236674402957,8.0420540559643108
-1.9186044025877649,-1.1362174778712548,5.9810766765065573
1.6128309120950233,-1.1445339599532329,6.6672356810380577
-0.83819536805706107,1.3137077551003165,5.6033753894686562
-0.52120695291796437,0.51883864105597333,4.3230543307052685
-1.2022140776770405,-1.2204742168404885,5.750103626301609
-2.0201587278269777,-3.2832706045112818,9.6432201500856678
0.15802860938235863,0.054145686918711355,1.0799116201423971
-1.8922118232144232,1.9145742299507091,6.7814265018317581
-2.6510186116863856,1.158371545031919,8.4527380703889463
3.4820580984250027,-1.8878678540848937,10.40530233243444
2.3628043805889138,-3.3323636700292569,10.93071167727409
0.19444804492948542,-1.9867841997430531,5.6847530264529347
-2.1181989510853376,1.7106422404406718,7.8310815452342535
1.6000346997027588,0.5829826213397924,6.5662219485709308
1.660818440523502,1.1593807502532849,6.6958629627695956
-0.10326361785068583,0.82171755067376751,3.0769584407386965
0.13721731366499945,-3.2204038991637898,8.5213851336893054
-2.184467562558885,-2.8532405592339014,9.0343072247543361
-0.72149564976648906,-3.4267920273830792,9.9454301362379596
-0.96551769698475942,2.0091376643013348,5.4415488951441056
0.33270565974574762,-0.39282768874989493,3.5948422087119525
2.5607585352029547,-1.1663054803278783,8.476078199136774
-3.2862254329511185,-2.9940464070818225,10.580359990318163
-1.9503132147298305,-2.5640987158856436,9.0209025898037059
0.61572985888385467,0.66680396180546886,4.5912144134093396
-1.9360653407967838,-0.45326455452594949,6.6390352122938907
-2.1824468644552253,2.6513236862475864,9.4934159551125816
-2.1477763014341722,0.81329990550365494,6.6271781146405289
2.6113928989857644,2.735317986035521,10.351247449138427
1.4403099901937138,-1.0373758856108997,6.1369484675446131
-0.77524864145634931,2.5535046986304488,8.3303814873968101
2.2181651538262708,3.1814273039907821,9.8008466231741416
0.71793870632165291,-0.83603171040969082,4.4341459264648009
1.1175674914402896,-3.0176165510138713,7.6515188403832983
-2.3480158234085091,3.479019635160669,11.214982583152318
-3.1100672713823609,0.44487545792147376,8.9745689541925966
-3.3963584204327435,-2.2696738989229059,10.862784272049298
2.6451444891067135,1.227414585236092,8.6867090942422767
3.104790487216385,1.2535920980220725,8.7937665767557363
-2.4158048263849938,2.227726481270409,9.4558883910706104
-2.306547598903359,-2.406525589253254,9.68164706891619
1.1278334674117323,-1.5408664195819091,6.5789244102598445
3.0250618529106541,-2.6060681834830017,10.241265585144138
3.1792712398726417,-3.1636052285196912,10.506850930004921
-3.0280093077285328,-0.43699369054358828,8.7112498462639216
0.41415520667371863,1.3543552176095837,5.8683631059578012
1.1667165153417995,-2.7495913312749778,8.3267634659583294
-1.2436277687241364,3.1445101683067502,8.9327760597415562
-2.6914179789789907,-0.08761699951790769,7.7731668377967047
3.3219084791776723,2.4561092976763303,11.070952659023739
-1.1930749246524925,1.7899179992226246,6.6154852157920345
2.925407390086102,1.4068414882946083,9.0510947396177794
1.0044979102268234,0.62877176014045055,4.6369858930472994
-0.32788891897753825,-2.0170252542635319,6.4383072209681274
-0.44307149367425147,2.8090693647308953,8.590488265386611
-2.6142132097986401,3.2357033198819556,10.895084001409144
2.9883635701909306,-3.4636242814228986,11.233704531212016
3.4533738848914775,2.3091379774572802,11.087275186062762
-1.1557431804005822,-0.35601712880524206,4.8917075301675297
2.1004270344693268,2.0104273888778668,6.9948628825134254
0.71676122717575108,-2.0572429049268122,6.5817430836584059
1.1532740836795856,-0.85796330524892639,4.5765098875453951
1.3623892543643583,-0.4052092290050453,5.8823430086129562
0.64026300481945331,3.1319946581716795,8.9725631075329382
-2.5714135082047762,2.2992685701348874,9.8918487628905236
-1.1100889617656819,0.049393954740125423,3.2607114268203219
0.75789361924279941,-3.2206272199225001,9.0684394387532183
-0.99203278417921847,2.1047715543541212,5.8792904848913246
-0.38493102430377091,-1.5317049978180601,6.300565386053961
-2.9950292897592861,-1.0089534610016599,7.2112858577318857
-0.42128293841781339,3.4227518199103191,10.023760910803086
-0.68162551256747417,-1.05474433234934,4.6726302574974525
0.97643000891763521,3.2304661312816574,8.5655493978062083
-0.45125536331162097,-3.3926557645579418,9.9721544031904017
0.036677365807781026,0.61667656845183938,3.2693051546744378
0.054371665878369058,-0.53300959392834768,3.1957105900223546
-0.16548996600338484,-2.4386509499557887,7.7528795056485862
2.9586871806489343,0.08589840356471834,7.0691705870535486
-2.7488933760717664,-0.43025917601873775,8.5905941943198041
0.44516714337106711,2.3769138750954717,8.0744416385222593
-1.951678186139328,-1.1557707791669785,6.0764676948311376
1.4956961513612841,-3.2053727353646275,9.8937950302363973
-3.0966727372100222,2.5297648134689128,10.434222645754199
3.1428659086439108,2.3954303219088775,10.361695994588342
3.1651600965288633,-1.4982386770305283,9.7477314095525252
2.1589326004214602,-1.7290272671894176,7.9653424333771632
1.8571871997948382,1.4591564369884296,7.5552415267150579
-3.3542321770691865,2.7840932040571387,11.101235797553418
-0.2148153705118494,-3.0319976703881144,7.8850019545342267
0.72647847101310337,-3.4136602539572736,9.9040708584437134
0.654222587127963,2.3449711147017975,7.9749478321002343
2.2015956397788514,1.7563078657259856,8.1041352693085518
-3.3808548294937961,-2.7905756852672323,11.172504235054056
2.1412729227616252,0.94782457638430895,6.1553308541827185
3.4219476690440302,2.8059472286772866,11.257701034953197
-3.1712167977936021,-3.0302785262935359,9.8907561562155841
-1.8782136797556015,-2.4605073281664085,8.9253735372674488
1.9374059668088552,-0.27091449114444632,6.0656495962251888
-0.76744205408223642,-0.22858333614207638,3.7301489396614613
2.5728113770908871,-0.85826033613469699,8.2151756729559793
1.7506798029704598,2.7458315190117499,9.1102183910405401
-2.3674281827449217,2.1799216540479049,9.1467999268376268
-2.4384148651724558,2.0355221133764481,8.9306951598336148
-2.1097859580657561,0.90131438607517023,6.0507149358847201
-1.9328330995375651,-3.1366428424073263,8.6524808847959527
1.0286141254098506,3.2525244455201019,8.7500887908256288
1.1467289901060127,2.7111936673601331,8.329784946111241
1.5970316399173576,2.5949026988636952,9.2810559118391076
-2.2513151408024035,1.7002152479122552,8.4443131800321627
-0.32882429809272118,-0.2426068652303961,3.0343040420777108
2.9167936895731064,-1.098748606962475,7.5313561728315044
-2.5625466442934774,-2.3701956187365054,10.063118802137883
3.4414740556734404,1.0188197798777283,9.6488509938094573
0.65621066456945254,2.1722127135946216,7.2507015100924868
-0.69040670775595148,1.9154762037247703,6.4404851320117622
1.1129362318223999,0.4512222710353937,4.9350304378711058
1.5624822969233723,-0.34630528561851115,6.295116993063985
-2.9723824328732418,-0.18602129609547902,7.6028889589772035
1.6628137955107993,-0.52313498419802551,6.618029194392669
3.2701813840520213,3.1096379675591006,10.772345377382107
2.9854246482535949,1.6785121242173187,9.0722551754045391
-0.78071537681112879,-1.1403955148051659,4.7566493345506728
1.715828255789539,2.429151606077963,9.012645526154369
2.2925111240081177,0.29655438325800487,7.5366281965313728
1.5305496644136944,0.77199224306400094,6.3680994785133898
-1.8711483891967484,1.5723715278016588,7.6620601774765085
-0.23083498136641367,-3.0045113439581477,7.907538323061214
-1.5999508646886218,0.27639003980508337,6.2071580728003433
2.7956784958337391,-2.9180690373639164,9.6445665833293166
0.84207415730499147,-3.0830514931404602,7.9633555288327251
3.1335614972235124,1.7620541601365236,9.2388230966811058
-3.0894512832063206,-0.76283587888467119,8.3767642614074997
1.2891983191415726,-2.351530774695874,8.3736031222058944
0.73088261197628679,1.3941571707119955,6.0743299176855885
1.2419696604885946,3.3221181113250333,9.782853144719855
2.3361053898233477,0.09973710465400476,7.190604479716729
-3.0725817403452704,3.3540659572277525,11.051201724686832
-1.8762790492603374,-0.60975870437883017,6.6165101005616016
3.219587378651152,-1.5821049887163268,9.9643741860542061
1.0272391016844225,0.38367766718665264,4.4633330380684058
-3.4326615138475058,-0.7046255260788894,9.9831387946416754
-1.3481840035823085,-1.0223213353410721,5.7458423985927567
-0.39801470688748442,0.028330042262568522,2.7200474702911528
-1.4261961244495911,2.4306934283951955,8.886142323354747
-0.88816846804816763,-2.3335178291269592,7.5281718340893082
0.78967776589347238,3.3103738006721315,9.4185292489690351
3.3682430696330616,-2.5831804898818795,11.282991748486651
-0.01499048691941951,2.9348077365020053,6.9097696474482504
-0.72923387688339325,3.4784004614622397,10.048390585494143
-0.19453785064600604,-1.335920959202356,5.2769704441817638
3.372733899183963,0.13444768643864968,9.3262346895364558
-1.3604839279735277,-1.3611404041416413,6.957088490502997
-3.406802867472642,-1.5070790338978406,10.508793011725329
-1.1746605015941904,-2.2367503361678924,7.4175797423322862
0.76629409009841787,2.3049965777594954,7.6443953034580918
0.48913373452369102,0.30127811912743629,3.7605645482891177
-1.4759208731851263,-2.8316011009226587,9.2063077191469187
2.7094861799993044,1.2517901350399567,8.7281214986332767
0.43107396941067755,-2.8691572629557882,8.5567435702327685
2.9336333757495687,-1.9437840817647487,8.0344310842681192
-2.3465629471673126,-3.1632071310498451,10.285140971370893
-3.0430876049041964,0.25230017279707084,8.1246303447050643
2.0503801765407061,2.976739260530433,8.0849945336774063
2.2501650468834811,-1.8801711231576543,8.0677940844919735
1.3341394017605142,-1.6793199987372849,7.324100337683463
0.09913217470999891,2.1653314809814068,6.0643041700104305
2.5726352867855322,-2.2019513625893028,9.5882370421685525
-2.9996403154219742,-0.2148369183194716,7.8071651217501348
-2.0944173293791453,-3.2228839892779062,9.4572450943289006
2.0559241211645851,-1.8037130556688974,7.2465270397471944
-2.6829554084939913,0.75119627570137748,8.4132933337333196
0.0059128049535628335,3.1689327611579206,7.8389661531724535
2.8635435555330702,-3.4784815897288377,11.297456597544459
-2.9934258942485141,-2.2550802084143458,9.3244721389650511
-1.7316462451858665,-1.6135792411626217,7.7607435328541303
1.6611393985824936,2.5686042518280621,9.2547071838247437
-2.7174093101415315,2.4012929883593319,10.141131243725114
-0.44758276337313951,2.4828030869587554,8.3407663402242775
-1.4682814004857083,-0.79606823652879033,6.21933154223521
0.92295144989047806,2.7160716390700053,7.9874324254958022
2.658877284013565,-0.67819186593454006,8.5375641275563829
0.92354481777035691,3.2803619276480873,8.9496173962382635
0.4132045555176993,-0.28545838331614792,3.5055570194137999
-2.3875388728132934,-2.4289504200117662,9.9277331148040755
-2.6877891442927844,0.95765271170537147,8.0199789479739447
3.0975429130795957,-2.3157469119630747,9.9124349026111442
-0.36417661255069156,1.1704437892084538,4.9866736359675805
1.955238404516348,-2.8363167704226382,8.338619035785781
1.5415368027792073,1.6234525147247325,7.7142184914106995
-1.7020281243656119,-3.3261926189854876,10.242653357989489
2.018653834015649,0.55533516457961785,6.816978922134675
-0.074043275280347487,0.51386242447587005,3.1840570384602174
-3.0145860607556703,-2.0211147011661605,8.0469634896829945
-3.3297431336137131,-3.0222987233757022,10.839239756440124
-0.75958872499280217,-0.93740094545154617,4.22011496774698
1.0849110085979188,-3.0543901158020033,7.6087975998435855
1.9516624899838959,-3.0057906321924088,8.0143174474480841
-1.4580852175893262,3.3322852607739151,10.27908880797777
0.52205975031725771,-0.42566825819480592,4.1456016952064907
-2.3530356555547161,1.6762988709885303,8.834763819321795
2.5471388274578661,-0.97075424836533442,8.1025471214719076
-2.0156505765626953,0.35624927930792127,6.538256244969169
3.456797535928855,-2.9834385406074184,11.21728581834215
-3.2988092394395072,0.7485672199348663,9.4665493459006793
0.37625875386838503,-1.2363301143207219,5.3280171706247899
-2.6541140340362652,1.3871090659306349,9.1080643524565481
3.059746566843498,-1.8202794721413731,8.6583788419942511
1.3748365986779056,-2.4155014645162018,8.7621107373768439
2.8494053156897303,2.9974002090595482,9.3661942892125101
-2.9351586305061521,2.6452006921146651,10.114789812819579
-1.3550052205679686,-2.4874474816652721,8.8725998570436779
-2.3403832605523318,2.1857501217113997,9.0723134805462156
-3.312619761895955,-0.86846010302196452,9.2374013465476921
-3.0190875160756963,-0.5662065473352409,8.7254896136416491
-0.58347498662605046,-0.94367256501491115,4.5856934587197564
-2.738602469399011,-2.9060974480964905,9.8860428167038368
2.7093616674988885,-2.363221776987773,10.053706582429106
1.4461858035782891,-0.36075878788455285,6.066551118047137
-3.130516642039689,-2.8103751443738432,9.9939248069502256
-0.91581064741549634,0.92988187639015596,3.6687616525078717
-2.8821369956911544,3.4676250813343223,11.261480975336999
2.9385318719834457,0.53201122313934501,8.6342843478493307
3.1614216550342071,-0.45238946380160083,9.1790819596299293
0.028547956702522637,1.103710476158505,3.1755265574059557
-0.0011403122743054439,3.2194944606548113,8.2197343992490595
2.3519854184627693,2.245218723833184,9.3377998862241416
1.5623786278766474,-1.7869148490883866,7.7145633134051934
2.6963216418385088,2.3783804580052008,10.099218882236734
-3.3916867737480745,-0.73988057914170646,9.8204349641634536
-3.4729659882052242,-2.2683145129540456,11.017486212915777
1.2123893631933456,2.0013849576399894,6.4996042741515616
0.99306825241314645,-3.2362374832079395,8.606303308703783
-3.1230413114921958,-1.229188116893297,8.7494903263747243
2.3998914838008023,1.4285607050318543,8.8189672960609276
2.2883077356032233,-1.5965453829672123,8.650623377768536
-2.288412453384054,2.7235093381002677,9.8081286191112582
2.1527991048243917,-1.2805959655273029,7.4735122001713865
1.4603080133326971,-0.79197905507904753,6.2040893907600925
-1.8472206588218771,0.54228966694323866,6.6628879515384902
-0.8794187740679984,-1.1616802106670101,4.5710967893651322
-0.45806220966148237,-1.3343382737657477,5.8564170445259016
-2.2822553260991665,-0.31154993594968872,7.5297665450438629
-0.49855499604668374,1.2807689444843255,5.7001797671546939
0.19888503704125782,1.2450366795167476,4.7952006218052574
-3.431507424831624,2.5979067449006248,11.414873275418131
1.8658553188256457,1.440128537094548,7.5115660301652873
2.3766623289765532,-3.152988081941229,10.344189385956199
1.5087344386607677,-1.7340502088129517,7.6912355345488397
-0.41158524359791437,-0.62561197088767528,4.2682966912559586
-0.69229161846727338,0.36742570109516759,4.2183453283414742
1.782384888804712,-2.2217629044332678,8.1412255897260106
3.4002331806997592,-1.671234765971521,10.488354886487398
0.30920945996038718,-0.14645666440744787,2.5342536932212489
-2.9182106176364915,2.4808042049356294,10.141899183963581
2.6209460867637491,1.6592327863662089,9.2893374356226026
-2.2332719469976396,-0.15784232387071384,6.7606238940295516
-2.7926013546711697,-1.8694701826803404,8.678511773981672
2.4139394761307296,2.8837103083782765,10.022613345088009
-1.588221615156437,-1.1923472205636858,6.8352101875927538
-3.0106763924002231,2.4637532167455092,10.169370092711004
-0.15144008299838418,0.89657475142217624,3.1412578043512873
2.6080433495372803,0.54311208220358509,8.5779003591009602
-3.3954793151411629,3.3688873977220926,12.070663542438911
-0.40889414215771192,2.6202828461932706,8.5166662576787058
0.14215887876473143,-0.25749659688093463,2.1968343906453427
-0.63590392165399612,0.0079508770852565469,3.2521947047894066
-1.7265825980370795,-1.5544757179025221,7.7387941167060088
3.1534158997503727,-3.1229213808248493,10.138570026730575
-2.5833603416495468,1.9443664682347785,9.0204831488135291
1.8434162420999547,-3.4392225404390886,10.371126652444227
1.9877541110620021,0.500907516107576,6.7529707020706606
-2.3753015069375967,-2.7428419327294526,10.059810299157393
2.7345464782637796,1.8144267774528018,8.9843577919570681
-0.42635113893792109,-2.8431639435354024,8.5571175603070007
-2.4192890446100779,2.1108962688657744,9.0696834746289383
0.9220174034361488,1.619165727458709,6.2734726506889054
2.1813418348301354,1.9613272808075148,7.5070386131590148
2.1557166475234411,1.9110449560740621,7.3908892505048218
1.2648553423167419,1.3283344369161174,6.534333098163092
-1.8608396066105128,1.712144305372755,7.5063459511646808
-2.7944211223498137,0.62435325571024869,8.573137112159575
3.1553478038066629,1.5138778851558916,9.7219193436531537
0.47155543323971072,3.4832950448267601,10.180666602534508
0.60262639603889667,-1.3234364973547539,5.8992033587017758
-1.5580059789231535,-0.54868040455398193,6.495615449510133
1.6812400562957848,-0.59155509546469309,6.64100597694231
-1.121618709799721,-0.93469352908299097,4.1801002630120614
-0.30935145212708459,1.2028261739389103,4.9753819942068063
-0.46692923908380424,-1.5819800706898592,6.4826637774099929
-2.7733005832601689,1.0141353235003168,7.7758442961198728
-1.1548039729605803,-1.1519410634958436,5.0691965889229706
0.34800633456240693,-1.4695666543838288,6.1059172764683751
2.2880162160151816,3.1182165445588161,9.8601375763826216
-3.0597932305130118,0.064646140399135632,7.2242256820857094
1.2414728739920431,-1.162272444205791,5.6590632973581627
3.4339419149727801,0.026711857955335816,9.3762452369740821
-2.8436985307223943,0.92184855391953757,7.5621014076278037
1.3473855795063292,-2.0674487271486899,7.4267164031265143
-1.127416924785559,-3.3446740911721147,9.5071338116087691
1.329581566121548,0.036873638442094236,4.8676310154768032
-0.67714572629664538,2.946577985375308,8.3909852750455087
1.5597039991899919,2.0218594581774099,7.7499373655934534
0.6725614719638271,1.9106683569610228,6.4913187621673814
-2.2319634818533602,-0.00044142273133029875,6.3873231676048903
-1.2104055424312334,0.27152973055193197,4.8791255792843238
3.1681077155042159,0.13875474196556725,8.1818059129617815
3.1475718854788202,-2.0443853254150115,8.7724136718811909
2.604190629665105,3.4949318819423922,11.512355088222177
2.2661276261790553,-3.1822963772535848,10.03945358164477
0.11563419209681225,-1.2875566874741269,4.7670977975295301
1.7337181343875221,0.65267104680735066,6.6146953402032409
0.059402885097481484,2.2303229351988652,6.4359543923783633
3.2316933486321258,-0.33957790461286308,9.275818826306077
-2.1566301485422472,1.7314415593335628,7.9480126456608566
0.59106907532353414,3.406560870067401,10.019818781767231
-0.976029661961622,2.6406042842557875,8.0930623603395659
-0.6674785731817563,-2.099790841184995,6.9026369030831507
2.2421298431702921,1.1130360387189642,7.1833227757541618
-1.0790972189264743,1.7006916884944543,6.3431286683953481
3.1153409727254608,2.2031331969505379,9.3776868835480958
-3.3514703519850517,-1.466855682639542,10.341364714083586
-0.70349750088276597,2.1784541603548879,7.1736000691133377
3.0156546609443318,-0.51759569546822082,8.7427280834704781
0.094680896428500638,0.080802952070702982,0.72519399802191131
-2.5064322727185799,1.5826363515569524,9.173889526192827
2.0268975010654442,2.470613673998133,8.9889901346050518
-3.393065820927943,1.3009495372861419,10.177562342920806
-2.9142885052187162,-1.6797361816224281,9.0487083036726013
1.3935757807725961,-0.56697406750373958,6.1234387030035329
2.5097424255989775,-0.69741313652620329,8.3650076355411862
-0.64283014451483433,1.7182732417545195,6.62565035849412
-1.5620299644858311,-1.1612273776955018,6.7102889639210019
-1.4690538137008828,-3.3863480180278378,10.432303320063596
-3.4455721560364747,0.71369453949684836,10.001175943270686
-0.50351555417764349,-2.062101794965252,6.9415446172584332
-1.6946987297098393,0.81635685356946652,6.3571251154978796
-1.8501900762317187,-3.3526399613100613,10.087444291618105
-2.7243710052780949,3.4702873110606118,11.43701683246964
-0.23921041308249169,-0.2953749270458137,2.8662091103154239
-1.0392910852111772,3.4857393284557112,9.7741969620043694
0.74304218407106948,0.22960341319691935,3.7583737426000745
3.130243046584873,1.990357448935077,8.5641515015398166
-0.10914323474317156,-1.185285962242919,4.0223683961215464
2.7064943786701816,2.1884382648601353,9.4379123296063181
-3.1961473929471809,1.4208059583444177,9.7618320643527099
-1.4282404714122428,2.6912858172803338,9.1871327368680138
1.8203566033266032,1.4160817910904075,7.4804996777479644
2.7786858172368314,2.566752004529171,10.311683666799576
1.3220459496748154,3.4089362194519648,10.265322415930678
-2.3522183483231647,-1.0128954074069894,7.5751982232454811
2.2407558651424289,-2.7372449212216745,9.6018848357288853
0.30068731267645399,0.059519656318849368,2.2048328428460344
3.3125714318666688,0.12646803658448214,9.0313286108436408
-1.4596222987185863,1.9498570257667565,7.5547126590155838
1.2881777840542128,-1.6839784894570682,7.1736128163899178
-0.094394403269994598,-0.39633407529186648,2.8209505504443833
1.6097506672909541,1.5538401172747216,7.7187914881376916
-2.2738858458164737,-1.5505127018492741,8.5895175545839706
-2.6482963134785851,1.4609025921279049,9.2216083600695846
-2.3154129816580307,3.3646856506905678,10.904838054151677
-3.164086703773282,0.80155391856013125,8.5967668894047033
-3.1553906783175742,3.2277902804985414,10.736652749507412
-1.6686767207806361,2.1465594298471142,8.0427543308098777
-1.4101156306861053,0.79611892619062008,6.0556684882867877
0.89815694581175798,-0.013195313465383052,2.6461459728708689
1.063529897282411,-3.1003184183506312,7.7630333068105042
-2.7652225665827146,3.2245375499365103,10.614234802992648
-3.2064772796756111,-1.7812807725434925,9.5508876209085418
-0.55344190604049315,2.9669830495587233,8.6494685170031982
-1.8653300315512282,-1.0600594569665986,5.7352854374889972
-0.96362667061112894,2.5194837406607871,8.0705062002698362
-0.20779575496618774,-1.5356693297331514,5.9541938020443617
0.27714549579012715,1.4036099520163905,5.7728229982956911
-1.5976150846455994,3.4521994384289556,10.627416067926323
-0.67958078459708204,-2.3873563217782428,8.0869884415072963
0.25362269726164932,1.1536711080731328,4.4810942590451575
-0.72961891077868035,-0.23318163202693354,3.7826215755771315
-2.2044670771095047,-0.55971716323984166,7.4960851093713448
-2.0991210100760691,-3.1838199581537445,9.2183962267100039
-3.0810688799507933,-2.8372957518356396,9.649451706027584
0.10008098690747769,1.9082676356020976,5.1757195387650192
2.1313890970349183,1.5961854765550756,8.0639988710911705
-0.030647414204100443,2.9512663768664691,6.9117027800018409
0.74868977504491951,1.8819876185994131,6.2596914209561021
3.4285167860326045,-2.264089530343576,10.922236650885667
3.0832669109783462,1.0930583613342586,7.7859912424628508
1.7050729510533023,-0.81439720005728056,6.3490500931876248
-0.55201464895027508,3.0914493395537503,8.9428164527469107
-3.4216730184370365,-1.5167777214077673,10.546603775974429
-0.015661430242865038,-2.1442716681684049,5.7114751661892917
-3.4265306894569107,-0.58451084986562218,10.069878681428209
0.16357346123236693,3.0074769733731959,7.5216911366810706
2.0376410559742251,1.9057078068104989,6.7769536430643669
-2.5212497821013589,1.7362346850061821,9.1626193343394817
-0.82958169525815428,-2.1496956148888904,6.5738205609958733
-0.26156391108239463,-0.45453150102525131,3.5510080701485194
-2.5224397397356193,-3.3569601298306493,11.227658137699194
-0.39859642178503973,-2.0492087118477134,6.7538974543859123
2.6777778421091689,1.6230310180350651,9.3123647973077901
-2.0418218506809169,-0.1153586453999158,5.3848728740991021
1.6563724693061452,2.5103313071428577,9.18716275388282
-2.1639570472354204,0.56512097877962386,7.3237756293109033
0.18451643058341993,1.4501747743824565,5.6946287194990397
-0.77922897596920615,-3.4671301671554859,9.9470311154830977
2.013659003732962,-3.2280596716871384,9.2778932203588909
-1.9532957650746956,-3.1829927902984054,8.9445633361933634
2.7973431420003001,-3.0557667585230259,9.7341603624659729
-0.16701270249680533,3.1005849671909527,7.9059685412372183
0.71302464010162847,-2.7792753386045601,8.4125033428686304
1.7997199444484187,1.6255656510484373,7.7052472533219785
-1.7159142292585454,2.4521945726882315,9.0624373011256427
0.88212112640214801,2.8194046113415183,7.7617828686818964
2.2233026270880281,-3.1208345731066656,9.5231116101912328
-2.0129156396016423,-2.9726986565350098,7.9869354371874479
-0.70742278716278983,-3.1477603395480553,8.8631417143879609
0.095645922774209247,0.93963907064520136,2.8156313045231833
-2.8561042664044467,0.6101346182169749,8.5584013479097134
-0.03151525511071096,-0.33874486920165259,2.4046116965101518
3.067368971847765,1.1541294603567174,8.0422947989139679
0.42762889856990638,-3.0379675779658104,8.7210105107590117
-1.1284140808839473,1.5118782849137506,6.543376906555018
-3.4093350054883933,-1.5366841395100568,10.529421949868521
-3.3810881620385329,3.0487784435049292,11.096753511964609
3.2397567950981516,3.3485338414339019,11.597475004040506
-1.5675161008390655,2.1388808571544917,8.098385140809425
2.9709410997843744,2.9633283081163482,9.0092737032082155
1.6200145035194016,-2.9995929142078577,9.2236667151200002
3.367610758071554,0.75164961110996931,9.7230790933897211
0.32227234541847549,-2.3772767761773284,7.9114464069893451
-0.98250653661677134,2.8263575463644743,7.5484703831847817
-2.0539490533562015,-1.412978372096334,7.6152207200321556
0.91780046765367018,-2.1745229694034176,6.4534266229049351
1.7167215113886183,0.12543221951807215,5.7570761701321302
2.4957822654704431,-2.408858661682685,10.073885542120475
2.9171638082352658,2.4134109182993519,10.003959628526067
0.40778794535020957,0.5387563907653794,4.1358471819156186
2.8971721559311678,-0.49886332587669102,8.6172529564876097
-1.3199506752544248,-1.1814892238137009,6.1545650249208315
1.3797412804555966,0.89986355812913033,5.8333705932534592
-2.3718717182235114,3.2572921363666891,10.71480948676655
-3.2272368510303515,-2.1910787550642978,9.9114862439727052
3.2001795486715743,-0.7719374187372412,8.9131291438003775
1.8894467962588832,-3.2821564952706956,9.6835651451485063
-0.50972014412233158,0.5699461966147652,4.3820032258099744
2.6983965453454308,1.6077255809165116,9.3141764842420915
1.0262782645968,-1.4199639222137108,6.0508741945006435
1.3908841139965702,-2.5961579580601013,9.0815816714502269
-0.17821773561496812,-2.5773202537417101,8.040173308865656
-0.31638874787631099,1.4807727734781464,6.076450327066361
-3.2405429725512542,-1.6254386709286972,10.016720662153137
-3.2677194117935655,0.70495909785132937,9.4299573997092097
1.164094622750488,3.3058036960837054,9.4458283303737609
1.0127003971008612,2.9231792652890913,7.24210196247029
3.1052018544420816,-1.4271073165337698,9.4357391093545324
2.9080622646645544,1.9832162167055394,8.0613798637991838
-1.5454045627766493,-2.6775657996678284,9.3047707946053126
-1.6390366212146374,-1.0194177214692566,6.3044436501201027
-2.5234264033874068,-1.82650604072026,9.0760759526458585
1.5892124674415475,-0.048775120091672175,5.6909717785537346
-0.56788609777840326,1.9863511807361203,6.7415115471829434
0.75308503136763871,-0.25770241975617303,3.8618948429371507
-1.8485496539036692,3.3168483215421949,9.9381976089028008
2.4192081608532163,2.2700726383565764,9.6011705193598207
2.6854911576807163,0.44682948555769864,8.5974064959703274
-1.3729896408885414,-2.5108983882632243,8.9466244508542623
-1.27078628030928,2.2201393218640568,7.7609025691985689
1.9130813699729403,-2.2000330407723458,7.6868739380046165
2.9622888445111943,3.0642413379861546,9.1970777004177577
-0.62864515857160486,-0.34301918573382073,4.1073584603592224
1.8975751875471456,2.4920007408676641,8.970281997295837
1.2923234178272871,1.0598997496136899,5.5324887557360967
-2.4316701436330832,1.5026734722807777,8.9838002454435806
2.8368270639869007,3.1653947724175353,10.084222337645325
1.618494481088991,2.6641118987154542,9.3129121346624117
-0.46461637379361509,-2.3998378295441949,8.1537743404438654
-1.3542665027148688,-2.1450469191249368,7.7456658789473352
-2.1917075879794896,2.4581645778334931,9.4269619050157676
-1.8422688893954289,-1.4090987709334639,7.4476373041184623
-2.5206577613685841,2.9644158648538967,10.19094652579226
0.17210720403951862,2.6457125143591371,8.0390821080474009
-1.7068926207954795,-0.88509435400313796,6.2067674237207378
1.5756018443948658,1.6561671723092344,7.7573520469395891
-1.2393148416378019,3.2399085986328808,9.4053273978709413
-2.8415254108375962,0.29586764906689433,8.2270894778187511
-0.47723224159913258,-2.56715208212972,8.5071703437898183
1.4899198344642777,-0.76812620857275649,6.2967704196630869
2.882948889163262,0.21527885104319244,7.8155202648860485
2.0392529364850365,2.8532282655977825,8.3421302427504642
-2.2423548996750267,-0.59405017552427619,7.6355906157876099
-2.4647398373577154,1.0364526030976542,8.0163121363887964
2.6827568961116199,1.9065648835683309,8.925992497494553
-1.394496606180653,-1.4030979469664082,7.1515709325454093
-1.5629426395670685,-3.0752469764139936,9.4555198370010967
-1.1818702221332602,1.2430796616188875,5.7684300545434439
-1.5762519208064261,-2.401909369966571,8.9693100767894602
0.22213867438235813,-1.1917354749248634,4.5644414982848538
0.68405164724528333,-2.5228015658069411,8.4004233090125418
-2.7922935851498027,-0.46004390561635544,8.6121767005214398
0.70680783698632865,-2.7454170342878133,8.4621640977590786
-2.7952273812396822,-3.3344813842914185,11.015913267923434
-1.1186582688036544,1.1356822105141555,4.7484700942504467
-0.66822141899135978,-1.4404476133608664,6.2498910475366927
1.2383928525597234,-3.2564165084488361,9.4824276993009455
3.4370871422162157,2.9781229875109378,11.17129193372973
3.1861658592940785,-2.6878451220568138,10.621434584294118
-1.9936576157701822,1.2143001874618742,6.499695121325022
0.17031861085324929,-2.5243535120525826,7.9585827997306584
1.5215934867478671,-0.83905670911957131,6.2811440211427438
1.9961382501511888,2.569786969296449,9.0466221836883509
0.48184833159148432,2.4037980297295514,8.1748215929622674
3.2380747620320038,-2.0608198382766565,9.4450449872904603
0.81746462686376375,-0.12436518963524801,3.1737077196742263
1.2751610307573538,1.2820673071906814,6.3948743073157459
-0.33724685833470724,-2.9478066690217442,8.3350005398882203
1.3155387706352286,-3.2908822256899635,9.8813588285940934
1.9875242439184468,-0.38861431686940318,6.576058882090166
-1.6137152636970367,0.99787398025450269,6.2950197365266582
-2.5680339457826507,1.0116795057771251,8.1371452761911129
-0.35881749798634877,-2.8799221458802648,8.401332929403182
-0.55600030973652981,-0.91133965479824397,4.5648689040269055
-2.9401725672962495,1.9608350935180603,7.9993436905144168
-3.3336516390586848,-0.070124074056942653,9.0145525070514196
1.3813312043304347,-2.5097403249415913,8.9601338132928916
-2.1010706214386516,-2.7199743975725137,9.0556688809075681
3.0382612142628513,2.087541850912725,8.3546078260867276
3.1257049738877187,0.37269628225879714,8.9004174486136804
-0.23809415884842,-2.7548768725053114,8.1372657002228763
-0.28487539191123989,1.013561591244315,4.0088241255976449
2.1452867859457463,3.1566594588915819,9.2700270250896697
2.9246589124909299,0.91660428777694403,7.3469468924511734
0.32707220420558514,-0.23480576842339795,2.9942638970419786
-1.7272046876402858,-3.3387950428001947,10.250625975730161
0.3155028568613778,3.2548559293419324,9.3173562288095866
2.8703869305181788,-1.510098524212204,9.2202735803692999
2.070958716984328,-1.1452524639904293,6.2751516823095734
2.7182468916630711,3.3396066760629886,11.146469361442305
2.775191511624314,-2.6187032451897374,10.309420804457682
-3.4486914355283389,0.43071574438481264,10.088714052741125
-3.344539622162098,-1.0116572263250201,9.2719409788395577
-1.4797665397303441,2.3507291558119761,8.7622951208130644
1.9943965144949125,-0.88398883930626759,5.6343185972410268
-3.1376012293460214,2.7422284929613889,10.274129557803553
2.6260351123053489,-2.2813863987983822,9.851503206265134
-2.340940430035626,1.2298076942580103,8.1453311369966315
-2.2016927534180009,-0.029625617670574922,6.1717773197940247
-1.7705452725970754,-0.91561957147528572,5.9895104984522831
0.87489270424726051,-1.0182338021754367,3.8369593358223817
2.5821819034305769,-2.1133402276527073,9.2965723355439156
2.6093736797592433,-1.8328257583195431,9.1067143746755423
-0.7134081768877012,-2.8443672632092429,8.3277730856460472
0.17751578730153827,-3.0358462585710475,7.6804695700862062
2.0153379670646983,2.3367507610391378,8.5217549852695313
-2.9191690725654511,1.9200954260526588,8.1169501099871848
0.9381163692386405,3.3611184889040757,9.3568487956554076
-3.4709210220517099,0.28739578566266921,9.9524682221693048
-0.74590987410617426,-3.303850287170115,9.4939084114859256
0.10291118912313824,-0.78933529778255229,3.1632888467803184
-2.9731310323183493,-0.59083336287330956,8.6161938906151772
-3.0625148176661621,-2.5867520529628876,10.337980178912117
-1.5778773306241924,0.56285022430204634,6.5317407893570696
-0.023699695832393175,-2.5553993184555894,7.7595722664705349
3.2785117018930316,-3.2663077533302833,11.454916398806413
0.58249646976340408,1.3674974697985638,6.0473213737079128
2.5000972125230634,-0.19554641593450084,7.9725516309521609
2.2093518398570842,2.2261346652293028,8.6605845080526098
-1.2332869910119717,-0.314469403671084,5.1474345284245118
0.93231785509045029,-0.50410897916224817,4.5456169373203252
1.5804581202389345,-2.6219019353103055,9.2960964674361453
-2.1293623678192044,0.32233435090431861,6.8371692636367687
-0.52344677574270504,2.3891013372865215,8.1507977432213767
-1.4137164085458522,-0.276567606543066,5.8047942427698054
-1.0781988738388417,0.93558563215015589,3.9137428093597677
1.6235001584715194,-1.0423801997809465,6.360391740033446
2.3973827744511356,3.4010850134199959,11.168170487088144
-2.8030765787532421,1.0734693744789103,7.7933181223613435
-1.2888635699355593,-3.0280461101854597,8.7109811049986767
-2.5590174306882738,-2.8297578202824027,10.260282048336839
3.3482754469825293,-0.43391603379439081,9.8375725938675931
0.78762426472371949,2.0956034649192903,6.4476891426850393
0.95394952680032485,2.5312768736636251,8.0870406398672525
-2.5368946809707387,3.2517986668089094,10.945606703815114
-1.5543846558852799,3.1796303127838579,9.8207596799266561
-0.096942170813135942,0.93988764518919155,2.821438604279809
2.2698657317256119,2.0868200911076853,8.3458327043306539
-0.017907279976501211,1.7163522859900695,5.5489909445963228
2.4424522708253891,0.28969736659941514,8.0402677072135553
-2.2762287771914824,3.2423851085900832,10.353469927947662
-1.3321593297473764,2.1002477130607025,7.4785870125598546
-0.50262743353770434,1.2780193702067741,5.6929474611249056
-2.3034382205593014,-1.8010660980876272,8.4988577376720915
1.4254659111115631,0.42061913876843393,6.0969758257103628
-1.392139618289824,-2.8510514507862026,9.0378779345130056
-2.7341666036551144,2.9563138796541857,9.8621540513780204
-3.4665261920076724,2.0597502977516049,10.434148812037412
0.89274551330031748,-2.7423395250839464,7.9739412236889642
3.123982838212684,-2.6978232567797793,10.347019679911071
-1.5782925508504884,-1.1626331361762734,6.725202776174692
1.54329941859611,3.2378953223199023,10.033732505576237
-2.7820152536720459,-0.28831010743828411,8.2711104548208105
-1.2292642033488241,0.40550851064592397,5.3588424600781543
-2.4609855780325947,-0.52415171224451029,8.3310476127489359
3.0077464714552802,1.3466211231182443,8.9298775390700236
0.26399842953537966,3.1822346040648073,8.8093151982578846
2.9902976374960417,-3.2541701068674667,10.387342246130522
0.64501949673478087,2.6308530449607632,8.5593267015853876
0.58953235612064514,-2.4817862262533295,8.3764856318634333
2.9996287827892933,-3.3697520996570414,10.979943723741712
-0.37646036169469443,0.56561581758208312,4.1079085823406132
-1.2359159472366357,-1.3761501987731841,6.5895919740731372
1.9114616188791267,-1.4063135474164414,7.4113172864171109
-2.0234988420925202,-0.26369275520972346,6.161011003940736
1.1557320594495248,-3.2345542463322254,9.0260598007545525
-3.4009474564600795,2.2597663498033116,10.845805286545495
2.4934521317048972,1.0008008468869685,8.0402429635969774
0.26123209582992057,0.98402298494660734,3.812615251435421
-0.31144027624611015,2.9427408681042779,8.2347264573003809
-2.0030522116092895,1.2296161588179393,6.6168521509360758
-2.4360900934577359,-2.0420134322960508,8.9371563768069393
-0.98995154051236645,-1.3925804715875145,5.8966178712473365
-0.005439496049135073,-3.4068500495873693,9.278429978967452
1.4246466297289171,0.99217248820594151,6.0164383260571199
-2.0377173935953774,-0.85369391474721734,5.8834684900392311
-1.8375015767899485,1.4724612161684396,7.5894056537129089
-0.69577812011495377,0.91238410401172487,4.4183073957028647
2.8356579837971889,3.2973291623101035,10.789786192198433
-3.1848099577040085,-1.8926425102558913,9.0712063870724737
2.3040394290358268,-2.2933067848061111,9.3491264803499519
0.31050400019256719,3.2714890267685748,9.3756898023351596
-1.4520248308607959,-0.8807726912009306,6.0937770168886942
-1.5054100199606837,-2.5199564160497383,9.1436943188387989
1.4091514243372147,-2.2626879656228693,8.3686637861033795
2.3315563746439647,-1.175423875895095,7.9125730252704169
-2.398964479795648,0.99124572267497868,7.7617960862398991
-1.7464961671649315,-0.98747245373537895,6.0308463833848762
2.6833179235863769,-0.71688655623465269,8.4789679292251048
1.2692088594568052,-0.84561166255625775,5.349353909040591
-3.292930546198285,2.19301645732991,10.245658512866259
-3.0293233432669782,-0.75992139714212259,8.1726865265886559
3.1563204675763021,-3.1848628072882708,10.499750012093955
-1.0596385316106485,-0.80522329707304374,4.2618751708199873
-0.46905062322579383,-0.33605421159004178,3.8121604178385375
0.57854988949424246,2.0539876192023918,6.896610646723115
1.6451496438961977,3.474756630246242,10.656937132891624
3.3604291590127868,1.1653609066386075,9.6880915622676298
-1.9840557174914708,0.95755015733406346,5.4082014635376332
0.921270634099292,-3.3901208539553753,9.4929894880730021
1.0000433391233123,-1.700742222532748,6.1719651535776485
-2.8335731529789387,2.9732711483908574,9.4263245898884094
-2.0905443268256905,-3.4338684885739155,10.426797123323054
-3.3481942889784757,2.9464269948129349,10.873956314890576
-0.147640925136451,-0.25705479740034143,2.2193108878745456
2.8515136155183409,-2.228305331621331,9.2883732234928527
-0.011103174885123135,2.7008550665873674,7.6532800689445679
2.270657617348296,-1.0671624104956496,7.2131516519420469
3.2550121385152861,-2.3975446539502654,10.767339384598253
3.2982915803396144,2.8504580901808989,10.764907250534279
-0.39697783016159294,0.37754561942658071,3.7407162042749
