x1,x2,y
-1.7743771750211532,0.19787346513904591,-2.0990217241834022
-1.2574889370354598,-0.12245024123417325,-2.3712074057016128
1.1638308094549941,-0.62465921523903489,2.1971202947040349
-0.80402267089681234,-0.90952756681456215,2.6850403967876755
-1.3481074786882354,-0.1382716989427466,-2.4860416462663437
0.72645812970524393,-0.4572359896382594,1.1288484359521387
0.66363565391673784,0.84923148338757226,1.8787800353363477
-0.69964665754409294,-1.9626034998237198,-1.7208765320583768
0.89853265089434675,1.3607971941659054,3.6474849638714888
0.46142257713863311,-1.3705865871731029,-5.3592594820086141
1.8627199328187154,1.7493421254227672,0.32793710826965933
1.397810052706189,-1.660588234740066,-0.87156928649193999
-0.9528887908770669,1.1080511589101634,1.1332127339292171
1.9344947574605236,0.98585510062029336,0.69916582760254264
-1.1258608138783819,-0.80345783957689609,1.2315286472825144
-0.31271733094308773,0.59944313781524849,0.91032373710165249
0.24303511499564623,0.015831579336281099,0.18351679388085196
1.6474186257305665,-0.56853381325941976,2.0271107627503873
-0.64041379186934999,1.7069598858164938,5.1581960193219736
-1.8862238799083699,-1.9236674678056747,0.069580586739955916
-1.6327682981522058,1.0212960762179653,-0.76868926323556375
2.3267811874561062e-05,0.18156612086365032,0.62586813163382404
-0.29432649817305023,-0.43928277183636344,3.3270306415499875
-1.4476065594304246,-0.074899325544629081,-2.6882165389308579
0.1988249353939513,0.4741501798762191,0.08647616565842868
1.0619278689498413,0.72023019070880112,2.2696390986696491
1.6354440683497056,0.41610804434814197,2.3643763630170236
-0.76555693897067512,-1.4094489518572444,-0.11386035916349266
0.16747577543530445,-1.4278610065742408,-5.8770141686683681
-0.4986989378138853,1.1788729037431618,4.3573243042995538
0.22358989275653585,1.2913666751432991,6.380814826473272
0.29522133041719911,0.31582950383646002,-0.064854876147665136
0.36360668405544461,-0.71565395690265676,-0.16420428746671775
-1.0412685435589639,0.64966312653061697,-1.7250392784645838
0.63932668364994694,-0.41230031558873859,0.84579766521135391
0.099769365668712418,-1.7864343153290436,-6.1216655741780484
-1.5884911407360165,-1.8180832180091371,0.12388943078368107
-0.6380861597910521,1.6037527126833826,5.3097676850973246
-1.1733456200184329,0.66763923007917603,-2.0026566987175376
-1.1443863399951011,0.84225005251542484,-1.1589370950613571
0.024097332666113136,-1.2839141428126011,-4.1042357758950914
0.63697224330251423,1.5420918274602924,5.4690575296265855
-0.087128719298146473,-0.91586753717783065,0.73897947268586128
-0.23778044256527275,0.025949158722456733,1.6519267513796914
1.0820636855276127,1.1624350830992278,2.5465228517645535
-1.2890210732153746,0.28121285640462945,-3.0068827933071844
1.0231047574221908,-0.1271599380340187,2.9873147287809201
0.99984349894769542,-0.7722468124148707,1.0606046953333439
1.94944605671366,0.41309628104530782,1.3337869548444539
0.68190405752494243,-1.8171904893435384,-4.4419447136000763
-1.4770694515347589,0.089590645640045263,-2.9064172530127839
0.98717079034290789,0.70001948833846139,2.1522592146934119
1.2627782567698977,0.02961604124295425,3.584225985590404
-1.5074823485263884,-1.7635041663954385,0.14606501345562642
-0.64611534220240241,1.5258175072064826,5.2005130657936514
1.7957843955091426,-1.1052157015463384,0.51807734802481609
0.20531188983961712,0.75775081446992232,1.2126240054696806
1.494348624666797,-0.60483229324957621,2.2655943882707987
1.9082757892795388,-1.8412307819486473,-0.09696666433842499
1.7060717283904805,1.5972389717841704,0.63778894155866317
1.6189820100494288,1.6098376261033773,0.80251690934164099
1.8054768465950248,-1.9652712439163442,-0.16259820481262729
1.7932371236373736,-0.54917695069650851,1.651922687672186
-0.31733994306474633,1.1030941302954549,4.4528339126958523
-0.10498110915354908,-1.0891773585361417,-1.0208012739396508
1.2678141627080914,1.1131096014887061,2.0278228441627775
0.76060003009471977,1.739134108356446,4.4114454338474074
-0.57493151518469943,-0.19024914387542258,1.9852012919122208
-0.35770571522395977,-1.5005475102805299,-3.2556056792269845
-0.96031538474533074,-0.70608138959602473,1.9036469493508621
-1.4018176413394503,0.18610136835438773,-3.0292392751551183
0.42403314134805825,0.21643971654460392,0.082970496638596153
1.7686624675904024,-0.82584574660290655,1.1369947542842256
1.2833959331872524,-0.0022345356852193632,3.5924252652709519
-0.39762200209032472,-1.0782320635600993,1.05411921244337
-0.43041414267918943,-0.30431300853054122,2.9520267701840925
1.8654379039970097,-0.35051966700943704,1.7111058240632453
0.2315264662802714,-1.0710900640803922,-2.6969145075592511
1.4683743661879896,-0.74162073520952188,1.8395605568414173
0.21813691126997137,-0.73380786653761887,0.21583682908363064
-1.8528446407155272,1.6166010597254172,0.1085520571144923
0.8887442061829649,-1.2195997205512676,-2.21579621927616
1.2894327035403759,-0.86784303925802786,1.2905329663524463
0.89744675387546069,-0.96571707108328475,-0.51115715374013082
1.9000961512437913,-0.95454772908001773,0.68393355138613077
0.2403138011122179,0.96897401384546233,3.032628690997313
-0.7519721802500301,-0.066759253298470878,0.32320286298100692
1.7865503634080642,0.88446589615251803,1.1085690669034189
-0.40618055374352924,1.9423335789689284,5.3874414168001348
0.88050979208186853,1.6517868093270214,3.8512051052901461
-0.60146719770195189,-1.3427421371269388,-0.4039236522999744
0.93925957395623749,1.5598022113324834,3.5862168589587129
-0.8748344445579026,-1.4544415419903869,0.022194296561355374
-1.2824353188459838,1.7701113458410482,1.294205340137367
0.74152692237520368,1.931211633253874,3.7561594137758592
1.7446997585698658,-0.51537654181038728,1.8618904824839606
-1.2623272287838421,0.22882651132312359,-2.997084296195454
-0.91728311955556419,0.67997871437319413,-1.1284941716850112
1.5223102435243279,1.7969746378864002,0.85667980520244125
-0.19826722128433505,0.028018078235688026,1.570346572524121
1.968131071085244,-1.3532433307099336,0.14121556845066968
0.3666767016606256,-0.30335173328413578,0.38837074058794863
-0.2574170925111019,-0.61018921343663868,3.3575047594707619
-0.84850591356952965,0.79318423038865715,-0.30352218093691286
0.46099393290860036,-0.44082138203343479,0.41060713310830266
1.292885766376584,1.6985551662527927,1.6837860277923991
-0.48942749062692692,-0.89141852293590484,2.9902181434268855
-0.15384021185434427,-1.5067218974970806,-4.8054814891993942
-1.0108092589816962,-0.19395854975011395,-0.92135282063841162
-0.47444632562302425,1.6588058108239085,6.382483834308629
-0.94390129542183709,-1.2585528988279546,1.0752248468552039
-1.1211175838098262,1.8983894389615621,1.8096312281738507
1.2246435190398657,1.4794394303685103,2.170425659444903
1.2785563077662605,1.6671766326379132,1.7809817459349406
-0.12082454218218763,-1.0856798782460113,-0.86614187517501739
-1.7462981438508163,-0.20140997357840673,-1.8809658074326734
0.39642478710746332,-1.0763269906896822,-3.0076092290343217
1.7216503569567014,-1.6913351687477476,-0.21826116629797734
-1.5180110853799613,-0.10327607678251227,-2.557482753738086
-0.95023916543428233,-1.8478917944113475,-0.71854613824236646
-0.65915069559181783,-0.71317521700250808,3.4269599532988919
1.4784723847567371,0.46715406961738193,2.6811006485817197
1.657955111601574,-0.39404346190001593,2.3678306308835624
0.56525310771528581,0.86863272798350843,1.9192050232698039
-0.46317910139191776,-0.26344101124418162,2.7191768653408528
0.531015888041658,0.16159229699003896,0.41866165342779676
-1.5606216387201088,-0.25433586629796623,-2.1045831526492962
0.87076257761670028,-1.8296416367929269,-3.2867599326506651
0.4027727331549924,1.7426398124727203,6.5492978699946454
-0.81413333060360538,1.2583534759079043,2.9041907623851295
0.93492656949010522,-0.2645338153962824,2.44252795232262
0.73312740621396255,0.9730450378118074,2.5340954302639402
0.16359683791452406,0.69494908599680549,0.86582278646681032
0.61080986291422068,-1.8237516613819922,-4.8083235231660177
1.3301849481851065,1.604443936118237,1.6521561070534092
-0.34807183464245162,-1.8510468354884022,-3.9160020435327789
0.62860222805034427,-1.7027690060065188,-5.0941599065955074
-1.486811449547468,-1.0342754076058107,0.37170376184124126
0.51528776951080424,0.15244390813714004,0.36399340626478133
-0.19969740551847015,-0.27587974225059742,2.5636742597379776
-0.45399220682991404,-1.9279731818768808,-3.0935804653065677
1.2052689371258167,-0.85407643612537765,1.2181768043112344
-1.3616832129353953,-0.38666199314798666,-1.5020856014308936
0.14537542637135736,0.037816760582095377,0.38681886369591884
-0.46097601327486415,0.71321191189113575,0.99435965161555173
-0.86479126213989921,1.1501212332986457,1.9016054111544984
-1.835069741946322,-0.98849911556013925,-0.10799621846931548
0.67985248000142295,-0.15761920137240404,1.1706011825637226
-0.30850502775408084,1.5079083148388106,7.313027692784333
-1.9128597648068351,1.8815165859824212,0.12271362792432321
-0.67598478611178026,-0.74876371506680717,3.3596327450618468
1.6253843907005714,1.6187197870598893,0.7819884278266892
1.858276874895485,0.39488221524358913,1.6493172887751517
0.041777934892824664,0.11162404142780469,0.60646794127332682
0.072370981901013653,0.12384347777309257,0.48448741724301553
-0.57876140599644033,1.5744673239285927,5.739153325736452
-1.5451618114720072,1.6297216854070293,0.50797467254658257
-0.81107797902865553,0.63862921051390265,-0.77955923182438935
1.3127711697364153,1.9596560128940705,1.1849460426280485
-0.65712768206313221,-1.4477040487468389,-0.85783618415028373
-1.5188252465603709,-0.17023489286668148,-2.3908241850603469
-1.1088900641909551,-0.33308701807825458,-0.79284295500818514
-1.4026744797896615,-0.38360765777620265,-1.5905931488784062
1.7969860309526857,1.1575985107826341,0.780442106992011
-0.98466285198217474,1.3806761314954556,2.366965055969819
0.28506484177438018,-0.76282253032202507,-0.20452308073817208
0.018863497165134469,0.41352629674557173,0.36211630227860098
1.5879509756642625,-1.1768882643359078,0.36794131346321318
0.3326945573863016,0.84680012247521974,1.7849718768441041
0.69281941966964666,-1.7167841340741772,-4.6760604346636958
0.062922084728976202,1.3760893479140659,7.3727304278299268
-1.0815352853762963,1.5431265507094993,2.1856854899334976
-1.218257462529877,1.2018671830345955,0.45566749615017654
1.993010845116955,-0.93626546268480615,0.5883742352132123
-1.6889441944437187,-1.9209914544738453,0.089330482393809432
1.0707568467446062,0.58085253028141848,2.4451403124312208
1.0057746048777996,-1.068778544260671,-0.67288798185925447
-0.69600276941773309,1.4984838365419337,4.7772735097361982
1.641441972143149,-0.1404269431877827,2.7527101597214227
-1.5381135470284186,-0.96309331259342579,0.16853990327383567
-1.355714276232264,-1.2853509154445826,0.63870583768692812
-0.90135895959478707,1.6913143595676514,3.35962012391377
0.86161962569442485,-1.6386764742776572,-3.6666247864360297
-1.1897647512664049,0.88883935750387399,-1.0296055315766361
1.4749749194926509,-0.32408040843046937,3.0230764263554759
-1.6160098820692135,-1.7480836069083012,0.15158597563544438
-1.7151342391345876,0.93394985026142097,-0.93645134657221873
1.6593141426739311,0.79981877965706483,1.5369363410582144
-0.49244625767052574,0.149163631005369,0.9878331101862291
0.59429179786162356,-1.4180015641397408,-5.0186342522536798
0.71451779612205391,0.93562553521733571,2.3441416927181526
1.1780580722054053,0.58512975290350644,2.6017288417942361
-0.20821023757874091,-1.1595621308322532,-1.1092622777886298
-0.10019490952506249,-0.26656185136855082,2.1242583771557437
-0.47549499438676146,0.14294432711818317,1.0662865941044171
-0.29237118421273878,1.7486255529056356,7.0611371585600873
-0.17943462684085576,-1.3466116004354078,-3.3901647193125553
-0.30987132855722077,-0.2480159903671233,2.7289412857632391
-1.8933733943456534,1.5011047290284676,0.020920815817240049
0.056277516498484115,-0.52087396078893389,1.6582430109569357
0.53857738358127083,1.3410597498610746,5.4298656197667823
0.63601335502832868,-0.16530132759721061,0.95360573875134791
-1.7175454057543553,0.12970866723216457,-2.3031629961194167
1.0239595114827211,-1.8145345245279565,-2.4485247655735867
-1.8874876691077866,0.59237672583265866,-1.3034755570365342
0.12605176374650107,-0.24078518418959827,0.95566543872465126
1.4150605225974533,0.12282578388734855,3.4107588743634918
1.7638620914204592,-1.3457135670208449,0.12172971608832281
0.20467589580773682,-1.0716536120374736,-2.611231531432733
-0.43952684298082523,1.6901223179511726,6.5242852044027808
1.7184789606761997,0.62286654507892036,1.7135658394939246
-1.0620038666284211,0.46172094871149039,-2.3034383209922304
1.3696841687671499,1.3618445564921995,1.6736172971389425
-0.7904592190629367,0.9542941934388276,0.96582362765744945
1.4714916041048358,0.36805146757999818,2.9151091472181623
1.5152666056976196,-1.9416083107779714,-0.53364257099807733
0.75017037757565719,1.6457901938526716,4.6851295049211252
1.3600242821596118,-0.98061467604440211,0.86446779175004329
-0.51336141315453143,-0.54317777711322934,3.631812689636865
-0.46591874698998748,-0.273728514024004,2.758448194129099
0.74319194955349266,-0.47153454892894309,1.1726699587036369
0.21157928728957565,1.5809880826578597,7.7267970104321053
1.1855469516987838,0.53989905854709841,2.7030498248532551
-1.8625476378477839,1.8411319949539471,0.15311700319107732
1.3373428119666713,-1.0960576935666255,0.32899019589258383
0.052787993316967707,1.1276453515082214,5.067192893879219
1.4597522078504612,-1.3859166495035447,-0.33434570006881953
-1.6075958401716832,-1.1012591744306466,0.23139197946253076
-1.0094380136293979,-1.5934555932609127,-0.11448271709309978
-1.8110991318805763,-1.6094164233653967,0.14017100683094227
-1.7252514911532995,1.1533578221976142,-0.4116188091819219
-0.86758727706593586,-0.98192804372692533,2.3017845327564093
1.9379810281588297,-0.10897215516667491,1.620103429864967
-1.3151228292381352,1.8317229124894858,1.1423712209793848
0.45117360179623267,-0.47269425962159195,0.38229453126939178
-1.0918666923485434,1.3957491323838993,1.7890096320724265
0.097843568418595428,-1.5510911913615375,-6.260540446523998
-0.28344390665880526,-1.3242295680646969,-2.3817863616216406
-1.4608597996313613,-0.19603977856741794,-2.3510103345794922
1.8623430298037462,-1.1762421853658256,0.36705788649245852
-1.3764780039567754,1.5242266763877437,0.84418752139572906
-1.471289770024732,-1.0339017411311962,0.40406601373666551
-1.4981866394702643,-1.5294793958142785,0.30606679008094539
1.9219825673867033,0.41504174841195329,1.4170436951297662
-1.4245520669280916,-1.3300007839881367,0.51444241484154274
1.9190755464787266,-1.7278544464432681,-0.073226569527547067
-0.30413584335939636,-0.98946317587620136,1.4376730198148748
-1.49207891867625,0.49102748443886979,-2.527655963235333
1.6616842840698736,-1.8021667992542687,-0.31881314200442312
-0.97368926784584731,0.11293517277645204,-1.8032310808553074
-0.15903291487426863,-1.2608027180836427,-2.644269348650766
-0.35903809324133396,1.4943882181424395,7.0321480351440107
0.44655370407647643,-0.46249222895143083,0.38897686780886176
-0.46886480748658865,1.1086230717049408,3.8981041996693166
0.10062599959773122,1.672188462030801,7.8846830916003663
-1.2194471183704001,-0.55452761369672254,-0.19013491678304786
-1.0862536708330117,1.5555911685743666,2.1749417186977298
-0.98266342081003821,-0.28640992758552741,-0.25430011490636145
-1.3416920092944484,1.2345807117449534,0.2134618210616897
1.464801903786574,-0.075214619619977441,3.3469358591518228
-0.64493265908615682,0.8764089621242972,1.1782381925398935
1.0735787388983673,-0.080754159041294127,3.2065071819708635
1.5000614969611177,1.9804399414085552,0.69978756689438726
0.60528642056812165,-0.28789810409919636,0.80178397017673164
1.9328662214118792,1.3175412540902216,0.454437905054766
0.19032818817114006,-0.249134899656966,0.71213837509325828
0.66635609547199781,0.23979293600541007,1.0160488554136498
-1.0749948345031921,-0.90917340886073728,1.617577627265361
-0.8459422311468785,1.7883159350931237,3.553677398872189
0.51472815379310832,1.0265627004093907,3.1358457968638538
-0.61738709904752542,-1.1072969759183424,1.6540328586450441
0.51046661585583042,0.12227245487051519,0.35864841435081596
1.7436312822291629,-0.36025742574376451,2.1300746711552812
-0.65158353766831034,0.19447456618586489,0.080971400385464964
0.25519004617446539,1.2718006042552439,6.1164497976823275
-1.5922701685131888,-1.4769531653748507,0.28464051674901159
0.41373069929767681,0.58818354410094109,0.38641442872843779
1.3907411761668054,0.98352871717703039,1.8315666923011176
-1.454792130539651,1.9913687134408073,0.64661837840143821
0.33695812112849133,1.1049227719839916,4.2573447451448621
-1.4521967792543482,-0.52562334926806553,-1.0470638105397145
0.82302696116765928,-0.96643254663955158,-0.85564844505016413
-0.1158918494997454,1.0339895813818321,4.0831222800365445
1.6297106603088083,-0.41909303540083465,2.4099463572232418
0.52130611035943497,0.86543417870489581,1.8846828551380368
0.73422154959727726,0.48922854062039578,1.272212790326017
-0.92934926730600664,-1.2001744532284202,1.3424436133384001
0.82469987140636958,1.8113883302248555,3.7877905779127539
-0.24863695991644019,1.1299134434817475,4.9139229261792536
-0.11169970226620651,-0.39323345084155803,2.501819744213857
0.37930436767240572,-1.1428839773762229,-3.6563366552695675
-1.3984639320457477,-1.2374447590439581,0.60721358841888573
-1.3360652085212519,0.22211280126846411,-3.0479004685840674
0.85062707431015028,-0.39749697957138519,1.8165977314568822
-1.6070234462188209,-1.7313559081148686,0.15991945428031951
-1.1516924123366978,0.29609021598278362,-2.759998359074463
0.65531321815192189,1.1313257576967013,3.6227662366508788
-0.89364639342364716,0.7157044270248778,-0.87840840964784794
0.56684154531431341,1.1373198752700451,3.918575873241239
-1.7039258638793242,1.5727632814667705,0.21636102463071086
-0.30271967352379914,1.7615171219685406,6.9574668212355792
-1.5864819712637614,-1.2887661198635507,0.33666474808497671
-0.084281189587039229,0.79469079446784807,1.8225354195023904
1.9751408971012925,-1.1809602650483371,0.30708920519368121
0.36812653580325216,-1.6568644366598719,-6.3413343406153961
1.0123806790458127,-0.30013800433273308,2.7253235938851463
0.22053211699951625,0.91786098941610783,2.5468681818730534
0.60689758469741673,-1.8341608853977744,-4.784635231882298
-1.4875713330293894,-1.7746211961140448,0.13706422036769578
-0.67454216958728841,0.59355550596255746,-0.22828813646840104
-0.45431432590589238,0.70609416210151066,0.98354062048386992
1.0399835129495392,-0.019288987653293121,3.1028602185008505
0.41819789387243,-1.0720617778016124,-2.9610071348251976
-0.09625866374393377,0.13886094513952507,1.0108877625642849
0.012103574247799287,-0.40601604284731829,1.8415419270853783
1.6691337558487103,-1.3820271132758242,0.0053054535395942468
-0.18196288207165789,-0.081583927824687263,1.8665502578142794
1.9420217955722836,0.72400834666875324,0.97542121155131511
0.24392742476579699,0.14540016802568001,0.050131962570705985
0.72134325718297987,0.31414137078601145,1.2697480820418434
1.8050312246995039,-0.57182482180648031,1.5760893040124146
-1.1481443032721939,0.92082971867213859,-0.75984556881668985
-0.18447469643230074,-0.19188656826640615,2.2348727414223029
0.84443076655818539,1.064544887658311,2.8382766046742249
0.61165876928204455,-1.8127909156634183,-4.8486447390784102
-1.2429760187895622,-0.74531255135528385,0.5092847534046534
0.6865458571844365,1.583391377970726,5.1564059007037315
1.517040577592248,-0.50907217467126054,2.4992491108287904
-0.63034959732859175,-1.0610358611682575,2.042011628249548
-0.13365861256941325,0.56452761747089397,0.79650998828512742
-0.49830523904901303,0.57891353962522096,0.47744488759693648
0.073046118872104326,0.28395186758905089,0.28236839439067823
-0.73874742576021979,1.7152652331818921,4.4470549031450686
-0.11379366996509965,0.36686423030071191,0.67530991519987804
-0.49151145550800801,-0.11042599109038997,1.9626675133142408
-0.21724109819017423,-0.57591213949901054,3.2060581032075199
1.528238583004963,-0.55236616099783031,2.356689197113218
-1.4994026220435339,-1.2830394432540777,0.44351765430367168
-1.0462737009891505,0.82482868200331172,-0.95741490929803852
1.6320739374248978,-0.23492983184382021,2.6975141298409246
-1.9364129162661121,-1.7209912647922152,0.087326107781743309
-0.28626270604222559,-1.808252216027997,-4.3874311135420827
1.2101167384170775,-0.47003233228790031,2.8150780513195413
0.26328294983784417,0.77424408546478807,1.2772808311363135
-0.11912649936211239,-0.70683266167489567,2.383168208617509
0.99607175765326739,0.28641795047501883,2.6960450015790975
-0.39127434100717973,-1.8449752670796604,-3.6600124059468433
-1.1317991073076279,1.5378285680003088,1.9006303945462983
1.0436435740208556,-0.56169133887031286,2.1383397340791737
-1.8321894049142002,1.0110789196591465,-0.6379125788660821
0.60798866246989336,-0.082269406441481285,0.820146114238121
-0.098421943238612863,-1.730402346567488,-5.5889886076978224
-0.75039851990195006,1.4169659513717177,4.1327002244963049
-0.59933860457371524,0.8382270644174179,1.1430747568215254
1.0599638256738548,1.3320744742397568,2.8514287088883723
0.071719903140996522,0.81579285861040507,1.8170548791256003
-0.32211857389814313,-0.41647709021797508,3.3259506851953153
-0.95779500506355664,1.6373824372713375,3.0145312624858094
1.5146469779458211,-0.61220053152149423,2.2078503911190341
-0.82614984729062013,1.9779600076609438,3.012900219591558
0.0093032715633425411,1.3534742096259427,7.2609525400674944
-1.3843112301527616,1.8435696465982647,0.92145409422570723
0.2319946112189184,1.7930497847640421,7.0369515838648571
1.2606538614159373,0.10366181080990078,3.5462972252337366
1.8170518261280013,0.84803504912626559,1.092003658713306
-0.52562230840901658,-1.8661070096156545,-2.7920522490447297
-0.11976023746354292,-0.93880638682763751,0.74361800491189978
-0.61278582143750016,0.33829245582779111,0.0063976855234935126
-0.40455632619918824,-0.80283234192364761,3.2896335497727991
-0.45584094178764145,1.2970657580234044,5.5201666022343794
0.21935142538418306,-1.4174109716782017,-5.9013678727246539
0.15070678683768257,-0.43498694003003169,1.121651954134695
-1.133335056125726,-0.11841169517075878,-1.9403155212887484
0.083757864270098015,1.9949122820561178,5.8597632213617361
1.1055104649565428,1.5950704261585424,2.64988109665246
-0.33712480660340582,-0.9828138915525404,1.6878743834419181
1.1169898539153511,-0.048261323613274731,3.3537905212288615
-0.63047306818098603,1.3439416998992186,4.6769417086744598
0.61686530749476098,-0.73027423597309338,-0.12074693436624834
-0.058120101535904078,1.5640320095458438,8.082280747616716
1.7758240963095275,-1.2262076171744836,0.30798414770239196
-0.33867877384013556,-0.15860006295218199,2.4019601411047282
-1.9450548614555734,-0.42119857675771355,-1.0211397924511276
-0.13167832916624467,-1.379905257978717,-4.0437751666012201
0.57830890075075425,0.7139509348389832,1.1353925593817273
-1.8088759888069967,-1.8280463890361673,0.09765615048355189
-1.0241429887442044,-1.3091808231500393,0.87756806302020063
1.6363925117149689,1.4401446298466318,0.88533713178129392
-1.3888875032583354,0.63439054301471698,-2.2527838332092753
1.748132247629274,1.7556623421596806,0.46785415991800938
0.69024042271016484,-0.37247473685182442,1.0965398354802109
0.030734062611331048,-0.40465725588343826,1.7337416004084849
-1.8057677759304072,0.25695133217233357,-1.9606248959827586
1.1420547657692843,-1.5261410076818327,-1.8424074673190438
-1.9682260620697269,-1.3384312384708279,0.068684473808116375
-1.7519707279979877,0.17695953704414213,-2.1823903251491545
1.5313018169471304,-1.3860511365438004,-0.18718817512777131
-1.0509491052373092,0.78476756169774031,-1.1753862666733441
1.6347364222884413,0.32884482070223475,2.5225068207975658
-1.0033592121046859,1.279846432084661,1.8235463686766926
-1.6416550922810722,0.13504630797709849,-2.5433845546868588
-0.62019512637407037,0.54120752604850964,-0.062603791270111481
-1.2829268915313699,-1.5019406003044962,0.3920900294007304
0.77946165852775806,0.061293753500333281,1.7356063049682884
1.3535685716292516,0.10736886147855085,3.5120990489171899
-0.74862148373963744,-1.9335740300814073,-1.523644019854473
1.0039311776083415,-1.4761132578577456,-2.5603019360942705
0.13666664552027852,0.39387255388001474,0.10745937437695206
-1.9912180939630577,-1.5764138486960584,0.082482211108872466
0.34235884944958661,1.1768931585436579,4.9595516387373539
-0.79119090222358412,1.5960178174430992,4.1757192796955147
0.039992240371891086,-1.0756114701879442,-1.8356695040191024
1.5420697337189253,-1.909665040044185,-0.49717852586361366
1.5819143579889161,-1.8950823836457231,-0.43209946059591875
1.3315174725597521,1.2687420813745853,1.8275954205813105
1.7617504522835903,1.0332954466815805,0.97228318578470296
-0.30655724772682635,1.4213497704047171,7.0286423536463145
-1.298025306306303,1.0298386439901175,-0.5517642475236485
1.7604649116963476,0.61360760555599381,1.6116951433364579
-1.7651336860454132,-0.71334848206289325,-0.59596303034071563
-0.4789724436206757,0.56806311028970047,0.52167322078304645
-0.69028424135869182,-0.80419903809754101,3.2488440623072088
0.58858962255548297,1.8494124685236719,5.0227826113871883
-0.13930658920668981,-1.180727250947565,-1.8646604602000048
0.85544524893522267,-1.6273972786344872,-3.7111917079464138
0.35012809307001946,0.044162813862251404,0.08368843957870753
0.78755361096383547,-0.62433248383707807,0.91389548493863804
-0.94772583684216194,-1.441675909720431,0.2611310378338722
-0.30770516175259699,-0.85938614957284498,2.5802817423365134
-0.38341627487808627,-0.65796077705335443,3.6848136671544061
-0.20536315867399058,1.9940264778682262,5.6722447228476227
-0.45059565849454031,0.2579405074557779,0.82642494242759679
-0.79373077468281905,1.8282074409687188,3.7717062673621338
0.65280544039968325,-0.12885536066398928,1.0371950859918406
1.7983245413237747,-0.20093681461867208,2.1041919819014074
-0.2638037992544604,-1.1329192003779847,-0.39697710670092196
-1.6314134211966271,0.58730678529063374,-1.9935981687217874
1.1627396360015991,1.2873255912474342,2.4044134675465063
0.080851914974686245,-1.7425502111127678,-6.2240111263441626
0.50882009494368852,-1.9506344070406612,-4.62176991794313
-0.56715677131562114,1.4614080066576984,5.6306510081055254
-1.4142847966581917,0.66037200375920868,-2.1487909074021165
1.1129309099201978,0.72880482010867986,2.3179541830678896
0.68454235475371661,0.84731658903677642,1.891208863199465
0.1658510255096326,-0.17837698573458027,0.67967160726088083
0.71396543415512514,1.9574394838258566,3.7698155877022224
0.97897306966976272,-0.82868049179067316,0.67583154040006632
-1.0529567952978267,-1.1366826526116451,1.4162431387319032
0.82584196650517327,-0.83881748251263488,-0.0041050320519269269
1.4430835855621198,0.49145914285175163,2.6943034626254891
0.63256127342718749,-0.73952616052019504,-0.12668648101102353
-0.10838782494244659,0.16932097514014988,0.97910265710569322
1.947037968731927,-1.1550209141501639,0.35278259488797492
1.0728167342439656,-0.30566853129081495,2.9306543969920189
0.62738299076902315,1.6860643554757329,5.4022013173356784
-1.7933097265395923,-1.439179725768865,0.16632057064362496
0.089416796415719979,-0.42568581864964128,1.4317181737160323
-0.68601852734474966,1.4608102090283066,4.7577320352956134
0.10963792980867115,0.80057804898523033,1.64507953451577
1.0786723801736491,1.9883621305423089,1.924899072944136
-0.25463317102531979,-0.056443514467430234,1.9478437130728214
0.87768603186339877,0.25576941244528317,2.1700773874721149
0.78708162660563552,-0.31295468513297453,1.6298839415075128
0.11996434366462294,1.4367137533940504,7.6247913902470366
1.6636943628766319,-0.52697110894291854,2.0790237647879275
-0.70506938461887647,-1.1518882276913902,1.4923807776642444
-0.045778658638484293,0.076817121343022876,0.98344870138885465
0.058389445155650144,-1.3405596999420735,-4.8292951097119019
-0.78839890912956312,-0.38494944277286369,1.6770755865531422
1.4591862777888318,0.035373968298045622,3.3687606694030139
-1.8370511849174345,-1.5961121706774852,0.13258230045184696
0.95053336979133407,-0.28060461468358344,2.4925049355661435
-0.6578347514848597,0.90812362970334881,1.3313131224789649
0.38431296590777819,-0.21499154133062981,0.31355365895206772
0.55574518739866363,-0.41040867945087078,0.58516780666918611
-1.19570638478665,0.84083292913740282,-1.2808799720713162
-1.876807821106899,0.99910058604135132,-0.6137106443575675
0.9344192177643027,-0.44916167516989258,2.0821071385070522
-0.239085717115465,-0.53676538718980571,3.2962443420092327
1.7849286210828388,-0.21147683036163434,2.1475797947034607
1.4831391588597302,1.1893845325533965,1.4404123181257908
-0.36292963019807223,-1.2877601333258721,-1.4166193871969546
-0.098010469026785341,-0.40724637592950774,2.4583943973689557
0.5376818438178903,-0.46913501657966039,0.48849890368297594
0.52850031019277255,1.674769767460742,6.0479313906692909
-0.62179358279766594,1.2602035500727657,4.2237958450250659
0.6728918520893048,0.42720613251276429,0.98623283253369087
0.92491518268481521,1.1493956391991058,2.961022452837454
-1.0909375965356034,-1.1657439486333643,1.2698820934724802
-0.25620755555414609,-0.81801105979417543,2.5992410002935316
1.1990950077416822,0.15401156865659571,3.4467617693474111
-0.70253461656734206,-0.97351589381332437,2.6293831795794453
0.18774196797676757,-0.57804721110785295,0.88104269470813368
1.9923849083418776,1.0183651837573442,0.57693267074645305
-1.8246064406290843,-0.21243983177680703,-1.6554756065503917
1.7465883747115063,-0.51303569251710002,1.8605779054233187
-1.2498256338954725,0.46358481396591111,-2.72200464942906
-1.547630977244516,-0.05229811968002096,-2.6117505365125928
1.4048577491423924,1.5254584925386241,1.4579756969765829
-1.558838361944876,1.0791771932856506,-0.6060303697276983
-0.57029883449419949,-0.23126055391968992,2.2029703308433546
1.6913953047854089,-0.59206272191703757,1.8537785821826724
1.3084436473815155,-1.4991121084404528,-1.026875765774482
0.84349821119663337,1.0920451932589779,2.9533385943073664
-0.0087442775945025808,-0.025545517371881932,1.0737999236284015
0.140791685590552,0.24036013020524027,0.15324061840390385
-1.4543553778434415,-0.10315680310407727,-2.6170720100382052
-0.46327015908759739,-1.4177634000088803,-1.8803810489924386
1.3107885634706231,-0.25295102578048168,3.3751887583213991
-1.3904496071749106,0.51261046058992354,-2.6099460413643851
-0.7365477921750414,1.1704257750184066,2.8403249076025281
-1.1544455862256666,-0.25966187395747542,-1.4083412812986618
-1.4335852713081991,-1.2670743514257512,0.5395382443461092
1.4066800791274101,0.4523056621756254,2.8478673983273661
0.14366763086640955,-0.96524486195500092,-1.2154494282382557
-1.5669990675417871,-1.5025136337761971,0.28791621390978467
-0.0020961803117345301,1.0801775091321111,4.5814867319137216
-1.0549135912699348,-1.8797516562006233,-0.43456968981817867
-0.77872268865097638,-0.28831437973912766,1.2287426796729364
-1.7447797148547943,-1.2361696410165943,0.16552403750653255
-0.46026582649604419,-1.0819599037342706,1.3293303223882953
1.9639448599709475,0.079305874466786275,1.5264025035779756
0.23855246360992011,-0.98413316090806702,-1.8177422807271819
1.8363444500287027,-0.70582850968742195,1.2440525445059538
-0.13684027543643862,-0.70412481158473383,2.5035807057260095
-0.25772609304194916,-0.64151862178119101,3.317578122340568
-1.7293850277201765,-0.35764241458890211,-1.5655479561093182
-0.88551190550514391,1.8858244532645956,3.0322795467222843
1.8474418738412606,-1.631881678098009,-0.081891470592476936
-1.7625635030594031,1.6021221741147631,0.17352641603234734
1.9207468739938411,-1.7361764528000063,-0.074318860476915924
-0.85418513976089971,1.0999463185050966,1.6276205147210931
-0.088069115015107613,1.3872001830313412,7.4556760236285093
1.2514142900704242,0.645734256129888,2.5089741143932782
1.7338322919171181,-0.017300484884392509,2.4369711814742105
0.87535304723115503,0.94191915201414211,2.3640583007286247
-1.9650613979341536,-1.7359379893005196,0.079118364225909621
0.81038830018373176,1.0534609052439179,2.8470560898049762
1.7025627568884425,-1.0876829308181508,0.59943256476971829
-1.1616961567623476,0.13680124943531169,-2.7193582120594244
-0.97921237468243261,0.69451695464699359,-1.3266709587763792
1.9509905427426166,0.92156909429872336,0.73363833886999374
-0.66010757336168413,1.5865419622613604,5.1477081436332002
-0.83206607243880648,1.4193084140387437,3.5423617858943004
-0.82414614346548731,-1.7021431996386986,-1.033833471412279
0.25179752409945033,-0.75248543251349975,-0.025570480695394006
-0.81182657481614084,1.9609231959311137,3.1598312077708668
-0.41484551169256223,1.5460085335293834,6.8072715242563779
-1.7984538646301618,1.4018483627513043,-0.024199340267985547
0.34344301593327753,-1.0241405084589907,-2.4662661212456927
0.21282824142450618,-0.75625989004121741,0.11885568777685929
0.89150621012885134,1.9188603771856476,3.01782160785945
0.31001676811145673,0.64151119680785396,0.50806278735817245
1.5996208121831907,0.43630235434738074,2.4345676000935774
-1.0477547498475726,-1.2215270830726945,1.1747702377135754
-1.5675789063241092,-1.4238264524239721,0.32450076806984762
0.1597833399720896,0.97119083759490188,3.1822404590476072
-0.64812993534727892,-0.45076364952601367,2.8547260045915848
1.2947484342366851,-0.79884871748220165,1.6132730860116329
1.9472373637213174,-0.24772484063732181,1.5179142993157031
-0.88562063015136849,-0.90193210261478463,2.4213659836419721
-1.8930914030001424,-1.0974741555414125,-0.020300358341495184
0.40148738973834464,-1.2556069284657299,-4.6703178538410786
-0.12009905978271895,0.095876051543647645,1.1818376508718094
0.071078815637096948,1.5964849386399189,8.0510571720414106
0.017886996181627701,-0.10031939097314835,1.1350429481405
-0.44787720445606838,0.20612260083498457,0.96670179844230397
-1.9753419550118616,-0.56440408238409501,-0.73253862321013563
1.8607996616185249,0.19502205546991913,1.8488710609888988
-0.80792428131677463,-0.62483620932612105,2.5930110457261044
-0.5609796455171201,1.6829747755830278,5.7627044520948774
0.87733186840230548,1.1643645070620803,3.1492287987287688
-0.43755333072095826,-1.3171342935367405,-1.183061528856058
-1.2618340269699213,-1.8999046130332362,-0.078772962569476926
-1.9181094188147894,0.39306283722867086,-1.4717942930275394
-1.3519842757268823,0.12243150914068046,-3.0185826969540206
-0.70634449447056147,-0.5125049306297853,2.7956821317984786
0.51969571031677564,1.8037898778175308,5.6407000188507572
-1.015437358908045,1.4246197183691418,2.3225246755728834
-0.28263318419249472,-0.72647699488710371,3.1933610606241762
1.686216627835897,-1.8579082619591469,-0.28683761452782508
-1.1853806552894293,-0.19319714391971754,-1.8538831947162011
1.5593427401702793,-0.27283633224375992,2.886242139087154
0.82898023276321453,0.91362425480723086,2.2672491339170673
0.94961522066462178,-0.75143923655674238,0.98354853907970941
-1.6855499859503156,1.1999418324585882,-0.31098896576100332
0.94112542638196706,1.2646172984836257,3.2313850764103003
0.096772084863501195,1.1913063929341772,5.7018474420024665
-1.5493315614555305,-0.17345023754325406,-2.3462931227953199
1.3712493495106703,0.67652033023700175,2.3637730875070355
1.648537273219516,-1.0654667106979763,0.67217484908955427
-1.7685575049655793,0.48133763800856189,-1.8247347114730925
-0.018955961318433356,1.4805226361511492,7.9393353782104379
-1.542429119016387,1.4895022274402865,0.3766803506685456
-1.3910432383532023,1.527268242579527,0.80280535279004284
0.37375884999042031,1.3842687408461867,6.472058885599294
-1.9345471650680184,-1.7912795498771881,0.07946481645955332
-0.4192916816455452,1.2987380620178723,5.7349174693823475
1.7456573078275253,-1.8837349145914215,-0.21986249712645606
-0.85112551676443049,0.23108870875904941,-1.2621796743887561
-0.54858153955897171,0.28734886708936269,0.40085376749713009
-0.88292934795844658,0.093621981545750632,-1.1771090170841547
-1.1658905161200777,-0.06744732308474588,-2.2637037806735227
1.3822142807032747,-1.5242527882427432,-0.80082788480685974
1.964453997398905,-0.042853066339918477,1.5364919629132838
0.22532875715301515,-0.58894591183119172,0.69066767634374826
-0.50954465905724944,0.24666687762563289,0.65399155311409507
-1.7865041726546538,0.40016828601332799,-1.8864311717273978
1.5080390496384162,-0.85844862704791436,1.3883428969636613
-1.970155907227628,1.0287791732138323,-0.47275603563854729
-1.5917253947021701,-0.37771481779564975,-1.6792834491729185
-1.0360824747573427,1.6162687828035835,2.519138150715313
-1.6373032011815085,1.4263219189391281,0.13989487021717945
-0.98293423752450026,1.7422894734637855,2.7841557218797166
-0.5053814225005564,0.65148695527552691,0.6263951562519473
-1.693231912678232,0.017564392632633652,-2.3339770622717304
1.2551840222233772,1.2066842481958986,2.0668450476804048
1.7425583181679141,-1.372376047769829,0.074542080420225657
0.34893788357935618,-1.0133521515300372,-2.3683280237007773
-0.84829833350440187,-0.36108217944017307,1.1216881453963377
-0.85261350196978603,-1.3525973967355216,0.48216719790140683
0.58119780843061086,1.9450147833625246,4.5303952244924455
0.80489883491692282,0.2476791298077714,1.7788215801779952
1.0609852638222468,1.1832788262431948,2.6400556267989379
0.27554953367227464,1.3660900468638482,6.7686978598426295
1.7049225256104341,0.17947554516723407,2.4623188834752643
1.425013522576609,1.2493736256310424,1.5578543514630983
-1.0684822913284111,-0.21799804080858842,-1.1578357350263138
-1.4112910944821364,-0.49402429054568953,-1.1126624247383265
0.88482753257529234,-0.034253152165121703,2.3523426454477594
-0.38012890904398366,-1.4709956972267162,-2.8915650201377772
1.4600809074050733,-1.4843696690134873,-0.51500387394953839
-1.867111842483161,-1.1444257141146734,0.027822360353477189
1.5447424790899937,-1.1738775471773666,0.34551708789014973
1.8226835586434653,-1.4607281942614698,0.018236881567263875
0.91476900614566814,1.1743486376520287,3.068969603677449
1.9720621216563603,-1.0350434972375824,0.48465934235718361
-0.80513109975310782,-0.82548175755598363,2.8276775969124848
0.064676903577549627,-0.040658436898700634,0.80815947979709135
-0.39850903798539461,-1.5971996661793393,-3.4200033028458106
0.79185558437520598,1.2674895239351494,3.865095633226328
0.9032523652774862,1.5402474064829499,3.8040140291392941
0.45560973908655678,-0.5766694119438347,0.22370624082765689
1.2713510476574839,1.8955336994976673,1.4357352087476112
0.14229883420920508,0.62551949296713394,0.55792714078915018
-1.4198532815942968,0.58958797906220317,-2.3692134753578147
1.9635453540667434,-1.2257069677304193,0.26381591231746615
1.1106677668979281,-0.84181198743710928,1.0483847648001077
-0.30384973673937021,-0.07394612814484236,2.0650847371015639
-0.80888219723350474,-0.65139118300636811,2.6599200379982268
-1.0233284024320739,-0.53395966584254628,0.81577796588987206
-0.55014829244229113,-1.3202574895444736,-0.4996708720212612
1.2312134824035832,1.4740767909762895,2.1450095225261006
-0.52830777869566936,-1.9895719800596816,-2.5229585289201979
-1.807653576262904,-0.99578868724083835,-0.085582793847407065
0.70762340520848177,-1.0922696079286864,-2.3180857551120044
-0.8038507166536073,1.2833113242927161,3.1179053862926054
0.99164051787841023,-0.66566725677375138,1.5476680697175507
0.72597737259699713,-0.084774899464781672,1.4322965050199321
1.7169657028869603,0.89125458503345767,1.2536201718422566
-1.2751355401804498,0.2532689149153855,-3.007542440847971
-0.13448382237150591,-1.611520649202596,-5.3366991242921955
0.61571054437004857,-0.78154215174518349,-0.39795120398675704
-1.6245730211042375,0.044628171034425179,-2.5540140730949177
-1.7496669893842012,-0.61581002906931981,-0.84647532997990316
-1.24747468622077,-0.59740550470721732,-0.1111345721464658
-1.565551160128235,0.86685838469353182,-1.2959816777079118
1.4093637363190772,-1.7708237755976688,-0.85024230944873636
0.18254839328957129,-1.5700091484178336,-6.4748556456353352
0.43013610029134863,-0.79332300084089957,-0.66748077739669553
1.4806591172744019,-0.69933934071634529,1.9754606825174654
-0.13588064150942092,0.96485264110348234,3.3490050056951821
1.0175903855273654,-1.4795780713348499,-2.482231883266762
-0.43518423703657683,-1.4207026696685598,-2.106782239240371
0.44602923033321851,0.26952989194538057,0.11951390416037561
0.34843695851740852,-1.1222919176696653,-3.4479120254702655
-0.61161874883275424,1.4695010812740836,5.3339576458546629
-0.010109133333791709,-1.5569662084280738,-5.8663267235225103
-0.85889927178470016,1.6679139125590074,3.6691694723849171
-0.56933036199394249,-1.4065667462953133,-1.0857409086956025
1.7064793387890642,0.43712530547591077,2.0956672475466367
-0.13769806757953162,0.93773963533857607,3.0780189954397028
0.38325425830804871,-1.1523660559104134,-3.7468590477402328
0.95751195612237305,1.4674990782354906,3.4758615199125811
1.9691738177174885,-1.54598740219689,0.013143555025710669
-0.038065321121620865,-0.8764988343436837,0.75694704455875927
0.55973718210688705,1.928151605955716,4.7424974569984668
1.0812222685183297,-0.81735451897898614,1.0914847654230224
-1.9290253826509816,0.88232407362854604,-0.74195248778432521
0.71171231938747814,-1.7102143717409992,-4.5714955800400707
0.6480159733805082,0.44635571441448274,0.87477159516300329
-1.4632633500751542,0.41222903637638897,-2.7403676708082054
0.87565292130220795,-1.6146114906873033,-3.5755471611000265
1.2348962217857427,-0.76430159596833191,1.7017705079027567
1.2004103264842358,-0.75733062045831723,1.6800962390983758
1.811364025121728,-1.6551350373408225,-0.11779268433282045
0.84878204809728031,1.5653129834557884,4.1292507549445618
1.1084964186341968,0.0079924100764410255,3.3369911791424274
-1.9981903615543881,-0.096955032104723005,-1.2868892648959767
1.3908062107454469,1.0346929053745089,1.7832340607466708
1.0878831143852139,-0.83634767933558063,1.0100006157029511
-0.53264951728226961,1.6606724784613709,5.9986071030156909
1.773687561938059,1.4036943740549783,0.64049508125931598
-0.83642267741271925,1.8947712935132039,3.2827521635958461
-1.6498636297526961,1.2248232725979711,-0.24491259735094373
1.3913435113620207,-0.84353102062307905,1.4724370834822786
-0.091705313303626745,-0.48003204885957329,2.5272036869397194
-0.65848577191661173,-1.3926321953209213,-0.48352017867011154
-1.1154775252334361,-0.76357304173939466,1.1835385490246288
-0.22563544807783731,-1.2752038176087477,-2.3058611835362255
-1.6147383097633849,1.1752052371055903,-0.34897654537075784
0.83266531274154598,-1.3530409260098621,-3.2695114052169192
-1.1682948707565699,-1.2084552206185464,1.0388869805868421
1.0831605474740011,0.23167214625564947,3.0900496919011746
-1.0848112902553697,-0.64738195455885905,0.95320034598951553
-0.033651816374978161,0.40172871804688404,0.48313679743346388
-1.7219244578788495,1.6850160256594906,0.25523677161900193
0.84193981074988145,-0.22376033133053141,2.0126835767999438
0.98634097202292903,0.62655458584692347,2.1880895730560517
1.2844043292270908,-1.0785508352257782,0.28737146586472678
-1.4599217084493303,-0.45440246100925696,-1.3603834736910945
0.82856158070399655,-0.25958936527040133,1.9058314690381792
0.55687863859071607,-1.1153915967034258,-3.1014261706918225
1.5984167810788628,1.7595319260682176,0.72501256296849426
-0.48478408567718279,0.17588799466598193,0.93517661327770674
-0.45268014081012908,1.3182946111704172,5.6829198641018612
-0.91101970685333944,-1.2904150788288393,0.90380176947291757
-0.97195050108640557,1.6425382802562831,2.9227167010868484
-0.51525699550644188,0.19977756062044705,0.75259510060132673
0.26723291271686156,1.7812951909046766,6.9771276128738355
-0.87066516597747157,1.2383812233146725,2.4154261086010411
-0.24590540428631691,0.84962223662685288,2.2331879982856333
0.80927324728683514,1.22754431779894,3.6301483625314264
0.86569616120997628,-0.69788660883575204,0.91756311535681234
1.8524642932548008,1.5278922159749158,0.44839385260448367
-1.7069497044945452,0.46929814664097425,-2.0317148901632742
-0.91855715701200435,-1.141445613088397,1.6095607536858103
1.44606815320209,-1.2380533143177757,0.023083064612076439
-0.019567573269405392,-0.88459155055730854,0.55990567533030811
-1.7530827259386355,0.4826165610251536,-1.8697210646420503
-1.8910500997241007,1.4328219268924198,-0.029859263735874331
-1.5303590165741983,0.44981938605022753,-2.5394518213485537
0.71496661840584563,-0.94461316887368163,-1.1629457552645592
-0.44654442920854009,0.092152890486638217,1.3190404919891403
-1.6430833304602928,-1.3589169675110391,0.27673010929876779
1.2740936981862392,0.69813723572121944,2.3992614574006499
-1.8177662279343179,-0.20231855576194424,-1.6903405305119368
1.8881983784935459,0.12338982239611562,1.7892817990693848
-0.28489370939472325,1.5425865809528476,7.4744861979464474
1.7006690308714445,-0.12086465985382389,2.5395159140507086
0.39281517531467047,-0.50315759083994882,0.36934846245983322
0.25253287879849351,0.79792065919721411,1.4600119224398622
1.1180321221178096,1.3189048231800951,2.59792358687716
-1.8229311048124472,1.2311151497410058,-0.25809529367255218
-1.2353332852971532,-0.14831089697713584,-2.2146270319341665
1.1482501256422095,1.8527371655443305,1.9975180794621326
0.21478014875771834,0.32068626604817396,-0.015556305602492285
0.080738077522386487,1.0430148633635312,4.0835572557321793
-1.2423829407975309,1.1918501049548884,0.33022760099756837
-0.74112995737789955,1.6207762804949453,4.5437568750912325
-1.6986650857591372,0.31842811110248803,-2.2699206283943147
-1.1812879681108566,-1.7043466915029959,-0.0069817422636356888
0.020752030782016817,-0.39966669231073304,1.7829959751374045
-1.4639191435092638,1.1358788578924885,-0.35950402204660359
-0.48498363729075789,1.1630776195302728,4.2967047534654599
-0.52436869909267902,-1.6345140555618407,-2.62581059332113
-1.7898710404706264,-1.1388781508748616,0.071882482185892715
-1.8554792846568189,0.43434568712974952,-1.6218672068324675
0.9941899534019023,1.9403209360885274,2.4391163208038167
1.1925159321545737,1.9232540520323402,1.6578886043068877
-0.34673514949344653,-0.95566077578561592,1.9906114320195161
-0.049530002837406162,1.2256226241760517,6.1573945493075275
-1.9843490342726287,-0.23806172836449813,-1.1943720205875374
0.44104719729098507,-0.24009245981273231,0.36869857386423044
1.9557754756548529,-0.16744843914918461,1.5338411921679633
1.9478670500625572,-0.18230392994127298,1.5547937106314396
1.5928438750179987,-1.4068842398977979,-0.12488530069039859
0.48633494224721563,0.89330320202361335,2.0856616310738008
0.98017905211513501,0.86025994292702723,2.2180012602433234
-0.015919175206707603,-1.9853061211473393,-4.817360296462998
-1.3270186859161481,1.5981925076287489,1.0965616296361271
-1.910918104811911,-1.1694932799858875,0.023435598947482789
1.3490082959710818,-1.82104310145458,-1.0191168463373419
-0.012212604718547571,-1.5507147447350349,-5.8353091596057087
1.644332786334004,-1.8595429666437173,-0.34220587717578538
0.54293592765942211,-1.8989048949593672,-4.7769714927467044
0.72360124453423724,-1.7300509986728576,-4.4544381443438619
-1.9995951340454539,1.2522782857331118,-0.1951295190294883
-1.2288132089805619,0.005939473643057358,-2.6754931124791801
0.64584810696152495,-1.818584200671947,-4.6395988767940546
-0.033187320501866235,-1.1565906953418186,-2.3214281540930521
1.6064077745720993,1.3837829225383262,0.99326468056998629
1.7836690541240174,-0.084927423285123593,2.2253512066427743
-0.12415957325474847,0.58617958492422018,0.83517736199296355
0.30490554768190847,-1.6843197372681007,-6.4331559607549158
-0.97038174341240646,-1.7534132918774081,-0.55735541682313827
-1.6844944019859329,-1.7205029594661818,0.15034805862046352
0.91578803304032386,0.78640793881015325,2.0585849923910695
-0.73149284276436966,0.71440625413305536,-0.1149600862552291
1.4721574821320291,0.78334374420706565,1.9807360472289093
1.5955768414401357,1.938762557116791,0.56907719566854154
-0.67839602868460647,-1.8734562210197228,-1.9106897300989374
-0.089052669445812249,1.6248441794577992,8.0225809741324028
-1.202662925774896,1.6213046255427694,1.6292946433579283
0.69536506936581732,-0.25633153961101307,1.2131028876446632
1.2041036767031441,-1.6554235990796693,-1.635661602171691
0.1588657935998139,0.21438893809040049,0.13615651810438406
-0.56242664252729457,-0.66507800181705701,3.6785831715584139
-1.9781622750602852,0.88863770872604197,-0.65904947415644222
-0.96698923603168008,-1.9689759727669911,-0.68948509856832962
-1.3628623552082226,-1.9766658431343747,-0.016131858597038948
1.0032904553051276,0.2803735640564935,2.7341918402153902
-1.7752939770586202,1.2541915436038344,-0.22137819693787159
-1.7675125531745397,-0.78958068650470148,-0.42328420964514779
0.97480419819575692,0.64548136253802024,2.145394680109594
-1.4840285643924924,1.8511802732594376,0.66606039221509672
1.7680830580739224,0.39011924578361956,1.9645523836709713
0.79840136001015516,0.56846075304671473,1.5596433548768114
1.1965786449646951,1.7244398760187605,2.0417604599734478
1.2600895328499111,-0.91276977842129647,1.0309699655069258
-0.43792241959036993,-1.6590531052986108,-3.3138245941402382
-0.57793340138102467,1.9047640970350623,4.7485211492925998
0.70910123328752972,-0.12297636462526418,1.3325502192138452
-0.76091081988838827,-1.2786128619639388,0.71322149118175471
1.8686670835230026,0.85556516867824239,0.96993856439992865
-0.94721904416811475,0.23533088689634152,-1.8510157829687823
-1.2785375676883626,0.61320055412166186,-2.3266851525615224
-1.2662220480313655,-1.2943593026291409,0.74653623722909623
-0.76247904952735412,-0.41399703250098052,2.0036003820513053
1.6500399172547082,0.61218544291809529,1.9248466357622755
0.99535403875899942,-0.22947123428128835,2.7643520375408714
-0.14793539589710236,-1.7942072181522997,-5.2120389208290172
0.64892922289566979,1.5184471248309457,5.373748262145738
-0.41697735988953788,1.2126688514697239,5.0689267744077808
-1.4171473451374954,-0.37064874817495497,-1.6671720611155834
-1.6841502974106315,-0.21381100595890423,-2.0037895470009071
1.9501835558162863,0.11756684234504444,1.5626954137132365
-0.11441898547907048,-1.3966855965926321,-4.3076149940855171
-0.58687220743710866,-1.836347196015611,-2.4483102878351835
0.22823343769079996,1.5711987104911205,7.6673789623255173
1.57047255776346,-0.73662173491307015,1.7262514628649637
-1.4904267587496038,0.89779485206487353,-1.2388310902790409
1.6660003861630903,-0.45342875789560799,2.2285036693072433
-1.6611940740436844,-0.84362062857888565,-0.24709574101856296
-1.1526448240578828,-1.0226985232624908,1.3138085393575905
1.9597958930942907,-0.89528508723656652,0.69075312056947857
-0.14823077636340831,0.62770455487156163,0.98166651087534418
1.5076148840808528,-0.52740375542520623,2.4689766136815092
1.8782923448016517,-1.3115266583188574,0.1862820577043626
0.81183829206595481,-0.03998381605766621,1.9343677851524699
0.50093923788326578,0.076410298056620807,0.34507426702339572
-1.5304959052366849,0.93315067134781815,-1.0957657643298411
-1.7611652220636074,-1.8059189344115947,0.11080952486223566
-0.62148224415413522,-1.3239026205880868,-0.14986205588020429
1.0924792267426819,-0.25768442375161693,3.0763699566201934
1.218846118704954,0.1162003907268625,3.5064966851693327
-1.5972572567389014,-1.4997705842454074,0.27175466995501119
0.05439038400548446,1.5550568655358759,8.0613382790620047
-1.7006443657676282,1.3003612392764849,-0.11945790755869326
-0.22078095815858645,-1.0198093961697521,0.59151000780323049
-0.60036084300919224,-1.1246614064958371,1.4637899597285273
0.52682768072877906,1.1908125685545747,4.4650565026524056
-1.6599040438808776,-0.946420257050822,-0.040668810613332038
1.4160518784961553,0.35528668932732765,3.0504457930714133
0.53407275430348911,1.3540031680112885,5.5219874822214878
-0.84144210037381617,1.1869770822075072,2.2846822229015396
1.2733436045086068,-1.6086853163131267,-1.3012881713989164
-1.8285384105576117,-0.37749707809460431,-1.3327335189070182
-1.875684548228292,-1.3544051323869675,0.11349938285258833
-1.4575589707978991,0.55598563584428673,-2.4201552819193997
1.1901336227674228,-0.99033966023907349,0.47566152438513504
0.75110288201511599,1.5209325805265603,4.733104942422937
0.67915679971078102,0.33482250994939777,1.0387855299772484
0.25313584472384765,-0.33417147305480288,0.62192154214094386
-1.7136695060689795,1.9274338944276868,0.27840855401557829
0.1761726184861665,-0.26015203702164769,0.78321740150521291
0.64461201884524533,1.264022156857366,4.4919321261461684
0.96091984580480805,-0.85899179376764634,0.43026018267730309
-0.38576849899769394,0.27099253925391231,0.94437785909075467
0.45802068330479351,-1.6578344400721479,-6.0376800069449299
1.6033659389484085,-0.28291613629294043,2.7317190831776959
1.9361024399857261,1.8878240536869395,0.20584055953898095
0.13131467358094007,-0.078341521264098324,0.62498478206164587
-0.1409620357360597,1.9371590657309956,6.2757074391330443
-1.8924021829133464,-1.22351539794886,0.061534128990430634
-1.4021390794254778,0.6031613387469541,-2.3436069472979399
-0.63913854149313787,-0.1087855800055495,1.256453915993091
1.0973918679088612,-1.2726238439958044,-1.3205866783244307
0.58724591408005455,0.19563676773291983,0.64272071520166663
-0.016800077327148832,-1.6063690508967658,-5.9594684180592346
1.6123348290002015,-1.6828009941779376,-0.36888261184058729
1.2565199024865841,-1.1971893151757849,-0.31881821730742638
-1.048687262524211,-0.028145488582664191,-1.8411021257635671
0.49614929803739383,0.36934236692819944,0.26340276805184304
-0.032600973323231974,-1.6304373742612159,-5.9214435923536319
-1.4965660550070092,1.9340876968053178,0.60112395668483132
-1.884011192275461,-1.9067705156696464,0.072328862089842141
-1.6892913864464987,0.52719357363851937,-1.9744327812823357
0.1610502189897689,0.64707597964155195,0.62706371060993149
1.6604571076937442,0.96969936884517471,1.2665845724763465
-1.0230754457112559,1.7218325689589373,2.5690729085101616
1.9152684133237505,-0.14995801109170648,1.6886250881104847
1.6887970013511548,-1.7543104889502223,-0.27628671754880707
-1.2780851324872993,0.74336520606283374,-1.83549612125978
-0.45899776974819906,-1.0641399892012398,1.4966125214863326
-0.059444730840394255,-0.96267858084520452,0.0810218968350922
1.6088698499147496,-1.9188571404833361,-0.38342778025398438
1.4907775194388808,0.69228010473221291,2.1335803229347921
-0.55870414017580017,-1.3870092425137521,-1.0017207866610132
0.58444013263517425,-1.0263712629491937,-2.2592632920040305
1.5414476968664212,1.3979149058922236,1.1445275151184533
-0.029689193391295721,0.065316220785887058,0.95094041492735049
-0.87345260502910427,0.9538726771636008,0.53526917703860777
-1.9963408533071096,0.4176685211059139,-1.2143363535777665
1.1265634653071577,-1.2967334341332752,-1.2760842968955548
-1.7639545445537148,0.61946076584936671,-1.5831528543571429
1.4902357828574355,1.1114644181949744,1.4860198104782156
1.1896607928209484,0.37088741695623995,3.0763689619460837
-0.17631489016986679,-0.46549121600467269,2.9497420223606317
0.88178152197413917,0.92261419931457578,2.3068109768162279
-0.56611316363333364,0.40424267115949064,0.15497510686626334
-0.6593603378431554,0.47183378480386162,-0.30562679504069534
0.22755193125073747,-0.94234169574275128,-1.3714507587008888
1.9263643979453082,-0.86943092482836426,0.78151234809396586
-0.0064496755897711644,1.3247059357185846,7.0488060939202608
-1.9592509520519776,0.67550267448315049,-1.0030329202179071
-1.0113819026979725,1.3032644784746115,1.8865124762397929
-0.083580408580671728,-0.83481098308635415,1.4062705991287914
-1.2414306384452427,0.12143778240547398,-2.9051765777743803
-1.7704599180648859,-1.3166497066449785,0.17035246274362403
-1.9804684409948243,1.4282799587085755,-0.051881950589892811
-0.76158869843692711,0.67737895236596435,-0.40582856210325224
-0.24281280124600779,-1.7699352411982094,-4.7190365956050702
-1.1056781582057107,1.3681772019148886,1.6232806313759895
-0.029138749111988771,-1.0977217372403074,-1.6498084347727624
1.4089364557634014,0.054254707257281876,3.466422237501928
-1.2555444895228551,0.36584578672874946,-2.8976948380067018
-1.661508347877974,-0.59069458663292673,-0.94548224053193464
1.6331573145597917,1.476413940308916,0.86734981678622525
0.39502264231056117,0.95614213581678875,2.6822000142913063
-1.2389810688127376,1.2349822232488639,0.5246902180477141
-1.6680271867382126,0.89291760412106536,-1.1022702216674323
0.0076152437506449289,1.8396980875057927,7.1386958139398899
0.27932308094336156,1.7725502672768663,6.9759602021325255
0.31342748753487992,0.064467382389712391,0.065754958185287538
-1.1934984230439762,-0.53140786330673784,-0.1817322068744501
1.7633921195723814,0.98372816626318116,1.0274850585885522
1.1321213534431518,0.97073044704394684,2.2560599400600023
-1.9431357681703358,-0.18629314114511719,-1.3633173883404699
-0.31520835344863585,-1.2180344508500278,-1.0076384617004741
1.3733638042118286,-1.546587618991857,-0.85914656904002429
-1.581082463924069,-1.9529318758436474,0.076122185427116809
-1.9894951066769866,-0.43422774617608728,-0.9169490189895908
-0.01123869166868019,-1.4682640929484982,-5.4500468916209597
-1.2685505679742684,-1.0151139639801798,0.93152898510718307
0.051826683804185869,-1.4579252781502476,-5.6857690901076685
-1.7280329822541631,1.0623126305066131,-0.61280327355614062
-0.79811295898969137,-1.2795343835124768,0.79483407788193305
-1.3754290159223215,-0.30248862902536855,-1.900578129439499
-1.1477800985408351,-1.3510305671892675,0.72757167036739012
1.435366366237941,0.50566747758261199,2.6741041912988526
1.8303925459775812,0.072627931906306564,2.0346180657913662
0.26536626578428546,1.8736084690977601,6.4195364539158195
0.43068788564702754,-0.65174429860900229,0.014598308012720562
-0.17238370082601606,1.007024019639092,3.7601878887761093
0.78787152084486101,1.0104896907948095,2.678170010623147
1.9560325079278975,-0.49543951063636316,1.2506021385371284
-0.63306584606239236,0.17972878901374534,0.22728288336458646
1.1846258931657898,-1.9014099646381746,-1.5382140471366603
-0.69523797602028448,1.2208437265867875,3.4639883795491344
1.1771729127989494,-0.66626696731044599,2.0483863603877444
0.68387531294261539,0.20441864846919167,1.1272768619150586
-0.36736220041489531,0.26857690412766999,0.97810594915571014
1.3337081238870683,0.66714305720185685,2.4236639620615184
-1.7467655790896337,1.3114011515444277,-0.12240231905162594
0.91965020511702766,1.9149285508689835,2.8892794120324017
0.21997036721552776,-1.1181088629262743,-3.1669692476735403
-0.58183628067042314,1.9185351123372683,4.6491862729178859
-0.377972485549537,0.75279202723941641,1.3955810170733869
-0.3646422046018436,0.42245607339352986,0.73799665942056303
-0.99502187562020472,0.073373544495482612,-1.8349884157900125
-0.51124151616155844,0.021364358753133583,1.354934157465312
-1.5093935646710135,1.7782901098045447,0.62518227259151016
-0.2167149696946129,0.22516772638070615,1.079002161720692
-0.054015585874119365,0.91505050237009034,2.8408176280197384
1.8181034942144114,-0.81854632060360411,1.0619855260258875
1.11439430541816,0.15896294197949556,3.2694748767432116
0.93394897348768557,1.413397903116786,3.5532298137640312
0.98193700111414994,0.031840228468556386,2.8518477005356933
0.061119967469096093,0.18414533663890964,0.43026999325951226
0.83113277748421988,0.23697825026799757,1.9345116528019743
1.0883209328653605,-0.87280654936529412,0.81176394793425033
0.74037640983856923,-1.1065062490163386,-2.2694458595304972
-1.1860575031674929,0.014239011076082164,-2.5716328573911538
-0.053522497684127757,-1.7932817962327157,-5.6510755709806828
-1.91346537213155,1.9375866886246369,0.12121462892813688
-1.5118725054668563,-1.5667463306156035,0.27407115167592844
0.19718249766617424,0.08662766586525894,0.18887811242443603
-1.7053817372393369,0.82524466985938583,-1.2295644108022052
-1.0556096132057262,1.6448049030616434,2.4104788045322874
-0.14218468083064151,-0.39934453877606702,2.6663468439762776
-1.8885872400059771,0.13040330463695105,-1.7175479929592836
-1.1309537468369788,1.5303359914001855,1.8940007520500597
-0.40918730732412945,0.88521143126827173,2.1881899601778594
-0.58636149584681441,1.3431398062208251,4.9802055648235557
1.4523751995316254,1.7778428062235574,1.0560689271890207
-0.75569887632117472,0.47452135995888733,-0.81300498559151202
-0.53481430951389686,0.48726672176725572,0.25968667202067108
-1.9965469687179103,-1.6023317578677871,0.080341781822192482
-0.81547635217835457,0.3538331501724028,-1.1663431370228339
-0.32000768677591984,0.24905554964886267,1.0671670093418792
-1.6769751272736475,1.3954709554237219,0.052166131414900965
-0.43130797600296455,-1.2961391597717986,-1.0220118869599908
-1.0283668258408645,1.8084863452256643,2.4246188193449059
-0.72449759218780763,0.60949793242114003,-0.43458132133463045
1.4269951691397322,-0.2257036684142506,3.2876075437344228
-0.78460932849287079,-0.11700024383891039,0.31523623040036841
1.8612496357423587,-1.2368043156984765,0.28149930151097674
0.20721851247869738,0.66050833157163158,0.64143619863078116
1.1823751263535365,0.25984851116162444,3.2765908374874191
1.6364091500809286,-0.58751723204860995,2.0089597446250269
0.2994823216949456,-0.75809276840090067,-0.22373484685189957
-0.16543530785007721,1.776068171118832,7.342658666687095
0.48016539563053318,0.56495218115564194,0.44533035959768641
-0.71080323721263827,-1.674148093104213,-1.5469285164621633
1.3016767580534165,0.56093222062454728,2.6865567787756719
-0.26102697795205687,0.4704514571909546,0.78827030423630962
-0.12274958807599767,1.3042638576752776,6.8153193139563824
-0.076336689873560237,0.46073657020776082,0.58033398189752328
-0.73487095775636857,1.230318936171404,3.2630055580780857
-1.9381075518877025,-0.61071131779359455,-0.69810425865111059
-1.1996817486331968,-1.3041685487860053,0.80295023931946119
-0.68360710476520992,0.93968011733040679,1.4242206614308377
-1.3885295526028449,0.75102584237704528,-1.8346283772158649
-0.77883602475912261,0.024760916284350731,-0.23177184525278027
0.20991340727293517,-1.1304295487674847,-3.2686277515194253
-0.86901966137734732,0.9719318289687382,0.67658852924672863
-1.3595808608868825,1.9666566140713728,0.88905353252219099
1.0922230533946511,1.0224450365898239,2.3466519324879074
1.4129244071800131,1.2011596672345419,1.617276581500912
1.599306895670626,0.19087489795174761,2.8369989516859695
1.5195162823123405,-1.5843649939059226,-0.49016550619059046
1.9146891232232992,-0.0067230136664642171,1.7212242510394498
0.41181531423792395,-0.0038220657520582346,0.1736166113398647
0.33544206325015402,0.55923401796654915,0.22883548775434176
1.5362778256639338,0.49349444272853171,2.4857589223160588
0.0075558302794838106,1.5060068448553103,8.0101964196125532
0.1952788744901981,-0.4364092473451866,0.91767162181970652
0.13210977867530183,-1.7058374419644626,-6.401938285639539
-1.2081068326140691,0.92674892970149836,-0.8771230930467302
1.8378856874671947,1.4565761798264538,0.50707655130293505
0.49005150826073862,-0.9924578875996255,-2.1702794964278938
0.34744901127750927,-1.4744006319249201,-6.1534323396369821
-0.32450856679921336,1.2905154189393304,6.1298016255092973
-1.6684877283814799,-0.48822374565933857,-1.2647295731583705
1.5209386714537247,-1.9366700074007637,-0.52526997395191677
-0.97237647087293144,-1.8784617426526176,-0.66309949584643069
1.3346122982385089,-0.014306092955320038,3.5737521937931223
0.74413132465905196,1.0424108082043451,2.8934988582875509
1.3387862274189755,1.3148382031020667,1.7921420235533512
-1.5619567855774357,-1.8705732803070576,0.1014876938809495
-0.22712495860699278,0.96955856255979977,3.3204934427569066
-0.66054533355104583,0.35114180475301149,-0.26251725645824625
1.2813315332768558,-0.84152726232908392,1.4033640425085285
1.0578119581387067,-1.5531810409031785,-2.3588007880490727
-1.5275210204154028,-1.4226116449271267,0.35687192489344738
-1.3497973405398838,0.97530277710461455,-0.87610929414529526
-1.8606028529337193,-0.29788426321401085,-1.4179852150707801
0.22921769636888678,-1.9694681345144875,-5.1602482225912931
-0.80268175365879801,0.83938525443964007,0.1710705504892682
-1.4845616150790826,-0.59351611500503632,-0.81838693387541972
-0.98895300015233434,-0.50091197911214502,0.87589980318396354
-1.5084494305846681,1.2615198387842996,-0.027298294699141211
0.87971155831589565,-0.85162148484294842,0.14195288806403691
0.85149981900967919,-0.35832802165180011,1.8908609828907856
-1.6253805005103161,0.44848656447032553,-2.3050290611428204
0.78649739669913288,-1.7794063485644771,-3.937307258130422
0.93550806480612003,-0.24227187905742831,2.4747267906278134
1.3287356914993174,-1.7624296885634523,-1.1122898913545662
0.5663461395304128,1.6998048280581455,5.7525711643403268
1.2981666827493368,-0.25830629686682705,3.3688984495338969
0.24998637279489611,-1.3074339504068675,-5.1237846461447409
-1.2112690529196735,-1.3539870862887597,0.68951664123246015
0.60623238085521969,0.23482355249042852,0.71637527328863126
-1.1703741085131758,1.6807164759769666,1.7991265113058186
-0.43462174479279247,1.4726563513117332,6.5437365477696856
-0.79500228504777959,-1.6765467698838836,-1.1135022150206655
-1.2292939414250139,-1.2974615834196139,0.78494884972901324
-0.69224049156491629,0.52614273900370057,-0.42994512557000619
-0.042848610856295988,-0.28279769296100965,1.8855076513018476
-0.28567276857469359,1.981670098662065,5.5520606391555427
1.491097001397125,-1.4714335898288518,-0.41932388537420157
-0.95596407868399846,1.2156694022815131,1.7624866026556665
0.76793142570804784,1.5606605979560118,4.6381477668629651
-1.0336328857486161,1.8234473919012273,2.370024828088948
-1.6513252644590339,-1.4766113277916895,0.24724282365935291
1.5387658783462661,-1.8584080239664902,-0.518978430487819
-0.58862985309697957,-1.2430926516844858,0.3804043924129375
0.55175058760338347,-1.2719909302641976,-4.3788898690837055
1.3668332186061316,0.088282673588483185,3.5110621903223267
-1.2836840630627826,-0.78686735562420251,0.47343848331103555
-0.41639290419216213,-0.19998158618862028,2.5273920351514234
-0.41206071483253126,0.88246329631985443,2.1585530666661001
-0.80861620448231974,1.5361090701965177,3.9987363120000761
0.98363819224614124,1.790937117283816,2.9486585761012889
1.3953688217771822,1.0742021300458449,1.7414331936828682
-1.2320877309096152,1.5086427739688375,1.3668939101760127
-0.6835526980650366,0.12902459039336289,0.067217829385318895
0.80304626652893507,0.8325764212938056,1.98250945020697
-1.71796618615158,-0.20549249095083355,-1.9432524723035631
1.3999061794699768,-0.70158716056374315,2.0364462140692701
-0.32046290998446048,0.47881201105528648,0.76722627019031842
0.031337787184329891,0.80131155459897263,1.7529668319613592
1.857638931998983,1.3538255093359695,0.53741127916285247
-0.84239355219856371,-0.65692171794109933,2.4788776361464815
-0.96276263898604486,-1.1920026180342758,1.3590680538998541
-0.71352511685548881,0.83378919870434576,0.5772148001223667
-1.9949011266073802,1.2477634069303964,-0.20080983382692641
-0.85339778588025661,1.0452359124024801,1.2563645810653536
1.7118001193511816,-0.17623939465331895,2.45951578357485
-0.7153318305493781,-1.0028312355211881,2.4661021765438802
0.17934996523413238,1.8541209534710377,6.8074991186586837
-0.2758556577116873,-1.2354864261401644,-1.4898369067473292
-1.5105895626049426,-0.19568675476156172,-2.3265996030617822
-1.5490350087459308,0.96003091086033621,-0.99599138320133707
1.0472454885815212,-1.4305886885746362,-2.1786264860718254
-1.3977214796279251,1.7575764116769497,0.91282420376097306
1.6281123878076031,1.8594919028244141,0.58317724507924307
1.6225137870165507,0.2326324978634986,2.7065270933923249
0.0089619010536852173,0.52669912193744439,0.48870138178960859
-0.81637087371368144,-0.837258959857065,2.7716758556852978
-0.65171897958911806,-0.24675392332490853,1.8500811073856882
0.84236896587710675,-0.12811114995485595,2.0829035520923447
-0.47787688038197196,-1.3640521835872943,-1.335666618942462
-1.3644292888517233,1.0353345104422655,-0.63188700567387712
-1.2775085847360081,-1.6035701952079089,0.23223192216330926
-0.57534946236237228,1.0706175719488846,3.0237044277188412
-1.4772851728495118,-1.9811786971373406,0.042894189234219782
-1.2945951588000266,1.8691721414145133,1.1801516526112885
0.70830945191235628,1.689585591861305,4.8734936092701666
-0.42430833891231678,1.8167191979760013,6.0892140663394088
0.70843141050675573,1.2564426773757043,4.1740615834447841
1.6941378597275456,-1.893767462061603,-0.27460391235783849
-0.48188862200007199,1.3468883508429004,5.6868857119207004
0.047526774488572787,1.943049946790631,6.3313255777004347
1.0524912172429683,-0.95766216725529874,0.19863151856072681
-1.9240632126174937,1.4289059131502531,-0.04170614792874703
-1.1414112485788528,-0.16800792774079265,-1.7726018526717291
-1.1944498798110952,1.1994296736578907,0.53076210370624999
0.82803564553672349,-0.37830115293918709,1.741986527390232
1.2891035488833906,-1.425729621448232,-0.95656310511128151
1.0701657566125218,-1.0137633105602879,-0.064288529609040218
0.89538769016583464,-1.3826046026162642,-2.9818617651195889
0.52608545067868384,0.10241326505129544,0.42251416430430616
-0.80811313775336391,1.7014733965462803,3.984473067333147
0.028126373117723258,-1.8840893291292486,-5.5247802140131936
-1.6121862930637205,-0.42557910019775536,-1.5047377672952247
1.4166466354473588,-0.660023770048763,2.1782914930078832
-1.2177367787394313,-0.82639907177885452,0.85603622485881836
-0.48812812691171814,-0.72075218440504041,3.6905486180608498
0.045986931301619016,-0.45192865900756796,1.6993062586857763
-0.94021864354745555,0.7211920832575931,-1.0565384452990974
-1.8505978287189278,-1.0393973932410754,-0.05609918075990513
-0.27081926679232304,0.022170804211886885,1.7065196833343248
1.5863698928203225,-0.93349136460747273,1.0845933789366948
0.959400754989161,-1.3717794196748085,-2.5273247303109319
0.44692047205380758,0.50017782760491514,0.24606379136726811
-0.72027589678289905,-1.9270392752879133,-1.6616237353594052
-1.0522224394175672,1.3794879862424061,1.9565384044518868
0.10820667907654347,-1.2287854932375328,-3.945332923817884
1.3134520820510347,-0.21958437895178551,3.4268385970199149
0.085038128862043649,-1.8562082792083139,-5.7869325608559778
0.64992728148315093,1.6656276138580886,5.3008423133397242
1.1777882075772386,1.1927082960262165,2.2950393537158051
-0.91558523341239506,0.91700794322444823,0.097344092282305672
-1.9472210782122308,-1.6575585351045303,0.090763489428276778
1.5345879607295441,1.9486961874510147,0.6684925050097098
-0.54617956508285426,-1.9667432235509044,-2.4872466073790682
1.7809779989053576,1.7685178721563055,0.4150958410954893
-0.086335551381173437,1.1615675356398927,5.4833880517661502
-1.9424696380763926,-0.60193810772344358,-0.70882998378712214
-0.92210071332820531,-1.967208570642889,-0.8280685511634005
-1.0803547895271404,1.8960208770728211,1.9969997286690508
1.0313666619279425,-0.86120360314753008,0.68416173891861431
-1.2847685934044633,-0.66126909218600893,0.014648613669899696
-0.74440099898579182,0.43885636724377886,-0.76806578199632658
-0.57086419414403511,1.8446330826808275,5.1068030975479157
0.16886291469462655,-0.61183495412932865,0.90729027620951785
1.2270085061898302,-1.3917450720755538,-1.1286290120227158
0.83623381724084567,-0.0077680224605307657,2.0781957532596818
0.46649434605190265,1.8223539463158844,5.8406910971061841
-1.3688496597320872,-0.10082099007443968,-2.6187619311239474
-0.50874880673877043,1.6307467958469184,6.2021905231793566
1.9181698104567761,1.7035128633809937,0.2913755601698419
-1.2541617025545806,1.226200900346476,0.4371645082109622
1.0893959050180411,-1.1337110884932482,-0.6674736424757346
-0.081965202760909239,-0.17860942065237095,1.7883971117384936
-0.59446930577363211,-1.1581246768401674,1.1562497409736139
0.30184588929615019,-1.8132708503888879,-6.0049479828834142
1.812166525794364,1.9837258377407583,0.26594344996687758
0.79497482045512857,1.0257964616907391,2.7416877539955831
-0.26438181250530546,-0.35745727824249407,3.0231225763745528
-1.309739591473795,0.66512752042650325,-2.158179835017501
-0.99875862314159058,0.036615069288262969,-1.7573022385220098
1.2760677025331004,1.3450354940759404,2.0009155975114687
-0.29682432015326965,-0.88653013532327662,2.321661987482484
0.88542052924261538,0.0099389757741543683,2.3575612116806575
1.4949893958875311,-1.6640325599108576,-0.60151869146069914
0.52298492335561431,0.15864433490663643,0.38961548694048886
0.1578924905590986,1.2003990235545645,5.6863301710451619
-0.92908069517727365,1.9142807914393414,2.7036144566258811
1.2144319803525963,1.9640622886785355,1.4871472600541873
1.6580274867549853,-1.4215588485326855,-0.064361707104740193
1.5030384914808717,-0.59772357359086836,2.2725884733702535
1.2143671950827479,0.7006633840121248,2.4049573502917037
-0.082695878694519998,-1.7055345372459478,-5.6929553743889203
0.21178035928909855,1.277531332821765,6.2952241759453189
-1.4940148429451856,-0.52801335964632923,-1.0935644855318769
-0.95238359853496157,1.2177713900153617,1.7952030422262781
1.6855760869877447,-0.74294871578506405,1.4967892790831985
1.1856210390072102,0.11598091388041887,3.4628200895165682
-0.90946696608998545,-1.9054508879851657,-0.87823909610549278
1.9391852165122998,-0.5022496002750938,1.2908708325905554
-1.1395920743923169,1.6323435685970056,1.9451870372458793
1.5757180460069851,-1.1396378282715889,0.4629137899368771
-0.91454514587269142,0.37880307642290312,-1.7301706842478557
-1.0408864651171168,-1.2493288317405471,1.08801781002362
-1.102147472857987,1.6936562162938738,2.1441918755855394
0.33997642515224236,1.1882547480081631,5.0761030383925201
0.99832545784237547,-0.40255406042071118,2.4580453259832269
-1.2725922857342713,1.3984132604994519,0.95804373040216495
0.29826481993848342,1.0207555837185116,3.4706324503186736
0.12216152159089555,0.018886157504123702,0.48926815175549043
-1.604365818086017,-0.04989328000919957,-2.4980335443891084
1.8286995822946781,-0.63902739531887454,1.3875756154625785
0.55942166532145388,1.6951730310070001,5.8078781760305684
-1.1705836446645765,1.9772286619918376,1.46359370597323
-0.89497818256715256,-1.3607875166174432,0.52718090066822676
0.091281266651796145,1.3579163958979463,7.209255919187024
-0.29294246657876677,-0.29144676309954276,2.8644902092662687
1.8889906160195773,-1.7976893282641642,-0.10285898576091751
1.7678144473723871,-1.2649944157709752,0.24370388796053816
-0.19423501644508367,-0.5613068405134598,3.1017391993802823
0.57289989043855893,0.20357706467824777,0.57560011959197754
1.7881053224341188,0.066093702212497885,2.2052751303662617
0.36077506927468939,-0.13075999645202607,0.23630864508155455
1.2842494239033098,0.75040585841144436,2.2984564720054879
0.66199748872759212,1.415368267373216,5.0783300455851403
-0.38933685807461305,1.550175739488993,6.9586932655295071
1.9165518434234992,-0.71546833185195102,1.0436495391518623
-1.0824932974497954,-0.69422323609314707,1.1452249808883685
-0.95819769098227581,-1.47182946463847,0.1628877521562381
-0.15032237191001618,1.8828556115787993,6.6816205526897559
-0.078396834527925563,0.73683139346496596,1.4289717477769897
1.6843709740613804,0.073074545226499144,2.6146354403889811
-1.2517905588984342,1.6905350470290177,1.4329486978966033
-1.9292885594698028,0.8615748239172536,-0.77498874621938563
-0.29548501274203365,-1.6374864271352356,-4.306931292135701
-0.50664413644149975,0.40755283366044592,0.39066511542501181
0.6238781192627223,0.20508730130710218,0.8137424625846168
1.8984985650283148,-0.47377547732152436,1.4495501294791668
-1.6402956428599711,-1.4216619044412828,0.269088270437218
0.43228901786142293,1.9928696164531683,4.9122702534790301
-0.33722517120291307,-1.9705570724426438,-3.5919677239855297
-0.73900007034649384,-0.58631275797428506,2.8722445944691413
1.6537208907895931,-1.2953436721987845,0.14226736225214687
-1.5293294438095932,-1.9555706411902924,0.066103822673830817
-1.5780220932097486,-0.95071692389186602,0.078100321548039309
-1.3949928591517229,-0.83414601961616253,0.2264885477463561
-0.78365246828659618,-0.12849449695089832,0.37610829919556826
1.7309531218801943,1.7927236677130831,0.46929450221522068
-0.27143915129796836,0.054648330981779125,1.6034662329938301
0.58226365517263101,0.89103770954415573,2.0678198432177157
-1.3716744816856832,1.6945639702952837,0.99166328666719883
-1.6063348397463577,-1.6981958606122876,0.17500348092727072
1.7942096435466861,0.94253151261728618,1.0150243001219597
0.62700095597319327,0.13878541085073026,0.85590510196826741
1.9717159220129803,-1.5278960737608862,0.022973603962222262
0.62817428003721787,-1.9244437731150668,-4.2441348219773003
-1.3333756350221388,1.7209339064545466,1.1220208219095085
0.55268334382115114,0.77937101768265116,1.3904443111196345
1.0463119047408558,0.6577024971259755,2.2966699169208269
1.0420461292790293,1.058713090009189,2.4782406467973508
0.57048813955660505,0.14471248978518902,0.58672150489032227
-1.9972869674897968,1.4159533211544062,-0.061932654936507056
0.49212393589431436,0.81268770707452198,1.5258084107784218
-0.2606074439993582,-0.81340336653470091,2.6516305850427999
-0.39496140807010782,0.73412049842796812,1.2630139473241604
1.5664928893628747,1.4951047638485688,1.0115455164922944
0.97115837131505023,-1.7067107410147557,-2.9101846431349658
0.98754657255675449,1.6717398655275693,3.1861213760052753
-1.5762842706177413,0.0016752351458775294,-2.632384499430958
1.1885918894598806,1.7697543733979204,1.9971409776968312
0.093647952365916165,-1.2205233761911065,-3.7886929893580836
0.19629811787013773,-0.56012305519337402,0.86782987264166922
-1.6900432673051728,-1.514231637045738,0.21440089727428868
-1.8062433896585535,-0.25701291785344793,-1.6251914808062047
-1.481745718369023,-0.62612294949600966,-0.68640937896328502
-1.2221408417250919,1.2524234773426755,0.6567134789257002
-1.3925352967266105,0.91140401073899779,-1.1842636694443383
1.3736363279739292,-0.22509714383382562,3.3708776619031791
0.36694489159240051,1.4362570258013569,6.7586075501399927
0.9265450259198178,-1.791742259159135,-3.0495993590250206
0.70011810487550274,-0.44452664126537345,1.0401530297108432
-1.5933568785617136,0.5360110576506556,-2.2068640853952681
0.58827788165698713,1.9893635572336921,4.2235033587400075
0.20712197524016673,-1.958783766013803,-5.2442595512408516
1.0834608801700387,1.385035348739748,2.7925053800512871
-1.0831623256622174,-0.67997213227576303,1.0898228207796501
1.0084241375128009,0.49252516748591058,2.4155424550356299
-0.24323298171976648,0.84544933204884209,2.2031573396109261
-0.19142989805923571,1.4423930611478752,7.5419731744721865
-0.32776063517067988,1.3315577664383556,6.4153576578034981
-0.80469024267471667,-1.3621914634127086,0.30182038243370252
1.4935711487241772,-1.4489053438246846,-0.37729270325058917
0.12255898165866208,1.7711063864814247,7.4413835224119929
-0.29490717545989309,0.66470554862343834,1.1193902214011664
1.9141246340006699,-0.68688426553317505,1.0940608404318655
-1.250545629497984,0.35567539806064241,-2.9050781667252066
-0.69113483451538027,-1.5849639543504996,-1.3726945838727052
-0.303242540241071,1.4354479652715257,7.1058991806214333
1.7924452002102362,-0.78435989602860401,1.1823736904330764
0.0087525566372090857,1.8231271459222991,7.2495344553622401
-0.94920862118450167,0.45193958182617866,-1.8496010399355141
-1.2154283220407054,0.55906485077149437,-2.4383087920181641
1.3880913895520886,1.5264390746662202,1.513638103608389
-0.76669556327374866,-0.68585200721208439,2.9570609567332289
0.9160292169454749,-1.1273899896503625,-1.4914841483712371
-1.206545352339039,0.65380799183770932,-2.1100473864808316
-0.44840936072449722,0.16650268067288998,1.0781786849250243
1.4289614224719815,-0.53243069933367182,2.5877065918562976
0.28906561252020202,-0.84411190390639868,-0.75476356433731795
0.4220532754765749,-1.709532591795651,-6.0732117715562906
0.2014548228633295,-0.48645591120787257,0.89914032254041587
1.6275026810258337,-0.071122166392703079,2.8398950966245557
-1.5924309618507331,1.5516496780504969,0.35732759981252016
-1.0342541346176923,-1.8433664236833807,-0.46488407485220673
-1.479843746493116,-1.7332993841153974,0.16150730143081385
-1.339747819322372,0.087676421337375743,-2.9817168914503474
-1.7959189923675039,-0.99176087647080169,-0.084310179702430474
-1.9284570585600496,-1.9112735992814418,0.065394381126904086
-1.721520294909797,1.0823702651637799,-0.5699093498009935
1.6732588080434789,0.27617048750892037,2.4684522590783433
-0.38851602634978089,-0.77569674433198199,3.3705844519303922
0.14196359166122807,0.25099620778749276,0.14187038239796945
1.5653986523119112,-1.1283311021164815,0.49028902987036888
0.30853809191232928,-0.30964535513062041,0.46443370800859418
0.89038202248372089,0.16484928612454919,2.3203406939253646
-1.5984104009938789,-1.1781735153639878,0.29645781593356324
0.45965941187885306,1.8917616369214505,5.4746106279334477
-0.16370133734684922,0.69876604657982933,1.2838207996187279
-1.2148244855120902,-0.35654317655921552,-1.1883184547373307
-1.7587526795503217,-1.4983094554322633,0.18071320982547595
-0.32245194771056629,-0.54515818953804729,3.5732822487283658
-1.6097149097375336,1.0517256558124322,-0.68850350088855994
0.37682537266520066,1.026011540124999,3.3758088046272499
-1.3064018359547169,0.92924629274809645,-1.0339282704039714
1.6005714606088404,-0.76708081052223798,1.5846273773705852
0.72287362602087191,-1.240995815295165,-3.3200541356991224
1.7856542499957677,-1.9176043345344187,-0.18186902651648293
1.2778717765023466,0.22967286832825629,3.4027360576088728
-1.2301408823977411,-0.47850474051789949,-0.62148048224337904
-1.0187246273822526,0.9549309628562459,-0.12363500251034305
-0.13243426817433135,0.71607144368857867,1.3548614811703281
1.9595564755385917,-0.41862427754037523,1.326762937492638
-0.21963576244767391,0.7478991918930471,1.5527728331361712
-1.5328161895593477,0.12482588554555241,-2.8240229677258015
-1.325583880429317,1.7905453341016431,1.1312685450122231
0.049010455078053461,-0.47718881491560894,1.6974868540652914
1.3901946645769327,0.72120366470309794,2.2434669358246691
-1.5647664950131923,1.6968229403653114,0.49970043395546576
-1.8461221873952032,0.88974655875793829,-0.85586181256850369
1.3045594212753584,1.4396488863118946,1.8688026329168876
0.17019351320463194,-0.80881180047601786,-0.0043845311832550193
-1.8373689794492603,1.2804492739758855,-0.18631820498133683
-0.11637177819631539,-1.8512300692418804,-5.1782108464192671
-0.55543010248818736,-0.047857394870159942,1.4387828642166893
1.726456061673582,1.1964083264247303,0.88028951873886818
-0.28647412569263464,1.6300148219919874,7.4496639554756827
-0.036971855706762646,-0.16965753080575041,1.5584761721294953
-1.0983225301515269,0.62749108521269426,-1.9779547304278047
-0.51920474856748466,-0.62059282453716258,3.7329505002436889
0.22239370426819205,-0.73113842204389501,0.21045977671022162
-1.396619876271223,1.0435225522389877,-0.63610475232778674
1.686470668866165,-0.82811657876342859,1.2724582069297385
0.41445272852481052,0.15570534378003087,0.088393471234852777
0.54367673393628557,0.15683920864555523,0.46988972483502223
0.79047685374182608,1.5511388728671367,4.4956805509990607
-0.8198359168685283,0.6665169641022044,-0.72812134240876847
-0.99121808853412863,-1.779775282365395,-0.52684100466091521
1.7929216310794502,-0.97118757481916318,0.78595707311610741
0.91184228019556413,0.58353528589228931,1.9878188099152083
-0.77637337784285587,0.23564685847294475,-0.7896465040600158
-0.16891188547665448,-0.88404222109270125,1.580998484462411
-0.21307144666722788,-0.19046203895466896,2.3188022643036108
-1.9125505516967147,0.69439439272943115,-1.0796104883046547
0.98840731660715253,1.2145937198289447,2.9358367931276548
0.3332196752012857,-0.26690039828754131,0.38654484666983852
-1.355159187110254,-1.4037677336551222,0.50869278933214124
1.0261628332921466,1.8173799864355331,2.6559771935967236
1.1697853033797831,1.5693197987757319,2.3601263765843954
-0.52122250595341613,0.36755818722336508,0.37964644873665365
-0.75793060641327292,0.78207998917242083,0.074242022013900455
-1.6406389142286959,0.98649245930726126,-0.86375077336715833
1.0197516091745213,-0.17744123217593089,2.9279039070698563
-1.198931843600036,0.79480962742669359,-1.5059495710732207
-1.0545561584768222,-0.091519738681895335,-1.6419504449253566
-1.60050137187901,-1.2170108136072648,0.30908246202592332
1.1760614092301949,-0.92320879357498775,0.79276508153223002
-1.1032891617202147,1.4009010851347719,1.7434571077015453
-1.1205521587355323,-0.1618640713063777,-1.6993853448799128
-1.2848263999781997,0.96200948466204572,-0.84889431079180411
1.6029984730922457,-0.75708324180818409,1.6106854368524532
-1.7109139140747369,1.2858600822208319,-0.15006077545969318
0.53689583590206258,-0.63260402811117533,0.12942016754897442
-1.9999806884300495,-0.035070173699567109,-1.3179081201836291
0.13576624299461582,1.703121045137217,7.7188048826090254
0.10321336278885607,0.037448111781433813,0.5220106320856811
-1.7929025065391484,-1.9372214241484713,0.078440957348518386
-0.013779120539692657,-0.82041092708252195,1.0389045366203677
-0.13848893583100974,0.65938783381366139,1.0909719659968091
0.54699006243813075,-0.072786449723936331,0.56307413387322613
0.4939695825906667,-0.13442365745913731,0.41631560664925993
-0.22897352234541857,0.29930867226915536,0.94062113438706529
-0.30184902346954012,1.90133323864876,6.1090352197132027
-0.52959586932247094,-1.2095003063882184,0.41032840434192752
-1.0854362171123118,1.3110207610577223,1.5114945836031073
1.4177281880891379,1.3283439150502483,1.5381773986369918
-0.35987434007877961,0.43837883994538362,0.7343483954058887
-0.41274713293120513,-0.21050949119330764,2.5770055641934317
1.708813413329167,-0.05539863177523574,2.5321620444558235
-1.0333796578817416,1.03702751416116,0.30841836712454118
-0.93962952048765858,0.57370797931321693,-1.5713208062538691
0.78123265286688381,0.87463263007344461,2.0997956407368292
-0.9544358473551775,0.15994761615489361,-1.7835802829265082
1.9136865537468877,1.6567555075326048,0.315312033210493
0.22134618826624441,0.26481931025642691,-0.0053128362008056651
1.1614263251449422,-0.67453088332230338,1.9834624860261334
-1.7030621915216426,-0.2838371217712734,-1.800328040536324
0.67617843905666897,-1.5865203904524834,-4.9063719463084885
-1.2642061327614629,0.42418049276964975,-2.8136624823709875
-1.4748582808626798,-0.66756361198874181,-0.51714502200556722
1.1204735390558866,-1.2991900990381162,-1.3164437023253213
0.13985522702615061,-1.4402685785530853,-5.8849177881586314
0.76209405374068862,0.92983834821176137,2.3178587283454291
-0.32725315752861173,0.48076437960350438,0.76165356341852553
-0.96675678905243645,1.9039838957974542,2.5361770375458836
1.5066186223781095,0.69762570138646307,2.0895598441984307
1.5695390314518396,0.40512036939570661,2.5858643231304441
-0.39004516668219669,0.069334466986965548,1.5176455707716305
-0.68292903492988399,-0.20904671782811612,1.4677218697975722
-1.6179061419255865,0.37668857577460901,-2.4440086204259792
0.19223904969199479,-1.6988908946737364,-6.4724611891978219
1.423740284653924,-1.9385789813001615,-0.73202050704371535
-1.470910822710785,0.1470558518356464,-2.9445598177297625
-0.70339554815643957,-0.16284747384795839,1.1043557390485321
-1.3170478359957283,1.4618356360677667,0.94037161120875246
-1.8038162631710271,-1.7220014053674744,0.1207560862258347
1.9437255091206223,1.1545747295927571,0.54360739455281437
-1.66975959106122,0.64040067870903972,-1.7727089451364695
1.7082435098681046,1.5495069663357599,0.66494075161639055
0.072546338491992657,1.4142623161122296,7.5900548213204253
0.68273083182102123,-1.5349539287414933,-4.8191592264560859
0.81656782482343493,1.9733487108881111,3.1674828405453099
1.3730173860785295,1.7855111289019354,1.2812895226904455
1.69462268768544,-0.83031139953276023,1.2534841189743642
-1.2042320233376282,0.19264345459688714,-2.8853601033425549
-1.6561144353950998,-0.65548350703306668,-0.74594967366187082
-0.36787888540763758,0.33457473832817097,0.84454523492746891
0.0051827791828529257,1.2304448212313144,6.1970707036706321
-1.384707929289398,-1.5494089327108476,0.3214305275792369
0.47329575258146006,0.17653424145872121,0.21914957490734169
-0.71722695607879228,-1.4563375827150946,-0.60067778425720231
-0.97507749803441501,1.3962423217371192,2.4833876267846033
-0.32434333074321908,-1.4525054532609545,-3.1900543560557688
-1.2174218601049116,-1.6930197189011835,0.054866905097019837
-1.3011190348158492,1.8041484016672316,1.2083422140326117
-0.20455560004223416,-1.2222188665905382,-1.869138741567705
1.3208626795919933,0.24724099096479524,3.3645514516006938
-1.0041621371577962,1.3679736503556543,2.1990534072257568
-1.4163033622034407,1.475138253951767,0.64931958393054301
1.7221016676431069,0.85243876847847666,1.3012797119099084
-0.4365469464790015,-1.7950240229135381,-3.4298163136520037
-0.51174769680091003,-0.069846420014119559,1.7173468613932381
0.60668481655409456,-0.296258296583364,0.80452945643092499
0.91675318313208987,0.779040618773025,2.0515326715133049
0.83585198817993023,0.87104133095719449,2.1338910397205146
0.035340625465715814,-1.5540203141444715,-6.0548221004800711
-1.7043238216327987,1.5758460872966191,0.21813103796305836
-1.0872133884008246,-0.55133969395607818,0.50179675727093331
0.80091754044461894,1.2464080758275653,3.741231431240172
0.25996027268660793,-1.4100107125830372,-5.8893287804712804
1.7567003389668869,-0.032128004084913453,2.3443246373313866
0.026466423309733589,-0.22777568570644391,1.3988684077337352
-0.43591568464777097,-1.0935915774468132,1.0963868102185614
-0.8663197616770224,-1.4324745407011088,0.10181880629566328
-0.78345750007315029,-0.13867063647511868,0.42596380405581025
-0.40920194372054497,-0.77103507021201922,3.4421583820112929
0.26184082274710363,-1.9582645806391676,-5.2087222932582398
-0.60975842876315967,0.63552150637382665,0.17321878875502231
0.56800147432247705,-1.014643236221469,-2.2065368333163895
1.1992425918030918,-1.9466249436590779,-1.4089429333440793
-1.1782920822192109,1.9338308165960711,1.5132088593375348
1.2608720165907807,-1.4569732609613191,-1.1415244582932891
0.54062195343564001,-0.65506491497401864,0.05556888330883937
1.6170366765975457,-1.7969494905215868,-0.38549022824478191
-0.56961122477489989,1.3494204968244214,5.1296715080819295
0.27415797015589449,0.3561039381356399,-0.057705503087287391
-0.17387988303564716,1.2726234333413271,6.4583433527954588
1.9407041060971459,-0.77920153130891068,0.89482385082112781
-0.59339341743786078,0.57161110133050519,0.10096695763347077
1.3470593841366987,1.0246212336834679,1.8844598036238371
0.68017258481552911,-1.366913169366911,-4.2985219650901714
0.96749201116753847,-0.088804557106068716,2.7644408042167021
1.423521848258865,-0.36070391387580902,3.0480747020780465
-1.4401712892780028,1.1286886668985709,-0.35751676194811294
1.7768752003052932,-1.9405103533166848,-0.18747089537045086
-1.5281900405356006,-1.4970248686207732,0.31307014187806381
-0.1727990305858671,1.5355366808496282,7.8576606993948692
1.6780089679102157,-1.0314460653524518,0.74797384322380234
0.93787203530546304,-1.4575712609172751,-2.9429537583345731
-0.55310081592150251,0.064913434724182206,1.0131018926865099
-0.35740432995391447,-1.0088135345295066,1.5433456468437081
0.54585228432157296,-0.3284701988382337,0.59600902374003517
1.455255632348357,0.42763294070856039,2.8196846339142558
-0.99827250095643083,1.8482463694452553,2.5088263503991945
0.42707089016778665,0.72649124034304702,0.97379538613523831
1.7022709740784121,-1.5091685229244707,-0.12006311473287795
-1.7034439844022444,-1.663313160681176,0.16425098343265665
1.5287807554567538,-1.5786386396460907,-0.46452840419598662
-1.6975626108954547,1.0841617037967457,-0.57575716460854875
-0.029216377445271835,-1.4738335998034215,-5.3875033342405487
0.8023809092113301,-0.20045429513312785,1.815318764561902
0.48815087136185653,1.8701611852648203,5.4606019128915921
-1.7922319212840403,-0.22454684414295012,-1.7202918904303972
-1.4123598211203212,-1.1384994204154555,0.59774524066510393
1.4766604848643401,-1.020758080580513,0.80066319736278035
1.3579667801833786,-0.2793022099845337,3.2988286724055564
-1.122752831646507,0.30789950454064297,-2.6691833950678978
-1.2656618060276394,1.9009635572654124,1.2442210483239882
-1.9520686496420507,-1.8229042659093562,0.072323495521221498
0.74512732683266858,-1.6994140433281795,-4.3779702359621355
-1.2805060521615905,-1.8137683979671726,-0.0028234310347558366
0.018103069506932634,0.071783916751240184,0.76315091964078108
-0.5536746316029344,-0.65418504929215238,3.6931481251445661
-1.9072544216544418,1.4136843831733983,-0.050329614223167472
-1.8692516580298604,0.52447585128097707,-1.4569368958719249
-0.40997682705120586,1.1956612199901726,4.9558608532964596
-1.4998711010745434,0.557136763612323,-2.3503280766391472
-1.5160380704856025,0.33670790146224805,-2.7569426855664134
-1.2907730207019972,0.22539348755944033,-3.026469879689988
-1.2959091028351608,-1.5379949085858589,0.33641147371078878
-0.36238662173002645,1.8394720105165625,6.266525072988216
0.86959442172699797,-1.3448276804452939,-2.9926104520597514
1.2578411666202589,1.7475680232893405,1.7486764149890119
-0.67294563155467002,0.64313125158074458,-0.092056350057365954
-0.5963593380136698,-0.1350301875836426,1.6180651928042606
-0.5488706555952767,0.34426289186781212,0.29899856034152861
1.081150329366519,-1.4429495576620281,-2.0128258323770432
-0.35187858926546589,1.5129378832811149,7.1102723401622701
0.46223217634444369,0.51890575424026775,0.31080972412855734
0.7931115944215783,0.1414688205280612,1.7838296853351014
0.70970129935559978,-0.16873861955381098,1.3241657688154806
1.4800378213729322,1.9145562571651396,0.82069928393220248
-1.7133278895041115,-0.71854098972614566,-0.58190499469631418
0.19394766235561711,1.4976490335035626,7.665117075416684
0.0061775497290144088,-0.11316588677076189,1.2175087055090321
1.8438037768477704,-1.949903632307658,-0.13719060748835357
1.7767348666437566,-1.645373108465308,-0.14248646434218359
-1.0373945486904896,1.841897354765011,2.3157103215619816
1.3769846133050945,-0.27222454068469348,3.2908878889257558
-0.051413529853938211,0.41895435886569654,0.52086001241382485
-1.8341196403414342,-0.18883897962718144,-1.6661039611359549
1.964963916077648,-1.6558201170900553,-0.03302477633930604
1.9537484495755644,-0.78218061539156736,0.86516744205163643
1.9113533515576355,0.27123105711219431,1.6017580182124553
-1.2446505387895783,0.73115879585450427,-1.8535370682186403
0.11714322060336801,0.66232417478555705,0.7557159144281167
-0.28968344147873282,-1.2500577640497439,-1.5497266765704283
0.86964506282890852,0.60992802680040858,1.8333591993280962
-1.919942125973231,-0.68437203979338856,-0.58306455060768558
0.040970881492489841,-0.90836700171169982,-0.058794013606941121
0.38043646031143474,0.93248197841309066,2.4836832159237265
0.91086081129380236,-1.7805252715102053,-3.1675112236729741
0.14572003461704064,1.1174688412336407,4.818994760157163
-0.23409851766059475,-0.11247641294723909,2.1020516980392014
1.6128008735141215,-1.0807208287495567,0.63628972756600011
0.49936324047979141,-1.4938234632514042,-5.7479637654638829
1.1337317854256455,-0.5557847880031328,2.4005778332443444
-1.0691787848092558,-0.31714163070797174,-0.64762695740312748
0.45330890208808849,1.7692893747108034,6.1688613693130625
0.96001809677151195,1.9972122722207883,2.3925665605638851
1.7001347076347368,-1.3155572533590236,0.13627014213237462
0.60159131771610364,0.85348268858492826,1.8477844938885446
0.92688073614747646,1.2439441042933765,3.2334851672165019
1.0944205244872425,-0.44542296319930408,2.6622500962748159
1.5633361016361786,-0.99291917596541435,0.90616559330279844
0.3149074545354722,0.30369895662652979,-0.061796347739840572
-0.25553431871359567,-1.2745570843160507,-2.0733801454121235
1.6968872784640392,-1.1302702706076886,0.50340812954953984
-0.47589979832308327,-0.98835417121003166,2.2453934216817228
-1.8494071039954942,0.65119504960479535,-1.3033364220654311
1.9800182199422438,1.3423014016262735,0.38388761030572688
-0.7590134892618694,-0.69883761192451122,3.0126096263416495
1.3746600452862645,0.24314848485976714,3.3222628740718223
-1.3707949438988831,1.7576702896920251,0.99455127468954496
-1.4832028879691164,-0.60068547851226772,-0.78798798958808169
0.9878274242263152,-0.41775237869802706,2.3802629114346043
-0.30477904643171283,-1.1987116170721333,-0.86437526588904146
-1.3226719438504704,-1.5696941822147605,0.29527275800170294
0.42475698784281146,-1.6367777820379628,-6.1865542693672806
0.13164481654864346,1.5827150152393252,7.9482784379832809
-1.9161792028685087,-1.7972220338594387,0.082391336558662903
-0.088594053488328495,0.39628029917001006,0.60513097660952708
1.0220568126217704,1.2881602045742095,2.9510879085131534
-1.3746122998579251,-1.8818011042388885,0.031194329087463307
-0.33102711034998822,1.7807154107072884,6.7381712437631602
-1.16200409276717,1.0021690696741201,-0.36214165025209988
-1.5253926056038738,1.0810681562530515,-0.59020191885250928
0.41581609604936487,1.8566419083635841,5.9044053886592032
1.1433614204033904,1.0364661020238768,2.2743349376615845
1.1556489728567336,-1.4657068158097553,-1.6582689454882824
-1.4267923842919532,-1.4529133517957367,0.40732357867580005
0.18152438964067708,1.0444441708283003,3.9432679402673374
-1.6828980449519428,0.94465273549091533,-0.94385303364388651
-1.7849125482154062,-0.54805745551353691,-0.99590260018253662
-1.6873574597097509,1.2683485105944992,-0.17177284810579488
-1.6305252513019239,-1.0777685381634892,0.17750956023528824
-1.1584840783369352,0.34004684440948241,-2.7524014292808694
1.9274234458341737,1.2430150411312466,0.50651294995156915
-0.16925249564222078,0.48494800453111964,0.73603455675217622
0.34626671524696961,1.6898381892636003,7.0143003484573736
-0.61485160240481829,1.2560125257189223,4.2412229569761468
-0.52277684729590757,0.20075690118336276,0.71918340837403283
-1.6331472043164821,0.083286355529410994,-2.553838190347494
-1.0784453259532785,-0.24412906564773684,-1.0852945813489008
-0.1976744461797979,-1.5777092368090366,-4.8258055015935071
0.63225073467350157,-0.88119829459257559,-0.99176279678168322
-0.17008793142344847,-1.9760921226218218,-4.3550302358772432
-1.8999712180438133,-0.23450087152624666,-1.4196605370223836
-0.73585496810070627,-0.34145595408216978,1.8071555014570169
0.73663522294478456,0.77353227058780316,1.6874883448281359
-0.3769052338150527,1.0467875754301521,3.707682742079228
0.93827242780687659,1.6575441577635335,3.4941217879165714
0.14726708506336328,1.1783865609484816,5.4779263083861904
1.4301281460717088,-1.8440474155051889,-0.77096529073880105
0.0016694409592816761,-0.29432959774921508,1.6818077391735082
-1.6019908177885909,1.4493615243275926,0.22032737404845643
-0.93573155208658365,1.9495740118460745,2.5571985638715358
0.49990160714251441,1.9418720851181877,4.9571901791238187
-1.1438255841413922,0.00050201200019239778,-2.3833168748548861
1.43167306738829,-0.53505529424173037,2.5760986699400688
1.2230937248116427,1.2628187432453046,2.1807836453171641
0.55307842060767332,0.23616183761744747,0.48053828647577101
-0.42684896078397294,1.8373514916879046,5.9620216381733835
-0.68556703519427931,-1.261563044751504,0.61126186644498526
-1.5602199570635649,-1.212896461170645,0.36114872251513414
1.0445466956341369,-0.10222176778791114,3.089354640710845
-1.4974453023967216,-0.023491236973236962,-2.7406710370168126
0.18849937053148924,1.3305313262630589,6.7961967968370409
-0.10325716499845905,-0.34400264383649892,2.3463705462694979
-1.9653517381319641,-0.99387285395791958,-0.13375589854989892
-1.0816429012480913,0.16600074271813048,-2.453523320304734
-1.6475536443418324,0.384663078364194,-2.3462005959900933
0.73687788985568625,-0.96775289305487711,-1.243409291255213
-1.4383694818356361,-0.96392559302822978,0.3855947857138598
-0.52000511473228905,0.47364609712678707,0.31348370588559205
-0.060991581306318876,0.31365009852977721,0.60948445943639995
-0.7009226527451331,0.71033570451896733,0.014716736220641041
-0.31635686306556376,1.1400953703496866,4.8197301650468027
-0.42822359983602554,1.6338053192761444,6.7081030840925635
0.74076788419320794,1.8204128084568003,4.2544816133070649
1.1954496950152564,0.39697544626080816,3.0280438537651757
1.8950119917577615,-0.32224240911966184,1.6377879799134953
-1.7824637556296068,1.1438414560609815,-0.416477906656323
-0.094567847463089549,-1.5324075258708776,-5.3149569981214322
-0.24798748332313592,-1.4559098843133023,-3.8006854892196409
-0.19397121093357494,0.20798827869711989,1.0846394050843671
0.7224296557457639,-0.45995444830374277,1.1065313725866803
-0.40857727811272149,-1.4522856836477041,-2.5433614932471662
0.42182637865424821,0.16199004961172614,0.099580746984861856
-1.939227383841047,-1.2241225365944928,0.04071787874296956
-1.7001381335719714,-0.37626551804621311,-1.5629628891976868
-0.55277932598379054,-1.591465502023123,-2.2747040085062822
-1.3395151531060454,-1.845558239546659,0.027079504840394557
-1.8587609718019242,1.9629434557702958,0.15147499202984144
-0.85500669969549992,0.35986648319688541,-1.3994991931849221
-0.35245751911691547,1.318752408425393,6.2137727328802628
-0.84040127324171965,1.019594154951041,1.1503018868372732
0.50378009758313924,0.87009762181203376,1.9144747269408973
1.9568815944141562,-0.9034997530203257,0.68329833122161721
1.3340994899485277,-0.66452891753347987,2.1948402700552783
0.83498722064180031,0.40335217935256873,1.7980654006133576
-1.0365903618964605,0.23907656855724913,-2.3201711515733918
-0.91689754134213919,0.24074008902111643,-1.680649653719148
-1.2536310267130806,-0.67117063293606494,0.18471447928404272
-1.8804858177412549,-0.69828076593051325,-0.58415550701672159
1.2729954025024819,-0.89106995820822066,1.1573744392588234
1.2498069412033672,0.42466870654638367,3.0083459198663487
-1.9342519728582814,-1.1351452273594365,-0.0079413108321976511
1.0499989644937093,0.28874062197339523,2.8968175364215711
-0.83718776667944161,-0.10064792574074422,-0.14341568148049261
-0.32484062621531695,1.8345067253631822,6.463114999172018
-0.84911666225461668,1.9207696990089085,3.1158413782711536
-1.2995460652971347,-1.3981359804792162,0.55429033605764988
0.57923293142913623,-1.4622345235281293,-5.264140126516331
-1.8639269950425497,-0.25442156444941388,-1.4836330634442843
1.9916598823349427,-1.0749564889479313,0.41727060864764187
-0.2099355037946109,-1.5148286429484537,-4.4554747605854024
-0.48290184322441609,-1.7371125392029771,-3.1125892548183387
-0.24919335923182739,-1.6015843819803002,-4.5430964815394752
-0.60810359325419316,1.4349067588477409,5.2487806759480042
0.52331662459240302,-1.7382986966191123,-5.5668424038615321
1.9320308270137656,0.13597296846624118,1.6203044275381933
-0.10681277752591933,-1.5387454004823746,-5.2680040367663246
-0.65086435300143775,-0.81562064782744415,3.3171376370755699
-0.44572999390597734,0.44120300865315931,0.55910274514375424
-1.3729352749591495,-0.68677934139051033,-0.19217693651234183
1.6634291441418578,-1.6010288607734333,-0.24483597428758519
-0.87666876042766773,1.9548590522452076,2.8413836963759662
0.38768762289646963,-1.2950169586862412,-5.0110770232605599
0.93860818575073468,-1.9429125630820474,-2.5691996220145028
-1.7612093259965294,1.4529603032352076,0.054204598311371685
-0.76986224635589107,0.35947372218657447,-0.89900521753984464
-1.1300414849574756,-0.72023416407888319,0.97285775153769549
-1.0160755010582108,-0.15503783783530234,-1.1397189464088231
0.23817538382343439,1.014339297796321,3.5136038618811622
1.5539549306353053,-1.9537668620765889,-0.45879122326225219
-0.33532978913163358,-0.19949472760888853,2.5621120099672789
-0.10090696688431122,1.1638242773007219,5.4985985631716359
1.8215354626766724,1.3116264749745272,0.620335297683834
0.54225347992696582,1.5080729979953147,6.0168127969154508
-0.39110480649906587,-0.89381832597010646,2.6915607713207721
1.8062717690115502,1.2776802582576767,0.66916300074350388
0.073659682096836931,-0.40082748917287581,1.4894414893651984
1.7578202747169258,0.80897685780275319,1.2862660215365076
-0.027649680180982683,0.011480799830078325,1.0635910252838154
0.029212533056739431,-0.2628242826955669,1.4667609955524337
1.9367985934294456,0.018089206795816715,1.6369610045730509
0.22972465489751448,-1.459635344367324,-6.1447945745542807
0.76898624744282174,-1.2150160213439976,-2.8874124274438704
1.8185043731961361,1.666372064111961,0.42175056197016947
-0.51826527017189172,0.16475777424127935,0.84054892498425637
-1.6356321962650688,1.4435711876197086,0.1662989569638901
1.4393416667324317,-1.5491848838580435,-0.65799399516594226
-1.3112074081700817,-1.4108332640248884,0.52799289078218603
-1.4006438316527148,-1.7119832310171033,0.16089159627301305
0.91887223379439309,0.18232674690375061,2.4565323085482498
1.0696048745946762,1.0672022597902551,2.4400792448830058
-0.0038498285236201468,-0.58233899812938517,1.9795482947202359
-0.67984285757508545,-1.2054651003362284,1.0298669682559776
0.83342165720282191,0.94203378284900152,2.3685211502155883
0.10648043601636914,-0.88504774891561566,-0.2516175329690602
-1.3230380915459337,-1.9957742918756547,-0.053182631856343462
0.92078683444773102,-0.21552571186203129,2.4336806724187299
0.38699032083227047,-0.6476759817901101,0.07019536174242591
-0.42950917876277406,1.2556453226576312,5.3571625694802867
0.27496111317951,1.1684376439294075,5.0710944374733051
0.88715318546387101,-0.78995775906264254,0.53145278878516666
-0.67424579701056309,-1.4012709058039838,-0.46441566600953815
-0.1373034189832032,-0.33008395470213103,2.4733563807348204
-1.3093712462215936,1.9229652633911196,1.0777167671862868
0.84933941375750699,-1.7644774567951353,-3.581795203142252
0.97147907878105366,0.67854862547287897,2.1233210567203789
-0.28458545548744474,-0.89744611833885712,2.1685850682646923
-1.7373872826150156,-0.63478207484600291,-0.80106292219631958
-1.8953444176550376,1.3598695606802167,-0.097978158503680496
0.74924809283305693,-1.5643961508526778,-4.4140104874128143
-1.8895619042974419,1.2426884620262255,-0.23220802070139468
-1.6751891398902476,1.8349639202084704,0.33573045589556583
-0.42360168195373649,1.4199409249750286,6.4160763208734251
-1.3217350829171797,-1.3923583314144854,0.54790173471163162
-1.7371901266807208,-0.73577836688274734,-0.54211090269310036
-1.5260044776157413,-0.3862233878894008,-1.6715781112950485
-1.1484569864555332,-1.426393791156884,0.53129127545038923
-0.067425416642111768,0.081649565049109807,1.0477046847265863
0.61005244619076526,1.6910236867901478,5.5007164679671625
-0.46468832992525866,-0.36638189348275296,3.1536350043938937
1.9117625860753278,1.3738826741505776,0.45068376640192814
-0.83434432848131879,1.9558360583694929,3.060671210926516
-0.66792841106601175,-1.3663330494746222,-0.25011292741055996
0.57452226743309964,1.2121388725320497,4.4483470251123842
-1.2373929462711051,-1.2325992824090968,0.88157853044207257
-0.96745979662937387,-0.78884119383946416,2.0353354440387199
-0.23464781294741877,-0.37680058160113195,2.9910202864849973
-1.0914047743771502,0.85940441078867869,-0.92222401107656649
-0.10757435447003871,0.84137378538100993,2.200626156232568
1.8868210574942461,1.2036834622118948,0.59261100479480922
-0.74052734805653264,-1.3549492116293542,0.13421217641536623
1.6966302041095167,1.3641815374087529,0.81062946472264685
-0.38906934986408759,1.9933447108156792,5.0872389251030796
-0.38201544137491639,-1.439319642218186,-2.6486636574473477
-1.1148065249404639,-1.1135158914344223,1.3265002149582135
0.79202690568889977,-1.1680972044668394,-2.4417159288241397
0.96243573995627063,-1.6355022658331386,-3.0023099582765305
-0.70798735920162881,-1.081055717201254,1.9904661370653043
0.5182242729631259,1.6135932299900486,6.2065297530403534
0.0053745941803131636,-0.3623791714634117,1.8057297596681758
1.8383925374916412,0.8386342489962777,1.0576908626634067
-1.2478496238230101,1.7411567248848194,1.4412093819427787
1.4140035062688896,-1.3790735932821354,-0.4338815934048959
0.69900893462516667,-0.0029412541059885555,1.2807493979607567
1.2623082944650172,0.13024086131607415,3.5243330553400201
1.0539593472994713,-0.42953015763423874,2.5864666597373374
0.69656060541865461,-0.77692440124662077,-0.13261502571731845
0.9826996009896245,-1.2985985572685732,-2.0741348522041245
-1.4740098091758704,1.5680534615803059,0.6202201996119836
1.2250167898612458,-0.80647391209716024,1.4884343350555556
-1.5409660648405721,0.027783906524631696,-2.7376073313366165
-1.096453229580568,-1.2103207587574421,1.1477267258063288
-0.82032904591010691,-1.9281928078523944,-1.2153437784007073
-1.4349303115029599,-1.2771798512198518,0.53294821381571045
1.8150522704948235,-0.89519480180577493,0.9121150552552475
1.9783807700505238,1.6012881274434272,0.27475972790716613
1.6590986266619168,-1.3178168355283941,0.10432507967277349
0.56742558442324631,0.89988640165399181,2.1243843131929139
1.7760172542689543,-0.94609993616378585,0.85936582290590091
-0.48649541833494525,-0.97571784403578254,2.3817882101066541
1.0710537255888308,-1.2597683209250365,-1.3982866519523314
0.82109621162649793,0.70127012235169772,1.7371388570162027
1.3475171016731156,0.45496118174604216,2.9120707449926875
-0.35365248517783865,0.65051764547990842,1.0008750505165442
-0.72729128821198286,-1.8654120007791939,-1.6603195812110332
0.42314491171723745,-1.1238312809114088,-3.4501616194133997
-1.6920805421871001,-0.99927463537326577,0.007825427373354954
1.2207282085807072,1.7775761831456189,1.8475484731251415
1.2154319628046339,1.3179801549105084,2.221489460834702
-0.87024875803752288,0.32155793136197408,-1.4738942712741696
-0.92249451552846029,-0.83385746089651347,2.3020674696284162
0.64175235344631743,-1.2859336504032761,-4.0542281032791383
-0.47146257271126091,-0.61966732658907131,3.7732389538592939
-1.2339681220579186,0.042539435660900349,-2.7672870369285443
0.075832871259173373,1.9519805709851132,6.2339121235017467
-0.20514258485742243,-0.16116807951469236,2.1959298054693219
0.062795751207966877,0.4321524560573069,0.270970415315819
1.4437682961538498,-1.9041799118733744,-0.70649250528612406
1.3924962072146125,-0.16258595547269006,3.4241575426086568
1.3570590642933378,1.2027343690398222,1.7709229811267888
-0.7394988659149937,-1.6128257292783623,-1.2098064091734566
1.9268035928410341,1.6095122932789403,0.32168993836984661
-0.38044527769331449,0.16107087569018352,1.2416982531170426
0.69058474523949975,-0.6584395940077985,0.41769823799564348
1.9758888639976235,1.7021529462096696,0.24034560909215616
0.44259843356527728,-0.17407199398469353,0.33124169607224208
-0.96612116535054682,-0.34742893969432775,0.1966758795017623
-0.00037153647908017007,1.203580971431256,5.9274435394060463
1.1997987282933376,-1.8566866028019371,-1.5391180658712116
-0.26277637102333862,1.3691821202023298,6.924975978002113
1.8706403455707048,-1.0027132653987487,0.63900162286018924
-0.18820499063262552,-0.024124964298109619,1.7037888439039781
1.7776242489880247,-0.80161139111733082,1.1741655676381828
-1.0106382007524697,1.7952645340302906,2.5444966557701023
1.6219033001592287,1.6557100591312026,0.76114895840397634
-1.3535737510017101,0.17547078612573497,-3.0460094740449173
-1.781363370494323,1.4217526188468765,0.0072178499392874691
-1.8224872655838462,0.11846821595132706,-1.9451980799996025
1.4579862529854175,0.36133855619258792,2.95824447519594
-0.12722031942969125,-1.244211698540262,-2.6898074659401146
0.73617028127109574,1.4299576640616118,4.6877103314902664
-0.7818654993250993,-0.092304422773567874,0.22211362441163685
-1.9444210224355782,-1.2415737991434086,0.046359478605659588
-1.802134341014656,-1.6911603233644206,0.12763432440149314
1.3212432827649216,-1.5253849188396331,-1.0180821783660197
-0.33476025260663222,1.7482288383021274,6.8752843790111307
-1.8598489159687248,0.65706911612099272,-1.2670661772196936
-0.52356160903671145,0.7472771698259808,0.94276400162915575
0.93703422073832776,0.48181458952815071,2.1733520007959126
-0.77288145927141061,-0.83640873958642503,2.9358219405890282
-0.21128154723849035,0.46373482358802143,0.76828336690433996
1.9231106635598056,1.7976487740117313,0.24944198525476372
-0.47697962961701479,1.740076104051723,6.138000569684519
0.84683938877945941,-1.6042521351855048,-3.7694903921075062
-1.2970000863273978,-1.0616017011497805,0.86276093494293671
-1.2634787040737598,-0.75933420441537791,0.46859435140687689
1.4653550772633928,-0.6753718789313945,2.0759691276434147
-0.23646905131111806,1.0001541737120605,3.6097825755244153
0.90302692156211428,1.8971721361128768,3.0403411567758787
-0.52875957804475671,-0.66864765424920614,3.7295713844500322
-1.633713108720511,-0.12736815563434201,-2.2970598881377091
0.21699547451884227,1.5705080697540774,7.7059446204588093
1.6166516456193656,1.8406436190212254,0.61948184573122167
-0.23262570560848372,-1.02664453276225,0.5967446806568284
-0.5612403941297095,0.74087347833713801,0.76771293697037657
1.0645056612037855,1.3563398742266903,2.8557881605430198
-0.23287197504894386,-1.92412630248519,-4.320241686559628
0.61474718339184165,1.8103782223392249,5.0547484177052224
-0.94491483024458289,-0.14629296550497384,-0.70765253702500019
1.2335827097492462,0.33336549251561509,3.1974823205981311
-1.179802128953046,1.8143078354620417,1.6767694046762132
1.4283729350715983,-0.29220190671844315,3.1773689667370695
0.021821646767513858,-1.6649986006764512,-6.1628830998288864
-1.0988982689261801,1.9099648190595224,1.8847862518799892
1.2698304601998553,0.86612134573080191,2.148489421831338
1.8075053346963643,1.157710947218892,0.76134620593688773
1.9753705356401881,-0.012399317675365173,1.4986646063578173
-0.20785660081337154,-0.86755242954802081,1.9645920396819123
-0.6750604580245132,1.9278845906003514,4.072316390544243
-0.34891332403650011,-0.72206877893830401,3.4559690722890544
0.9333805523770704,1.1092471759897919,2.8167967593856194
-1.2012826732279562,1.3924231571936061,1.2364295568960366
1.6996684048775315,-1.2919958463946026,0.17668042811745283
-0.10455422612759024,0.66860470168963015,1.0982770886900737
-0.84794796442084852,0.81693098109523543,-0.17382537849820512
-1.7991077877886137,-0.39847139112603736,-1.3418636334367906
0.65797669025915972,-1.564718964328246,-5.0089080001684678
-0.040281087514369318,1.6428398789097489,8.0373708817555976
1.3537218295696598,-0.10744908430611066,3.5212926952761028
-1.550507246151136,1.8927745641517388,0.51798158255319882
0.017587178591533359,0.32467168305035576,0.3949537115751458
1.9452894650811898,1.4126344669961552,0.38939723358413331
1.8741344521851593,-0.40886966796936264,1.6117521668391379
1.9603005022651225,0.37798312023677338,1.3370812351538826
1.7581429781671423,1.1523613622249913,0.85780809994585849
-0.78217153264952666,0.4697124277005793,-0.96060603440189274
1.7202890986664885,-0.98882300471019691,0.82205876606440187
0.47683570315768842,-1.5908919385621292,-5.9941648795191425
-0.76337116143801964,-1.3268136614399804,0.39788362015977896
-0.064423846186369316,-1.6703195290811441,-5.7939892717882673
1.577404750768459,-1.2116399904523412,0.27030631881944722
0.40492389220215319,0.28807223120974079,0.030481678489908751
0.076171510246446417,-0.16018943024248733,1.0110298014145593
0.26291644025937799,-0.90568978868109817,-1.1676330983481416
-1.4364675517486609,-0.7471084672774071,-0.15056909007350225
-1.2577117543571621,1.0173082440291443,-0.53065704441827311
0.45271120792884956,-0.075689284517432398,0.28949106512216449
-1.0350119913333451,1.1244601296716517,0.81944493675610452
-1.5813290045501771,1.8262220311175268,0.47922728394467995
1.8201161669431749,-0.89231711931463353,0.91016100518681187
0.8014165790984813,-1.6103693408393021,-4.0789807730374044
1.8503740489439653,0.44789885319390121,1.6039351867992044
0.96537071316280176,-1.3879379187406555,-2.5490757594409095
1.7977930439729506,-0.4417109856262027,1.8200443084068589
-0.36613723634748685,1.6576798418139829,7.0161160876956385
-1.8380479092455344,0.60612307364990992,-1.4122901734067592
0.91019947428980652,-1.3609574401040589,-2.799215268899558
-0.18102073065187407,-1.5346679642571726,-4.7617798382174206
1.8974661792184997,-0.48769129531077948,1.434022260486471
0.19852408522264176,0.70681678728699637,0.89561683736404751
-0.19485723917103814,1.9554477050346497,6.0165683516395907
-1.3479816481543236,1.7679748883051332,1.0651871604215066
0.30694983967194611,-1.5303715630405934,-6.3883593569258146
0.79679300271734954,-0.56893490061045204,1.1450621363040221
-0.90258406615271469,-0.49091868477092326,1.4215655173986064
1.3798527845571962,-1.7566461411863632,-0.94224629847691954
1.0694532669311392,-1.105614024515007,-0.5999866796884179
0.0291975321033493,1.8089082570221211,7.3334595984869519
-1.271505031774254,0.17103228981201601,-2.9939819530936229
1.0305584300743593,-0.9973417375492617,-0.12683331560376623
1.5820969731868879,-1.3064473911135703,0.051554411499588525
-1.6553508845575917,0.6727748524549626,-1.7245620072963019
1.7937333134020679,-0.087936365622244272,2.184160352953973
-0.89140419390209691,-1.6676445193513973,-0.67523968598199391
-0.041232838307427633,-0.35539380184655611,2.0478877459451175
0.8596368398314862,-0.95331236152388232,-0.5997672216968245
1.078137458362062,0.5720610081087445,2.4746819027258562
1.0380975405516719,0.24352088774385816,2.92084936096653
-1.212206038413747,1.774744577979388,1.5723393288927088
0.080038864732530968,-1.5473138354099025,-6.1951508060326441
-0.63269895500293294,1.5892317895640828,5.3503946184155931
1.0376560201683636,0.026889857486821711,3.0925937930545779
0.66280757499280218,0.77250810911141921,1.5370118306172784
-1.5373131747993416,0.88787958625505814,-1.2487717278992714
-0.52395206958595963,-0.90027910141092904,2.9938656673308581
1.3930405931624947,0.49491014767737873,2.765512600666781
0.51902111247719152,-0.12407621036370298,0.48411726841956132
-0.72860778534352599,-0.46818720521671753,2.4794768515852339
0.59037077522417158,0.65450225885888669,0.96118093381717518
1.6737656682199704,1.0774559515138091,1.1052448486857063
1.954132562803419,-0.41560770069971742,1.3466689343935758
0.93569573242526394,-1.9051922324515773,-2.7018752982443575
0.24853847355344127,-0.31945429735547415,0.61902743399526239
1.5295297662577001,0.84632506381218064,1.7477753683506447
-1.5364220283089909,-0.28870728458916495,-2.0156076811029546
0.24955223313363728,-1.8608083334928749,-5.8272357513799573
-1.0011249885969891,-1.3865722809694176,0.56678105229058984
1.7038222489950283,0.67465377449100528,1.6560795856747039
0.5148483689694312,0.32339199165126775,0.31966686746938056
-1.8203002556490291,-1.7390407733495132,0.11316076686037047
-0.20706862022063222,-1.8627310944846875,-4.6934174376039897
0.78636875510478932,-1.5267880865558778,-4.1178555824139771
1.4914960822545136,-1.871479256998525,-0.61270601099876476
1.7515289641960967,1.8257779375561993,0.42002577182134337
0.29903761120805594,-1.1915298843809614,-4.0987048594268112
0.21541406144236719,-0.31984140835532449,0.72735010869284733
-0.9944182417462426,-0.86687506540450587,1.9685273626964719
1.6094311703824724,0.2653771323676688,2.706452104221023
0.97796067607967885,0.0037341274408273506,2.836093145806688
0.93181307831344506,0.19855512466834613,2.5072856709947611
1.8398051277937171,-0.76466051274960178,1.1247626485294688
1.9202202575856337,1.3171356559648237,0.471252179350999
-0.29936507559736136,0.049228997756689985,1.6379769013330359
-0.9348416079785804,-1.2700179059607457,1.0190657236007592
1.4819137697315781,-1.509419644345652,-0.49613184764321666
0.86829938690440711,-1.9907623245310986,-2.743747139807037
1.630841488943628,-1.6505073887871049,-0.32342038617537261
-1.6533024238090173,0.87824469585463438,-1.1620912161362296
0.89248033895578383,-0.43097867727913952,1.9415044290646588
-1.340702643358328,0.21474267298738337,-3.0491838118467354
-0.1289168082490062,-1.1687337429613189,-1.7976381637307048
-0.83079904406067606,0.10152870977218109,-0.84337151888528394
0.95446780667282516,0.79373539459308917,2.1242971513115654
0.61820222049464491,-0.21013327970986206,0.86927626847915096
-0.91059356025334859,-0.35984480101535365,0.66204116823723846
-0.61965272635832491,0.77092440280981256,0.66887934474592892
-0.82649509222825279,-1.7469823822384869,-1.1019865503893638
-0.30539454544179434,0.72195494474832111,1.3551481181154879
-1.5457591170852178,-1.0164859861976223,0.23585693080281067
0.7216409007103004,0.22930260342994035,1.3224133671221801
1.5562113893500209,1.437470221755262,1.0788213644505942
-0.44955050581801914,-1.9738571204566868,-2.984697619310329
0.35845172037072492,-1.416457335934757,-5.8676686581902366
0.45734721538345235,-0.38936683569415687,0.42620204742824408
-0.22428471448800691,-1.0662624411515926,0.096590687569888006
0.31193980746374406,-1.4487112485858511,-6.087870602848799
-0.38517026063433035,1.4108368531451414,6.591336876018179
0.27453909342115734,-1.7938231225394228,-6.1330999864934661
1.6555050073796678,0.47977360797239887,2.1781022008496116
-1.1960012059586298,1.4520391872184364,1.4170390116803446
0.86308011491290237,0.84323348501597417,2.0865366995108596
0.4453582771869673,-0.97623616423392767,-2.0655553670151026
0.26388057003658183,1.2609951268993824,5.9938247891521517
0.033345843641157114,-1.8546219740525678,-5.6873758516527033
1.2216284701959061,1.0053538097797587,2.1320957403490799
1.0268128653910429,-1.0406074395875951,-0.40574028145558
-1.6997945809918784,1.8308969275145888,0.30481924969095719
-0.49309613701500266,0.95290134967944207,2.4292733564473492
-0.43972865993407195,-0.0089337938051092802,1.6998237430945153
-1.3472390258096447,1.9877265381783116,0.8983652645678919
1.4260389911929909,0.03314538635947395,3.4416449767508275
-0.80196678685525802,1.1215363533720848,2.0860921128854049
-0.15833154936896654,-0.91699495337671588,1.2168406975161192
0.3952634179276,-0.79360856996009232,-0.6392234094302135
1.8305934755462006,-1.6418221074145274,-0.097727177913234473
0.20839507509119581,-0.49486868025767317,0.86705324585807297
0.73038007281647133,-0.099560952905988209,1.4547842830830047
1.6285689582041893,1.1480579113202345,1.1305835347753519
-1.4320393770090662,-0.26638195458927449,-2.1024668740352443
-0.5230354399431798,-0.96614351256228659,2.5500687187559543
-0.32180264945434023,0.53592104577245658,0.79778899258597469
-0.96393293848020334,1.1690958381053567,1.4474666687218152
-0.25921421656981547,-0.47749424589964318,3.3032912103904857
1.3000221583559375,1.241714579245675,1.9302608991947074
-1.4098242488889534,1.5321908610484583,0.75298339689893956
1.1527565114392408,1.6143774871411081,2.3972462297475476
0.43778009101582205,0.19944618684595161,0.11870689913030401
-0.8374837248622482,-0.47801768164811098,1.8112812052559961
-0.94827713150655746,0.5143872274407455,-1.7457499618289363
1.140280022595038,-1.928519839491309,-1.6732164700960481
-1.9886791993031201,1.0928339195835139,-0.37451312991752894
-0.91249052258506813,-1.9826078312917184,-0.85366212768839422
0.65614050696456161,0.15042300746300485,1.0023073113635426
-1.9234182842369738,1.053665341220801,-0.48020420049741391
0.33447176684712199,1.5483809936489306,7.2102433070046645
0.57877502909073097,-1.9030951056282759,-4.591618839888878
-0.62270201475297515,-0.56985124666287623,3.377903591618562
-0.88514613772604367,-0.82713575847084009,2.4782998244238286
1.1123613720433436,1.9716635396390476,1.8406551873163917
0.48100146265579502,1.6872635062158619,6.3011935284429565
1.0065584157903831,0.80109447368357056,2.1916046205426891
-0.4078362424470463,1.7847673327865619,6.3399328345175245
1.6192340774653329,-1.6514653226262075,-0.34270500060506731
0.94683224628355767,0.86344003802953262,2.2022278330435152
1.4768360609165829,1.2568759074433267,1.4107507783151361
-1.7181168433536551,-1.7319007908026471,0.13924475709393822
0.50627067552170413,-1.4542747308358381,-5.590381348357286
-1.2679184860236254,-0.74149935103204223,0.39011440436335909
-0.19724418349845863,-0.19516850653241336,2.2872173922026615
1.7157764416249615,-1.5171057583929053,-0.11354121921129032
-1.4491051950211951,0.85882618492849039,-1.3996431286739093
-0.41877551502694188,0.12416269583674566,1.2833458972822256
-0.77074048353277869,1.0211042295234667,1.5452592555458748
1.562349114820051,0.77621564965685996,1.8065894834331777
1.9954550515276854,-1.6239742798433179,-0.012468428176039418
0.66704090758958845,0.24467004338566278,1.0173127516427545
0.094396137662013491,-0.90694416028409552,-0.37704998912043691
-0.46705428021750839,-0.62297983216989472,3.7752482328987229
1.6079492462802025,0.54053791693560216,2.1916666948800194
-1.9471921448892693,-0.27648685170468124,-1.2395862664934247
0.96842651741807151,1.1177652898826445,2.7580732122242324
-0.20437167134763667,1.1423324778309678,5.1379375127409057
0.25708142706679604,1.7024713642348557,7.3574101737025588
1.7648955600375951,-1.6539745060946616,-0.15742840277577425
1.3097363366452162,1.713031752153956,1.600355737937776
1.4134795796062529,1.7771111145923308,1.1681969583620524
-1.5153950866013186,-0.29929561396563509,-1.9896424555570222
-1.0664766205727538,-1.6776510277118311,-0.17070063386859527
0.42860453952537192,0.70320083812130507,0.85563887179100151
-1.1528104842489553,1.5979117908368963,1.8571913557294846
-0.586761106741299,-1.4350811847937843,-1.1833575118284836
-1.990508398447822,-0.58532698119450388,-0.67954546559430162
0.1201355580246557,-1.6957997997059171,-6.3997771957148091
-0.083989359605623815,-1.1643904614420573,-2.0665166088492777
-0.3935136642445356,-0.1897689846491164,2.5103184522815147
1.7963778496805216,-1.8089883756466041,-0.17039161734475683
-0.95084329385340105,-0.30502650765712858,0.069375791804266951
-1.0820989660021088,-1.9263865533126905,-0.38976694297256792
1.2501354864886802,-0.30096592756821949,3.2783249315658956
-0.90743087720152293,1.2870539636610987,2.4465322650911094
-0.39613921750626369,0.15182568707988686,1.2433111035645994
-1.9987626083248689,-0.64684291099081248,-0.57511372247734127
1.8522052436283811,-1.5687410280820377,-0.046133928126713152
-0.41744222544523901,-0.56663958087383026,3.7338494963600337
-0.95158057941698426,-0.61547669106868819,1.6542174582186393
0.48587441283472854,-1.262188806078113,-4.537635918592426
-1.5698316437053303,-0.015546199404069094,-2.6244195239933781
1.0743450456656838,1.9034404948706891,2.1896742367695836
0.33795417844455633,-1.3430848977222096,-5.428512128430131
0.97595261391053123,-0.43854608287230623,2.2807690124214521
-0.56348059736800704,-0.5455812761276837,3.5186369882096269
1.0558868473337237,-0.90048111554287957,0.545976858880171
1.5565492392778579,-1.0457146068873922,0.73844816152739368
1.4620111545009955,-1.8284797748342774,-0.69545794465701305
-1.9662465942537111,-1.7506495309334635,0.077394375013235234
-1.6797628669738143,-0.6911582307899502,-0.6483762377244513
0.65122828101561847,-1.3651330285124907,-4.4584848379004436
1.2097662458654308,-1.2889701712843489,-0.86409207587629921
-1.8704606748921571,-0.15666437289384927,-1.6059402001687266
0.77558673511012932,1.713451513565964,4.3858761020994645
-0.076539148912613708,-0.54877996636980275,2.4578099980113439
0.077137134578014965,-0.86234318948343613,0.11828385503393674
0.73577499515408817,-0.95501549633540761,-1.1549070265937396
1.4894892049854134,-0.1815930495317104,3.203214329629084
-1.3364549268278236,1.2277601558739595,0.20199382801035617
0.66068797862340478,0.10571304896396772,1.0435673438426978
-0.45296559735496067,-0.42357044720268777,3.3848474121343677
-1.2859319065007973,1.1812343535559537,0.15374328811936994
-1.1922509442578115,0.063382601624694335,-2.6975190951869075
-1.8240568847563956,-1.9951117663762667,0.065717993084405651
0.21740605506062183,-0.18816728316390519,0.52567551027851755
0.49476343527772837,-0.88287594156655858,-1.2715012079626153
-1.2722730314951867,1.5749566769376702,1.2860677004083354
1.1684005583361414,-1.1992574804384193,-0.65816618262686521
0.65517547756116645,1.66239468496466,5.2730566879794498
-1.9415812012079863,1.0729860546105714,-0.43696224462049271
-0.94327842674785245,0.56340021660571127,-1.613932985695594
0.47532355650431146,-1.6124712664265453,-6.0014472179478542
0.15464733023916244,-1.4208190928862479,-5.8025603699937047
0.75915318396219567,1.1857735765721698,3.61967816851066
0.97376207900350487,1.9671940364880443,2.4398420270319039
-1.7334526524617926,-0.40219607134626156,-1.4423099511377786
-0.23687103181581581,1.9479520045745788,5.9684558742728688
1.1280544025072654,0.66257664482576484,2.414045141779499
-0.73258814269524875,-0.15232768460825019,0.85394164191825106
1.5189360757880341,-1.3159226773791075,-0.058632384016100166
1.0083796356673309,0.44002474637382205,2.4993804245719442
-1.7418047610506557,1.37722184855008,-0.023690029614831926
0.22016304630381311,0.41709701562850876,0.0040963702587865219
-0.26800778094281452,-1.112187830409026,-0.12792241646120586
-1.9194667122481617,-0.71018966290484187,-0.53770889767494134
-1.6236590940134257,-1.6050734578928467,0.21264517992390317
1.6515923620445427,-1.2673938599671097,0.19610552418040278
0.67362697792808035,0.023331098885508439,1.1363149502494423
-1.1569403172661505,1.9192567775583478,1.6221195645344522
1.2026833584551428,1.5029408361576744,2.2543958641953599
0.44921393792942421,-0.34963272690152114,0.4191764227134277
-1.5296830514811985,-0.61286328853801653,-0.80416078478370845
1.3779878728603152,0.29758665774992599,3.2223856580897876
0.71703892352422738,0.15802427506475825,1.334926505246786
0.091736559523194483,0.20194794690447804,0.31743869841915479
-1.1171972534504784,0.7836791515139101,-1.3772417979132749
-1.8673743276442687,-1.4124583558822774,0.12583971341838027
1.9944645385883146,-1.2318417794953627,0.24555236121255178
-0.96091261743876788,-1.8745292021173245,-0.69748307874118853
-1.562089583341892,-1.7291569077041784,0.16542378858763482
-1.8209022976616085,1.3402106925099151,-0.10587741510676421
-1.2962184712228757,1.4259740690969434,0.93830716624516697
-1.7805444153348444,1.9884550726278643,0.20440616621296082
1.0107375188767818,-1.1671671198516882,-1.2327280635664191
-0.025865164475135316,0.45035780003374848,0.47285252998119148
1.7204337830708156,0.2870207892763581,2.2822847977398437
1.1837775227327691,-1.8520482166257677,-1.6124264225456497
-1.1364664812317704,-0.69753576973080955,0.85845087628587746
-0.98227935686988066,-1.1164665483475469,1.6119282829918786
-1.748769454563549,1.1253342961713284,-0.46481108114899289
1.2084510190206221,-0.086922148672535782,3.5198842284172369
-0.34525687046559028,1.0977530265324353,4.3086285503949542
-1.5211320109084534,0.60248760376621391,-2.1891127303716926
-0.47171494432118455,1.4660056971899613,6.2918569303627869
1.9738200247451512,-0.44838370022159624,1.2522207759994042
0.16186880709490659,-1.4826125582467879,-6.1604139767936097
1.1299019619290833,-1.1843144637392795,-0.75112440816750559
1.7086535943030858,-0.46743444445279159,2.0666219501930243
-0.21392672897532394,0.44305391915162762,0.7716916805822982
1.5970868546243868,1.4051873975623499,1.0003191498138493
-1.773484046305432,-1.9868627494659037,0.070943272410337876
1.3154701125207953,0.45706270273693272,2.9287314064407313
1.4385833148824108,0.051497747073235178,3.409595323529349
-1.5100649000756061,1.6192425492286029,0.57702347014402311
-1.9525937430734748,-1.4264087028536665,0.089870826574918516
0.77234771253040035,-0.70106839146556155,0.53066911551580154
0.50026252590499043,-1.5585750094536712,-5.8681651429165278
-1.7902088088118888,-0.7332998032558451,-0.54664454137906637
-0.71629438163478465,-0.72853285844354843,3.2213059337521228
0.037406608015766452,1.4782885437388389,7.9118471294857216
0.76509280972940186,-0.19664556601780925,1.6122462566336961
1.4972627855818819,-1.9411589303831367,-0.56893341234213124
0.32955965010394017,-1.6623505512137071,-6.4236288528672416
0.30226328617783382,-0.86977784757824539,-0.99090030945464913
1.4760106891918889,1.2321890276363296,1.4290905051939107
1.4231824248402742,-1.2840030979343307,-0.16113272416750962
-1.5541944348799057,1.6059929943088953,0.47379214560117405
-0.10408692364595762,-0.6147943181801645,2.5544796601754474
1.935445917961673,-0.60716325929691783,1.1605048817969112
-1.3389430332708838,1.4275430882959568,0.79235747576634674
-1.6056144054857837,0.98238205256085998,-0.89734169174204714
0.46795569140886917,-0.48594523485940955,0.37772041010360197
1.8037308968735064,1.5433751572830929,0.50921825795948017
-1.4720165032449475,1.8129494742470365,0.70526279952878734
0.83525116311111214,-1.773203142440154,-3.649822956784301
-1.3748848542262531,1.8055792946962304,0.96759121133341475
0.73121995764340042,-1.3633605819327912,-3.9691387482990876
0.63967613003552426,-0.73695322705579236,-0.094176421258126961
-1.7818425947630621,1.7127135186371016,0.20088186160411095
-0.24044014042813977,-0.36527119613054415,2.9768775959407789
0.16700194254776646,0.71844119504344794,0.99876224826093529
-1.5869352292687671,-0.077168033921744428,-2.491778254460665
1.7595408817698188,0.060540942463762626,2.321590492098172
-1.3283114808244867,0.28099187612463705,-3.0230937465520484
-0.57811372685350504,1.9540788892674268,4.4621685254201591
0.85511866313193163,-0.60457013869881049,1.265845535907435
-1.350519684430503,-1.8366980346233164,0.040797963029847353
-0.71030848960632498,-0.029599378525520637,0.45509684752962254
1.3294861417674233,-0.73230804936714433,1.922026654608648
-0.63637201712108316,-1.1976692703986229,0.95981659677285958
0.98342682025787065,-0.32367150128890598,2.5649790900589227
1.9430647881940342,0.69060528637056251,1.014412970133961
0.93732450829294001,-1.2570075819715427,-2.1376931145967948
-0.90236859130826086,1.3261821193970573,2.671795974832305
0.76876799679405128,-1.7267403994319679,-4.174757679940643
-1.1181915707099035,1.6494950099911643,2.0623289469568231
0.024781006389214433,-0.25514605741106711,1.4715601096309456
1.3607130745087583,-1.2982725372530286,-0.36350178822485341
-1.6259885288510407,1.3099873864281677,-0.048225875232392801
-1.0682485813054665,-1.2490597786386659,1.0678319802744309
1.7782326219973665,1.3863185075931024,0.6437792190092001
-0.84740762338804787,-0.34381764698539197,1.0336953351603375
0.57349608455832479,0.050004432147655375,0.63315697561500128
-1.7909642607146301,0.82750763573910247,-1.0759649754971594
-1.7357907860459143,-1.8898378305233636,0.093927274661690693
-1.7190361253167099,-0.15049290641465896,-2.0441535138868594
1.3541352683405043,0.059333781324113488,3.5415193742439084
1.5252668677239045,0.50102195509397252,2.4959241107127905
-1.8142964583512353,0.27726775697143013,-1.9173690888764523
-1.2602587239932439,0.51000643732581574,-2.6210855186697062
1.3308490529806134,0.54976626927156946,2.696692512445805
-0.82382330588122832,-1.3048003531582055,0.69355138763047108
0.32783735768407407,1.0482583985456735,3.6967859925580138
-0.98399236628711728,0.74316427918094385,-1.133953745045498
0.99950481779164635,-0.7740278367468576,1.0500495206190459
1.4595948145038156,-1.2309095796323068,0.069076773056440957
-0.44975982425777228,-0.96188093074899017,2.3757327075770278
0.049278500597333075,0.40617609083612427,0.29165078583270238
1.9254695514501785,0.75381077795616402,0.97563324482420222
-0.75446325647582091,1.0372895487173501,1.755209248055668
1.9881220019132639,-0.84205659030242064,0.71990643462310366
-0.20176223438204755,0.26025002917591644,0.98416327304103657
0.26066050348892622,0.74235654955855823,1.0630443556500078
-0.95533396892349209,-1.566219075481897,-0.1771372048719384
-1.8052119361023602,-0.32695483656299995,-1.4882075632177167
-0.52107970872922116,-1.0523317320636276,1.8445398880277271
-1.0678015726034049,-0.8200241063000262,1.5576361006351476
-0.67356025058606384,1.9679787442503121,3.8720673550873328
-0.28806334556130597,-1.738695429021972,-4.4553092685084286
-1.1677273751727348,0.78046815246131995,-1.5118046020438243
0.013423787019409605,1.2577276252867038,6.4570386494095384
1.7174425655588528,1.0606054218381602,1.0320802624799363
0.46825962090392403,-1.6447697494175739,-6.0109547914345489
-1.6280849878152792,1.0941389893829871,-0.56613184028815244
0.4695000719306428,-0.69070205491556669,-0.14322798580563095
0.91325936112231121,-0.84584276506705436,0.3156004543650352
-0.5763984854469919,0.42302562253681542,0.097020195159101014
-0.020405207608675147,-0.31644535021125675,1.8494930190673646
0.37418299610517147,1.8682704616944656,6.0255378050309414
0.8057145212928396,1.9990570864205401,3.1011007216896584
-1.0603417901438337,-1.1359729432502372,1.4030557428079975
-1.5320444990392428,-1.3579319390846103,0.38236169061053943
0.48390763343455445,-1.0153050283724299,-2.3794548003050506
0.2931069307813301,0.68103610439122075,0.6946457086123714
0.38550735846789985,0.26905325310698736,0.0020857194867687709
-0.83924663441725778,-1.4702580722273693,-0.16702847053922559
1.0805813862698761,1.1416236700664473,2.5211295799763098
0.90584886685906296,-1.9889567020712693,-2.5708977264065829
0.026268200326950097,0.32812351683804453,0.369876293879697
-0.6292459934864385,1.886700051842344,4.5468732858982213
-0.73743566121379978,-1.7396486082649061,-1.5297101467656149
0.37838166711144883,1.7568882587663115,6.6122465001872026
1.190556089391019,-1.381036745823081,-1.2637518949555375
0.92630797368979056,1.2550116088498604,3.2658026219507663
0.85873983376832053,1.7416289924063983,3.7971413536185037
0.36004100389395299,-0.39809908607151456,0.44161549435499448
1.6465515971616296,-1.5803329830823523,-0.25348237996928297
0.41297243021434937,-1.8681339448065322,-5.4464289976830011
1.3329152011354899,-0.38783958007486308,3.0839467402993797
-0.094040981790715517,0.93558854773047662,3.0580900562455891
1.7215905533001705,-1.6090544473262292,-0.17800620835297087
-0.19203649321532579,1.664647402117327,7.7230025335120205
-0.74594649035488003,-1.1011049899031868,1.8825183108758567
1.8666634106875861,-0.76515296370295061,1.067676680527198
-1.9617617492432371,-1.9908475483365426,0.052008989520378003
1.9695492911075947,1.5214769844248783,0.31449171726892589
1.3148001376191516,0.55382926344492844,2.6970986162996824
1.1579739353589558,-0.11378255317383701,3.4175133805788547
1.9832009981054854,-0.055003572500888165,1.468656727842018
-1.6788932597602804,-1.9702652461470562,0.077580687630440862
0.94501958005088982,0.24705537016262058,2.5198221611724936
1.3691817432357341,0.032341357398557147,3.5342100739713711
0.26269246362438725,0.069931940247717428,0.097566725219216222
-0.77477521543759131,-0.086475909481531499,0.24714672176634667
1.6492111281064274,-0.39292850935546775,2.398311340536476
0.13911806351788059,-1.3787103479464222,-5.462958763923333
0.082523846626998409,-0.52175634462649367,1.5035857101567984
1.6680889010196633,-0.48460632585616414,2.1580856511668882
-0.1231702963624044,-0.13680969540511168,1.8373773715410933
0.90958804283555983,-1.6149661932929695,-3.3479435798887751
-1.0795515626059158,-0.90095692821195961,1.5933655006719971
-0.49588730008270243,0.95823839561951107,2.4614418012331418
-1.7654913160647085,-0.91946553997919067,-0.17438305653558933
1.0019649895085152,0.59835977551644337,2.2556172604562299
-0.8608726623637577,1.8250966502247414,3.3616385666563131
-1.032442827487448,-0.23670487258754114,-0.84516183457744309
-0.79201554925089868,-1.1341320324595592,1.6968971900003931
-1.4396806919576322,0.99666685124223475,-0.8582186805198424
-0.9378535522804472,-0.079598280003326805,-0.9541220461983515
-0.13001097387667215,1.6571190201879764,7.8938454408434149
-0.62202776842401319,-0.74387412611389925,3.5103785073683649
-1.1174690765153441,0.83316141660122867,-1.1342419954744718
0.71574482213035928,0.20923682029792934,1.3009434348676929
1.0529477439764925,0.6389766707597353,2.3295559766259184
-0.68228499070418813,0.070429139437540034,0.26332122956186782
0.94301258477540895,-0.29060436706827142,2.4424232285605543
-0.63491407710600622,0.25467648779727092,0.035765724663533394
0.48656800694331492,-1.752036514927239,-5.6908639290842036
-1.1669739602740421,-1.4685993637663279,0.4332653472768811
0.49673024912844355,-0.92045218674415397,-1.560085944629428
1.6975204431128557,1.5013395068624793,0.71673341217599806
-0.55239734298843168,0.76702484828627826,0.93203656976356875
0.94608000768069767,-1.4728883848407763,-2.926756090835382
1.1357480003137987,-1.0905963714924884,-0.24152103075216938
-1.7948480935184943,1.5858643569076629,0.13548607384661635
1.3864657806529044,-0.38006850371594192,3.056638645677209
1.474173134941358,0.90481563281637678,1.7661423332764448
-0.5465041538749893,-0.32796593021782106,2.7600594383862704
-1.1391536494315604,-0.80125881302144908,1.1605300199375588
0.89881935147322611,0.40045704462370546,2.1081631586506306
0.89224391532312897,1.582202449133125,3.8546097254521525
-1.6435383742177132,1.0112797034015757,-0.79161137529181025
1.1064853550174534,0.9394931774697115,2.2669586365447585
1.2885527207785628,1.890017431310469,1.3883063053784213
-0.30140389248520227,-0.40677347175327339,3.2583131884765395
-1.7009938488710095,1.0965095975636525,-0.5450260442566095
0.60197845671299488,0.64322572976689907,0.96182647535633159
-1.5324189825307792,1.1222498741466636,-0.46085738490856848
0.32433900290388706,-1.788897161984744,-6.0729885696442834
-1.145057607835112,-1.0630839032702109,1.3105759174045988
-1.6223647213803269,0.30720925211273808,-2.5179227316692105
-0.27026813761362356,-1.9885550353029666,-3.8454698621211678
-0.026838476842047765,-0.82795631170918549,1.0716180285728374
1.3405179825379236,-1.5431263051730588,-0.97009025365339208
-0.36899579243138114,-0.21708588157385167,2.6367788650209767
-0.46075591147322981,1.8343816148567225,5.7973562843546862
0.1998723482109015,0.45276727909521508,0.057791917058045886
-1.0088925589952662,-1.2267755436838264,1.1904085418205015
-0.6030588002357482,1.731054513155851,5.35248100097464
-0.29747096011136853,1.5305814137237177,7.4037787078694404
1.539955601438987,-1.5298041289206941,-0.39096096052143936
0.85222775408256313,0.69901875406685132,1.8212974993719224
-1.5379484620885444,1.0166280058432751,-0.80752241469317509
-0.38687594364057287,-1.4136403620371536,-2.4102720288742003
0.27563754208640301,-1.3317540782454795,-5.3478159643480536
1.4695876558737662,0.73025403034227621,2.0930846285962956
-0.89288504532503721,1.5391512083266212,3.3939189035706838
-0.41385675786462262,-1.5392280644221379,-3.0453529583383778
1.2904461442186146,0.7362001421534865,2.3192028415908243
1.6650061062254276,-0.058680238071062929,2.7023901050860344
1.804422238328196,-0.62755114410461887,1.4732927244589307
-1.988258913567537,-0.6253568075294178,-0.61916425086185001
-1.6917500824173404,-1.3099463442609607,0.23227545356857271
-1.5827779682825625,1.9108502491386012,0.4568340064114686
1.9854559473090427,-1.6546257545952332,-0.025621595582133134
-0.16321458218270846,1.3731825350106921,7.244470763511762
-1.7836841332105227,-1.8992390379484207,0.086811552374494783
-1.3341186822276447,-0.74519816287128382,0.14970434456129003
-1.8147706370134213,-1.6660280353624355,0.12881428971216707
1.3523501659657944,-0.58072184901183799,2.4984620874169283
1.160201376758462,-0.27552115315119163,3.212760455642603
-0.28230892903608118,-0.4161345622832846,3.238593197103115
0.28475961522906346,-1.7853663017385557,-6.1556749623094751
-1.8422569588231832,-1.3666134722942118,0.13358699080012687
1.4037953501422642,0.70166736797087514,2.2652845761652229
-0.69807118422602388,-1.867027877800127,-1.8097329952550831
-0.32102971705633254,0.58242778671794726,0.86696650428141586
0.070480584766316134,-1.0801241076181549,-2.0683968815148881
0.91392563046417585,-0.77067393743777934,0.74380167830119637
-0.0018450467734794085,1.5144520785516766,8.0322020288916676
-1.0254196874398724,1.0406083195656657,0.36471771420553301
0.38824552488866138,1.8429682034654826,6.1171052218226887
1.7354451545503244,-0.28965693524336267,2.2548997569510476
-1.4446714716739775,1.8216149343609374,0.76948226328953639
0.45449242467447659,-1.6517262476679002,-6.0595957366979007
1.8507337279656815,1.5134387162724714,0.45825548623986051
0.51316122847772005,-0.86589061230136211,-1.1286502490315533
-0.097898246428399283,1.43117604916283,7.6837173013882154
-0.49331659857618448,-0.57544917636324788,3.7189713822419006
0.61335334257933827,0.83090205244078152,1.7334755464202434
0.49757439670533987,-1.1941045984502714,-3.949178968610997
-1.8291604788065066,-0.16907090339434294,-1.7089397922002145
-0.27880334000464901,-1.5211225952956957,-3.9792890889092338
1.4709376952725726,0.18730049180470676,3.2227050903400491
-1.9155068736977023,1.1963256017260173,-0.28488612820640224
-0.90030392250198932,0.49859003763139853,-1.5467556139815835
0.91206893446123916,1.8605694364863661,3.1231546102782635
-0.42124085006031597,0.5340813847333683,0.63643547271960443
0.73232632947668952,1.7053185640571566,4.6818281730594151
-0.28778779101249086,0.95253492021190356,3.0588005184478004
-1.1406012856330863,-1.3362830198345179,0.76908775125106932
1.5197990270528638,-1.7993119564210942,-0.56768860834359103
1.1317680106500734,0.95331361946979554,2.2498603064162577
0.90865003439809255,0.33990909062411401,2.2298146641852838
1.9327804940338464,-0.38458110448380389,1.4470641113045564
1.0667689823436759,-1.1705620670060579,-0.97161798970815039
-1.1380412558850748,-0.97301448499715537,1.3749748539897642
-1.7873861166188099,0.92579429734503815,-0.86528289899817545
-0.35212536869285915,-1.0698923715246498,0.88495269632635665
-0.79016981201644021,-1.787568701958685,-1.3205036734285327
-0.93016884521473964,1.012573529468952,0.63594182291786827
-1.9054939886119242,-0.038273868192817861,-1.6099475951489446
-1.9642182957020113,-0.26939891203065391,-1.2068243883262162
0.6649460396132727,1.7477864960216087,4.9881993342502922
0.57130162108424942,1.206069587816792,4.4173191975526853
-1.2023672349466885,0.6259045458329382,-2.2043546944443539
-0.92068345030071042,1.5457584775645699,3.2091214076111272
-1.2996761406016941,-0.59261232898251293,-0.34329661664319966
1.2811675421569571,0.55602755416310012,2.704167234769423
-1.1434606509215111,-1.4799604692977575,0.39266228850039353
-0.40737041274413022,0.68537159677505599,1.0215853221318918
-1.9957795464436041,0.81492419248696368,-0.73451150360085782
1.5883282153149025,1.7608320387705367,0.74483067591210683
0.71352277305077472,1.9908304665344905,3.5957896559848521
0.80615562402977892,-1.0541583936208361,-1.5593168579554608
-1.3102344332601261,1.7682573010007823,1.1936918168281523
-0.59667895688599137,-1.1617924213123949,1.1318174593239805
0.18177036495047449,0.26057305660674945,0.0560998932762415
-0.78289712986066773,-1.2688634487404222,0.83066692813753995
-1.2524325310608644,0.44214063871310394,-2.7689870853701182
1.4525811298029701,-0.49176851134672228,2.6706296558758917
1.2825289218314153,-0.85088803901989496,1.3611283929172289
-1.5530284016500397,-0.21851516873302934,-2.2185690780621075
-1.7698954608754094,-0.62116042169139263,-0.82197829829036073
-1.8414129454820143,-0.50794056177507496,-1.0242545466822925
0.78047796537455127,1.0738089197743141,2.9956705561821013
0.42073312914784688,1.5484351261289042,6.7709962084734423
0.53467602502494538,0.16577028419939577,0.43118683919638612
-0.5596050837107811,1.9651971668436845,4.4912143599477874
0.34434151775900768,1.3703287549283383,6.5208306425383631
-0.26239487372186554,-1.5891751142830395,-4.4068785640242591
-0.095939800331610536,-0.013499330600953208,1.3832766539329089
-0.7137378781000101,-1.5127263559353175,-0.9234920945660029
-1.601082878111761,1.3211189274427926,-0.0010690156524020555
0.18516535819086588,1.6490757507171407,7.7440915203243783
-0.39542504510083742,-1.4001703858033421,-2.234978861249918
1.7812603824550592,-0.19705858205294691,2.1733944359458355
-0.11136322700358825,-0.25753075871694198,2.1498215117443706
1.2389648442527625,0.11513311133800874,3.5252175725184949
0.58382724132945052,0.20002066779905769,0.6255523369671433
-0.53689491901154951,0.23151032854944287,0.57876465771444663
-0.99566726369197611,-0.87083576025917564,1.9639660343890986
1.3693905266336728,-0.061918664648046962,3.5285820948628728
0.81545879622108419,0.83046891182823002,1.9933317344704824
0.89653277534625797,0.31777287106677532,2.1977180064431696
1.247004352211952,-1.166709277795126,-0.21852175245626917
1.5793433779925299,-1.4300550321229193,-0.18273119795740106
0.75765025977844669,-1.0059679949946436,-1.435311207244657
0.16822254355281396,-0.89603098568312589,-0.68360010145015671
1.9829641015763535,0.14250313120676061,1.4368622184277697
0.12093753725596779,-0.75082561331423703,0.62915757530760852
-1.5857966239563797,0.3477248249843754,-2.5729546248487702
-0.87536424106494115,1.9645931008722486,2.8118655846275797
-1.7275611276301595,-1.2772693763786596,0.19442340376204559
1.5778265133084037,1.6548513782382832,0.85950530156302363
-0.29093551942656415,-0.12027449488302588,2.2236613707334008
-0.50775159031827832,0.43675121988206644,0.36670091865666443
-1.094258078074585,0.76622242678399033,-1.3970413402528141
-1.7869637096217676,1.1679934467969844,-0.37019497442581484
-0.67371268376308691,0.70413232895518085,0.11788575388471509
1.4274963948328221,0.46803915533581542,2.7773146558033925
-1.3080021215881898,1.6439091191264712,1.1974160372039695
-0.48207490566104538,-1.4221285883422317,-1.7808396349993145
0.45921683940165625,-1.0726963092177311,-2.9326646076313616
0.343778901283184,-0.51672338612461388,0.42487532443764064
-0.54537553900801261,1.1393664072756247,3.7666493899093538
-0.55736656565499376,-0.95873078080568708,2.6665171051934498
-0.45111283634901911,0.61106128165186835,0.68437333212595031
1.2295318079172932,1.2443544394408503,2.1544744353590071
0.57195003564824054,0.41258502407435538,0.54500996643656874
1.3049739985985411,0.76536780938211812,2.2562853410862429
-0.5041847386641749,1.4123241681018457,5.8806311771858741
0.23622350519115143,-1.5227424602893307,-6.3981533419372596
-0.33650609425745071,-0.076623680714798637,2.085619882799755
1.0862607572679228,0.78435284073197575,2.2591662777773793
0.14494295897865594,-0.79254141370743336,0.23999897248499494
-1.5206455320402825,-1.0997677842570883,0.36867992183065312
1.9786811203093522,1.1150862118370326,0.52244118815712715
1.1976452506717123,-1.3440061391403437,-1.113341297491657
-1.9796465765612186,-0.22804352054287746,-1.2179344044830325
1.6727299752409599,1.7299922720863754,0.60624950837749425
-1.5570975690910762,-1.0200345193334623,0.22079279112278427
-1.0028150449238109,-1.6664416041706605,-0.30647650848368485
-1.4378105044807854,-0.97057113435851594,0.39744927742885722
-1.2613041543711323,1.5343430514782406,1.2814838321465167
1.7508634115732575,0.40880108788441882,1.9946166831515404
-1.0392048901803868,-1.6172717614483483,-0.10481162584961647
0.54841313115925505,0.46763538375592884,0.48991140201100392
-1.1242178112966488,0.79574912110022389,-1.3376176754745766
-1.8119747591441697,0.63352526334061743,-1.4307492097326648
-1.0422269118877914,1.5119844201458794,2.3680780534825527
-0.48067750518361363,-1.9928632995814319,-2.7606182531620846
1.6959380668303101,1.3417881105179132,0.82782651831813547
1.2569929208530444,-1.2740919577216343,-0.62179547388535195
-0.21638755633731899,1.1982196138078778,5.6742120536429628
1.5541055473851944,1.5731336990424452,0.98366613480173781
0.085221915184195751,1.460528584314682,7.7903549139999004
1.8353036050243166,-0.83781943385849256,0.99244940086712363
0.92996966317533447,1.4359799631222536,3.6006630699964024
0.46301986838568387,-1.8086159725741437,-5.5657553449712296
-0.16453027026000244,0.021627242202701957,1.5054007879015887
-1.7239472533263402,-0.97020747785236883,-0.064536160473662438
-1.2931901235797478,-0.19404068912996486,-2.1913920259973478
0.30353962061158546,1.1157687080338845,4.4529248789478739
1.037546485135548,0.3784491543741404,2.70418856313053
-1.1126552384911002,1.1657117743501173,0.69437134649181265
-0.28898668546678374,0.52081253365550095,0.80536076693936942
1.0713796669994404,0.29801509484416622,2.9520884700461161
0.022986517230874082,-0.09095114260567061,1.0909768005486407
-0.32349540051671144,-0.13299333853206807,2.2971599029773557
-0.017788319979041622,-1.7089673631175206,-5.9805493444856781
0.64630074387690639,0.95140315915561269,2.4476847768357604
-1.801874472945723,-1.6449144354118004,0.13698929869910373
1.6389267590949386,-0.82899938316453614,1.3432560106810263
0.15335391345827176,1.2697770859462909,6.3716458974819421
1.8560258484451855,-0.18653194867231648,1.8920998582522002
1.2369846998568419,1.8748750579816136,1.5977330592145613
0.68059303798587001,-0.50631237551180686,0.84593550450270305
0.85720491079952099,1.7668853820027324,3.736482786664661
1.106277125854997,-1.5357812945771419,-2.0536750759277207
-1.8736736444191766,-1.3126549171153614,0.10479860754070168
-1.4241245136856584,0.70916885798050666,-1.9724476961839572
0.76638231442254012,-0.99825574836903064,-1.3393341749498333
1.3455082105334943,1.592320071919461,1.6074505169998732
1.6461757537965975,-0.076004110920030898,2.7687627064789755
1.6936749729673624,-0.11561595718381468,2.5695138787333778
-1.4408719409448123,1.4148377961878409,0.47205904482291572
-0.11765135822949047,-1.8196448425702363,-5.2866244861379146
-0.37058515885662557,-0.35705639639333819,3.1853190853414799
1.6024755922062797,0.27404142122685604,2.7168740110157028
-1.5083441483612035,1.8324872616450585,0.61892729319786843
0.96601878838747668,-0.64926722378069646,1.5263911900861102
-1.6980309165740484,-0.84494026031720049,-0.27388852958340038
-0.66834053025407103,-0.38748597030941423,2.4580802842693847
-1.1849837497370497,1.5924498867812282,1.6927039308838276
1.7869068877045486,1.7381990629423614,0.42444303050265408
-1.0371037440725719,1.0868318573005409,0.5892087039022309
1.7825375326247466,0.70801940142026965,1.3893711081605051
0.26511193093465213,1.0252478396727098,3.5802161168430837
-1.6129877174594927,-0.82133620486313585,-0.24982879575710532
1.8477812588404756,-0.54694758474221716,1.4945548070421786
-0.67171037050662741,1.7617925892647492,4.791713722234455
-1.7536157156664458,0.68959425325021506,-1.4594210628206232
1.5179555601750532,1.423211370667957,1.1899306007917836
0.51390997990484344,-0.22019299645561996,0.50143570480410637
-0.31497682280642159,-0.64397887271214671,3.5280227347339572
-0.15658452142617141,1.8667099691946869,6.7867735034204051
-0.41671322715207393,-1.5105355502913222,-2.8646992397869031
1.2744839128482681,1.9872367647769233,1.2458124664501018
0.2100465752601921,-0.64002037342960749,0.63219937174370666
-1.3878652548716974,1.5194928660472926,0.80183659188941125
-1.9873901644014924,0.57812789816342791,-1.0658857846967502
0.65377078325901694,-1.9447819243753368,-4.0142614930276075
-0.50482252942735806,-1.7870465767797905,-2.9807211219029792
0.81577175865606177,1.0144168455685874,2.6671543536712892
1.4703501286876368,-1.6936975014200599,-0.67514709126412642
0.67572221612056893,-0.68257584192811538,0.26832103737361962
-0.95743667635919927,0.76037031293268864,-0.94828450047442669
-1.7977083783631325,1.3911289303991019,-0.036119582394476962
1.8135454198592633,-0.20571704127605162,2.0417266257853108
0.45222256987350118,0.86089860898540049,1.8484551416003023
0.95031194127052165,0.0290054703717324,2.699477796312217
-0.85212715429335262,-0.86529638556312594,2.5991390454224286
-0.66557034741414345,-1.2439051341637146,0.68112193775505525
-0.66255369121187546,-0.0015541670757153181,0.65455769788658769
0.97839121350772107,1.4095973970670914,3.3187922788553239
-1.295176326932272,-0.065573199837531515,-2.6311336387910624
-1.4272198805025802,1.0282493227001122,-0.72587555611660681
-1.5475852289285608,0.34580728707774488,-2.6729658181535325
-1.3623616765922706,0.56191014612449619,-2.492563548359759
1.5888802649711344,1.5447541053774496,0.92014712216781691
-0.95339543087866319,-1.7882956262798979,-0.65699743021065427
-1.0214216349565226,1.7896706610665949,2.4937074236937344
1.1017126626853249,1.3906441992148393,2.7130989340074168
0.69744154152334215,1.7223626222058193,4.8599520670126468
1.6044921091888855,-1.5683789375742709,-0.30940879312987185
-0.83031529707993346,-0.32822972460879463,1.0728663862363863
-0.080867211983336462,0.46596653698043067,0.59145221971845507
1.1507612822581677,0.012502427875624722,3.444091675071308
1.0909395116450171,-1.0367996770237833,-0.11625684002867182
-1.8995310327852746,0.13643132030139959,-1.6798974516531568
-0.98576817991945065,-1.6379584593357148,-0.28983478229089732
0.1252860349722833,0.81962856716710331,1.7783254245828826
1.9956716745826926,1.135437674130515,0.48499815918870004
0.35188957536144017,-1.8908058179459248,-5.4858566140182443
0.80863305129375673,1.4957718340477899,4.3585890089007577
-0.27681012991733978,1.4867739074574318,7.4003985690445564
1.778423163277286,-0.89914687403325044,0.95849647835049756
0.12943842581418696,-0.74058605067727123,0.63586120789328038
0.34057903477446239,-1.034612026509913,-2.565425035387876
0.9052476334599544,-1.3245791049825208,-2.6716590459785619
0.95360762745379946,-0.88967336358414606,0.21658562811473442
1.7474624316708223,-1.3986152585195406,0.043085678181509213
0.89057152621479307,1.7500954983698915,3.5841895956944163
1.0316406253780515,0.42953943871883116,2.5952711948583023
1.9499960520095754,-1.2595053253689668,0.23255247431974538
1.3251795145420395,1.1035098556051182,1.8903946298431482
-0.76761296246944721,0.93030158461283552,0.92165469833317248
-1.9801145828059572,1.4835590566094119,-0.016987356024670344
1.3435031868833271,-0.49723338630142888,2.7748283547101384
-0.48539572132166153,1.1987720578220853,4.5962205881934413
1.7326161279254637,0.07204409264392142,2.4249680556508988
0.22183414503485732,0.63837548498491836,0.52783983674890933
-0.016774091508731104,0.60906359590490577,0.74665940414320331
1.5900103572711073,-1.4135650471811294,-0.13996382818002667
1.7906500443758944,1.2207542158946545,0.73919378019811977
-1.9316783998032188,-0.36730932916483572,-1.137807391675715
-1.5660397431746473,-0.27142495434854763,-2.046693450425356
-1.4295065905532416,1.796313584805342,0.81619023181044215
0.33105720833089469,1.240379579807604,5.5875006150501436
-0.24384411948123486,1.7513433733712627,7.2356233155605381
-0.59247365153752862,1.829438745644492,5.0468811567507963
0.86269558303556737,0.034930408421095738,2.2267663174500898
0.57270963674573627,-0.6178202930678236,0.23958819748482646
-1.4067237206487047,1.4907577061339463,0.70217698534365225
0.011513794026494661,-1.5598288058523755,-5.9734353515562635
0.39134326844758771,0.37373799353728465,0.020242149159258822
0.33619104250404064,-0.11953064502848254,0.23102623306324416
-0.94444531281750566,1.1905859848023113,1.6845517240566135
1.8205523407661008,-0.48885202704934239,1.671630813290272
1.2373816248672496,0.2718474793765342,3.3169568448703246
-0.423356256003808,1.7436523831579631,6.4374733701504567
0.40625580267668893,-0.61669668680906176,0.14328738155308707
0.94270668893117238,0.31061577953099873,2.4286525537477162
0.65985864600488409,-0.091795366878878015,1.0739737175888613
1.4007983335725962,-1.2174803690132514,-0.0015133372357521721
-1.9695531452696293,-1.8069090078037009,0.070870797929117754
-0.92387620325508624,-0.93299675211956767,2.2315084520092521
0.87386985323839328,-1.2760396219437884,-2.6248900346614108
-0.12766400085868601,0.2877713491006495,0.80171086178799633
1.2782908948138325,-0.54083311883016072,2.6379104818922126
0.525042511841737,0.74068760605377904,1.1579053378221653
0.55331365001854893,-1.8494307060833002,-4.9818314026065238
0.024874243627958315,-1.6848419502200442,-6.1639413433658872
0.49327390176765995,-1.201644609556241,-4.0246736222898489
-1.7311859714879037,-0.9921302224097257,-0.038530158384113306
-0.14197961355802735,1.1379949827986175,5.1874567458385989
0.32980394428491966,0.83345373453941418,1.6796869713634874
-0.42581336738192732,-1.4984611019656588,-2.7231804097992933
-0.0028547834815333406,-0.28532682992167246,1.6845455256423372
1.8767276889011999,0.050768456372169091,1.8593033381903803
0.16288771695291304,-0.71235335585849247,0.59169081949516578
-0.72051601430995005,1.3756167102118031,4.183768652503332
1.5119375433771558,0.30941220039332817,2.9304221430597912
0.79372419758369528,-1.9304593378219561,-3.3653193417182545
-1.4145917538512647,1.9616185406026365,0.75822788654187312
-0.40028863953536464,-1.7403099426356503,-3.687399036682641
-1.57006080867016,1.5070809931870515,0.34825040314310246
-1.0589156200936118,-1.2186321851767699,1.1718690543218255
-1.9403363926188608,0.90759367833243054,-0.68525546320407305
1.6931633746088273,-1.7927836267182562,-0.27644708133011553
-0.34721338454814821,1.5770934062285442,7.1987521926801978
-1.4358155292606987,0.20314840512818444,-2.9953165603464424
-0.87931899743180164,-0.97541810290914199,2.2881913289589075
-1.956604602432171,1.3802441049449219,-0.085519821682169303
0.46862235358626947,-0.023972339473536719,0.29750333849698762
0.80823033745201034,1.443970178305332,4.2959078739932615
-0.6488948704433084,1.1518552940006441,3.2553319634361899
-0.72978149882901899,0.46097102139035062,-0.68038952086499782
1.011547579318032,-1.7859786461509835,-2.5667027433319292
0.42663912354810352,-1.4385882700967518,-5.8193365293834773
-0.3088389022405329,-1.0417560877415051,0.92510543193553663
-0.7815898583327372,0.82825262198116878,0.21031534280681605
-0.8001384888199643,-0.97738129603339741,2.4758720099539504
0.58540675660107455,1.1710168168561434,4.1137505168192297
-1.2127520624496522,-0.14678392306760579,-2.1475857701322432
-1.4503439408455869,-1.8783664103184763,0.071642248206911133
-1.4232002528534298,-1.2653301309319698,0.55551066992121934
-0.6455614930392084,-1.0985921814453654,1.7840545766425018
-1.4206384973546982,-1.5994786498277671,0.26612950047203637
1.6499030896673705,1.3659554455287313,0.90736236320131358
0.63042706460674802,-0.7577856105784202,-0.22808350447345038
0.58121596589485547,1.7532813013963389,5.4895737177321795
0.31815034006863074,-0.45506091182053865,0.51469544136774092
0.78360364771049618,-1.4789343640546146,-4.0410543660875522
0.36467918767863639,-0.71737298015538165,-0.17428738299650975
1.073697142147723,-1.4404046739963348,-2.0493176927077541
1.2176311087489573,-1.2540477494432545,-0.69563285584812473
-1.856372214328067,0.035800764224855897,-1.8110719478984318
1.2367889760077566,0.21341113994365157,3.4107078190440272
-1.6867518614060144,0.13970956982310456,-2.4038151194235819
-0.072449302942036553,0.80619822961641141,1.8998295236016471
1.082508822425035,0.7496363563367181,2.2739252433280241
1.2878293807680086,0.51706270691117462,2.7948859317937118
1.5946157427181684,-0.33506008061844561,2.6763865841024046
0.16022709540902502,-0.99651518778275139,-1.6190904378131536
-1.4806064314039489,-1.8722160229373555,0.084772751770461896
1.7571488716492794,0.72791193540534138,1.421162095245466
0.73392103524454777,0.95961976297489615,2.464339792274103
1.0594761927215588,-1.0892220300484148,-0.55032697933579999
0.76973595592757427,0.46218480364935344,1.4420387911496186
0.62565791654240011,0.70947327073509481,1.2251237477464125
0.13633649796205605,-0.68382102990434879,0.85854057912088877
-0.79858686413025048,-0.16647835715017578,0.45133971664805389
-1.4211886515843102,1.1460794428447416,-0.26898005321681778
-0.93376227767151443,-1.1453369406844112,1.5772170379721739
-0.16064304383069494,-1.7780227994369997,-5.1824512213845626
1.3743602738842196,1.6883292660269582,1.4025155125657578
1.0631744510775802,0.28513796073670328,2.9466646242563956
-0.61311193553581456,-0.30745627494095107,2.3661469079151645
0.60282692557865358,1.4293989086831513,5.4641317034904029
1.2758287525454866,-0.12979213447906846,3.5363824964396704
1.3354434057567675,-1.1265477668341624,0.19719287501602203
0.25415803018783345,1.4452420458035538,7.2757198363961715
0.65840422676779431,-0.43757042108486321,0.88484348062048102
1.2117378818575668,0.15927498093128323,3.4568134413157781
0.60242189207628494,-0.83927499774690606,-0.78581986298084749
-0.74796296429418718,0.54698403277441532,-0.68518592337373563
-0.87382989462365224,1.3102500300419626,2.7851707236151833
1.1485007595405712,-0.52369438076833608,2.5437929277374796
1.0990360118632578,-1.7344475929625522,-2.147635198225494
-1.2636396546290773,1.6369240658956841,1.3693397583427387
-0.80693303623544299,0.54286880133980331,-0.99731214693818981
1.479560878432193,-1.3695660577858686,-0.25464987280502138
0.31570260305316866,-1.733078219097179,-6.2948725193452404
-0.64190661235913082,-1.3895945746324485,-0.54720210781228751
-1.4164564552827668,-0.80690111571647805,0.089225976808924162
1.2436351508496006,1.2622147973503415,2.1117379159588503
0.58783438226671914,-0.84029162501688437,-0.8262760870961029
-0.88328563019800188,1.9200867090015739,2.9305782506745355
0.8677075998762791,-1.0122126639301976,-0.96422812807064862
-0.50478391346824192,0.91607308398205944,2.0890126584652262
-0.53916523979562614,-0.57064131580444855,3.634211649480994
-0.17981167185116353,1.6278088687102135,7.8325095018928437
-1.043729538379419,0.60372970852054619,-1.8906810439953994
1.8273785794941193,0.72268772512225388,1.2518340302044437
0.13241120159242703,1.4854985003044718,7.7915368886066165
1.1806745211112104,0.45445450126147469,2.8843972682951415
-1.8878186301159783,-0.054091477681440736,-1.6551851608344141
1.4469531274434497,-0.83164843339206174,1.5167540089606359
-0.49901387084506355,0.80502830701663175,1.3453891564570799
-0.1464297605478273,1.6387605929983518,7.8978615166817772
1.2954635736118054,1.7307336388593386,1.6288850116280909
1.4146457857624277,-1.3095916037045208,-0.25398865414504124
1.64106378025597,-0.41803774534731786,2.3766836362164612
-0.11756024762804329,0.12927578301446108,1.0945123540875905
-0.77330193818759896,-0.68639391058723698,2.9245148378740602
-1.0537786886236984,1.3214466636122446,1.7251053087044579
0.022128772916905959,-1.3206314152094074,-4.4597439504742802
1.0649371156688345,1.084758404927809,2.4749325496519088
0.28096047383437339,0.34287923148668398,-0.061814374881931783
-0.36593119616106518,-0.40023791737432868,3.3303855892267529
0.59990906500696095,1.8966187561878542,4.7098782899644629
1.9672000564291223,1.0131520762017563,0.62034415535857979
1.5005556120317851,0.36911662215850471,2.8447059617785593
1.3203618712638048,-1.9696308170913626,-0.97679197487892899
-1.8635007575806417,-1.8830833082367924,0.078943174633947247
-0.66435412605157862,-0.49771676071324,2.9621720570252887
-0.3569262050824793,0.72317829130660716,1.2864355534641214
-1.5460365712983353,-0.51614903537471801,-1.1821312224196632
0.95622059971039075,1.233612222727448,3.0957812379986516
-1.1066586915682883,1.8621876501807781,1.9390747343039114
1.9028726901003052,-0.7442176399824183,1.0272195641605648
0.030263681223628325,0.43295740520622594,0.34213135863847222
-1.1157850798785836,-1.6160865373715421,0.044975136410771874
-0.044401634108693244,0.91282641239616114,2.8133506920059923
-0.76207944900967939,-1.7494819007424252,-1.4153903280013385
-1.5096768290839069,1.6615790229849807,0.60208537954921049
-1.6701216451195484,-0.43544411736409083,-1.4270141760212605
1.0584758502683269,1.9827747500587356,2.022940720236631
0.46176791600610656,-1.7766013861892431,-5.7048261328952554
1.1370515753202746,-1.8630483770483934,-1.8019251859588115
-0.25370874779221997,1.6416687254491635,7.5642161818405587
-0.18532718900399892,0.28340583039021183,0.91605070519850362
-0.17343287592481427,0.57868598999498833,0.86627448852111777
-0.45557057439944648,0.17721961240609163,1.0259201340977149
-1.9283856533332813,1.6088058121650093,0.062912928869624241
-0.33006032443925837,-0.86401993469455518,2.6522143025448948
1.7379103755539567,0.32797672967325742,2.1624821476417742
-0.97867497451222407,1.4005575835716479,2.4753631287751259
-0.67634071255143291,1.8048891340424036,4.6127696463547396
-1.5771319134858572,-0.50131298771562638,-1.247083928895941
-0.90064665043202208,1.8789431341462004,2.9680658038651657
-0.328700118479615,-0.23718547428547132,2.7060080244884928
-1.1748873449655797,1.9301412813783814,1.5325763572778881
-0.94180286957683124,-0.027082738858765554,-1.1868859610531763
-0.73082020439592354,0.62461723247432177,-0.42533132305900773
0.91810847018675368,0.65301211723067754,1.9875088277384665
1.241992982332119,0.15538109622387442,3.4884579351562897
0.65586347282346491,1.4496659346311693,5.2094388200332604
-1.9988753668021675,-1.7908352494928286,0.066950365924546923
-0.46785346057586996,0.00084986721000479548,1.5850631444904713
1.8217456194542034,-1.6005048856224293,-0.083558650282999886
-1.9724985654626983,1.7987841542369978,0.087956770188998903
0.92884257141019066,-1.8808590860845136,-2.8105570847196675
1.0803637051518336,-1.5906027257762032,-2.2612916396407559
0.20257890464790895,0.69676183567048522,0.83434601265704089
0.1563507850438044,0.88752676283836163,2.3419638779885856
0.49802919486659158,-0.30676206912364212,0.48323695474912859
0.96661335565209505,-1.4189055371666015,-2.6447816054754547
0.76434538356820925,0.99724916887362891,2.6360711601844051
0.25937564166058591,1.0501550811771163,3.8571914081369734
-1.0100358705553323,0.5069720553234327,-2.0230949962397768
1.071906673371505,0.64410019841285848,2.3587177679750724
1.2688822039536989,-0.077979735139810158,3.5710879321126194
0.43582378451898762,0.26268099847201887,0.096568942878060005
-1.14950263645252,1.4922095669486377,1.7306455254380992
-0.1363990590722417,1.4177273672447197,7.5554466354562653
1.8980669160747436,-1.9866158424776783,-0.10399961002194666
0.31467325345121067,-0.53860464474312275,0.46469802426577411
-1.8171083093989071,-0.098558990138672087,-1.83535818559292
-0.14147925763952007,-0.4145621692869017,2.6944572305481138
1.5612309403650659,-1.8178687367338862,-0.48253158105531241
-0.19107703212304394,-1.9036617416692516,-4.6136093783816161
1.6303889206266753,1.4072196734606806,0.92165364877469913
1.7832751783593763,0.12535871323219316,2.1968106815123125
-1.917301885666248,-1.5788263569163918,0.10563701813241566
1.1253524324424173,0.33051007108674479,3.0412956837809264
0.92867032125334381,-1.307697269302988,-2.4454780963609015
1.8142484243060788,0.84365249688230515,1.1043836820980906
1.8610054485487373,-0.57931324954631425,1.4037204166042121
1.902321478744883,-0.020198297837956458,1.7682042047780666
1.119718502417006,1.047312707480295,2.3244347545677755
0.10104143388885278,-1.6389262768255057,-6.4007960892930571
-0.48329751911582286,-1.964737496982641,-2.8300408902186507
-1.3633260819839457,1.0342733192217102,-0.63499331948811255
-1.2873847258207913,0.50609662826427826,-2.6474674656082344
0.14293998618531267,0.89918153125348876,2.4721420632388282
-1.8259871805842307,0.92312346650053589,-0.8187843635323101
0.97451013580394674,-0.30440472883265501,2.561276649250757
-0.61087471634209267,0.1904925820766814,0.32213293060595444
-1.4469584543676031,0.77151060167252972,-1.7308123164465856
1.3989464728500001,1.874265074936396,1.0775961093135606
-0.19453566724247384,-1.140046307297323,-0.97798482717798763
-0.76518197824299916,-0.9153784923589785,2.7726300819127538
1.3446516636049646,1.1127358540531143,1.8390839677115414
-0.98931300662435628,-0.13087959232363566,-1.0776115256522549
-1.3109958483920443,-1.6879774825352254,0.14307288820169586
1.4336484326043157,1.6351433249938512,1.2677297427046208
-0.2451830536949029,-1.5575565739556751,-4.4083037870302393
1.294098323932344,-1.597517791252449,-1.2065462868783712
1.0075146869161586,0.99993288386063339,2.4255373976748178
-1.01261954304923,-1.3323325407239728,0.78648992193741984
-0.37383767733180195,0.58767306186202717,0.80660605458052059
-1.9043088339573342,1.6821445299240056,0.10090637430368204
-0.51219254411977921,-0.74263301653505431,3.6451201713084358
0.061980174595434256,0.69594853270485446,1.009062506267056
-1.8012074388164117,-1.0186848289099184,-0.053570549674084748
1.6417616300934328,1.9294028596096533,0.50320412755864119
-0.96946371325045377,-0.48348299467010314,0.91814647703413166
-1.714627601531673,-0.78859668789227988,-0.40987142119343961
1.9120642578884137,-0.81163597217023109,0.89860022698925368
0.25013791080488934,0.50464596247079374,0.098556618252543887
0.68300629513456457,1.0992373443676935,3.3441575066943896
-1.2760241564575348,-0.31736531721505878,-1.605218803938365
0.30475351542207596,0.47873534814703333,0.045733804566368767
0.010965617778554204,-1.7293806233450111,-6.0554532141019592
0.31766743919260687,0.75302544215334111,1.1052538895888839
0.24558565249330844,0.88623085271196267,2.212974383192805
0.17321744771595027,-1.7578342089973966,-6.3075743869368388
-1.9848502288665995,-1.4958417197738076,0.083563993713562185
0.74985733041834868,-0.48841480924128056,1.1649177187970536
1.5675471941843915,-1.4844411243834217,-0.28170491069365172
1.9456044886787902,1.2546487265892901,0.47466327230117805
1.1864163660225935,-1.2902357702759812,-0.96954556653075608
-1.7944400855162008,-0.67685824689968865,-0.67428124976252946
1.6083014031009335,-0.086068313790264028,2.9038490755574955
-0.10047876229317998,-0.17370350814782287,1.8548590132822305
-1.6229453747095057,-0.66186581821160995,-0.71307027932104672
-1.3237910093862186,-1.4955257690105699,0.39891971444841751
-1.4515224184332678,1.443013169184252,0.50057722215753586
1.3674260502052427,-0.75394801685482027,1.8390017678908748
1.9671317294291875,-1.4539228678474561,0.06583007486273261
0.53359512346764415,-1.3947010911758961,-5.2108384894459165
0.5210865599587442,0.43175021055711182,0.37085683872966357
-1.568099479463771,-1.3505140368063002,0.34847438436314437
0.75835953418352142,-1.6256261281524447,-4.3666793465526608
-0.65572585998024002,0.67119044519724724,0.07850370320168451
-1.7745149128662567,-1.9025772591517514,0.087159276281521689
-1.6101689201175597,-0.9572597647267711,0.041094849155055777
0.11800385261338819,1.4393421703387279,7.6410485186142179
1.9904614568645504,-0.51973754978824038,1.1263549741880055
0.25326046718301276,0.82253690203655827,1.6524620554661253
1.9871834107822344,-1.9731411627396309,-0.066359950970074882
1.7951098849704774,-0.41036266579955583,1.8767580171603069
0.22587016781033942,0.82410720422842898,1.6930754704190623
0.46967343808816953,0.2087899091284573,0.19748087125859165
-0.065962079951970454,-0.17283920689627874,1.7002828402809926
-0.82228752172181085,-1.1571920188241125,1.5705186108908289
-0.71415756374642436,-0.44255158904014014,2.4500529474393202
-1.0191772262821113,-1.8346622845692693,-0.49923384161060103
0.094487402840456536,-1.1382747927442121,-2.8685853799249688
-1.8814948296804264,-0.77334826494517128,-0.44445240952439824
0.15590013346385811,-0.31032919843692697,0.94865501742873504
-1.2941955259483677,0.26696929455539342,-3.0179295249168558
-1.0469426757989542,-1.5516562654446431,0.080230129398981276
0.94728828647344665,0.013433268954364586,2.6861120463448436
1.5301740418954366,1.648229039411083,0.98173133348924524
1.3162732735442906,0.13143028902515796,3.5193369342867822
0.97997484555984649,1.1384341673172753,2.7812034804579531
-1.95851710059443,0.088466750566291275,-1.4836206210813017
-0.20924781502177425,-0.64041467733387925,3.0946864296092356
-0.72124134740473256,1.4829828355132051,4.5523718004566174
1.8575253280496429,0.76447670643082732,1.1172412173074344
-0.40690507808852772,1.693187760714991,6.7042579451875062
-1.5650113116532789,1.678169810931966,0.49263471198307485
-0.7120420514259147,-0.22124382118059049,1.3389575099674447
0.97844223890488902,1.1851356441854204,2.9000641254627166
-1.1554382394564511,0.36010511210993545,-2.7264216616971613
1.5104311698074104,0.63466133052246043,2.2218828526307153
-0.17318038540019143,1.9170241474879468,6.3730397337303692
1.4031368456324702,1.1340147660421236,1.6818617365303719
-0.54727867565178867,-0.5819202693453458,3.6358458868497543
-1.8508285532834927,-1.9658573702211315,0.067624180325619052
-1.3207994521891817,-1.9156957577638754,-0.026432058015045574
0.17121674822076294,0.080377884406229505,0.25686268595866801
0.59355962859378186,-0.79997502497544026,-0.55857238122812669
-1.1337512635877158,-1.2508910723596585,0.9952085363009151
0.72885188116885891,0.99812828234160422,2.670829491326109
-1.1895086174006528,-0.047588370650701428,-2.413333184273148
1.2070544598996471,-0.94253987142344919,0.76979602281858117
-1.0068713848482087,-1.4046219148348826,0.50379184848433223
-1.8661562617965421,-1.1079295385672885,0.00051023770279345904
0.066043946475567328,1.7074180253757762,7.8181248449192235
-1.1836187166860581,-0.54766706760382666,-0.051136183747533343
0.52215439098005501,0.21798593802539212,0.36594730819462207
1.1648532498505242,0.98713247977070928,2.219433256353569
-0.21483034288307068,-1.5275703328536794,-4.4872762304528058
0.32814302321972555,-0.65212460059852084,0.17006888054687785
1.5250593700074999,0.94767088233344055,1.5961083562181024
1.3376965053209418,1.1485339771628063,1.8425114668683029
0.66544258376830845,1.2298545965450156,4.2072641939103699
-0.59802442313859205,-0.67562716580095983,3.6015204906521245
0.95493176044057382,-0.14481038391771794,2.6683286817090686
1.7295671789214699,0.22023653327126258,2.327798475774479
0.055859536239812435,-1.4733551289647033,-5.7905958324505518
-0.89060536373270738,1.2104348108085987,2.124323963290804
-1.2005567699426136,0.46465904595893326,-2.6558536935535999
1.0580364390804586,1.3362223517301732,2.86421218484297
1.3128705752495282,1.6964630674997725,1.6108431943017674
-1.9102399332863631,0.12803588728307336,-1.6442283800001007
0.51876176529230245,0.85489843880203154,1.8128659546307995
-0.82317006054281672,1.0689168437066274,1.5907064145524714
1.4001650712869398,0.83597932378892725,2.0129396452222514
-1.6537337325302706,1.3443200535792901,-0.0089030950466921152
1.5802689892426445,1.7988998652607084,0.72718160088551631
1.8903503217336763,-1.3852844083966436,0.11003553680834374
-1.9379308510814077,1.1597827685294995,-0.32228814842061598
1.0532426144241724,-1.3842854301266181,-2.0003559115130152
1.6902708131702493,-1.4904276739690228,-0.1138635645954383
1.5893993091578675,1.3336182392265234,1.0692766954605459
-0.18079248428181383,1.5103290293701561,7.7912682615631814
-1.5549791941722944,-1.640766903666665,0.21490135690725809
-0.74254327390816299,0.11545022375387415,-0.27864073407036172
1.5378434105194736,-0.81898253238622898,1.5011018598859198
-0.61710787835933156,-0.61693389048445324,3.4937303744621602
-0.011158537191175544,0.58314553991196316,0.6566867712909531
1.575341008385319,-0.43444714661163952,2.537352878984565
-1.9539243311578882,0.90533619928193998,-0.66941887044592718
-1.4794996812234009,0.13284036663282839,-2.9267221414156479
0.21778205877037271,1.3287310212183598,6.6987332698791944
0.64546024224159648,-1.9161198817233591,-4.2014209481283098
1.0913674984323292,0.83426293579770583,2.2493019422317619
0.75148041347468864,-1.8221679037769045,-4.0182822173373962
-1.4990863315512866,-0.71610253244355704,-0.39021550858123805
1.9685894754594235,-0.7227312435969504,0.92013117604438721
-0.3863637588844866,-0.57467752890978763,3.713482670238907
-1.2104577145131854,0.32960139290221724,-2.8738621823506763
-1.6169053174344015,-0.58700510976095188,-0.95433754677180904
-1.2902832088527831,1.8773489097839882,1.1866667531642192
-0.13324068997079697,-1.6394488835779155,-5.3954716830529863
1.8634998880249722,-1.9974412459844366,-0.1219045216268554
-1.9748410267016892,-0.68337917565567707,-0.54074435732321824
0.88893415615018512,-1.2600492965043033,-2.4455426219492837
1.9467007142346802,-0.20192526226762375,1.5484443569068025
-0.46720927713452154,5.205698804378045e-05,1.5900731531974017
0.48847240713055706,-1.5433497101872462,-5.9008139604756114
-0.25401884465626279,0.74839277048038477,1.5402951821698541
1.6153903627144652,-1.3600204467359265,-0.014658422207392774
1.5787045023688928,-1.4049178822847204,-0.14263894442910424
-0.13966188059082163,0.36995694897803144,0.72115225423791296
1.1466620409413957,1.3798653790486082,2.5119179216763654
0.79951559338595457,-0.86160800776000634,-0.25444253347571261
1.3020246927285837,0.061156674455263182,3.5747832990809996
1.3032523086644456,1.2693015282703848,1.916980404864689
-0.62591244843780869,0.82591398586052689,0.94754489041012557
1.6524257624530381,0.18306145145895814,2.6562898654634108
0.81937600601735783,-0.41978403288376565,1.6244642655055481
1.2656955889059107,-1.1585110613857934,-0.12337563387615096
0.10519287178549108,0.4440808488929977,0.19337335100050596
-0.65310528808818535,-0.58292756411031621,3.2863163569212746
-1.3451136335361595,-1.5145244412908967,0.36945847079470273
1.901180278221474,-0.64820091611144348,1.1861582101281303
-1.6440570862901285,0.30405291896751052,-2.4564383221028598
-0.3546585723788318,-1.9461382998141037,-3.593066251550554
1.2062051441831985,1.6531240408199972,2.1038223205281792
-1.1509999800785895,-0.62868879347889717,0.50146861579120983
1.3421419003096635,-1.8401039687554033,-1.0299965135425082
1.3676228184284986,0.99341398409285731,1.8681823242961848
1.5291132601202015,0.47287555870357778,2.5500214189243091
0.33921634326819028,-0.36183224698294358,0.45453001879201982
-0.34619736701417136,1.1478218345797599,4.7885818991874149
1.3183832389906711,1.6233137825763211,1.677064350680928
0.47560629084436901,0.90627704537216713,2.1891662775093761
-0.91212594845313122,0.15632755895910577,-1.5168828803126382
-1.6094937878622313,-0.2204097218768879,-2.1333883354317074
-0.73069571781387865,-0.15428569399207781,0.87659935950222034
-0.83805893103866236,0.50272306546412171,-1.2236171516949743
-0.51405874161911713,0.55654905126272736,0.38978300871467142
-0.015170337488606744,-1.2635904640687827,-3.6598847416527573
-1.2037050295712728,0.0084258026792709551,-2.6122363824970098
1.4891359198561478,-1.0946804778340917,0.54777604073268749
0.32292885443368302,-0.54468729370553159,0.4359756223189748
-1.8580225640562793,-1.7408464977382263,0.10364770956855061
1.275549871111374,1.0520680254499579,2.0199628355276107
-0.16580325601326851,1.0304792367408058,4.0121814016623283
0.32564299917340156,1.5368093946439685,7.2373016557864824
-1.3561276078238429,-1.6246218949174069,0.23423655964483725
0.37236011012622106,0.030468803409697376,0.10644531413939898
-1.8730416904810481,1.9569731702997459,0.14310566424087556
-0.84453800423105752,-1.0957378649450726,1.8890599320207437
1.5558846308853149,-1.2069409352652221,0.26391742794469902
-0.70957221774470347,1.624464356885293,4.7751852880069281
1.9936792677532393,0.82933006898624573,0.74958396009107187
0.89369017439405063,0.79087965313771624,2.0283522211645661
-0.7928993727830167,-0.78378754775640669,2.9010293782083081
-0.50160769902086,-0.019100742420241401,1.5484095296805476
1.7179023077799283,-0.038939167072576053,2.4989246800791469
-1.134057613827677,-1.3134680682654087,0.83316404034305014
1.5306012075341293,-1.2533766439775358,0.11321088427641189
0.099396021485189667,0.11880979557893312,0.40669432222239282
-0.48847247239885339,-1.6890090118177501,-3.0124560237666334
0.60225421461234641,-0.66983658534028434,0.11606135292337869
-1.997164452232036,-1.7905723747560871,0.067297076227231134
0.92178518311522639,0.0390474189107759,2.5509511195606427
-1.4416489808258035,1.3601248178233587,0.3484762428242274
-0.54153819963187688,-0.23015287917837846,2.3214917142651732
-0.016396528370571373,-0.65108954067512625,1.916172755114248
-0.60945523419219727,0.64731141554578286,0.2087103346697837
0.13400254230829267,0.41723027639884513,0.12214018333313247
1.5668489959252918,0.39926500794139885,2.6054127088784216
0.63021464996097398,-1.8445458342154213,-4.6168289449734647
1.5932514103587665,-1.4837169647251607,-0.23685213865719995
1.4958059175559431,-0.29444638638114262,3.0277149679607418
-0.95198309380546697,-0.61338243078010701,1.6433084621424634
0.46513096508819007,-1.44670181650319,-5.7258158793689997
0.31611116135925332,1.1514638488302169,4.7851982496447407
1.9307849144562481,1.9452589620257705,0.18945956951632764
0.51622644669624762,1.6779397177822584,6.1151196217778914
1.0079242018297196,-1.3575574193416162,-2.1729951528301736
1.5768902090560863,0.59900959478319926,2.1462659274873821
0.093152569148435393,-0.56423390136803131,1.408547439567873
-0.56060265596512737,1.9576232931653847,4.5327108082437029
1.078804009376042,0.21910118054127148,3.0935194715723595
0.29593484329635356,1.3547742555595383,6.6177676832975489
0.3287664105400232,0.033379519936439728,0.089138071415988618
1.5576630881322062,-1.2386881536222281,0.18287046707228813
0.90669368352770752,0.58458961717696756,1.96933476710178
-0.53041833193981613,1.9788935763677795,4.5516137844878006
-1.418452490780491,1.7174625583572198,0.853035562208455
-0.87090732104969026,0.92608634093699616,0.3683469372651571
-0.012836547966844192,-1.1296626524839497,-2.136208150064566
-0.51382368100087517,-1.7326263737561263,-2.897030004818014
1.3877209530549024,-1.8078977010656325,-0.90453327311857079
0.17040705386380672,-1.1376737662623184,-3.2070811891233548
0.43744622009530998,-1.9820443356315467,-4.6723124734195238
1.9163965148270807,1.8004905543587681,0.25410617540060176
1.3871524086326228,-0.56397451956934219,2.5333059339005328
-0.57893836294620571,1.4581726809854665,5.5367853042508051
0.062195426868549397,1.1876409249863622,5.7094755030009239
0.24506233031736757,0.38667266652574295,-0.033543407823958149
-0.76308524456656546,-1.1309927657180996,1.7028548656157143
0.15159659515829027,0.2590327925251712,0.11509773312351182
1.2557821051169098,0.73838148516684221,2.334687715300733
0.64784593237431443,-1.8066507484453349,-4.6743803892896665
-1.1103768379825598,-1.4753694699414748,0.3793293966642442
-0.26627795373777707,-1.1200154706594809,-0.23021909144072455
-1.4393763219384876,-0.44845980074766501,-1.3599806966793706
-1.5032626144897585,0.30005023661008856,-2.8256943168480251
-0.68000746548005564,1.4560095151132644,4.7884331667490274
-0.75546567309473911,1.3486151172290701,3.8030707034148339
-0.7708995673617991,-0.96432347120839967,2.5833609498105243
-1.4284457803097519,-1.0529344055415042,0.51879137422437993
0.62782197315410659,0.38566353967527034,0.7786545825446598
-0.0077088560747542445,-0.25380289248021404,1.6334263169286314
1.5129521741130563,-0.1409449705928052,3.1783365742209804
1.8032929141952883,1.0385872275583012,0.88444513131222757
-0.27072085300082294,1.458977548076831,7.3361302342206391
1.563073758459006,-1.8770001780567644,-0.4691089008405942
0.82359951406794085,1.5104176031021641,4.2779328125047362
-1.7257496353537773,1.1106091127737701,-0.50434040480160758
-0.17409741928069189,0.93438743661774426,3.0304575296869221
1.8108287136098364,0.77851466439763106,1.2073032914223636
-1.2316818807734293,-1.1107028846844045,1.0294103478129757
-0.48724215374083424,0.91433206002868772,2.1451248713505233
-0.92332601029214301,1.4825941906330891,3.0783697661640224
1.7997069815751239,-1.9358911272770718,-0.16940850050617576
0.95840641224468781,0.37510703978934634,2.4074914311920317
0.64859458837733719,0.72329986306429506,1.3267500891600914
1.7656984185446678,-1.0647313092526967,0.61641897837547366
1.6052829708820506,-1.9709932760055888,-0.3725124758236002
1.3417516771846771,0.13105205985147217,3.5026374500225801
-0.40174492433468956,-0.4557798766572414,3.5121459230840855
0.032550378041133143,1.5830146346793104,8.0919957947005763
-1.7323319968055846,1.9503596306229474,0.25485038899574319
-0.092089762724480106,-0.20327584120233366,1.9047564118789631
-1.4083593985710863,-1.1418684791319145,0.60650912678502844
-0.56376302462037731,0.85135861486230846,1.3823707953959679
-0.99642935007552813,-0.27179897969851674,-0.42647487276311064
-1.3547895500480327,0.25380701372295089,-3.0373789649582368
-1.4877887333209809,0.86734459988838708,-1.3522000917514074
0.32624320144546637,0.8522488770044534,1.8342098664504536
0.48269360787690063,0.073839089061336516,0.28943277540074841
1.0215944191460413,1.9347579704520919,2.3321544527969373
0.36429027988622664,-0.70953392839473484,-0.13717922683223632
-1.2108369984653558,-0.99337532580239496,1.1141935369292135
1.4661509819587466,-1.8439688622035304,-0.68054170985808426
-0.8352299524751956,-1.0853169766034343,1.9481074921277781
0.28257125907878144,0.0014093111529480673,0.14517550055549344
1.1495106973228064,1.6260824388506046,2.399472368975899
-1.9597595130417502,1.1273362327702054,-0.35137937976033129
0.28852228974842298,0.48303624362069675,0.050897823284183054
0.41898072845695955,0.37067533501627636,0.067269889980807906
0.85892919964340075,-0.082834491638672958,2.1954569929060255
-1.6153592361126112,-1.5423678847479769,0.24355977164328474
-1.1409776336011794,0.14230009364711416,-2.6568563660124398
1.4204219035592183,-0.34685046948672316,3.0831977826063217
-0.93278995683996868,-1.9076363737093329,-0.79845167994636113
0.46552615337718795,0.68735857648030452,0.82503787713617693
1.3040318469328174,0.29370553356516904,3.2891468648835582
1.220992281086803,0.5760003727955989,2.6505266566597721
-1.2242187499948431,-0.17768025315799085,-2.0630254365488883
-1.6436835552027185,-1.0912226745079048,0.17389766863563597
-0.77640096392884383,0.78118877230228811,-0.020028196457876429
-0.81344347732282229,1.5812789612715563,4.0065748113824418
1.5505807492789683,1.4754802773434408,1.066327620368275
-0.64727264866237277,1.5619712142675635,5.2320132421550714
0.94550035115563436,-0.9013233866478263,0.11153566134317271
-0.68561751378031821,1.5110144922212414,4.8800763555450528
-0.81875993550137482,-1.5634903613154418,-0.65045185223230595
0.56063321323319659,-0.54979244800073279,0.398542652446365
-1.1865855047514626,1.2355939411651562,0.722553861728498
-0.49732990450136949,0.11263585954113564,1.0859823248021436
-0.48899216583190142,-0.71795558602987475,3.6960617127740223
1.0029535586349949,-0.67226680559458862,1.557778302723432
-0.25877784274455151,-0.6184673303631405,3.3545037198947991
-1.9359636080022233,-0.1599409560509375,-1.4122179209814294
0.90503471490144394,-0.78489780761518446,0.63132803238402468
-0.86986938134144753,1.0499751109639464,1.1986541983393579
1.3269301990602362,-0.42683504897001856,2.9855460579934276
1.173427084369882,0.54103449314957075,2.6878915245791588
-1.8677754248972298,-0.4388905372427474,-1.1309325551573002
0.19677741292969531,-0.63319356141268446,0.71406674355449651
0.075500376898823163,1.5638959614020589,8.0426514695984253
1.925954456993995,1.0544488295632268,0.65051730647850059
1.5113301154801646,-1.6811025373692405,-0.56997989671211746
-1.864855992229532,-1.5716660803384506,0.1249443462263396
-1.1600620331738611,1.6189667191508494,1.8344091770793882
0.8313446653224581,-1.4382664303886252,-3.6040267040193199
-0.10968625524389708,-0.04923204954556204,1.5308273481028314
1.5918147627356904,-1.9774633251876659,-0.3895494434584908
-0.51297716287342277,-0.29288517036720041,2.71643853838055
0.1904355896746126,-1.908891754916842,-5.5720344445361247
-0.62843777505610743,1.8638293713952998,4.6640416417783932
0.97693674170048705,0.71422344648671077,2.1295631815370366
0.29036163209026,1.9593332890074371,5.7027354891423085
0.17180971814881696,-0.39056718847039562,0.98564213438276482
-1.9247346237266647,1.5677952905348103,0.046176151844078334
-1.0552384740926879,1.7413008933280776,2.3683555064905506
-1.4603424602522785,-0.36321732974276788,-1.7397146727146358
-0.092579650963396043,0.84464708191524807,2.2209902369617178
-1.9089469363902003,-0.98397217196601972,-0.13623714396160219
-0.086736045242132187,-1.5389316339484691,-5.3900453347784456
0.30100600395417665,-0.29352509356233281,0.46227969467702346
-1.7628434658484804,-0.82358338871882397,-0.35100441591027642
-1.554447874572267,0.5365868972971084,-2.2947788240668801
-0.19351813699461418,0.71765321363362089,1.3880493801495819
-1.1699230487889549,-1.2388975259781081,0.9750648626659234
-1.9300702090032484,-1.7339250538905142,0.087359533802926451
-0.34571313840888829,0.55426223683973896,0.79370272433422506
1.4737275093230418,-1.8536345258530442,-0.65929295767214513
0.68957580044545796,0.80727869445391276,1.722934636658966
0.77513182021837768,0.8599272542939338,2.0399977709078509
0.43413439040596247,0.69256029551255471,0.81013380848716321
0.057222381929225463,0.96823469858157374,3.2901285909064621
1.0969043122289364,-1.7728530430413283,-2.1219311251409727
1.3158182871629824,1.0506809975580302,1.9347098107385565
-1.6302921567034501,-1.403222898116355,0.28086926198637491
0.063678923202806548,0.59724594663080444,0.57180806655821148
-1.8630868278497172,0.50305806491839489,-1.5060358672205472
-1.7197414262734303,0.28303579320187966,-2.2340034822441441
-0.60468332579708117,-0.68051556568160376,3.5852962850391226
0.8875529605491228,-1.6986637652796066,-3.4490199135891126
-1.2520312196865162,0.87350852689464986,-1.2214429226822405
0.45905012887887331,0.19373414286373647,0.17336826551039833
1.1399214482289635,0.37275660211029038,2.9906886064131424
1.6905676587744405,1.321750222219841,0.85320774019991985
-1.3864363131002344,0.88598811511706721,-1.2885902324740657
-0.18274429334780717,-1.7375263568435377,-5.1200393263407582
-1.2798871327105756,1.6704009831373647,1.3158485406481844
1.6924048058233203,-1.3423926645415816,0.087005102951759741
-0.98116073276751581,1.3527750600151762,2.2810241566344729
0.85817053117023345,1.2474985132145688,3.5142299660666061
-1.3295243928995402,-0.55390455014513851,-0.62582386599177553
0.59552595380051221,-0.67011751724327384,0.099435085622733621
-0.082983887515921673,1.4630755105243733,7.8387366949280581
0.75263553680697504,-1.3345564053959467,-3.69317368979112
1.1912843460111806,0.87901832847182026,2.2082361871569836
0.16632384239217046,-0.58796100669888784,0.96989451023250195
-1.3859937742501054,1.1660275894374501,-0.1372099003357195
-1.3777357291077432,1.8811770797398943,0.91581014923178972
1.5487329359143907,-1.3494283628657726,-0.084731701194573072
0.14814425179368973,-1.8622153780778024,-5.8302369007500756
0.6873210365192417,0.90433967557280281,2.1762191987412383
-0.10876679721382176,-1.203025134121519,-2.3475783435585686
-1.4939802149565198,0.47717628245966281,-2.555354910774688
0.34566493006066246,-0.37299894579242365,0.45123268870026234
0.84631803794810834,-1.8694866795245848,-3.3053639106029329
1.9062571245500322,1.7180692563807702,0.29697269703190649
-0.24258367786494084,-0.4660285548710934,3.225753890891228
1.8854312888295279,-0.38422554389766939,1.6038538466719487
1.6210049481573026,1.3064728780236043,1.015110824088165
1.0329882918172593,0.89556760211541153,2.2679928979654735
-0.72942166768033978,-0.9119307374072263,2.86278727501319
-1.3022199486045645,-0.3007061151921997,-1.757686532530496
1.7689120028102816,0.8921786879232676,1.1365385553407223
-0.27619704523899524,-1.2606420944346024,-1.7664462510428438
-1.845615501234493,1.6600998425629574,0.13133785676583387
0.67468675697396607,-1.4535536401047504,-4.6824302072708415
-1.3185643151844735,0.99112258219672711,-0.76473541732284867
0.57918743651048921,1.0171641612992355,2.9625931770677068
-0.81719905538179871,0.41139464786371072,-1.1833837112580616
-1.7048099069457969,-0.60252452547430546,-0.90126473764157966
-0.41422977750984047,0.56911326185947919,0.69527088980953333
-1.1217577072177269,-0.88165307701269802,1.3868239945309278
-1.5244702632011902,-1.3690299360208167,0.38542906458657866
-0.73797954174131775,-0.72436228016650928,3.130225913130432
1.8679513758187065,-1.7638350243973862,-0.1101212755628849
1.8768211343405681,-1.2932948213109137,0.20758243425438369
0.35827179818102639,0.26386741278080272,-0.029246371828933769
-1.9612830255986384,1.427664561485817,-0.049644683484433141
0.076553964463255575,-1.7028284392139215,-6.2965887513716154
-1.5834184293932756,0.68334032511606058,-1.8430769649162946
1.5718515591500704,-1.1598979952230963,0.40427537906897559
1.3649430398151576,-1.5010300557476424,-0.82429039345463606
1.2107027985373504,-1.4675027143269737,-1.3888666890092856
0.78832009433930095,0.57784270349255573,1.5221026776307656
1.7985805487269615,-0.18696743044828357,2.1135642940075119
0.41005396319309462,-0.034482241275775261,0.19155665961494028
1.487426982766574,-0.30620899321797035,3.0274396003755428
1.7047940101613923,-1.8956353960940331,-0.26219287089720272
0.67253669277824057,1.8721452961029033,4.4282374603589183
-1.7751708989206052,0.6960368923550404,-1.3950920060124909
0.14264017844242893,-0.13898632809411837,0.69415692225344139
-1.3676292263569156,1.5594584248780738,0.91737841316528779
-1.5961126904994016,-0.099940236775404534,-2.4310436061778598
1.2917166747236979,1.3465309661943516,1.9447961478139753
0.038978066793389665,0.63042637058301132,0.73401622373953013
-0.57640289690105084,0.18521885925440085,0.51648149877172411
0.95998040443213961,-0.63953085063282034,1.5451114221755626
1.6668427334673361,1.1088525259460336,1.0864546667413562
-1.1502967404401439,0.9925799817772476,-0.37862838328288878
1.4824639766190084,0.85698897021369902,1.8264299238719335
-1.267547071267997,1.8422347325389814,1.2994644497688836
-0.41131047322007963,-0.050892234719714935,1.9213196979613532
-0.60380441504016602,1.5295858617982776,5.5182663540042247
1.2479001396174705,0.085806050460397021,3.5525620180959807
1.7884501724560824,0.093107650887121363,2.1931599759584821
1.4672138307494706,-0.81240901838642454,1.5807813297723514
-1.291641506706023,-0.38086728139284087,-1.3463360568187541
1.368049879810096,-0.079759072031233114,3.5222483876843955
0.8646940421515974,-1.1795735559994811,-2.1089197549936474
0.25599665903446844,1.6784862077468881,7.4351322990959972
-1.1418724783109955,-0.49144089962991844,-0.12059983513502637
-1.0399508176456931,-0.70350741594327637,1.4229147137963745
-0.66953686340187901,-0.08377098343517253,0.95587439745705172
-1.9487535619196081,0.46158137299446356,-1.3070557995632541
-1.8031874543055217,-0.87496552527681515,-0.26589223287931318
-1.0939494189660537,1.0120839097805492,-0.080160829013964402
0.6359680481291492,0.57528013246367316,0.93095177085520819
-0.6918423749812932,-1.7467014301620878,-1.7907487900335544
0.16052110321966051,-0.37594518810386557,1.0203334368946724
-1.4259362041784474,-0.89870213604757554,0.29553779686749743
-0.37826947386291998,1.3665842727595416,6.3943129367014446
-1.634745574848218,1.2483470319107974,-0.18459968167805108
-1.1723732995303511,0.87529718781633736,-1.0589338452628156
1.7878261083313185,-1.0429837627828693,0.64432607205983961
1.5435721137551535,-0.41196107488719402,2.6727003169203187
1.1656876051912368,1.8105432893814366,2.0155641087663261
0.64147702173215659,0.86761137647576358,1.9553221813124011
1.8644896072281423,-0.47627056808758428,1.5521032098541778
-1.9656309726387502,-0.92269324016123155,-0.21059624388678053
-1.2350306993794078,1.9030402081198692,1.3491201257461791
0.50292133207919099,1.8523656460166245,5.4835880937515187
0.42509049563144563,1.7102783332359031,6.5487503045430095
-0.16834651364260744,-1.0565307674847579,-0.1857014662413132
0.12567308419681433,-1.5410198225540623,-6.3041038153865969
-0.89556661832711715,1.1383204716299931,1.6436183868934433
-0.73405886063487547,-1.6221719439237683,-1.2698991303532787
-0.17042475847011307,-0.79606060261571976,2.2429226161592015
0.40734360019821514,1.8641111762410576,5.8994012349987361
1.18516725388137,1.1239146554567809,2.235020515029051
-0.28071778250489343,0.7973123226043981,1.8181473348400365
1.2473735222611047,0.87260992775740043,2.1651827522203151
1.1385368694223454,-0.7389300099664744,1.6413822024872509
-0.6691060115890699,-1.9481376266759514,-1.8876158094763305
-0.49793732517611788,-1.7559422554030135,-3.021410430046906
-1.9510648023799841,-1.069267921252314,-0.062654902414887192
1.848112915911051,-1.8762371171774208,-0.13539719220073698
-0.76463835048384143,-1.6133641938963341,-1.0822539981308283
0.61724239578752726,-0.44585156373096591,0.72785184971423444
-1.1625554296371408,1.5577512419433579,1.7678061131705958
1.4047738586020246,1.679186150352892,1.3128002493155688
-1.9899731705369468,0.27789293193559628,-1.3359977102822833
-1.2682873163901855,1.4798768782099718,1.1617638279093265
0.33513665030989381,1.5123288374638819,7.150389527253826
0.53820181752317398,-0.28474918053189135,0.57841473947739253
-0.72492856903431768,-0.17947221517488732,1.0404511343473575
1.5734208003677863,-1.0747849616633136,0.65103490923563123
0.85637164014862854,-0.63542322813129459,1.151693348298001
0.61863933663371329,0.59191737768943842,0.89864308665483728
-0.22379629663764256,1.5984359030581641,7.7264790828142296
0.40956898731371005,-0.38213823846487682,0.40812829707658088
1.3497634489513404,-0.35133030912314633,3.1593915635414942
0.045502172302942068,-1.7261537062272687,-6.1713575046624598
0.55532366168570535,1.3892174172829233,5.5791197987021093
1.7180613036940193,-0.014484357348315546,2.5000242971253948
-0.78113666957619254,1.2848440844436082,3.2831315567876418
-0.9385885800754028,-0.51187678590921881,1.2759002458866049
-1.6020519658567463,-1.271062573816808,0.3180933175625742
-0.61866829006003665,1.1453802873586452,3.3890021389176934
0.98667173618965442,-1.0970640024996414,-0.93810460848943822
-1.2268960906684139,-1.5595033356727594,0.27568641946974515
0.37610363310064798,-1.2923475193533698,-5.0048381113490485
-0.54221295906659805,-1.5444156645123654,-2.1352083263704329
0.72724062638923037,1.9636247860774776,3.6689738334823163
0.61315217187155602,-1.6847627694564313,-5.2190993533850145
-0.0052217776354042122,0.83710759558161651,2.0871104012578177
-1.947805912366084,0.70221516280295493,-0.98929127834681763
1.5691432184248515,-1.9594861132377137,-0.43146152261952309
1.0888581756768949,-0.78108802332935379,1.303542058856229
-1.6990951286756606,-0.23290709796872444,-1.9282706909888225
-1.3810050591905261,0.66747539516296372,-2.1444065714799483
-0.61430615119595111,-1.3903507460491271,-0.70156568854503853
-0.32603690420617415,0.98487854897205285,3.2747227860065373
-0.797876418564613,1.0765041382426586,1.7905013478657299
-1.3040668375916347,0.85588830739018373,-1.3675411854557282
-1.967274818674376,-0.42814126604034164,-0.96773758847488756
1.8080627101102333,-1.8250642987498742,-0.16225426288759534
-0.265409877938664,-1.6789118186253835,-4.5884063326635172
1.2968279625593997,1.189733925134258,1.9448669398235883
1.2612455183144595,0.204362335103907,3.4366915549154435
-1.5739582361221154,-0.80218661528967572,-0.24915199057874554
-1.3458677844741453,0.25839279884694744,-3.0365012176026083
1.1308088550818316,-0.83093635478769978,1.1617557407218386
0.84059033339578404,0.72956516188814691,1.827800716945631
0.29770176612942434,-0.69840301794798898,0.078433583275445029
0.71101159584126572,0.051803419308678489,1.3390400257089576
-1.3267239460669944,-1.6747214331543314,0.16679401001800287
-0.27181220628234448,-0.94156304712886385,1.7096277407482723
-1.1807898857774246,-1.8206742029605587,-0.13752805732167309
-0.45665708578660236,-0.48701815893279021,3.5756412852021167
1.346498154476178,0.68869362276493051,2.3651651181670954
-1.6370354659806492,-0.80776230009970962,-0.30950652069419565
-0.96220663174997889,0.31171714860327793,-1.9833350932944047
1.1690845332472777,-0.62157554329856968,2.2191396670842418
-1.9568979115271556,-0.66882540546638602,-0.57966109157233492
1.1071848132865156,1.1424251458029167,2.4515280985888102
-1.2510731605599412,-0.063059740550410748,-2.5470157737249983
-0.17807964500093076,-1.4627914281811205,-4.3656003459120596
1.7210430371541823,0.6846528325921839,1.5916577949881279
1.453174596380145,0.12629140058986543,3.3292943808394266
-1.1831374712579266,-0.33099389207491736,-1.1814521610549318
-0.84500103570656759,-1.3991788272034813,0.21052166337351119
1.9371263862146866,-0.094589905522032058,1.6272014360644071
1.1193776123909842,-0.0604701505165266,3.3559684815621962
-1.6150750620099246,1.6103128900057926,0.36673221859288402
1.1201514133953037,-0.14597713773245058,3.3000538481607657
1.3492636890705749,-1.8801860834875759,-0.97889934117129795
1.7283910716519784,-1.5180265058399445,-0.10190123458946621
0.25443139256204628,-0.83075896169182406,-0.53754334307939267
1.3198001730129123,-1.3288670675901721,-0.58393684223304432
-1.5720995168154595,0.68653858375404964,-1.8545801009974809
0.058859994129939253,-0.82284687937511114,0.54243225818281693
0.17085769699016939,1.0036478291939295,3.5138392290086795
0.45871578405165847,1.5902296493665826,6.5721904805451548
-0.34860608175014285,-0.44785249965939178,3.4513803754475716
0.18977963071593207,0.64663929793209185,0.5932498106552444
1.4422206232306212,1.6282707986508198,1.2479805763331306
1.7747623961115058,-1.9669722630130759,-0.18635252245911274
1.4409425471144228,-1.1590744254238308,0.27123128591043966
1.9664107607236416,0.79190487707723456,0.84306059325179927
1.1833408026159646,0.52390375405584733,2.7352867761702995
-1.0250920883515382,-1.5522340335200659,0.035544370079597251
0.098723212923876869,0.56136013578005128,0.40516124463250286
1.741510752014976,-0.34598820369762295,2.1582026896908011
1.0251747900994501,1.2084593401036892,2.7984145684711157
-0.79624855220626278,0.24571259796917611,-0.93448872383004278
-0.43368395537564997,0.21020899312429631,0.99387469866884603
1.1072220234098933,0.80197853333940605,2.2624084680703977
0.11290075831664126,1.6460947761034483,7.9243840298933348
0.47438995196718281,1.5207587958871045,6.4361754483229214
0.62662312834397582,-1.5496658732868696,-5.1861474383614441
-0.37907412799250584,1.1171694619561792,4.3705926824251016
-0.74691722404219196,1.2135396711997046,3.0711384408413189
-1.5582126368659277,0.22628475624385125,-2.7560144247192664
-0.040630684444331822,-1.0605850890380948,-1.1355897665797956
0.95261345185619906,1.4229919000810942,3.4661591837964241
-0.44814723434940196,-0.094233994544173472,2.0190693267453526
0.62414269149036938,0.01935020086073802,0.87880530101636956
-1.8710223280663083,-0.11750163516595746,-1.6494990992087302
1.6935615291557746,-0.53048510283295069,1.9847587712153305
0.89515427013366411,0.79028160727795349,2.0298921270509873
0.053314248923179264,-1.9548328331394602,-5.1605998184387953
-0.66307438556944809,-1.2483955493446133,0.63645845086975872
-0.11067807381372341,-0.10156060361594466,1.6843263239432738
-0.79401981849851833,0.42149186979603526,-1.0501544753034688
-1.3463206483151242,-0.43210083727715909,-1.2532699057161372
0.52522163124671328,0.9012785065912996,2.1367180797301581
1.9704679065956383,-1.3714462713139612,0.12619306591128518
-1.6880356229123981,0.0041690520416448607,-2.3383102926220607
-0.33892871416995662,-0.8627954571261649,2.7003587929280823
1.7076617635480527,-0.3124476561134546,2.3267683917736934
-0.5721284428648381,-1.3890126987940763,-0.93563655407904023
0.44344430139408741,-0.95123544794129966,-1.8487967276595314
1.45039236304055,-1.2847499596052927,-0.10479557531030942
-1.9273116416502813,-0.72839427122677303,-0.50147222910403977
-1.3258023408654793,-1.6357891836738783,0.21148428663814775
-0.54344303643354452,-0.6643866145373134,3.7108607246843928
-1.2376769449542264,-1.0659419214307064,1.0328987166694337
0.41797541798817495,0.64464228811803093,0.58596273963411594
-0.39661723679164207,-0.59638007595967224,3.7356441268450227
-1.878855428384449,-1.8110529298434757,0.08775672855327725
0.22689233485928995,1.2929092389030838,6.3840690050452267
1.3985046170006337,-1.3897459371108543,-0.50169819212308253
0.065812714864125876,0.49690879150397782,0.32917842406952735
-0.65978818980902143,-1.8263665824542399,-2.0248441829559516
-1.3250559873839232,1.7060454543706394,1.1511024451246008
1.6560723407067597,1.4578734184195374,0.83028956260274422
0.15288377520772833,-0.57685319132695412,1.0585581210213073
-1.9698139547739277,0.2700414309461534,-1.4033516711612823
0.01076587639784643,1.0818539646977277,4.5917650830899897
-0.8872894483279361,1.5280492625626874,3.4171978982490145
-0.9992612170275661,0.99302060270945258,0.18927057790829643
1.7830541296035989,1.1866916845467124,0.78081579025428016
1.4619986794216815,0.67935782131718714,2.2176012073708637
1.9972555323595058,0.84182331239057628,0.73026556332194514
0.44128999332491237,1.371847119168502,6.083666832418368
0.86632113026359958,0.78542705059090245,1.9720567290205704
-0.80322380398655535,1.5386827230258451,4.0420588258602068
0.82665333800344643,1.6760496402094875,4.1449234119869542
0.29112353673238989,-0.60579421638082542,0.40918900486563431
-1.6907938462691487,-1.4319903529037825,0.23098262889869137
0.85351898312374974,0.21821879613919837,2.0749134743495472
-0.11507250397643798,-1.279624698902853,-3.1687776907271963
1.5102586197441839,-1.7085709918531611,-0.58150915724750041
-1.190560297049656,-1.233956359139428,0.95415235174313251
0.27829677452133872,1.4644829191626099,7.259207721578262
-1.8594200539911545,-1.5403223409909028,0.12966872537862456
1.625776582244201,1.7934799554088023,0.64252706354290745
-0.20051835931725215,1.2201384674590479,5.9216295037227562
1.0002155504706294,-0.85378255839408523,0.61250748972873992
-0.69442323723913435,-1.9296155122631469,-1.7846664476411671
1.1891256202248548,0.38058652759183964,3.055298592161297
1.5812158994106031,0.70648388969025433,1.9039431617713434
-1.0744778284074887,-1.1100016524285234,1.4316850129057643
0.68212596645310475,-1.4891504876864083,-4.7351373902590996
-0.43098867496280824,1.8572872799808908,5.8247469991132679
1.1102719353476322,-1.1774511279119069,-0.80429938025511327
-1.5241329707010456,1.9994788901184024,0.51211095001346363
-1.8623028829195749,-0.43987273784798853,-1.1385200751689775
-0.14692072102562914,1.1622016156637822,5.4363447218829837
-1.5452051684732151,0.66941065373041209,-1.9527336887792945
1.6819595629205848,-0.70724594644063132,1.5961179455882246
0.60923475183088538,-0.18855581058956417,0.83221102487639953
-1.4719132572963058,-0.91345214047923595,0.21266195873485666
-0.49216926541631212,-1.2928455496822373,-0.59605029458566872
-1.7709397552455126,1.7448229483871511,0.21879360305140333
-0.69892068709924082,1.3079756870526573,3.9920398557504049
0.45704855483543438,1.2115912675228198,4.8850989789277302
0.20620519788409331,-1.5040141910746365,-6.3158537542333324
0.36556583535410514,0.75410553728653174,1.1075006389491784
0.29072832474102883,-0.60786076396253375,0.40541435475410648
0.24880596734380589,0.36416696141551164,-0.044022800119921213
1.1623343815514917,0.87850015864777076,2.226889382795227
1.84851356663961,1.075520023790022,0.76307844377560463
1.7404281365694514,0.57038913598005081,1.7475610959223522
-1.7556606514616633,-1.7077698281966298,0.1366912276795724
1.5920670058950694,0.69169917742076636,1.9087575279120459
0.81894370317510479,1.8557935921204995,3.6574489438808895
1.4375619182518138,-1.6737002552118407,-0.75747833404031373
0.25376768869896038,-0.9191922972824349,-1.2552964025275271
-1.2655078083438898,-1.6400631171094966,0.17272080348360744
-0.67279582622517231,0.60405975303897685,-0.19598062588652559
0.0925027846350015,-1.9468043424699581,-5.2714415112827675
-0.79538733236305248,0.3390703414917744,-1.038148370358021
0.3236757092567446,-0.34029085504373002,0.4643702114968532
-1.1186292554747868,1.4472109996852405,1.7915704690904244
1.3894335612440183,-0.58248414311965924,2.4699248592698457
0.77758103439666915,1.7921387916791915,4.1370660708941305
-1.4813138109018045,-0.80854435060489216,-0.065721597187628211
0.80190178656635247,-0.24143036144572805,1.7804240120818842
-0.070877574649355957,-0.38189462567411603,2.2635927479431501
0.65405349273733959,1.788505297966382,4.9081530137612575
1.0661978337145532,-1.9663377906729471,-1.905607957674563
1.61008378584456,1.7792744534589664,0.68456451648416383
-1.6877874534593218,-1.0500700065722601,0.078098239354044682
0.57515058078724124,-0.66344929303292988,0.082768812918169871
-0.47945984160439137,-1.6184745048917009,-2.8954772545668566
-1.1261502768697265,-1.2247062305321672,1.0692816941775545
-1.914093445210703,1.553222481315804,0.043366899194041277
-0.67554439992320869,-0.55497808398674287,3.1054949899960511
0.87191577193053371,0.9767764255612339,2.4775008594301142
-1.0256715189020182,-0.65884817037520715,1.3528974814511023
-0.78578369605737142,-1.5214455025679925,-0.61824535567677819
1.2123149091731049,-0.68552854832776444,2.0217432621903866
0.65166275938614282,1.3626354910986871,4.9452659753365076
0.39102860815497964,-1.067878663213492,-2.9257370276932959
-0.049929156235903438,-1.6923881648456716,-5.8576857409926326
-1.2570043263877526,1.3161759035781317,0.76645279447254588
1.0062063137897139,1.1698014769366667,2.7800147631930874
-0.22115355867257103,1.2747508950227213,6.3629015671124245
-0.56551325609106606,-1.2098666713966495,0.57625890814538783
0.53558208000949392,1.7203544561694359,5.8803934425581623
0.26588811796027301,1.7675935165479211,7.0518123362288847
-1.4044446305411622,1.0714760643379821,-0.53211559505761974
-0.13223225579740427,-0.068138362696059218,1.665679300138877
-1.1740967780055889,0.69026053573839308,-1.915302084211461
0.91843422559605425,1.7826150779941767,3.3332798948717954
0.65702018641926641,0.36285250785547518,0.91939207164473979
-1.7276562383315073,0.86817188232774001,-1.0851852785395109
-0.03533896039877038,1.2771435522234431,6.6476997053578897
-0.032169467913368388,-0.77743570305835186,1.4518861967437222
-0.79268628955943821,-1.8483747412663547,-1.3441048415230066
-0.59558056955527894,1.4599300430573554,5.4225393157806066
1.9724695590275245,1.6454918916321142,0.26364307199305792
0.80910505235301189,-0.46450443116475371,1.4824211691458795
-1.129634548696083,0.7054142802815635,-1.7585449271535909
1.4396934393483192,1.4446825369862801,1.4033184251518689
0.65446994563332561,-0.59162180237668927,0.53567696176557833
-1.6966982625317075,-1.918428286475115,0.089674318982794196
1.3756979377185767,0.92334619646867777,1.9280407026077073
-0.0035570278626997354,1.7348031925057374,7.7444738152769927
-0.47602558557822694,0.25853319252575568,0.74635679710382941
-0.00053055103312504848,1.11904184159338,5.0152067519443788
1.2481144504319515,-1.0454964761363148,0.35260606247190784
-1.3434791314882193,1.3384276746618933,0.5486239221541398
-1.7718441933706102,1.6866058320368094,0.20260749414307677
-0.84106147676555221,-1.5926269289226263,-0.66178068693181302
-0.18588522834242038,1.3073873873125703,6.7212422933051572
0.95213024452937356,-0.97849950145832221,-0.34781958155526027
0.91123325044705661,-1.3105619177169461,-2.5678716158328099
-1.5354797497276162,-0.55287770204146613,-1.0355432271602956
0.34688705181115864,0.51169857015675646,0.12443308609788331
0.10539591554908956,-1.5248412903065216,-6.1969519313571135
1.3029254827354153,-1.4099815199150609,-0.86589180380951969
0.40774011628021611,1.7011168934594876,6.6705509021856475
-1.9257563674492026,-1.2351898793578808,0.051401770955488812
-0.44367517831175918,-0.14279085094323385,2.2340132904980825
0.034520676714352216,-0.38680746648365982,1.6858369865271283
-1.574850577304026,0.63250946090788052,-2.0031347578216532
-0.5396418023637144,-1.4813250934460511,-1.7954464147077764
1.8026621408610897,-0.39767571464497364,1.8692737072921191
0.79906456535987802,0.32251269887175882,1.6834963960753107
-0.47083670610094863,0.53716609145352479,0.50795991147061959
-1.3536696250048683,1.6667424188291813,1.0435980116149812
1.9393583164737289,0.99197410942726183,0.68507930676673445
1.4279198613124509,-0.38348276172588935,2.9893212719699243
-1.2197899101586349,1.1122068796837778,0.032184119587199772
-0.51586923194931789,-0.93066830247561327,2.786410693564068
0.11452908282716079,-0.96339379545055026,-1.0408759584004428
0.048461801696418227,-0.046998003297325619,0.88660779743958351
-1.9147008387223297,-0.16939853113413128,-1.4627179445874923
-0.92010430238914886,0.07741396739425932,-1.3796777240097169
-0.6021924965914498,-0.1378666539556066,1.6001673376016345
-0.93079203223231888,-1.6713137816355188,-0.54023859997952317
0.83232267034967533,-1.8875126432576541,-3.3217435266343531
-0.67764851212952082,0.61820626250675748,-0.18407609601242619
1.1881850505468456,1.4243157555596881,2.3398771535457716
0.77564056779386981,1.9958483938551006,3.2628869008545935
0.020307726051424613,-1.2897532259170401,-4.1431546241317649
-1.8881967095261076,1.4370850283467349,-0.02540834315162387
-1.7877965043384427,1.2395780472366731,-0.24611120670368436
1.1818024719455487,-0.79692367507540141,1.4547423875613528
-1.2407937851592801,1.5175825832914898,1.3435160356240616
-1.3273174652540471,0.64033211113623656,-2.2493555260860827
-0.64372939185507394,0.99360786130632972,2.0357052446789154
0.21613663812619022,-0.44648249552116392,0.83495986595940341
-1.9170332789015552,1.2739054402811432,-0.19011035010275279
-0.058452084939616178,1.9963305088861891,5.8731219235163854
-1.8888122347499072,-1.4854238155815089,0.11927227021592569
-0.92821955407280332,-0.55866136318854465,1.5685176180258649
-1.6508889978020211,1.7164526568689631,0.35874060199553232
-1.7271846412302208,-0.69252810750209348,-0.65037657477537547
0.23742325412831677,-1.6748268310875305,-6.5143091330358072
-0.63526881887423814,1.6113726910005237,5.3279932492510635
0.63343013378530477,0.5998084007443083,0.96297414441351081
-0.057981364266420865,-1.9573803248441144,-4.8707214581743248
-0.062719334163638729,1.7337403365912345,7.724114653765672
1.6215475894087135,-1.1024810683598316,0.57683521160418105
-1.8991780520800012,1.205370857149171,-0.27861170366647336
0.88598215090113186,0.95929739884163956,2.4148470275115677
-0.63120989440257991,-1.3357446232613435,-0.19621980881942483
-0.27875175285882725,-0.99889818590619806,1.189589414015799
-1.413249843555993,-1.0211386659849602,0.5247301668602129
1.2262737132341952,0.42606422151348955,2.9925115285654771
-1.8185603084349016,0.097980171808557781,-1.9569813538388656
-0.56496249760814843,-0.82721493109366628,3.3765409289801527
-1.4291632121219704,0.25627928849569237,-2.9828126228150476
-1.6235905634132097,1.9360521791136418,0.38728233353800373
-1.8828600452172899,1.4180730536037625,-0.040179776840194296
1.4081148179314589,-0.50377186495929438,2.7000115082080862
-1.981278380459079,0.16994905064614008,-1.4048060617762348
-0.47519916241329385,0.97714762259997823,2.7050460243081211
1.6111616336430323,1.1201935744099418,1.1967833415501403
-1.5790260937131311,-1.0496584805283571,0.22146266773914622
1.8016976942344423,1.8907697369239735,0.32338390056378152
-0.043570061338569666,-1.3251102586516206,-4.1188505753994393
-1.3194910671636915,0.41672768288690065,-2.8511158757614803
0.94802136741085707,-0.1403221575356306,2.6380326677712089
-1.1473981143242238,-0.85798550648580196,1.2363606647953944
-0.51903647973439693,0.54338792903368383,0.35605615630662746
1.4211546140849101,0.84859640077276,1.9562165472066393
-0.68646931717872639,-0.24857474270417623,1.6460688830207193
-0.96316798401444292,-0.55400161106506229,1.3116659880576016
0.70941589177631226,1.1606566201783846,3.6454964086426811
-1.4836735242451364,1.1667505966402785,-0.27782741358286389
-1.4072943574756871,0.88050033447526532,-1.3164182689102015
-0.21352607180615824,1.2183901187956629,5.8748834115949107
-0.62621253354079021,-0.074253283927111724,1.1782547940716603
-0.71775941993320447,1.9287406126874287,3.8247853341063194
-0.34376195812332999,-1.9717774120203377,-3.5531659629357741
0.86508921313714016,1.5024404078033973,4.0236894606882236
-1.1869798281187267,0.35486541131897509,-2.8044639422084177
-1.4236207077922516,-0.45661800667908015,-1.3008228046237535
-0.86040078843889245,1.0883299614518767,1.5128089527150363
1.1175038214026762,0.67793399788649511,2.3809637381955242
1.3628113318025097,1.3157506864496513,1.7143350259609831
0.6006721782994191,-1.4345201741593647,-5.0502610396582703
-1.7351984400686196,1.854813163163862,0.26364769369013374
-1.8579713909054434,0.60009271346272675,-1.3695290962831532
-0.84961036961886593,-0.79232931047755017,2.6423977082481249
1.2961354932999152,-1.8155384076583512,-1.2036541361954427
0.96188645670138806,-1.3915589998368174,-2.5840565384427032
-1.7777385406788326,1.0380130725642092,-0.63244087283725725
0.47819517322136784,-0.79466952792594792,-0.679694283996223
0.7161435055470502,-0.70309691920300299,0.31260682017446934
-1.8314170014897566,-0.26076397210117097,-1.5555171152607223
-0.39596214118238526,0.73222910639027283,1.2515298126181009
1.9770483837701547,1.5851681652649807,0.28207611680386485
-0.42504898772716615,0.4378708801915101,0.61314416465006072
1.3189094717587233,0.95573867112469779,1.99261313564119
0.95762754295618269,0.055667515793144773,2.7296022139873357
-1.0810271308205071,1.0655975045507797,0.27658663094445346
-1.5732812866605754,-1.7656118255369393,0.14697859440539723
1.8963321825323556,-1.2315655034142399,0.2797425285240398
-0.89576287038153057,0.096510313088692623,-1.2707276086328707
-0.26780037491909936,-1.1188052319351236,-0.2056639332475205
-1.2882553796610026,-0.64970044912820857,-0.047686908202539152
0.44205389763029279,1.2267454847496366,5.0662531200202885
0.67518326451328692,1.9306499386226124,4.1160678368392745
-0.54430941146111844,-0.82456267050187981,3.3881593573641058
0.3184339357667243,-1.5137940813696722,-6.3299349217288077
1.5110370631518402,0.074620334528045174,3.216100256990289
1.8700829013679749,1.1302989136324193,0.67682465941051917
0.051348611601159888,1.8844070090221314,6.7952818157373622
-1.3069252257452511,-0.94046033971924303,0.73237288070164219
-0.82503637266409968,0.57140446471361717,-1.0310500639119915
-1.8844700363379676,-1.2591570061405777,0.08118604620624173
-0.020230774721935907,-0.26248603247735836,1.7187328912960589
-0.23178917749459615,1.4408687432511411,7.409857534439622
-0.19275848816865482,0.50141010659062912,0.76919886455161368
0.80682012806747805,1.7660801317333696,4.0439547874379418
-1.7964369837620477,-1.3657897023140886,0.16078954926403066
-1.335349884403132,-1.8961891147584629,-0.0047609873098551254
0.60570787759867262,-0.47488015171924669,0.65052243390065567
-0.232142782323153,1.7093734983305033,7.4538760376102919
0.17771195259442241,-0.78587385597284398,0.10991596058114103
0.57546171767005339,1.632881611735419,5.8303193252851786
0.45386592014013383,-0.1511771539539033,0.33594162832913149
1.2235647771658664,1.4252288943525695,2.191721001911092
-1.3580502648460322,0.94947094554045197,-0.9982395590540738
-1.7647877738660132,1.076028298897624,-0.56092659149680735
0.97027715403476389,0.59114041476237089,2.1723168040610275
0.13065811646494963,1.5372084748354791,7.9161316626756681
-0.91512321280428832,-0.58951864302607615,1.7887430932964894
1.2299139628433826,-1.4635314974808069,-1.2915236736050308
-0.8384856985882494,-1.6216106243374759,-0.76572106534922046
-1.79687397091763,-1.6976414206954633,0.1277706042020601
0.40117942142844321,-0.67794188964238788,-0.058137193605003162
1.4357847628328346,0.94342154397640865,1.7886135278448663
-1.8403992891983725,-1.5715727419140042,0.13435736471822857
1.6327060422056157,-1.9569922675138007,-0.33926227294929867
1.697829695692457,-0.028735697434075336,2.5795414317828009
0.53272526944436294,-0.97909113001347015,-1.9877674779694485
-1.9249098854488396,-1.0484169904076652,-0.074089199745383083
-0.82527677111499154,-1.574032963073611,-0.66232558777952866
0.070376806699411265,-1.0479642042760928,-1.7010144414195603
0.43101779786579897,1.0603439440173785,3.5973321266734386
1.0404200669985721,1.9000706327058281,2.3528827801253605
-0.37985352681733753,1.2138390594504291,5.2537303452371553
-1.7195620700543484,1.3295369528561505,-0.080870766060881824
0.41239610810813598,1.5971636166480376,6.8289698909981356
1.7888039300936902,0.047809397962853328,2.2079820672425674
0.41244222522765028,-1.8729569039510194,-5.4213902968973153
0.45543494931714523,0.17217807851601741,0.17193588335545229
0.30824574468732191,0.34688082837626943,-0.061025602759484064
1.307734123867101,-0.45431902407908642,2.913626598124011
-0.92612108303207652,1.6845319674641606,3.2019914705212176
-1.1993778946434888,0.80952080296364315,-1.4379635374392656
1.1874615848996632,0.66166565844473935,2.4638415684592889
0.91710241869600884,0.87131926258030967,2.1966748837499428
-1.7313175047745513,0.1912083809191083,-2.2485107425279978
-0.60253637449208131,-0.94520494610354255,2.7989678107405775
-0.85813237275439613,-1.4105204371942754,0.1882985420624613
-1.5000264907066481,-0.7145470286999076,-0.39718244516285472
0.85251878549873439,1.3609963953878164,3.880607595976691
0.64686715364096115,0.14668097926249946,0.95494712702961626
-0.69878477926797666,0.17825191086255909,-0.16586779422647119
-1.0695408969493734,-0.15685457752042686,-1.4512902120576439
1.1709968531110109,-1.3259238831938176,-1.173369743142721
-1.119417336681229,0.19341357120833003,-2.6327939478954092
-0.62444090657234796,0.087291308814914981,0.55928136003576667
0.053921952373434667,0.54227916520911146,0.4358115356914179
1.4367337833509728,-0.87939367384508649,1.3318531611845963
-1.4092643849453073,1.9938527167919928,0.74193772885940978
1.2987142425817879,0.7981386179955936,2.2086185377345702
1.2221227902996938,0.7324618576554518,2.3532537661469561
1.2346460354930731,-1.2893978399608386,-0.76396905870969067
-1.0222541310527602,-1.3438974976480256,0.74662585536266546
-0.77727067829971386,0.21167722388051313,-0.74972875693590046
-1.5693896269156116,-0.022091341214174776,-2.6162856259342431
-0.54784786335717106,1.6768737334060235,5.8648197404382358
-0.19890774515280962,-1.8882553707237286,-4.6391768139367509
-1.3471557872843816,1.7509723312297036,1.071927947895398
-0.86858041841556655,1.2185460751662567,2.3108306438148776
0.50664133823266599,-1.4949980783955983,-5.718930485126922
-1.0074105749735871,1.8852155459843605,2.3755746839214549
0.27982241849998868,-0.55991628435803653,0.53601914945158358
-1.9870285307931641,-0.46967700819204361,-0.86691245728370958
-1.2609817201159088,-1.6799045397958761,0.11580277833111141
-1.1350951557914155,-0.21080220497459634,-1.5498056813458514
1.3641600146827679,0.65246829716565546,2.4255456991737341
0.33360706440541454,-0.051836820866348665,0.16487718664288861
-1.3552770445000131,0.44829633321632745,-2.7821416333903315
-0.95050723359149969,0.38603595317418682,-1.9133772760353986
-1.3308908764371954,-0.74927358949086309,0.17505640479510934
-0.024105991057194132,-1.4270375180169728,-5.108279029660876
-1.9031459880145767,-0.94747818724327271,-0.17862806201502565
-1.7285340491775676,0.62039378769906417,-1.6731055453093688
-0.95602047669822565,-1.7736287239671609,-0.631004562846884
-1.6133198777261746,0.39191561461893265,-2.4340940833993869
1.9995384118790511,-0.88599981771615299,0.64420688844060048
-0.51489336330653712,-1.0412159513722103,1.9214102183344133
-1.2866879345899509,-0.77263010522679587,0.41749796613085677
1.1348925388921676,0.20822198958885263,3.2624304370765289
0.78252142373721645,1.0794022849792282,3.0195198217686468
-0.65730427456976748,-1.6886417181399409,-1.8933493814165587
0.35437240108179058,1.4479657058512849,6.865405520300409
1.8296328228949612,1.1041141788366367,0.76988708654899907
-1.4344826459091278,0.96661692895753593,-0.97477125267352871
-0.78709677104108522,-0.76802757973134739,2.9272109405921745
0.059815998500921896,0.34379447045948019,0.27643563139574462
0.73328395682005443,0.65638844103725713,1.3999385712901606
-1.8328884958375133,0.21145656086961262,-1.8908596961212458
-0.82696754297465347,-0.0099283556039995169,-0.44653222976544371
-1.145227898290301,-0.8722768786571744,1.2685806679849265
1.9988944517353548,-0.45768476479740361,1.1699796583108795
1.9613597761385151,-1.9133025945757134,-0.075770048018232061
0.73917599776251786,0.35773953457598884,1.3387727278688897
0.42987517726118529,0.10212896170909991,0.14420204677429177
-1.2284538551785393,1.4069177971559808,1.1589364026486486
-0.36824941083909213,-0.036436036351610079,1.9213522619097045
-0.85739864679164413,1.13353458287013,1.8358046120140543
0.63282068260228685,0.68421675293925732,1.1627012861073702
1.3264232761967105,-1.5856960415887833,-1.0693390116721291
1.8429463338736314,-1.0327743881133995,0.61487955812683415
-0.54378195796367979,-1.556251488037931,-2.1822316586062862
1.4041862694770408,0.45288034161553714,2.8502374146726703
-0.80617796389357599,1.453231885670327,3.8392751818199642
1.6426214176660863,-1.4082547782914792,-0.062414344147191853
-0.689048645205524,1.3831974819780823,4.448205603702978
1.0471960981139001,-1.1097341776361138,-0.72460453517793388
1.189423298795274,1.9296293135190883,1.6546489818503771
-1.9546190480320316,1.486166554566748,-0.0093620093243645883
1.842484428552047,1.5412859169921496,0.45495276924832262
-0.98480980051320621,-0.92484378620948826,2.0012361316918481
-0.42628514023307917,0.83039852730639963,1.7428417458905825
-0.98813697336222117,-1.9485379073926645,-0.63036190190579078
1.4857218951809452,-1.3314013322273199,-0.15481033919138767
-1.7491792852428736,0.22426678050323412,-2.1741090401225454
1.3081450782040651,-1.1953368364030301,-0.15142354559970503
1.8124617380865593,-0.78839836152120379,1.1339657222299706
-0.11926572238122501,-0.81784815888906648,1.7695762814290612
-0.13313305917828844,1.2162340102889688,6.0025395917125639
-1.0832489295611007,-1.3521951739140674,0.73360025723603628
-0.42785936599916163,-0.055726997695432212,1.9087070891879221
0.40897757464063345,1.2214779879589441,5.1444760411893862
0.60975670542592564,0.030857737107690131,0.80550500460459995
-0.44456063397999745,-1.9119608208354144,-3.1890955346992231
0.16496881492920767,-1.8033967048285455,-6.1278591918152028
-1.1758702667322596,-0.94849899591353171,1.2202793390422439
-0.13071368260377136,0.67321631697251405,1.143261342584728
0.74674653221080822,0.34240612087315725,1.3880391540569645
-0.88139839921022478,-0.064850820683015176,-0.6189737721361972
1.0959083293718517,-1.842227870979374,-2.0291488086090546
1.6133959364302335,0.64211854002173707,1.9597681645692362
-1.3369641461033221,-0.77476556514667605,0.2379905280622607
0.37522916862400946,-1.0268574505759456,-2.5234190617973753
0.3111842397678859,0.016428289485337366,0.10878022136539503
1.7229717168754477,-0.63098254674510024,1.6814451306754468
-1.3929962743443136,-1.8804688662602729,0.043131093738128234
1.5090061820896916,0.30109044993092748,2.9530310145971952
0.54952855771578468,-0.17982273861824294,0.60026933208826827
-1.5863358741517122,-1.0790413400704364,0.24166581544322038
-1.8781314841680705,0.66622514046595382,-1.206693294032062
0.83727749142810159,1.7251287676374196,3.9706727870397267
-0.17082009455156077,-1.9153594226293906,-4.6564752426956382
0.11246912288863076,-0.052932063193939838,0.64770237303816747
1.4203673774762655,-0.94767911191720233,1.0543136718003878
-1.6462581471617344,1.0228712543971961,-0.75773273849285538
1.2444294568404981,0.86271420969594415,2.1773252497600266
0.81765590017091316,-0.84456345639049712,-0.073060633127715643
-0.10564020315663547,-0.18312624499419039,1.9047702829263788
1.5448448574416105,0.036825425248086407,3.1290707311545893
1.5257336463734923,0.36537284001335513,2.7875129699536378
-0.78505538920766038,-1.9799362442702522,-1.3247113996002391
-1.1237848359639508,1.4382552552717511,1.7412179800745589
-1.8213895183390363,0.70385268910943743,-1.2718140087797385
-1.3329483925212391,-0.67383450607993156,-0.11318474614878105
-1.1228500174841178,-0.44730426736152462,-0.25093851150537588
-0.12835482670308451,-0.90992723424916777,1.0788998716783085
-1.6047933817942757,1.7469074376588507,0.43822362077074745
0.90105418768730106,-0.1621979082211864,2.3817547171784956
-0.14738979043260447,-0.67277088543232488,2.6755542610628158
0.4290000039846511,1.8071583923963552,6.1161089379744134
0.03711395632658121,-1.767071716843525,-6.0443361925424002
-0.93676543099815945,1.0313496392435302,0.72479638299134208
-0.87840288732626148,1.3693768106941082,3.0245702563096262
1.7110527379169937,1.4267675884862756,0.73964758025161326
-0.34084105457471514,0.099888368562321972,1.4705183089615677
1.0799118862400059,0.067842994170257409,3.2333315055900242
1.3813940529570323,-1.1407249948288645,0.23605269803033441
1.7123171467129423,1.6116507390963095,0.61717335662961514
0.78039663004852411,1.8598251365547869,3.8619168355293065
-0.62293987452828059,1.4811479980126618,5.2820004683454629
0.82710315471189411,1.422310941036605,4.1500166724761813
1.9777320560226084,0.39222526969087967,1.2692787081662738
-0.18232091313980825,-1.3353769301961449,-3.2588327289224277
-1.6420248350778071,-1.6382774966554341,0.19234817314869429
1.9896503555063267,-1.0838579142451117,0.40842953757575706
-0.27361585307036873,-0.42463549176334503,3.2368387428880965
1.7420706041357299,1.3383756122073218,0.74058939525561596
-1.4035695464037758,-1.7985835609786835,0.096599853815049791
0.9908990313063577,1.4681562665034034,3.2956961515055592
-0.12517675244092286,1.2471235151171833,6.309326569897765
-0.33823322895486863,0.17023739516324499,1.2614083790795119
-1.663139094712333,1.3787266064135903,0.039722451128770618
-0.73987033090901755,-1.5360524375237734,-0.90172850927950077
1.622238268517564,-1.8129998897232813,-0.3774838904817141
-0.033517476750375419,0.94059924214108159,3.0835129985060523
-1.0739561494181045,-0.80733704021708785,1.503147277725599
-0.91185172596966324,-0.27753756205145685,0.19886137078005162
-0.21525789800590855,-1.9913823907923656,-4.0821235247612124
0.62944263898774322,-0.064128359972332794,0.91966334949987483
1.4258692383762122,-1.1856733881938726,0.15541767619299146
-1.7762133631875501,-1.0861569878111377,0.036559962498610606
0.87014175562162599,-1.8388246155051662,-3.2640865244341102
-0.22460368270035436,1.4112837271517344,7.2953043752120079
0.9309933518725928,1.5017709695322656,3.6387765847993023
-1.197381896579683,1.4131445379906329,1.3124883933613685
-1.4886934115971966,-0.23599928292607064,-2.2140797054777099
-0.52765172772943836,-1.349739563398421,-0.88873757066960157
-1.8944053920483508,0.52127739502249515,-1.3892236840347323
-1.6292786318620731,-0.39086536163281593,-1.6057372834770591
-0.47065618018960986,-0.23100499231642502,2.5574650704265305
0.85464681988991886,-1.3053211750222484,-2.8986772916825116
1.4406913273036217,1.9162943432946187,0.91048520854428372
-0.92725768230072325,0.81362251607200209,-0.55250163516191952
1.0048356440421542,-1.4289614271409357,-2.4331399011717982
0.04034696704868157,-1.3213629063510797,-4.5625627232442207
-0.98701246459562686,-0.14767124495639372,-0.98632230067134463
0.201153828870416,-1.1082987724134283,-2.9978953447459329
-1.6112632583239819,-1.5120022121062293,0.25855893399746777
0.60083310323762884,1.0311064518263682,3.0348092745746658
1.1164510963567067,-1.9492532202060162,-1.7309502862487964
-1.843038533613913,-0.12595375897523708,-1.7245807924827674
0.26687740261081228,1.984545455787587,5.5765809162380604
-1.539819402077117,-0.60956169412009231,-0.82730312231704983
1.948872039015757,0.96561148060740987,0.69392724949195961
-0.64866347145475634,0.64362245960511899,0.022447743822030103
-1.9205249868817322,-1.3059945571298557,0.079823490240654577
1.3240509427462936,0.16288623496365728,3.4819544387908956
1.2434764557597524,0.42065889269851331,3.0147712080814157
-0.89851344598518867,-1.9920536388552248,-0.89497667709446516
-1.4303481057083827,1.4989509061299264,0.64854156324805667
-0.64566038830786177,0.50837276292928113,-0.21658409930073494
1.738086280954259,0.31996516097611893,2.1731283239914583
-0.3400232308351514,0.59786392383979692,0.87742426237456428
0.30720539491806864,-1.3814055321218479,-5.7098156264265292
1.4557621323637511,-0.98680197417841242,0.9175209512854311
1.6437746063182894,-1.0178544079955769,0.8020981431603289
0.95525107224395045,1.5453628768477108,3.4988178752281396
-1.9723846339632092,-1.7444693435910736,0.076674011318413254
-0.46556038570321179,0.22075305979899618,0.87458107433363375
0.26127320375869001,-1.3082346424900948,-5.143718671810924
0.39941171529821595,1.2760009034088724,5.629519207712204
1.1379784914708568,-1.0872025210608882,-0.21475356074823787
0.47057877508012247,1.5203180730554848,6.457269801775074
0.1460250693692795,0.25240464386296102,0.13188418283963471
-1.0002474428207306,1.0436239349589558,0.4966779231476347
-1.4052787926893666,-0.33623078418892027,-1.7989756219540647
-1.4954282221978716,-0.24922528121860665,-2.1678483708130205
-1.9061530274666942,1.4405205497004805,-0.028012347067796609
-0.64253607817850455,0.35833218897689623,-0.17326601450740425
-1.9839191704640369,0.70865718176110892,-0.90327895182076012
1.7358593622154528,-1.7061421001323986,-0.20754415152117947
-1.7854421172316046,-0.01599930591862142,-2.0157059323726223
1.6845401565853915,1.849830361144118,0.49914065828963422
0.21339636112115157,-0.32346796426909141,0.73923208864117551
-1.0426325608717959,0.71217892698913454,-1.4813777863026292
0.25909473665879146,1.5688218575920203,7.5515633467566552
-1.570769189847157,0.7248417488526373,-1.7422302462614478
0.1215578259253105,-1.4566111118488907,-5.9281525554615984
-0.57963411458941572,0.55856386137227076,0.13902583907701441
-0.026726743002409403,-1.1709406962221403,-2.5335094002990743
-1.2740201907501962,1.1929471258247273,0.23707800305560944
0.47239699629153309,1.6411312440655039,6.4472815497822618
1.9311285940773573,0.5868783442673462,1.1764570602422497
1.2554211762397318,-1.5062536315146131,-1.2577463709109911
1.2726503639639475,1.9621807541965199,1.3012312779485269
1.5908060612790651,1.3445786498808499,1.0580674075459922
0.87303793542591768,-1.5532649775032039,-3.5584660783140949
1.800443269034846,1.2710689417714987,0.68388563856513651
-1.4126809518146595,-0.3658451996375176,-1.6820646959106413
-0.24522338869540139,1.8657448705594195,6.5571812854813389
-1.6127380269938407,1.0040022366638817,-0.82848164388622614
-0.67948603873949431,-0.37017352768744138,2.3089843688603304
0.37138257373905015,1.0985561071004,4.1069370188431575
-1.4781107582090882,-1.404323702019787,0.40873146582863717
-1.4532850454455035,-0.32644609750966302,-1.8823416591737394
0.11936159754016185,-0.30122374275660224,1.0986556336252056
-0.99344711792052376,-0.51830757937803273,0.93448770695632355
-0.26896581307417033,-0.2045261619505887,2.5024411884674702
0.78183715616165772,-1.3486700516336074,-3.5781044472711052
1.8894285074633919,-1.0792616054810549,0.49709022986095197
1.6020525760608986,1.9247670895578803,0.57088362844766383
-1.599025333216985,-0.94327391025818996,0.032488952954953118
-0.82777758690582992,0.040295825928635232,-0.63250565293533312
0.4329812328571383,0.063801598696837214,0.17051257444355714
0.76683731118716381,-1.628544096773733,-4.3088740296177122
0.46459880910855578,-1.7248040867189471,-5.8690333590837893
-0.65606465825208748,0.87709818275618812,1.1290393357388653
1.7224043041485397,-1.302627879122594,0.16921999870052029
0.41981812933435991,-0.16444909330726332,0.29564491426878209
-0.79701138591038756,-1.5374694491833456,-0.63920852655878413
-1.2332945410677492,-0.81099086689049438,0.74985663845993378
0.24697724741610827,0.35648761032206666,-0.044572573953776125
-1.5369455527680345,0.90203531556521011,-1.2002202250891976
0.84992953697017093,-1.847466618025881,-3.3556765284635186
0.23942095761986337,-0.60008337714428861,0.60888812892376054
1.7587586441868779,0.59617025423176351,1.6475107957694541
0.38576652985269666,-0.29586069844034757,0.37551546749295034
-1.5641237439566074,1.1018736166455598,-0.53733057512063198
0.08994363709232589,0.67068345925886952,0.83566484957850073
-1.8912544560072513,-0.8164768301282983,-0.36832241823971151
-1.2490830995190305,-1.7231346483293,0.051832925032658447
-0.2226276223448509,1.0814038619427242,4.4690250153593478
0.023366336980633839,0.33747891915934236,0.37113864956277987
1.2425544320353876,0.33766093378609829,3.194378282368715
-0.01188167914522209,1.8403767248836789,7.1346372745982505
-1.6477559751926965,-1.5354526817437972,0.23010384191713765
1.3195924098274663,-0.42517314882005097,2.9926130170262129
0.67230940972268272,-0.19233106894088969,1.1245260989856256
-0.9353331184242677,0.54551129870375759,-1.6213743903167928
-1.7591350456787365,0.3216628939563333,-2.0668499751210745
0.95288073170766596,-1.0363187254009294,-0.71729528689973843
0.56437003463591573,0.47097263451749294,0.54910339951820331
-0.29864355255296937,-1.3838237902573831,-2.830900289687496
-0.9197224142904401,1.5613256846363677,3.2336809987813178
-1.2666561584792375,-1.7900281671899987,0.002507806711943358
1.8821860243982322,-1.8142185858523689,-0.10903713896673668
-0.59571705462025082,-1.1487090514678346,1.2425890552718066
-0.1182395492198185,1.0493033073122415,4.2478592783254401
-0.94307288799088917,-0.42291707785827914,0.77761442386912227
-1.6820458047207367,-1.6311666298358902,0.18179659494314457
0.28839539325466834,-0.9962008880298967,-2.0872024669645288
1.980866317788692,0.81890416147842915,0.78488957687855299
0.76279481209323441,1.7863818608286937,4.2472863917175481
-1.1613867629495267,0.28466512231513486,-2.7900697819235636
0.0022829903579504318,0.79133255963188587,1.7119078848069422
1.2573863650554173,-1.4664502657307197,-1.1760140563279
0.2703939157501134,1.6137935839830346,7.4969807846363885
0.24415749185888291,-1.6472698920398665,-6.5407132725793842
0.79749040974492402,-1.9436422399867712,-3.2905408323533143
0.68413331860074633,0.36219665871925066,1.0535586987076542
0.099108629804120607,-1.5923775071992194,-6.3556291707086743
-1.0892640166298218,-1.8971298010516389,-0.36287692161693696
-0.76928946994187686,-0.47409032377986837,2.2504286242041029
1.384681125038806,-0.020579819483167006,3.5179454154713565
1.795319989532981,1.0806248578037096,0.85595661516632149
0.2148024817708003,1.3969666714662985,7.1670315697262454
-0.55880501413217343,-1.2057528238201083,0.58400615970587599
1.2546465654118792,1.9441981443880048,1.3951129899033257
0.41359279980424501,0.3507956087979931,0.050644694998659111
-0.9471193450413633,-0.039465691665436342,-1.1762622560609515
1.0242215905631564,-0.23752725484186277,2.8715064735423192
1.5846475997729152,1.5152070080167506,0.95212848366702241
0.24244266440546403,0.99589923863888119,3.3102539969184992
1.6823060580278595,1.6464092240500379,0.64827067375641956
0.26409240495333286,1.3340796057401678,6.5887933868080886
0.28716892132011251,0.26130148106898288,-0.053198042479788148
-0.9734570667727207,0.49809409673072835,-1.8884768055263843
-0.84300642624063227,0.27534477145722169,-1.2705514004586718
0.81283239387729767,1.4307690605899457,4.2464666423237309
0.75747811578932467,0.2967924206574577,1.4770883069405405
-0.42291395511933039,-0.83246912451752597,3.1847769888804374
0.84831311392127873,-1.5941414952628254,-3.7566975850709055
0.15947468027018097,-1.9597416944200561,-5.2386275720883804
-1.5558032907107791,1.7823186497205912,0.52939592330600949
0.97186475834095454,0.49450608888643455,2.288138778359019
-0.89331626603567793,0.33130819051645455,-1.6115930152996973
0.22666517125173291,-1.399687624216849,-5.7974682123251737
1.3595632333986511,-1.6583136572155319,-0.99745202450001991
0.84884610315501385,1.089183242584796,2.9304675638058395
-0.88832047639928469,1.4162742533625123,3.1326481987577797
1.0449291766062765,-1.6525442437933868,-2.4901826068242316
-0.17544579343736011,1.9707264179281885,5.9332056375100715
1.5854094620814889,0.20265696960733282,2.8702855632501776
-1.1054871468044092,0.77778883899621176,-1.3738065293241113
-1.5778974427439907,-0.59647444143387651,-0.90545824479701398
-1.0157239307118595,0.78949714623849143,-1.030161238691695
-1.9633942667328765,1.279036034561952,-0.17735361852851381
-0.96598444923462012,-0.86116287578785178,2.1007954203016372
1.7244891322419855,1.5055581735100096,0.66329184684919662
1.9903531338594482,-1.4438711798751651,0.074653734640360778
1.9284974041223517,-1.7462657384403661,-0.072697905403220964
0.37061957447617244,0.22662973754295068,-0.0056053596556195559
1.6675237207163316,-0.88252041800084435,1.1537350525630365
1.0550189432969486,0.27051565005369937,2.9420726745592436
-1.3454281641860359,-1.5567747535820218,0.314544712474147
-0.19296372411144769,-0.70166791940946371,2.8403411993279781
1.0690760816058913,0.45628443663165275,2.6583861705344058
-1.6705895133986601,-1.488214026142042,0.23226333212160635
-1.8399968962222621,0.39402884486037548,-1.7200091628694283
0.26877803103914077,-0.17497044051669874,0.3795612692607172
0.47740221428979046,-0.38275072313767455,0.44835881898118268
0.1832627771105515,-0.25177072070135398,0.74239374877156838
-0.35351666734217679,-1.101921945324337,0.54716031798201659
0.71879722804228496,1.5675992583625362,4.9519161758754455
-1.8490266670944255,-1.6673989683437238,0.11807119020835695
-0.83097376836966452,-0.72083788353126255,2.6756647106043387
-0.92779737670448004,1.1619984388515689,1.6077553765074597
0.49294431914433456,1.2964119800289975,5.376372271376975
-0.023828695646456621,1.4320068364839011,7.7408157585119683
-1.6660603094085831,1.1469928014706965,-0.42968046829716622
1.280098796358081,-1.7139080370221196,-1.3055146802431874
0.10378939692722788,0.44668391897453441,0.19819829621852691
-1.9976417899966912,0.1520299837755652,-1.356227865588457
-1.1981926257411735,-0.1978947115926879,-1.8839315735271132
-1.3233251712659606,-0.69577177555522041,0.0071425647834389705
-0.85938904950302941,-1.9847107191239095,-1.034403710647158
-0.60795965793316054,-1.0633810462467084,1.9833475227378021
-1.8360181478717639,0.36381431279246845,-1.7664339761369969
-0.70886352072153169,-0.12790109749193768,0.89970357611740814
-1.9308545808608191,1.1289812859947883,-0.36701267029737578
-0.52716404734477851,0.098267328141121713,1.0142416423644942
1.4755592987383563,1.514023481701003,1.2453020299584567
0.83059787563992415,0.25201379799460444,1.9183759398343139
-1.1842476884719293,0.011627100917127375,-2.5593217588151709
0.64376185746543424,-1.8156053246511226,-4.6628129503574751
1.49823061763492,-0.52550732431795466,2.4930078704919123
0.7287104304913834,-1.465006259328141,-4.3711048416788962
1.860035688129293,1.6127605367147613,0.39601731853784394
-0.6506341152002062,1.7729064545443145,4.8975630527048155
-1.909877894563528,-0.2377997224445727,-1.3887919774896484
-1.0587002366128,-1.4162489337059112,0.51392638043201866
-0.051842369893338791,0.01054247631899452,1.158579762429131
-0.21897660282934495,1.7625158147541815,7.2645561931261424
-0.43165607862929734,-1.0533186518508328,1.4772720530561523
1.1208010849565193,-0.52348148035311071,2.4847417537630418
0.25671133825732229,1.7948856460887859,6.9422270649611741
1.4084585770252853,1.2865880048770362,1.5866868963586176
-0.15763252496142477,1.1183009201639886,4.95941235653659
-0.93749757037100201,-0.34611484152980876,0.39204861913907013
-0.95713525388716758,0.57114731500701099,-1.654077307858463
1.1951395459193668,-1.7760246586140389,-1.6422961501330051
-1.3988800316421157,1.7371907356165233,0.91095414414868192
1.2702158538239279,-1.954640945987683,-1.1496416908273805
-0.57753065231563716,-0.5475288383117729,3.4809946652664996
1.3403708952422249,0.67231836301210413,2.406333161429663
0.18590454311143967,1.0945901543129088,4.4900285643732518
-1.3860122732266071,0.57325102999898103,-2.4460345412959925
1.2048152620550172,-0.45002975985047233,2.8684639434815606
1.9884376078546069,1.6852632102342251,0.23599115818359423
-1.4881814692237234,0.60159175375491447,-2.246621871051147
0.96916536245498053,-0.1051715361984602,2.7636230790731946
-1.1512963650475485,1.3453621744812581,1.3147074532328298
1.5274506198543998,1.2983652908145582,1.2490792456999094
1.8873961443910221,-0.67647248945543392,1.1743040489653302
0.056540169974301335,0.27686090398053764,0.33251042028872385
-0.66368267176276707,1.001099842327176,1.9870464041068012
0.47393379670974811,1.6643835253079495,6.3961742671523671
0.086748864640815437,-1.2664933566561634,-4.2441489164948099
0.66332757570347312,-0.23626265937345781,1.0675551781935342
-1.5310617711683483,0.59711203182689365,-2.1859059177547149
-0.79644127791900865,-0.72142436126682585,2.8548488718633651
-0.67690401837944436,-1.4695005487449,-0.88314871024018959
-1.0133003323228591,-1.7878610876095906,-0.47155279222230917
-1.346625227928917,1.6365241567130071,1.0538978658092022
-1.0357195129980405,-1.9474905129483773,-0.50363315685936061
1.2862435296171046,1.8030551036324165,1.5498801283957007
-0.37291300064083344,1.5270058655956169,7.0225274082098341
-0.20892225186475488,-0.21335343688992769,2.3849523443759812
-0.13659787559710823,-1.1715449882389191,-1.7753880680723639
-0.31226734167004788,-1.9289524147573205,-3.8864241350583995
1.5060296225364991,-1.8615313687895498,-0.58474245657577439
0.33562489219570413,1.2175714881157442,5.3654432304986601
-0.031213647631600949,-0.92849444041712825,0.23081923876265362
-1.3836215866229642,-0.24525127140067493,-2.1435352397817251
1.9804634756723485,-0.59007860987910776,1.0684916121876697
1.5317264351492739,1.1975671269447052,1.3124894891527765
0.94178604712500258,0.29589066770987671,2.4438168850886619
1.3919006279599233,0.25283605141851284,3.2826665805213269
0.90265570583243893,-0.39572772082041707,2.0651361487490973
-0.68791436375529691,-1.9903017013809523,-1.7352714941924867
0.37469841877367704,0.5545673150610968,0.24636480411895456
0.89307865437791989,0.71543699100517788,1.9421156707587259
0.92117684792224708,0.78295493708579178,2.0633342263461905
1.92839428237866,1.7523983932638294,0.26237798243922617
-1.2201247408223952,-1.8120303003654838,-0.072373142382382238
0.57673379128327973,0.34820753391430825,0.55634767487570869
-1.1917419719317519,-1.5002998244985986,0.37315290977273174
-0.9566783188154464,-0.7228348003171774,1.968311259804973
-1.938865077591547,-0.51412085107538386,-0.8701455596181068
0.25872872316977968,0.21267613129184326,-0.014905760432173745
1.4582159700799968,-0.33928929513513384,3.0290741783042736
0.87803604694077286,0.8503391282870103,2.1191651951849133
-1.5521584030962337,0.48092851037602902,-2.4264853613517592
1.6869383172213603,-0.26197232142913851,2.4675302288111021
0.034189633351564996,0.65358205970618721,0.83968763951974423
-1.1640358326171061,-1.1835478211267347,1.093374217749095
-1.6298167575484466,-0.97652685695736197,0.046135677881423323
-0.3996163355092277,0.07026817924709583,1.4986848237264285
-1.3724475002329932,1.0856195614780249,-0.43169937372839406
1.914984178128512,1.3516711422291889,0.45863696421487099
-0.81811360250477128,-1.1660974908990527,1.5179060972642269
-1.5057722789453496,1.2374513778848373,-0.090091693683418003
1.5601853042983538,-0.76161531099529012,1.662841913060495
-1.0945224925481432,1.782864496106658,2.1146186562898013
0.59738948414670334,1.8478977655984954,4.9799348768503817
-0.022641812105841375,0.96468749057838021,3.3259569299263938
-1.116520028476427,-0.86502874109290162,1.389605452616828
-0.50631569896239914,-1.7168125414077378,-2.9306315883869987
-0.66848218196083642,0.66591648966496431,0.0013914065585504953
0.60333440469149391,1.4993628045506324,5.6310388521952985
-0.98036788104377748,-1.9312874203396464,-0.65195664958906108
0.12488349874819615,1.9660110435378009,6.0543048011012166
-0.056969873597373599,1.6217718800203262,8.0606570133315145
-1.0167045897291063,0.34048250331713126,-2.2475435468008746
0.71298188988420419,-0.05245803170746699,1.3615952188825111
0.36206756668129181,-1.327868476998542,-5.2945657817382399
-0.29465721142889745,1.7261072216558939,7.147588974260402
0.65937200639355087,-1.2968557584162941,-4.0291863759980977
-0.80975426009474716,-1.89321784076469,-1.2697621493474647
0.31890394965044022,0.5283884980718101,0.14453344302051674
0.24662229399123259,1.5199661483127822,7.5391523819320208
-0.68175039838770513,0.14754564588805019,0.024500514707710419
-0.39478878325921407,-0.46074493604186295,3.5238731139671557
-1.2367419777637627,1.4483572183297655,1.2268608645170898
0.45167655031676723,0.55356268663272878,0.3588750408930298
0.4766010638936331,-1.3779586590036559,-5.3505024570746889
1.4057633369044424,0.67434044778964797,2.322330584322633
0.56198046889011932,0.54817393842310702,0.63537366225286784
1.6014180834377365,-1.7235847694271351,-0.4012612020338312
1.1512307557478705,0.69086514818545863,2.3943554482302276
-1.7998078365890213,0.13777939404303963,-2.0234424323556004
-1.8936003384057862,0.62901826277374084,-1.2299175991185847
-1.0144512454287775,0.12067605281252369,-2.0513665028775394
-1.3686212018706279,-1.7547772493129676,0.11191644899022214
-1.2304539288912357,1.4964281602013405,1.3526716089834967
1.960575336579149,1.9498209071972865,0.16890876330916596
1.254107852061296,1.2679990016794878,2.0776364910465426
-0.20254405721060675,-0.83460020480320951,2.180942071165505
-0.18881989904550966,1.5261809249966753,7.7991957590140073
-0.17709867344022756,0.51658478587955203,0.76883672801884573
1.6984088824784558,-1.1750084642770364,0.40513481165762372
-1.826086276149292,-1.5038472224931336,0.14672776361595213
1.4625497470351525,1.4022562548065949,1.3613100932975397
-1.6665456942662569,1.1063150066746634,-0.5296982653151141
1.0483764771297177,1.6594607772972738,2.8698597259998331
1.6793705868342048,-1.3013965157970497,0.14842655776660116
0.05226022818839704,-0.17560349460212499,1.1538124033285118
1.5657598014879381,1.4690721770180413,1.032166216170844
-0.3214802921635258,0.37759171132242209,0.8288235130991316
0.26989692690373612,1.7198310422171921,7.2457726861462817
0.60451002658574193,-1.1867324403495454,-3.5162407811862981
-1.7833815028215061,1.0626494051664404,-0.57679381739087732
0.13448211554556,-1.9016730776918551,-5.5954218880947924
-0.40414798206574343,-0.52248557067388912,3.6655013568420594
-1.2590703199741959,-1.2160099815458452,0.86660241050282905
1.3502864303546076,1.6585826787477216,1.5206949284114035
0.69270895908393726,1.980807027469083,3.754323511368562
1.9507039222723113,-1.614145282948046,-0.023139852577100824
-0.51244519761058527,-1.743931498761744,-2.9161697192259308
-1.357754271100426,-0.34646474220721712,-1.6773394546604603
-0.26502312977080944,-0.82116462257590084,2.6253782775752263
-1.1431235696673199,1.0389388753956434,-0.1028855886248615
-0.052388137959809011,1.8752222534746732,6.8688749483226248
1.0334107498400105,0.33929110412178831,2.7568943115020064
-0.93355511811026681,0.94308927618823057,0.1759664771156815
-1.9209043628668152,-0.39606032879071873,-1.1114260663820141
1.0760169248457849,1.78514098977436,2.4861900228845535
0.039319266434128863,0.77496893411310541,1.5444061481219529
-0.40587737003423108,1.0186008910884881,3.3406503058099033
-1.9954822595264301,1.0670228759899141,-0.40079299348175873
0.93994812267891659,-1.5111507735919429,-3.0463634396410972
-1.3715196775519134,1.4337491642527378,0.70199663001271828
1.9409014696067106,-1.0462036312030634,0.49998404076354613
-1.0839800072544115,0.71512621400685061,-1.5969519952326441
0.41514343623209404,-1.7887681237704187,-5.8272667391353359
1.7008802403050125,-0.85550800785419168,1.1785119072451391
0.42554538732986646,-1.7133046265169469,-6.0510181316385667
0.45624549768510647,-0.82212331035852193,-0.85856397534558182
1.2009512043093151,-0.40800821408022725,2.9812037984775874
1.8753830651125529,0.81476283613362055,1.0081972366920846
-0.51639567078613058,-1.677288402338085,-2.7932762593640832
0.35788593375099209,-0.4728806096176752,0.43464848649711496
0.88460604329151504,-0.11661429796053602,2.3232558530830083
0.58673112770951752,-1.6121936150383385,-5.4459470813677413
0.93016008946495443,1.0853230523108803,2.7516272481478743
0.90207351260582103,-1.5752317493216541,-3.3812481714716371
-1.5912961351794237,-0.37451769161183313,-1.6903445708084583
1.7588911626786676,1.8452328436190721,0.39872280704611684
1.9059779558431988,-0.11466566688534541,1.7371795450388359
-0.04692303197591019,-0.0054109503112165225,1.1782914774707522
-0.33570261006297741,0.7044477450077018,1.2342382839066299
-1.9019905080454462,-1.6793653066869263,0.1010423151457033
0.015967604952273895,-0.21720854637345188,1.4253589015913752
-1.1737406959561563,1.1884313827048123,0.55802158952811376
0.050022668305047091,0.54435015870162617,0.44762459609932809
1.8906981887790955,-0.30799115757061601,1.6667470804973907
-0.94963625158847265,0.19646115649764218,-1.8152912402021526
0.818076766308522,-0.75550875589677324,0.43954655854468955
0.66995128677037874,-0.83854678267879379,-0.59027481480162958
1.0669753341064427,-1.0071134504465613,-0.037789030247383788
0.1868847680796395,-1.4555806978410679,-6.0726632670135841
1.3409210652697579,1.0202372790389362,1.9002834081447861
-1.9543158212576193,-0.03175065718450143,-1.4594308593174368
-0.52165236120169567,0.54363376328325641,0.3469310587452068
-1.5527098780172737,1.992576420606806,0.46924643367856256
1.730318290142304,-0.33743203644342579,2.2103935161493333
0.51954435554821954,1.2811699782448653,5.1547585239119611
-1.0634741913073729,0.34615212891073499,-2.4414085193202677
1.9798778326118982,1.1673009594767811,0.48471715960329259
-0.38318794919210775,-1.8350511273687453,-3.7289229706372313
0.39341623741363962,-1.9724304046929184,-4.8628738157401115
0.92313712094394695,0.084717335985760478,2.5434496233721458
0.423320251446623,-1.7440882064424745,-5.9673097382253415
1.7138025645818566,1.5392221888157116,0.66133008512476388
-0.83498405028668632,0.70976176497747057,-0.63281696711582847
1.5489292089516158,-1.4184034362226789,-0.21467232798646949
-1.922344210870303,0.48397921575782599,-1.3574703537383637
0.061587327393836322,-0.8493976935274361,0.32103478966729848
-0.021256218814946992,-1.9636382538992894,-4.9395404428195349
0.077935887919190261,0.91101220750497314,2.6746144871708313
0.1863299474928124,0.76932960907125292,1.314349925216804
0.48329783962982198,-1.458399631892846,-5.7014284475018071
0.35062143904770915,-1.5130410218604966,-6.2760046249291035
0.36911158246362374,-1.1648885374027094,-3.8707056203021701
0.52265410772229171,-1.4609934825551523,-5.5413081572062657
1.168013905507288,-0.96961038756387397,0.52238424866192368
1.695115540922461,-1.5581574562620393,-0.17199042348837246
-0.53089836249801858,0.46757615852604362,0.27258841020323432
-1.7411484563081197,0.71198925422982295,-1.4372825708826185
-1.2470609942607371,1.4910073505671253,1.2708266812132316
1.3636405959695179,-0.93148190822469501,1.0824060998463334
0.11364657631628816,1.0032899101929118,3.597572343924889
0.3629329912089081,-1.8779200671105452,-5.5342182085926446
-1.9920104502002824,-1.6370867161207059,0.080123103522430641
1.5550206565385825,1.9726942642868366,0.60607049122349743
1.2199118926260786,-1.7621015982317592,-1.542069167902645
1.7163219068474667,-1.1162799872990066,0.53019409567767839
1.7563484369466531,-1.5462459627001128,-0.099727966659644937
-1.9363327819813982,0.66893552634003672,-1.0648192486508223
-1.0611243347834456,0.98189849926777661,-0.13168160346122826
-1.0435138525626382,-1.6071421506886594,-0.07102106930406013
1.0325580435950563,0.33015485778238673,2.7690112303694892
1.629270408237339,0.49649367617762596,2.2233850162354529
0.70645787435978091,0.93441134313117269,2.3379967184944443
-1.4933081725699031,-1.1555919434441608,0.44833856850884729
0.58510335801357627,1.7276852804525675,5.5535887788794964
-0.45211716588446582,-1.1233522361918165,0.8758812833883588
-1.7093880254362301,-1.8399704103220504,0.1093847171053921
-1.1965309020848376,1.9043653226144501,1.4906111910565802
-0.16604581982061029,1.6695752157308621,7.7809426064816822
-0.97634010253539194,-1.2976624460798121,0.91262714718341753
0.86226575107633252,-0.54600987583244343,1.4968017256312909
-1.7904206772276314,-1.8271322584151075,0.10098556156388667
0.64499262855301698,-0.70447192822246452,0.077735734750417604
-1.3596272152506532,1.8298207735828322,1.0017780453305714
0.10880002055228966,1.5664351616782244,7.990275668025614
1.007011198131516,-5.9467410917113384e-05,2.9677428256155309
0.8734975098374651,1.5780957067846857,3.9714025069275269
0.77329919492732024,1.0359405437935054,2.8184680958455126
-1.2071070623282565,-0.70491523590025018,0.52864057688914001
1.9760807167706762,1.873317594721883,0.1831616598333031
1.9970043598765828,-1.9166124552897847,-0.062257981248479644
1.1774882695748112,0.5286450298648453,2.7187435459941631
1.5235694290376092,-0.28736013715742659,2.9669473362699446
1.2454131036082137,-1.0592094702028034,0.27870560047125514
-1.1463269303107155,1.5099367608373977,1.7798886644912568
1.9238896633948679,-0.24309210707185702,1.603137125357736
0.74372465037179225,-1.6111054601020789,-4.4676405843271834
1.0110769958720525,0.68832182049590651,2.2048780058918092
0.60851091834995641,-1.9519981466098877,-4.1894805443458223
0.87705898500152957,-1.6999216974416016,-3.5156564904286061
-0.48603913844030089,-0.55185055347352296,3.6898829376021096
1.8739666907181323,-1.8471539215616377,-0.11719023618206022
0.27310632962674486,1.7505428972474677,7.1051219398990444
-1.3015175544075976,-0.58803302652623013,-0.37105698975633317
-1.2426937175462043,1.6757344435971628,1.4698754984758757
0.78290005171723731,1.2190245296975872,3.6935958813877972
0.35751926486942498,-0.41250549401404157,0.44692281794189931
1.3623470180057557,0.9464748739350699,1.9251899766468654
1.6523469079271469,1.143532825065237,1.0828438511548737
1.8849284672165565,0.4012429836331628,1.5528099749636697
0.99032208572569846,-1.734356509523,-2.763787925938423
1.5049630811495271,1.1751515648517818,1.3964643150885145
-0.94413738596547825,1.0850412265135643,1.0332328580374408
-0.78727710652282168,1.0222006256987051,1.4609292423871205
-1.8221718712957453,-0.9451737278844925,-0.16104055072220747
1.2325012574508745,1.1207830797526936,2.115591847377591
0.69380080254417376,-0.57992145024361652,0.70438076350915557
-1.1189012898754489,-0.99078846879415305,1.4439998057744408
-0.55347355930426811,-1.6443245769116805,-2.4530224954012225
-0.46366590553009535,-1.149902099998581,0.66496731634870687
1.1501534818793231,-0.56249998426851455,2.4101926914688674
-0.7107953158704845,-1.337128874926085,0.14349699074129704
-1.5009101202475184,0.053300721147229169,-2.8375513922837992
1.0523638666790012,1.6309373790643003,2.8873131885665382
0.50853503035037173,0.17893523964581748,0.33045384135348177
-1.0442309104631007,-1.1467498612908211,1.4060356999435506
-0.096796398165635456,1.3502519350035698,7.2013595288494692
-1.4642464508604534,-0.14294675018390013,-2.5074003228034458
-1.2217121204990748,1.1655539004687481,0.27949567316133239
0.27079463991981845,-1.1269954392260428,-3.3935635178302483
0.077283245418893198,-0.51570808668935264,1.535971689170242
-0.49623670461936742,-1.2283236177105614,0.051990665422247367
1.7387395617962671,-1.4641435704188934,-0.039573149085523299
1.2317008531727724,0.6477374474005928,2.5043081071752997
1.6061532220035741,-0.45871388476074726,2.3968539973372294
-0.57716023519887028,-1.5828178412200515,-2.0733907207774434
-0.14250069012604882,0.4664106006275488,0.69412649844194529
1.1411379414755958,1.7964648005775801,2.1537389477013025
0.5497914355558926,1.5874364063947222,6.0267855048975623
-1.452459749078955,-1.9836558128144646,0.032358186768987843
1.2958053568314472,0.13552518828432403,3.5221148756008489
1.8105204423119852,-0.81461889424971479,1.0841590131605678
1.7721160085951917,0.65844827968428943,1.5008961564908458
1.3457977092929543,-1.5817796544666729,-0.99392291273356814
0.94208888778096789,0.69693603354394984,2.0525172706368262
1.7470208738324313,1.6485548864197024,0.53547745391659785
1.2396943632676973,-1.6264450493947782,-1.459553833648116
1.5374420471823687,-0.95179449507712377,1.0489063697721039
0.23244163797205974,-0.88866938816885788,-0.9089526766848145
-0.99233633184558023,-0.5763738211702889,1.2212976811829803
1.103315335741669,-1.8047922133736269,-2.0492752686709914
1.7098157778149754,-1.1157110943755155,0.53328246900341902
0.29683192187025709,-0.61914185888639195,0.35747879605977184
-1.6645727723542674,0.34146670979855287,-2.3520523962486393
1.4670946162751606,1.3405332553057794,1.3860793440116976
0.6691530951064486,0.27229339564640309,1.0151737810447203
-0.50157711387232484,-0.56296803377924087,3.6890005551904417
-0.24676351495031335,-1.6232179627293073,-4.620646838931453
-1.3509052209758252,-1.6960706506480472,0.15623162439009827
1.5708496791761739,0.6318409121683799,2.0888717170443627
1.8013000334656297,1.3016607881902891,0.6607422575891686
-0.25576640307760945,1.9260158244731573,6.083411609425867
-1.8518630463049452,-1.0437398705391439,-0.052129487097181508
1.4773273090389361,1.8323586260932796,0.9260434401144968
-0.12701390952840885,0.76274162395778911,1.6289575968572647
0.54245592221812577,-0.22558647847737712,0.58547131491212845
0.3220819855869923,-0.73520508133645679,-0.16572223888643323
-0.86815173191099348,-0.045955646192229693,-0.60133769361964129
0.61791328740704943,-0.5787899162679071,0.46438732574313729
-1.6897794478316306,1.8153905254575728,0.31739325634694165
-1.3415727662139836,-1.5902063593172104,0.27200312293857765
0.088987364480944464,-1.0051729231963491,-1.3351998047414844
-1.3201887560477201,0.88198788135597184,-1.2648509252484998
-0.37949319940792225,1.3726188356713034,6.422718474637616
0.47952611675183476,-0.80485037567229645,-0.74228527071635764
1.8696850523202286,1.8188457699837413,0.28922075401950004
-1.6607264633677754,-1.4550453294524841,0.24687021372232848
-1.2565375543066257,1.040249342805442,-0.41625913978952928
-1.3400654561907965,1.7372440012657906,1.0978236608077403
-0.054713666015389073,0.6068948034842494,0.79951927961454416
-1.0123904682287179,-1.114492679126883,1.5592803669723181
0.0032229812664974489,1.8484523516939424,7.0785823679306317
1.4341101077201914,-1.0798547721609846,0.54744127964889655
-0.36640220804568835,-1.6282599678157654,-3.7621238205077701
1.6829197630657879,1.6111868437236749,0.67137489264941996
1.8281512713801398,1.4842413366172265,0.50593390250930992
1.7852758499740542,-1.2804023776710582,0.22215944106380336
1.2505047882111175,-0.67130462898393994,2.1271397497418376
-0.04914436548670964,-0.52956918791452945,2.2975011224378998
0.2139698867192581,0.055223324862195167,0.19110418503746857
1.6073232778448561,1.4510847363504173,0.94396946185214403
0.1087985293480247,-0.88382083467199446,-0.25441757300652817
1.9516323761545586,0.67629716074220214,1.0119135317350585
-0.068864360902696653,-0.83293865210008722,1.3203163465348267
1.6147996519244741,0.21957723448682964,2.7497886033266026
-0.25213721981309067,-1.5559520161241924,-4.3503632928844764
-1.9786864461120199,-0.15313850480212343,-1.297536169629282
0.17672652038995551,-0.93695157552121389,-1.1009984753753126
1.0858950527893287,-0.74786963371227633,1.4617756579276255
-0.42023884158406011,-0.69178503488468968,3.6926450307019607
1.4862804139520356,-1.7920401067260023,-0.64414111658127882
-0.89118133876146977,-1.3410580994062244,0.62054568863470783
0.19931805407289493,0.48594009391349458,0.10390494685108184
-0.97893068406668315,0.12448577941865624,-1.8588511049008247
-0.65006039389239723,-0.15746832286309176,1.4188253543907228
1.9175000643014166,-0.087347999020653599,1.7018313888687919
1.3858269028832693,-1.2424420756914487,-0.11890145754096552
1.635875022364198,0.15023765844975889,2.7478348719513739
-0.45714998114594052,-1.8192280613740093,-3.2750927365784301
1.0225145265435227,-0.6962694583152309,1.5143285661296944
0.6971554551310124,-0.17476223469471197,1.2561097332510174
0.5006128409660513,-1.144136716276587,-3.5071964933068376
0.19255224025087569,-0.4205034123212148,0.92029068031703309
0.37760938845612779,-1.6734328277745081,-6.2913460507591648
1.5324113088577929,1.3348851555393448,1.2111524377338689
-1.9046663058602411,0.49752096587451033,-1.3916617752429754
-1.7889805548970161,1.5232623181470655,0.097473011260723566
0.88128425251427966,1.2091135145476364,3.2946439244791583
-0.39249778737982277,0.83897602426622786,1.8945280928508801
1.6918904953924634,1.6956005363560589,0.59689094447113111
1.1908681541102379,1.7079629935739531,2.0935545826791433
-0.90808705325006711,1.284501267210064,2.429151600062029
-0.71141913362404186,0.12876368511250957,-0.11122227015527769
-0.36931623250663459,1.2295994912183792,5.4369806390781417
-1.823902513444599,1.3931276158877335,-0.044949047688206623
-1.1583295161913876,-0.9326710303660346,1.2788653841117374
0.59947770215772822,-0.81404062170472713,-0.63130973217698405
-0.08575180446098063,1.9180648506695137,6.5079637311896716
1.4821600263786507,-1.3209619989675909,-0.13646682168084029
1.9050109582682815,-0.93503977400004312,0.70902246306129812
1.8158496252781662,0.38424032554172349,1.807929546679671
0.30144112172650805,1.6391847384525819,7.3346255237952169
-0.60536325060729967,-1.3518682890966658,-0.4559119618000973
0.32270991749948186,-1.5798997328608673,-6.4512662673099905
1.7393443093957206,0.96093579540771534,1.1070264101129947
-1.5485552257665025,-0.20930171393049357,-2.2499623352676701
-0.043931537112827934,0.81532279911856476,1.9465880838717939
1.2867545188537566,1.1829009152904026,1.9740391380983486
1.8444679427490032,1.8568559721939666,0.29646635884871264
-1.9625955087143121,0.4333174807930229,-1.2967776840443184
0.61537759892996835,-0.12954050767580227,0.85852828802846426
0.25748091126246697,1.0100546179918157,3.4333512691479875
-1.0607408025374232,0.74903387356196705,-1.3763935194589976
-1.911326565108727,1.9890499656435154,0.11892545085191489
-1.1662380710320845,-1.8673701399264488,-0.19611037273365814
-0.22640207662984912,0.06037900286845499,1.5287458064251289
1.1840389663072037,0.33621348974584198,3.1393593720548023
-1.7822567944881866,1.4524925582575277,0.039166020476689684
-0.7047655376443176,0.8200811994184436,0.53991893763774534
0.53889443206632048,-1.7124271944174754,-5.5619798186657681
-0.32939875746303438,0.70592695967118146,1.2497394893454103
-0.95368497499857385,0.83662565918081144,-0.54064323221081223
-1.4255493517304669,0.10524790520849692,-2.9783614958117566
-1.2752810443294316,-1.7848775524363099,0.015928005526454528
-0.06046899081575785,0.33840776472700185,0.58244524894585004
1.3782593862993928,-1.4415920409120828,-0.67457253506273807
-0.59436721533121584,0.52235680904277526,0.03328932138934218
1.8616584585186136,-0.22919857140564348,1.8407747874163007
-1.7425740379232995,-1.71587416678491,0.13794804767923768
-0.075805338194806948,0.45356724602669374,0.57639628830403011
0.34644721835461834,-0.7199819969898209,-0.14973508543799222
0.35116548018577376,-1.4434895325871833,-6.0150922792850245
0.15201474150851668,1.3769825777829641,7.2182322361944555
-0.90429102636091585,-0.50002434939351947,1.4550288415393549
-0.035182387492187717,-0.77384214094088799,1.4940673090123231
1.2635438055683892,1.6107963208736678,1.907377943532653
-1.0655475116351325,-0.62974575751575834,0.99433442283144702
-1.6311012470534183,-1.6211177828831942,0.2030861494530764
-1.4706544503958012,0.86499924787551974,-1.3687415446118487
1.5723222824498757,0.80252537217414055,1.7340367497626861
-1.149182137205309,1.5588019133143352,1.8373046945985949
0.61134855357321038,0.76176800705739645,1.3972815180697995
-1.0067102165568094,1.4284120733088099,2.3878505119717688
-1.3312548524769943,-0.492038020719338,-0.92448571660446921
-0.49493223283672716,-1.5536870214322744,-2.5161910089745505
-1.50154440677843,1.4770990024858044,0.44217823780511822
1.3972457882713054,-1.6722595669570772,-0.87803334033171432
-1.2452847154637197,0.85673032731920307,-1.2910607658397737
-1.5713651584960278,-1.5233039399059587,0.27474004771607174
1.533019623037438,-0.46200429822504341,2.5831802135759951
-0.073747537566237975,-1.9650974783152235,-4.7749307767320923
1.4505628803330195,1.5843642325116858,1.2629280994415522
0.84271175769063555,1.1589581452533384,3.2317945228626814
0.19297225770243642,1.3949835538635766,7.2215555474653712
-1.7567807575898218,1.2963380891679588,-0.14960995039848568
1.5687799534528661,-0.1114746534718023,3.0270020326920015
1.3614849142280452,1.7083886240597095,1.4218167176790655
0.068921483865666655,1.9128119532846024,6.5600331423345324
-1.7856890215153514,-1.4921234265980341,0.1674335865419127
-1.6156619379383894,0.097384237917458982,-2.6091323004054034
1.8190528479664607,1.7065465516704696,0.39996361818439963
1.2466446264975621,-1.9780639040752508,-1.1932148513706333
-1.3945324856018297,0.45532497950524764,-2.7415686880205175
1.8720353472252209,1.6380847713545954,0.36943076907722394
-0.68724307128870765,-0.77765823631017184,3.2974214877529056
1.9413326107454654,-0.72568925344697566,0.97382974171711145
0.56868039958588579,-0.52442629596031409,0.46821855095251436
-1.425078534211927,-1.2072552369678435,0.5724230849423263
-1.4551926323645268,-0.50833365811143749,-1.1251100171981598
-0.85175674225616116,1.1947888722177229,2.2698385291275716
-1.9945766851208389,-0.92726784975607512,-0.20288525503953633
0.14103006277796304,0.27822218741735139,0.12426468439404897
0.27151382970484628,0.14023787181700742,0.02630128618153646
-0.23126776480272881,-1.0078272457389834,0.79110636253511057
1.8918784920455596,1.7206824016643374,0.31027835900043321
-0.19180714336178961,-1.4507567711578466,-4.1821228959600631
-0.96190095754186178,-1.7130443818524554,-0.52012365592906318
-1.0023719288860518,0.96176596574643192,-0.014741144637708897
-1.5480956986043597,-1.193108451349016,0.37302695711833023
-0.5742747211768815,-0.75320568606586824,3.5803591668416663
-1.5998060709126016,1.928866250864036,0.42418669587372865
0.54149238454228321,1.02197332606571,3.0554154177874819
0.59771593524392008,0.26297526464670717,0.66656560958116251
1.2592104675704507,1.6735602030441981,1.850896993013148
-0.6308734949228918,0.63003473472598293,0.064618650953818385
-0.36166464675696663,-1.3142741768520092,-1.6948679816045855
-0.4353400240459866,-1.256640968327702,-0.59939643763157979
-1.9760383061976303,1.7331194484666157,0.077030615021866727
1.5268275045556998,-0.37676161039799783,2.7916937246620415
-1.6910059183550565,1.8958439867149055,0.30943776122771682
-0.80131077144703933,-1.1963265817458242,1.3242135861581339
1.3800693559945088,-1.2203592079004539,-0.057745764379199961
-0.49979010750691732,-0.29994424154936961,2.7883784915308008
-1.4387181893188059,1.3220490925351625,0.25871115542155565
-1.4042333374796061,-1.1758200553919671,0.615154558608769
-0.13909340779928536,-1.5706644669818233,-5.1903188297090814
1.6187034679840755,-1.5084173300238475,-0.22658091574285114
-1.0886249322309585,-0.36789142692953347,-0.48729208631823334
-1.929719225579696,-0.69548247318062884,-0.55627324321685756
1.7707352357426287,-1.7727675774078766,-0.1884094344795624
-1.7130316185631582,0.97949052861536723,-0.82386805800633189
-1.6839572517338368,-0.29865131572957138,-1.7989694886905321
1.2267020157718314,1.7796663565632933,1.8194285667547763
-1.4729282677669215,-1.2231071792225796,0.49135762887372753
-1.1026339298102399,-1.6331922934637213,-0.012172823010159598
1.1653046807918699,-1.4697753392887429,-1.6172227872682912
-0.62060198908156305,0.12001769684969821,0.47409998611992044
-0.77705202543028729,0.84774759086434281,0.34646644949134975
-1.1275719649980274,0.15495538255084629,-2.6242298198276623
-1.2276495561119809,0.22131530040169167,-2.9433126567713463
-1.9013883157368545,-1.9345485062966514,0.06606849084681761
0.21884604421781795,0.65904324650679547,0.62449751479445859
-1.5447739493057187,0.29320153884756994,-2.7401630115215694
0.078568723620822123,1.1311836162940851,5.0759178080680147
-1.7156743922060462,-1.4146186333471684,0.21581591137082662
0.89612731320146422,-0.3248448002711517,2.1647511138078559
1.8672099651289611,-1.4756072563664255,0.025250382580894598
-1.6082888298933957,-1.5398543450395303,0.2481269624246108
-0.4546242730162231,-0.5661015461633141,3.7357789142149147
1.9764791100863186,1.3022463701303999,0.40871769595326951
-0.81240465026945685,-1.2013628817014466,1.304321260124649
0.28601178162761665,1.4773627973016934,7.2724239415644378
-1.3119538170312208,-1.0582196491584865,0.82016392919972281
-0.059712607966642572,1.280353232913289,6.6696564838869818
0.98072002655852675,-0.90244996761512519,0.24896643365476406
1.9094693927496524,0.89632619221480558,0.83821904238989919
1.1333697784221424,0.82184510897931284,2.2583522640236073
-1.7980656258189902,1.9323998543952801,0.19847103851657819
0.060708119776504699,1.5286430167595269,8.0194463970347485
0.037674728733528617,-1.1209657738359171,-2.3502952919652227
0.70172694390275003,-1.2659366697809757,-3.6005394565374171
-1.0898685962748706,1.8973903372707666,1.9506306508325739
-1.4486501509867282,-0.48524577535646052,-1.2142761274291116
-0.46847477809136762,0.50383921280460253,0.49169899675945961
1.0477579420161156,0.013178396946533333,3.1333787525647998
1.1050339463656589,1.0907174685514875,2.3969865898508305
-0.43312516298771708,1.8579403580868328,5.8098939212819607
-1.5394605700104116,-0.36306433910494662,-1.7553421016628892
0.99450973084894612,-0.77489851780007579,1.0275809559703624
-1.8979995095573909,0.14597680634105492,-1.684116113200623
-1.4889203302819607,0.60444192869050406,-2.2372289906776759
-0.48034913265922152,1.726630203790775,6.1650803332056245
-0.8064953002235693,1.1954723202512922,2.5619923400310696
-0.41823771836345514,0.24997173931766037,0.92911575157561688
-1.1551646168732801,1.748975414875066,1.8473436397283411
1.3938484533435629,1.1761289678531668,1.6818797718782332
1.0487620408164426,0.72696575621407611,2.2477611156756314
0.76143076416821742,0.3543407074718905,1.4580113553064749
-1.7115568014267855,-0.10167714600214706,-2.1432404455391691
-0.29835375085849192,-1.7430065641638266,-4.3852272351788431
0.71751287070072411,1.3088119180100066,4.3796289385011509
-0.39416185098488854,-0.71360691701905843,3.5985696427200349
-0.71565656959469992,-1.589630481704301,-1.2540133094612376
-0.29158362938119464,-0.42772260558357678,3.291796088305623
0.3341537427033936,-0.11767456776410179,0.23009045661149258
-1.7065153412011078,-0.89275770993417569,-0.18307101409340404
-0.15091300927847917,1.8074123649583629,7.1942529805833706
-0.20101064857358075,-0.34930004153048833,2.794016536062911
-1.4529298764188745,-1.2006832688387781,0.52534504920420555
-1.6226454954161493,-1.2296393219422646,0.28598346078495401
1.9914431819421572,1.3137405603309875,0.38528503191118102
0.79557486740100725,-0.064650553162027169,1.8359641947663168
-1.195388544206307,0.017707006767725186,-2.6094058158761029
0.62250494951643542,1.8365452129479971,4.8891946796775478
0.6191298788722488,1.0686478815594707,3.2753043210308563
0.85372596687513491,-0.25593574989732226,2.0429660201810789
0.626334589033954,-1.0296295316900912,-2.1514934003111432
0.18301292400729707,-1.8791463340879757,-5.7495712763256712
-0.013438382057673781,-1.9170356316545858,-5.2357394934131865
1.9294930595173887,-0.12210103012632634,1.6470643163346677
0.90423297581875905,-1.8464779634004751,-3.0454640793879491
-0.93918544475711108,0.74278726261268879,-0.95542089312286382
-0.1900630220723738,0.67374511311376395,1.1802388585442181
1.0195047594784019,0.2341504470907716,2.8622080564855268
-1.3654558825549716,0.84584258103849441,-1.4506126401135433
1.7743365631228358,0.92791110174653557,1.0759162715486275
-1.6287131595530775,-1.7991397424856137,0.13006938915233765
-1.5108118482223876,-0.21294642528328955,-2.2749780301537217
-0.061413909177720161,1.4248086292005384,7.6893578371391129
1.1920487625720617,-0.3163825364362256,3.1872001963969168
0.30079139274194278,-1.74573745767691,-6.2803892717774037
1.9012507619835777,0.34950644204108894,1.5587576159173422
-0.44220313766528996,1.4953852377337475,6.5575456120895685
1.8414128061597608,0.96331069874693753,0.8943450874618214
-1.2443284789214448,0.37945768438774197,-2.8669352959921182
1.104319926856085,1.2197026826616808,2.5515445015562155
1.2194203409047963,-0.25273455023768121,3.34232867272932
0.011932380926339636,0.47928960662690168,0.41518478699566203
-0.54510531295500675,-0.042787472944696869,1.4652555707315695
0.14655629263823622,-0.25525486416044729,0.89444479620162465
1.501047879516658,0.47774092009456748,2.6065085240542589
-1.1280274854645569,1.95075197323201,1.6787501618244243
1.1089075653611027,-1.0289574625911575,-0.0027275483882070956
-0.66976315035542489,1.3647277161181317,4.5024579544987384
0.89832833927478051,-0.84076729134516937,0.28442193146670086
0.53496744688121245,1.007842416667426,2.9510158616920825
1.7496660907462509,-0.78460384107602321,1.2666798159155945
1.4465965862437775,-1.8107219425237024,-0.73923350421941547
0.90456854453790791,0.37283190936955313,2.1689859491196404
0.67333623030364498,0.88115900255830271,2.0483378532199503
-1.6107517845804191,1.5441625852750911,0.31993124870406681
0.68964966766368141,-0.67499310695263692,0.34629313803131995
-0.35924170883954476,1.7643637607197524,6.6850321880057928
0.32099907843052611,-0.20605892583503072,0.3361912781072221
-1.9768307456619487,0.89450085819413072,-0.65261548429817184
0.57231998286502961,-0.86008165240928003,-0.99330685144850916
-1.5345227585883452,-0.13231862852973975,-2.4685839323715197
-1.2756912713606963,-0.91069449116761292,0.79527157885229349
-1.4761065102898958,-0.65072272696504085,-0.58251188257324948
1.0323576686344649,-1.6177219810264978,-2.561640704596345
-1.7963339274189456,-0.92839564585082246,-0.17540520656950659
-1.8446412363923759,-0.53536921389075132,-0.95882127006915219
1.9895569381484646,-0.95211840366849909,0.57232246604604875
1.2995244722072354,1.7091011254811472,1.6440689655937577
0.89173718419857284,-1.1959214136179583,-2.0561707487132965
-1.0742855449221791,-1.5609092331334369,0.10409825338427434
1.8779366126575288,-1.4311583138260429,0.065669680592645122
-0.046064069361615889,0.3408305499884956,0.54504678087766323
1.4391645424915507,0.87414897442648964,1.8821230278464176
-1.1976523647125195,-0.1163245851136403,-2.2102214310892627
-1.4509020472391434,1.8932877629859575,0.72193805025668367
1.6450284202714087,-0.54256207054178773,2.095537869070538
-0.27210519283005663,0.90990506837076346,2.7015846202429641
-1.740253465298937,1.9901119088203427,0.23889099633575278
-0.41102119906076529,1.6027464068202026,6.8404615306919148
1.4880872229474402,0.29247618359095906,3.0217356673291631
1.0190184047021891,-0.29907055524624448,2.7530940334436083
-1.1532460756977487,0.60581985272925154,-2.1847021962956772
-0.50572353725084307,0.80809081530943727,1.3395658299607838
-1.1105112824910521,1.6515316233578075,2.1037230747575273
1.7348905032812283,-0.85455701978817245,1.1276982177735675
0.37574991745047237,-0.92297402155631114,-1.5753696485958901
1.0494406344371261,-1.3109636530137163,-1.7429998600500558
0.9342763859438068,1.2434795702110488,3.2038245510028682
0.41155814005731584,1.9251275000135677,5.4816186591079354
0.77871336498378607,0.96418774723472245,2.4707859892725383
-0.77934295390990438,-0.95242144811311635,2.6128072650136906
-0.54593332204735279,1.7357059548343692,5.7186193759447068
-0.39815941143793787,1.5932603001432653,6.9193087921588017
-0.34488587808763627,-1.001412544540448,1.5489831416478739
-0.24015791355135518,1.2268507872031789,5.8847308054878722
-0.36360235628461024,1.2713981871829674,5.8074429792228655
-0.86645325152315844,-0.3544811465415616,0.95342839251126676
1.1345339381572916,-0.054682920283646741,3.3973743723812757
0.4778629110934034,0.66823527356241375,0.76373381920105743
-1.7792967286259675,-0.72894604830865273,-0.55792850378051306
1.9848204541704844,-0.63744003424495155,0.99793936967505092
0.35476579165612954,-0.40163931658595908,0.44878664784450967
1.8534638316134586,0.88432116818723605,0.96543044502268049
-1.755179257276491,-1.624253297435365,0.15770150261608298
0.2941600676236491,0.85836406893046613,1.9124289280929627
-0.74815528090194827,1.6400204387665136,4.4823396793719157
1.3774514277534946,-0.062540284882451225,3.517949920832768
-0.40666362521335842,-1.6869015392963838,-3.5942732383342841
0.85788166797300303,-0.10965764494910513,2.1789039541072173
0.3481756431929961,0.88121679082163773,2.0614269769436224
-0.03772565205682521,-0.6292618150092284,2.1101322020715871
-0.22507113178816329,0.89482322636032663,2.628191470530941
0.43275541751822066,1.7958593498069573,6.1539645841449131
0.56231139543057651,-1.2198916944868392,-3.9461445466530543
-1.5171553480286466,1.2150487859508865,-0.16777519626036319
1.767411007128405,-1.5552121709367706,-0.09687035690515966
1.9222204396159506,-1.7967611633540335,-0.084630407456317933
-1.2909263599549798,1.5309076493799316,1.1568704800422365
-1.503776298871637,1.9771111290433989,0.56185761076399288
0.34503260134140312,-0.24189027088069381,0.35076526860465629
-0.35411842892985446,-1.0672711868900433,0.9245620556066797
0.36585978892789228,1.6653385945712618,6.9817034823535122
-1.8466895924642255,-0.39915788668037999,-1.2518016770387159
1.0978567340214069,0.2915096968616151,3.0409131244457983
0.6626779640438758,1.0749316677875993,3.2312305422259566
-1.4001222902774215,-1.6727886045108042,0.19527923747794018
1.3260868963458581,1.408056242820531,1.8035902374743742
0.18090305430643649,1.617582101320505,7.8045288756097211
-0.18603655008947717,-0.10631021687402908,1.9579367941626185
1.7144292083529407,-1.3339968072158943,0.11453335322501645
0.9880109735475564,1.5090560318562161,3.3197049305355018
-0.44044515649174709,-0.77839254430853133,3.4761109892911382
1.14372778587656,-1.2680686494002382,-1.0741378598499032
-1.6651444772841546,-1.2678451996901123,0.24978339674345559
-0.99968870734729509,-0.5033995909991511,0.8165566213145441
-0.82938829202568365,1.134720342755295,2.0115816975936678
-1.5758983571735281,1.5249164950912548,0.35854101832779695
0.69516861051968792,-0.43816263630022889,1.0299904909966509
-0.10220283881194381,0.34203299829998635,0.67487560286970494
-1.4151402745654407,-1.0650798751460275,0.55934151883742855
-0.97984664273907129,1.283656871092524,1.9798746406247454
0.30427630671472716,0.92237355108925279,2.4788487602313958
0.32448166254044919,-0.41098188899074306,0.49948413412015402
-1.4737253578400158,-1.6825619196172275,0.19603944570309384
-1.0730319632903251,1.1391663546057953,0.72658989766902071
-0.91937646440001797,0.51523146760661032,-1.6102329751618008
-1.1293072313570205,0.62145871760915616,-2.0781553025002437
0.43689341117641778,-1.3275864003610702,-5.1545455692885485
-1.8406516893447633,1.9860156979376851,0.16063781873947669
-0.29582924110165809,-0.50954824300250756,3.4644536030437041
0.76193483468568735,1.2878404572275421,4.0813982076924571
-1.1776241768980424,1.8442892493690866,1.65081184154157
1.5546024725145848,1.6961454643413592,0.87830514287036088
-0.28923008083139679,1.2902015133232787,6.2680150934927221
1.843466173377927,0.039796469130095602,1.9919088404117551
-1.1606130128685932,-0.92005123844571601,1.2589897200025186
-1.8816642311068064,0.36268730864478771,-1.6178687884054281
-1.8387596786268114,0.38939131275366234,-1.7293565698067501
-1.234608474066869,1.1720050252758809,0.26708902108264032
-0.83635676809747173,-1.1435313374721683,1.6472156635990363
-1.8333916554193435,-0.63347379043522611,-0.75065838246263672
0.12873175301637829,-0.77290563167265414,0.45543460592974838
-1.765867622254421,-0.84548272959696624,-0.30829081131066211
1.5025256935652469,0.73138154956181589,2.0259364066118173
1.5137739492023794,-0.31811707307352366,2.9399910902682547
-1.3323593286422186,-1.5154433162928875,0.36981963591182171
1.5499573141051872,0.46557127422340594,2.512480302579378
-1.7616122077143213,1.9761896920502413,0.22263717824038409
0.67084438550780767,1.7734417442092401,4.861867826108532
-1.6408733099792432,1.9377251723369633,0.36323074892125701
-1.1141788793167504,0.70248703836247905,-1.7325137524655745
-1.747253113867423,0.81056959781859073,-1.1931402388677514
-1.9816657260884363,-0.10569822817652641,-1.3285918252464315
1.4298072173246381,0.44379370694755327,2.8302054503843879
1.926729434369391,-0.7183663843236141,1.0166324990682925
0.8408871968511642,1.6318897258703626,4.1252377775369435
-0.095255221993794104,1.4648690546207974,7.8306328581113345
-1.7083094481439596,1.5416186606755931,0.18699018106312185
1.5244141224410481,-1.6646632119542315,-0.53301808173359988
1.3235845446361307,-1.3773692878389587,-0.70832265251062543
-1.4061957119222503,-1.6204369430718712,0.24583999389391831
-0.65652987986488998,-1.0119795001521139,2.4116602509053555
-1.2099088452454905,1.523821847839447,1.4916842046843748
-1.3060837245132704,-0.032740221713595696,-2.7345080736742511
-1.3736720450665616,-1.5368277208830881,0.33743863520328637
-0.43350368867774836,-0.9813174117004082,2.1522650554114779
-0.82726186536744817,1.8708557933406684,3.4212314384478852
-0.10173039509872805,-1.5238403534203662,-5.2318187603215556
1.6779694145268871,1.1305078642370399,1.0407949417728681
1.4707134143939511,-1.7174429891893268,-0.68012009175346233
1.0928744793743013,0.73453900542544925,2.294616567250249
-0.71690015857279787,0.13939257719802756,-0.17761902813118297
-0.042155105355924372,-0.36266482199746908,2.0681947109779197
-1.7543084108699465,1.8287752566646587,0.24411354097871049
1.7132694065766438,1.2923211726267798,0.82928983311188353
1.1389246757310176,-1.0433773867988227,0.026631387172071624
-0.8715021919317536,-0.49002247445668345,1.6341520442759765
-1.5901577370274749,0.53456473362089296,-2.2178731492874046
1.6684465640502757,1.4818713897013236,0.7879504541550415
-1.865981395275343,-0.046051974118650474,-1.7312237870512057
0.063232746403004469,-1.1172040472072307,-2.4558128018872032
0.20020089051275569,-1.3366614541072757,-5.2855840942520782
-1.7153504032963638,0.057673310209515272,-2.2906930141213104
-1.6240863810673405,0.77025321389263279,-1.5178418280510999
-1.7437925540266632,1.4903085768636344,0.10573321258668394
-0.99792748758062944,-0.082614790745208611,-1.3382726827811526
1.1454427389294457,0.068820185918555765,3.4158299349051564
-0.26990674160636119,-0.85966113627077578,2.3846015295595309
0.57727194072815768,-1.9578190877385748,-4.2964864524753548
1.0007443543716725,0.24214567441486468,2.775672675832662
-0.21594959457741392,0.27455316020033438,0.97384029238793934
0.27696663866828697,0.99058476083725999,3.1958340775016234
1.1672684950604335,1.8315321805195621,1.9641063309759632
-0.050774089175203985,0.050955511535226705,1.0595028483033289
-1.1833288625215319,-0.21592799238134397,-1.7442192934443927
1.5204118803769981,0.29282633376791889,2.9367181752296823
-0.18975618973699282,1.1054774820510462,4.7782780381600638
-0.72337731970060593,1.5156448337631505,4.6042364487579821
-1.9465406093700195,1.4466362073367351,-0.033449805059446204
-0.13148838320830447,1.2356891349688315,6.1930837655485664
1.8730665783719154,-1.057594509642247,0.54512363711443723
0.89421424621504331,-0.92882336230043627,-0.2831143554700572
1.2328121510005596,-0.14953649032101635,3.4954372342211002
0.92531348637660127,1.8698673727894466,3.0205781398820255
0.48236571239621329,0.41075505973645754,0.23954762433034402
0.31049549945912913,1.9675491077725034,5.5710920041440453
1.8058412967581754,-0.84775100823516847,1.0242613182327311
-0.77179354824554469,-1.9058268615126419,-1.4346234310804302
0.5135536921112096,1.023329955310285,3.11062144136248
-0.39934090921096299,1.3514360530112142,6.1924311620057626
-0.3753120033313011,1.1166757568209729,4.3806305865041164
-1.6884426773941787,-0.090573929324316182,-2.2234382460960931
-1.7511963600654832,0.4510562599658412,-1.9265062657490502
0.28580002666374726,1.2421416621484433,5.7540744963918282
-1.8966499016258433,-0.38866051489185294,-1.173636222824133
1.2589566306963444,0.0071748695904414461,3.5863514741396259
1.3992789065807476,1.8203484927646101,1.1527224814045434
-1.0697107660501197,1.4340787106670314,2.0274162017753423
1.0744930728809625,-0.31122028392808643,2.9252415645393151
-0.33046195603823136,0.72396625016055216,1.3326605979323451
0.71970387067514485,1.3155873871013637,4.398025521270732
1.5217024738277476,1.204695342484984,1.3316801100790061
0.34116547848123568,0.45391685282016248,0.028056451440354312
-1.5848548086379424,-1.1215764119700939,0.28085924420613767
0.34788103314627605,-0.76940764074541734,-0.41450628201056211
-0.10158482699296068,-0.61939747520327981,2.5309956667962372
-0.78933083217505895,0.58421308703866526,-0.82147767316421594
0.46400130355967439,-0.08093694116766903,0.31660772219023225
1.7073393147242792,-0.5843174358846257,1.8278781863953451
-1.5225891414119059,1.7045326331757025,0.58878671712612674
-0.58994886570588001,0.080551757614912844,0.77336794150137567
1.2976521455622461,-0.42409796987346571,2.9990813394666511
-0.58393346913174105,-0.18729465760800412,1.927337013357429
-1.4307747404028741,0.70306231859872481,-1.9890851030481964
1.0564489468267144,1.8187206188770224,2.5013779936019178
0.23072117694069583,1.6061103745154979,7.6536810956730008
-1.9025413484094265,0.44584623521842914,-1.4622739264556026
-0.23584214814136217,1.1370887856456195,5.01737865535996
1.2415790528966886,-1.3680554994747345,-0.99742252996871439
-0.19700167202637431,-0.93830390356476379,1.2725212259312113
-0.0099952953992432647,-1.2915360376206326,-3.9865053444076626
1.3508219833260577,-0.05023647591391156,3.5531604824118284
-1.239257589901676,0.30334597325832835,-2.940202222297112
0.52373839158808311,-0.72730843317632909,-0.27627034819897006
1.6142879551942491,-0.32154321957112519,2.6361009470875989
0.76727981683523305,-0.93473307039449272,-0.87848780110795666
0.96799168102337863,-0.025119564185424714,2.786932973588407
-1.3882751915457887,-1.6896134032015442,0.17674617260991257
0.83995907292537542,0.31447319895897508,1.9098176684965207
-0.11306112982513805,1.3133208680026174,6.9018592086218664
-0.317784635110405,-1.2448106631998987,-1.2858828990144477
-1.5501982741763611,0.74125549967357518,-1.7231928587147287
-0.86293313816067019,0.3572248407712264,-1.4445945219106844
1.8091531727418797,1.5539233284929623,0.49532619039001685
-1.5562733176083237,0.243950071606156,-2.7510746691050274
0.92750045642419199,-0.94571557277513318,-0.24591813118327666
-1.2361116398127376,-1.918288423646541,-0.11909333283169528
-1.1123494871243389,-1.3905714366601134,0.62100785924941504
-1.4139514722309849,1.8563504897232743,0.83347448307410676
-1.2705330803434773,-0.92103793529124478,0.83052598307341874
1.586565653104079,-1.2563909648242353,0.16874095094084987
1.2282057307018004,-1.1410440987358317,-0.16361804490418805
0.25610947731503586,-0.27092309845459384,0.53749401962912358
1.3476883672090589,0.62324989786597795,2.5092362440311935
0.19496652655800073,0.73345878273397291,1.0617791585613476
-1.0274873956101687,-1.3763119260386185,0.62910704242909921
1.7944678112503332,-1.1887111084333215,0.36916796496920729
-1.5667705433754575,1.9897594004233268,0.44878815836706087
0.39219022568909478,1.3916281695100743,6.4266083412872224
-1.67460422729511,1.5914947308523129,0.26607922237880732
1.0491171590061072,0.52315696638873321,2.4861986045912579
0.95330127256113739,0.11678650246078126,2.6798148554294485
-0.96494725773641798,-0.0434392140651223,-1.2791433337471589
-0.55946871136557963,-0.55788819623064745,3.5585711936625271
-0.7946767223750566,-0.20687225985433622,0.68400882372520599
-0.76728469112101183,-1.6496522624266465,-1.1804333780775904
1.9196405815591389,0.60223639634645521,1.1869030680312178
-0.0072543445102903892,-1.4330082160269937,-5.2425201948274465
-0.034372235897635939,1.2638248897523439,6.5262556077938179
-0.55051555924557816,1.3708603324201931,5.3737267348687476
-0.95923251290242395,0.51868092229239604,-1.7860964810971622
-1.7739357027052116,1.284374834260718,-0.17288663706843438
-1.9583216813556326,0.87740885190527518,-0.70495889628571473
-1.5186656139639994,-0.84817770236080525,-0.036409114227379261
-1.1254075822460443,-0.28580319556173062,-1.1313842141735928
0.11505809042308135,-1.6491354460323977,-6.4314564663054155
-0.4390568497432239,-1.4420134349825457,-2.2407021495213519
0.88338489166575629,0.35885569763852088,2.0839433316140563
-1.3570712455258174,1.0639972855401187,-0.4989714078820231
-0.46134414623777631,0.35275005305823948,0.60723761016416056
0.37511439768249177,-1.6763139143851331,-6.2934255182825209
1.3101928803194838,-0.2439957613730952,3.3901895610102644
-1.8480541901544849,1.7340824644523067,0.15065320603742996
0.49131706984007462,0.710624205138358,0.96645097119494583
1.4656239796697323,1.0323522916159713,1.6202223487436735
1.8291652488614121,1.2957309702854638,0.61866383795317503
0.0039288323176052131,0.23377145215313533,0.5335314528202707
-0.21441405488118392,-0.86043021294904465,2.0604973385925267
-0.96520403614378303,0.17483954634815291,-1.8723117300490832
-0.12476348185351371,1.3028039709637467,6.8004552701437699
-0.67889411641230191,-1.3805076844418549,-0.2990808517945821
-1.353113764904605,0.011166034595068819,-2.8729266391107906
-1.5350861819739419,-0.83820433108681391,-0.09216032887110949
-0.56164308870205959,-1.0989736474287384,1.5664973466001435
1.3827515089503875,1.6581728689039688,1.4085984890214707
0.56017845969172475,-0.45639102975045587,0.55254052084021898
-0.91131029948794295,-0.058055768825003851,-0.85849738172520196
-0.44505211181219351,0.82070665343407079,1.622780676963264
1.1256414597508346,-0.12668466789885491,3.33176559208201
-0.86483291718889732,1.2946823943629453,2.765909585845463
-1.2384793826008034,0.92837236751762076,-0.93105223646996138
-0.8390337646547954,-1.9676074023431147,-1.1207161276495676
-1.2630163996709964,-1.318159144044992,0.71248517845958104
0.29990785640148365,1.5648990010746595,7.380547422496547
-0.72193600330285745,1.2539992828333419,3.5042811580366022
1.6761722048007353,0.86052737231558707,1.3943613277236877
1.5039244020504832,0.47139110570896303,2.6143419702512505
1.2650018238746652,0.5697737575251538,2.6740207930655129
0.92777346098509161,1.159311866974599,2.9832977744181051
-0.74176024881606573,0.6144551527412152,-0.50722760392631649
1.5053868537982766,-0.68017203831783291,2.0072659204950742
-0.84008535458184519,1.8760282913997361,3.3273901996258872
-0.8146304285128374,-1.217984210291309,1.2056289385984456
0.95413717157904676,-1.5976434509728974,-3.048533606248613
1.2584224794708456,-0.97443986101491253,0.72529059990419809
-1.6333447559924794,0.32032810880924245,-2.4714153203636164
0.56328801321181032,-1.9828249703086089,-4.2093319239218863
0.46244217791079612,0.76065512307012195,1.1913994627362152
0.90619079716905304,-0.72610966251153064,0.94309116840985785
-0.90628348048841501,0.55231375306404207,-1.4717407504191087
0.88602766355522089,0.71982884295523597,1.9284793855568565
0.21264096269626309,-1.8772699284956307,-5.7568820397679588
0.65894419583153985,0.77547509130770864,1.5415460338533911
-0.97640184174658917,-0.81139301364755201,2.0169116748110043
1.9072594210357265,1.4888411772406536,0.39791372237689054
-1.2266135554911575,-0.0033932542138428445,-2.6472831858087806
1.6920626894720292,-1.3614312927578105,0.056650977616640105
1.7014428095569105,1.0528825449798438,1.0742028299081383
-1.8272455102137004,0.78751720406420844,-1.0922196596900942
-0.14057699167704851,1.464308059155679,7.752591402160701
-1.0595387220155017,0.87768962102887516,-0.71979010029144108
-1.897063497803632,1.3881159119756457,-0.070948845096775126
1.203556273381877,1.6798640746296014,2.0793451861630485
-0.85525911866481086,1.5221050152222269,3.6366895908896733
1.4417628228615058,-1.8163454207006109,-0.75028721993239278
-1.6366870545861594,-1.491784039071596,0.25146444472381457
0.89798153140854087,-1.5887159041634025,-3.4173257717871053
-1.8764074454459039,-1.0867350934539359,-0.022224825370448974
1.4798090977815024,0.8321490196227499,1.8749382187831156
0.59454111331545834,1.2625781310232584,4.7026833703564739
0.44849932277305271,0.32294404602710092,0.12248889413497384
-1.1469036948756484,-1.7690723331720695,-0.14407868708796187
1.7305983740875481,-1.8879174988257421,-0.23489286779146901
-1.0202604475631312,-0.9336421981496259,1.8505189903701629
-0.77036514165941239,-1.2629823956562851,0.84154638327281661
1.3706123361944993,1.566974402697566,1.5407536152233228
-1.7120674586592521,-0.12361365766116461,-2.1078325486842648
-1.7379972193143121,-1.8646085748886292,0.099765792866245526
-0.42162311692349785,-1.3453971783508463,-1.5599845039397242
0.63193370386721925,0.20559010969120006,0.85379660144372371
-1.2645783035977995,1.5034745183011351,1.2196868135517256
0.90077993958542235,-0.25054499021870824,2.2926384275459561
-1.0388254540237487,0.35695435516892138,-2.336178777566797
-0.47258415177080892,-0.57218901247449705,3.7340329237297576
0.43988155962895936,-0.20812028887568079,0.34849034295557479
-0.74628822741615419,1.258771078700069,3.3677457133349296
0.0067636654445846212,1.9587921863923738,6.214724270303301
1.0171122836395727,1.6405814320380538,3.0669148909163977
-0.98775048173915003,-0.40298909900561264,0.35602303615800596
-0.4005191407281925,0.2905217492554244,0.87429377259916374
-1.219153804262459,1.7645884030912282,1.5494183361147369
-1.4201634088793351,1.4837805695457633,0.6528876182457366
1.1794421139532041,-1.7509582319052801,-1.7323089258622359
1.3765837287738663,1.0758998769195123,1.7837175398042593
-1.528421006176496,1.2532857447764192,-0.075575870365686609
-0.59372658773037701,0.047164115409463747,0.87200893275575875
0.16850923731942036,1.7376302831112045,7.5023077404116068
-1.6752149249930941,-0.0074650234901907364,-2.3649969211054302
-1.5051936344671606,-1.1947985334087887,0.43893051881939388
0.016520238392938591,-0.76991842128489885,1.1724454729291756
0.041487965331983734,-1.4426010797602893,-5.5457998117601202
-1.6363764197994324,0.55960333965310483,-2.0462329007437079
0.22901438282930009,-0.82362639757896439,-0.38476183170552819
0.17257419603201507,-0.51342679388407109,1.0234742634702756
1.0348205397940422,-1.0733262606481255,-0.56716350586580033
1.8844652416059651,-1.2833321206594099,0.21876689191072107
-0.61065963438154935,-1.0389575557479858,2.1746081593310582
0.33008354225191061,0.92439993278252031,2.4664505401021661
0.068173524322489687,1.5574971172108425,8.0476646386381905
-0.72438706341183923,-1.3446961512370481,0.14303224571078763
-1.0978481941146583,1.342586469352292,1.5716828871692154
-0.99396449566463208,1.915897208536812,2.365232084470132
-0.57562240393184205,1.7537644139352064,5.4627770873623245
0.32530281341641576,1.7407272087724732,6.9304439436869396
-0.030906917946846857,-0.84756262060649834,0.94811615479631339
1.2275499700372232,-1.0192293512602073,0.42907788973891831
0.25147331225885061,1.1020943883980205,4.4328561171107088
1.3009292784210542,0.79947351786425402,2.2044024898450973
-0.29887342402285255,1.3145998592972776,6.4166574365456048
-0.36862199852978006,-0.5837449784381068,3.6917916310524932
-0.41018454012450567,0.18896134216631078,1.1075383139067911
0.23495779571204967,-0.28930783319678888,0.62224601943865776
0.87156291809321385,-0.66222629528032062,1.1016367254817736
0.98573941526637032,-1.4376177659022646,-2.578201591022693
0.6753664534217525,-0.036098000670759856,1.1537978904866022
0.8107651682431789,-1.0110512649934773,-1.2273664172377048
-0.87310693939992423,-0.1066106867940293,-0.37844082821644037
1.2858705763088123,1.8474627427210821,1.4744925415327752
1.9550088285698961,1.2076112516472488,0.49164539323963913
1.434615930963651,-1.8792225862070338,-0.74272582866063708
1.1327807238479819,-0.43322005772088135,2.7914245571055152
1.1519007582731295,-0.99878062561246872,0.31472301160850608
-1.1222296538093373,1.2457165888192021,1.0441291236820356
1.401088806059656,-1.0771631584978776,0.5159748168457654
1.6811015056755299,-0.76117774996850462,1.4581999878531244
-1.7264945738214208,0.19545505468211211,-2.2633473565011495
1.1941175229737087,1.7316701379539916,2.0405343153260822
0.55510130671909952,-1.1422381541101796,-3.3363611171123346
-0.041626305834753685,1.0470789867805457,4.2298115193711521
1.4078542087126023,-0.18082362173198452,3.3795831847705387
-0.35848899625930786,1.2447450244332718,5.6133181518629041
1.6384402297259562,-1.5382509501463917,-0.22846239250073477
1.8259681862757238,1.5475558957391775,0.47457881709718736
0.24189409061867595,-1.120415436321758,-3.2552381771523353
1.3394877968808121,0.82478152993071596,2.120912341495433
-0.2965304901617638,-0.86336416310564967,2.4962664740700653
-1.0715835082930607,1.7049615094864916,2.3055215617461582
0.75305616989733926,0.3854495194860692,1.3949531546775271
0.7271583052347621,-1.6510521378629397,-4.5573968888258856
-0.48265105801224806,1.5624545735516024,6.3957267276222556
1.4139483747813464,1.6444579549312053,1.3205464730323295
-0.96358122575817928,-1.7378084921154129,-0.55605834032912227
-0.255133838603949,1.382525910970704,7.0329118426310329
0.3710785409646431,0.40817678079035113,0.012321527992685335
0.31982342259466012,0.484423998564254,0.059507721980520949
1.4573036355265767,0.12643899167703987,3.3196817114731063
-0.61836574530762412,-0.51699925122582857,3.2427702680051285
-1.8487449740740747,-1.066733120918852,-0.027542256883793463
0.33900735288066919,1.9743966698897677,5.4172746562384884
-1.0294776289708705,-1.3117587456684374,0.86842946267766707
-1.992777260254416,0.45078822425611165,-1.193115320164027
1.7553163179260598,-0.68912216310881602,1.4708212580676077
-1.1046231871702481,0.31103799191743331,-2.6079688963581105
0.090967591543556825,-1.1130995865307374,-2.5610926018395954
-0.90111665875249192,1.699217303307706,3.3530557012904745
1.0852407059949289,1.3852917666047104,2.7845847984734049
1.8999676084903085,-1.7287948984829704,-0.083464320651310278
0.19445990971379734,-0.43399256039670853,0.91999482273631439
0.86109317872139712,-0.81976914888817087,0.25503914507596986
-0.60694762930119039,-0.27502678299236405,2.2382035758408185
-1.0138722131859272,1.1466503065243856,1.0517351884472241
0.75501258517682102,0.79258582367595931,1.7826296412688452
0.78998050536141395,1.5763239233121364,4.4942916957870693
0.80667136808403272,1.8385035112578669,3.7946138833201104
-1.9087272848581271,-0.7623772452203168,-0.45331937216104345
1.0098183661488869,-0.60217175602725015,1.8749226645051589
1.2935074556730966,-0.068457453270416968,3.5777288961939018
1.6085415106045562,1.0559386075845043,1.2720388699811152
-1.4506843539493119,0.54722134410576606,-2.4533517048901721
0.2738642256256254,0.11425988021045752,0.045783297889892924
-0.94602075208229142,-0.66655831287906642,1.8732012654318886
0.91061384332653494,0.95052727688930805,2.3816275238537417
-1.0758032212912672,1.1746167106429395,0.90650946057317561
1.1177983084512038,-0.26794984422232981,3.1295835202363507
-0.35655234042169681,1.1587738567136818,4.8525190241401512
1.592574025050955,-0.22301555456419986,2.8471912660378589
-1.8544374022141321,-0.5332441484820396,-0.95109207549421493
-0.4592875109532184,1.331067407348308,5.7268399466584627
-1.6912171119128996,-1.7812117827024927,0.1291601031859374
-1.8602100045736878,1.2740028534853964,-0.19489911874728752
-1.8439422841987541,1.5490049164096775,0.077764038835544363
0.81713382292395487,1.1109746208886069,3.0939352513227951
0.12384664244183829,0.232265894102337,0.20037140052556779
-1.4039988397367131,1.238845357265403,0.084496141909269268
-1.5022714103164041,-0.19455934785255402,-2.3362797336964007
1.9949188473350135,-1.2518903435020059,0.22620410322440926
-1.9457728547980513,-0.70997402166700296,-0.52030218195622979
-0.83159275673055255,-1.8690268000310561,-1.1761211199503352
-0.77969201767345186,1.0397544932120804,1.6300686211945168
1.3981034987878345,0.5321690928640308,2.6683560198279856
-0.97110940782081467,0.98925708142915836,0.29214991904141152
1.5165653323957895,-0.84687263902821552,1.4235366879066376
-1.3789258794365269,-0.45810001093193975,-1.2088177402111691
-0.2767287257016724,-1.7651405792940209,-4.5111626910974998
1.5458076686891169,-0.7902344758512958,1.5885058872521511
1.2989166304083928,1.06669668327494,1.9648554317082334
0.082079205006206468,1.9612777428288295,6.1495346796811559
1.2869953846457545,1.2099565355404973,1.9720163706557325
-1.1693565767793415,-1.8557796113413607,-0.18316084657037773
1.2853510466402112,0.061654836251313405,3.5767871160274565
-0.44684068833834556,1.3370695201555778,5.8375408696350375
1.3069090855923831,-1.0032846949494818,0.68266852906840447
-1.9036706191335566,0.92703810916210161,-0.70481964924010732
-1.159535165964416,1.6295726765764855,1.8423688755346368
-0.17140336132624245,-1.3286322400385915,-3.2724602149021269
-0.2901645557267778,-0.59553411174336368,3.4900154395162981
0.42604455631834481,-1.5081655293241263,-6.067031459869022
0.081578564124570097,0.75804071993028588,1.3674891784287959
0.81754389742374212,1.3062348517120075,3.8928259097696367
1.3851709686988136,0.98779080087319793,1.838425668201197
0.972505750716123,1.5522998720535792,3.3976515865064432
1.5836890125347636,-1.37530126954941,-0.083157496574754214
-0.2392984986852269,1.7458532655966614,7.2771407509293899
-1.343650245093583,0.46400195612154294,-2.7521376983447268
-0.62373421129335194,-1.0515850596120184,2.1018103327242574
-1.1769711658617319,-0.54588425837841936,-0.026327678240721131
-1.0465822268570673,1.9396075564427804,2.0533544539742814
-0.0040651817124035539,-0.87681862394389443,0.52287309336275967
-0.0046161397749637789,1.4327251658390909,7.7439154311546972
0.63527796725094099,-0.11192169120893825,0.95137836997374936
0.11895993185775522,-1.1939072029293594,-3.613930210596898
1.2114189305363978,-1.0731110578186545,0.11189555511691858
1.2403108594573702,0.21523182270712349,3.4104992891389068
0.86860324886320361,-0.057861016568029999,2.2571793722599489
1.2492069529325165,1.1508127138624182,2.0767579435005223
1.2936614166130442,-0.75454330048396145,1.8086262548275396
0.11795657304114915,0.22842198214068032,0.21867393471791358
-1.6470798151147277,1.546999895050972,0.26820442907089759
-1.436029251484868,1.9152514020485585,0.74311906805981776
-0.45183023749648532,0.41388045971830545,0.56099600892864687
-0.8094819509887683,-0.67810388943590572,2.7174648083037609
-1.4727165961573303,1.2102940623894276,-0.12574497273544485
0.83445326621450366,-1.8605138621256545,-3.4029801840792056
0.248283877106795,1.7563102239591522,7.1706517444540001
0.63486503866537403,0.62268921942388644,1.0127184405602179
-0.65546743732373547,-1.4499738787211496,-0.88120185605740364
-0.87464181639961192,0.32686389499045809,-1.5022535970818198
-0.91585458146650289,1.3377279931676052,2.6354585734778539
-0.83985595042820016,-0.74836784423552793,2.6630026820585249
-1.0312303407089864,-1.9063051314942483,-0.50594239395294505
-1.5134895927218635,0.074347232490326931,-2.8344126183904028
-1.679515388933341,1.7396147482156228,0.32356351314980614
1.8165655061595878,-1.8833689947427998,-0.15815827195767296
0.27256260408457589,-1.1287694234276184,-3.4157680286857817
-1.2310773135294808,-1.753026042866318,-0.0016441887030286609
-0.44155339186164566,1.4939414301016329,6.5581481848334962
-1.1948407591008179,1.6016996428741317,1.6529360640052644
-0.91834031453802223,1.327876676318422,2.5745111924499762
-1.6581021215386071,0.45997349502680152,-2.1918516444495113
-1.8196934566484615,-1.2464507179332724,0.11391522788934622
-0.99010249258582816,-0.62910880270401193,1.4604641717552833
0.28063916145391588,-0.92649804379236333,-1.4079258623791193
-0.90994724773639502,0.33536201827763001,-1.7063210870701315
-0.7898321267933055,-1.0555683080950402,2.1362387232627622
0.96697881589576085,0.17372446942363018,2.7014924787191719
1.3187913900597743,1.7177960209122567,1.5604753056257876
1.9789049951297364,0.51051329474724572,1.1398778150328075
-0.38175202826224086,1.5582479852982942,7.0071511729396319
-0.16139862728758092,-1.6277899436541006,-5.2031762132214148
0.035179483839428372,0.30202537362263415,0.3669152998093978
-1.2915921049932026,-1.9044200197366108,-0.04874954432920188
-0.55765400155281486,0.8762234938028084,1.5764387917143243
-0.66236408972063909,1.1922364246190162,3.4751947727902182
-0.92517186997053802,-1.0217525047140001,2.0318087468164605
1.7450083867910791,1.3556515356643906,0.72322772726411522
-0.050311858520393438,1.7188070183526403,7.7984709449316334
-1.2215617981372182,1.2784521035273779,0.76229130505079046
-0.58356194202915712,-0.93869231498376893,2.8257673976658957
1.0932221791011072,0.053780380848997389,3.2816172264643577
-0.97807750780572289,-0.69033926904344067,1.7511242879952142
0.66124772201675608,-0.76636845050906799,-0.18699656574509144
-1.1653301756540257,0.22819185484318139,-2.8003804522562605
-1.2533862891358361,-0.44342451389016779,-0.89734921312431581
-0.40249695509009853,-0.60325047889985095,3.743639861039076
0.51269761192139907,-1.5775120320969176,-5.8263950314733632
-1.1072964644530008,0.34916517691493976,-2.5963180340422638
1.3941156267204571,-0.49980790262513608,2.727567478694592
-0.62559515565421497,-0.084219222154655382,1.2256915566844102
0.31265260981833221,1.0989337377919339,4.2556203096948195
-1.0637814610727148,0.11134237204793118,-2.2862753153656721
1.4096818608275439,1.0699986005738014,1.7116163983799264
1.5133914606951859,-1.4601798985158605,-0.35238449301693514
0.20587671071138347,-1.6718631515528459,-6.5195858703119764
-1.5958923238703655,-1.1251667330407265,0.26751673401889481
1.5426169652185018,1.4227145706923219,1.1243504310104033
-1.5970504220939969,1.7547646633450058,0.45251488971585746
-0.22976468531160932,-1.2616603772946409,-2.1260940399171799
0.16147085315955989,0.53831091330803682,0.25289148879260243
1.4400875204419243,-0.55617027757601889,2.4998117911589
-0.2252722693124074,0.056124594606643097,1.5395137489650914
0.40852579032768777,0.37145258572869366,0.047902416644029201
0.70629735661322313,0.68971975174954769,1.3832970618488658
0.050773450760714489,1.9996701013817377,5.8452803052075826
0.28647499407743071,-1.12577947322578,-3.4110298163086967
-0.29178635740761205,-0.77867597676285638,3.0017751245320903
1.3137195619637154,1.7136114105886175,1.5848036332890485
-1.1943799826619568,0.51638877909239556,-2.5248108468653778
-1.3079927902179407,-1.4235437412847314,0.51062380964135967
-0.69429268801051158,0.8098755151282222,0.53244313135187404
-1.086978170082066,0.25737565295886622,-2.5449948464899954
-1.7027423948522453,-0.041021768022134086,-2.2485018784599333
1.9943776453385427,-0.33863793590284552,1.2934113516340011
-1.4438670954747983,0.30563763142135425,-2.9230913903752129
1.2508661927064382,0.89055240765762278,2.1456322512080805
0.20944932451383158,-1.0352871199831875,-2.2387112583793973
0.10291306947922108,-0.98237458429328739,-1.1717663362825659
-1.7360061493831807,-0.7673573971359029,-0.46664748791133759
1.9047817010976718,1.3300060723847418,0.48456811283927992
0.27337928301925851,-1.3002645771649677,-5.0874126709744827
1.9016207149765965,-0.28433708362011934,1.6496705389993969
-1.5060765752976832,1.3393688893015816,0.17100305685113054
-1.7606767430586525,0.38143551513423102,-1.9944245796396922
-1.3429375399835217,1.7395823301342919,1.0878282356303954
0.89987960856408833,-1.0318678494932694,-0.94266250057296141
-0.71459129579664848,1.8274721385369923,4.2796961487315555
0.40569125025094532,0.36644072475475786,0.040964699271000653
-0.74518343939863496,-1.9175017467552444,-1.5510750972279024
1.2597164645865648,-1.4964005428701157,-1.2223477088908845
0.53076238914765694,0.19882037047390133,0.40442920101232244
-0.67136816219935636,1.3858652602611836,4.5894236070897199
0.7538530906225982,-1.1627326820707025,-2.6116964801305609
-1.328912944029307,-1.1815323807001628,0.76231987109261223
1.1446347261566272,-0.23528778079245849,3.2479170156663275
-0.74213400929318785,0.55785200646494904,-0.63614785872956015
-0.68118846515508213,1.0703594134643377,2.4270866419957819
-1.2607742650666132,-0.53448601494928472,-0.46817069474407302
0.28349004164501368,-1.6694444804423731,-6.4868991283568338
-0.61623547369069009,-1.3570218760368702,-0.43853572680784664
-0.04484182593828856,-1.4230247704263936,-4.9597741782570894
-1.6652160943820671,-0.78321054638514376,-0.39488962931409916
0.31220269859735517,-1.7069526141618985,-6.3727193731699865
1.1449582627765293,1.0973878023978028,2.3142319453362821
-1.1036099854946948,-1.0054331421057014,1.491764991513294
-1.6722885331533077,-0.91874730809601801,-0.10347008206922732
1.5411504585284739,1.0393235415071893,1.4425488533917741
-1.2625882010703839,0.9773741303929584,-0.7356128620843525
0.52058146708691533,-1.5744087036329817,-5.7866232166488443
-1.8395646494156996,1.8552158900269671,0.16992782459410236
1.5957398874337478,0.85066922680263879,1.5948323711370824
-0.66717654570628149,-1.6533215273310611,-1.7453746058419615
0.08322373766613822,1.1141590946907236,4.8801443103835505
0.19758433470156955,-1.4455293160851723,-6.0354656040263741
0.38396137703174915,1.2341355510935847,5.3446329649744726
-0.90797614996407527,-1.1791204275402616,1.4477652175272158
-0.056223712644627444,-1.0671931122275744,-1.1052201502557075
0.11186389135307051,-0.62334026057780001,1.1915905778613873
0.53227663477036335,-1.1765771125439008,-3.699614566991281
-1.495936876021001,-0.47922445420848736,-1.2933377298063493
1.7485425502358494,-1.5291232507757926,-0.092889699916933854
-1.0098645518442175,-0.027372719962420966,-1.619654963980107
1.6836756957428363,1.8704650493582835,0.48541553886359745
0.65023521946608653,-0.2341629851122915,1.0072669517294148
1.9619244467752672,-0.29387002719094091,1.434068450459683
-1.2035632012073099,-0.21901920181872403,-1.8112036678889787
0.25536552985482608,1.5999027797795904,7.5658476891759792
-1.1198013797340485,0.38329803425134745,-2.6034808352389698
-0.9832218874542189,0.44084792248586746,-2.0200869857852513
-1.592851032478604,0.76723443141691838,-1.5775907240039706
-1.6551991141304265,-0.82267632422401693,-0.29014132426282008
-0.33971216009655647,-0.89448335902260356,2.4704384600238241
0.71037048274182046,1.1067409760080298,3.3255857563760043
-0.34475117767524499,-1.9987165544081029,-3.4369722205523421
-1.6268578986245128,1.4164672047069748,0.13813258904707318
-0.97528845713592527,-1.4914513499138184,0.12689591252717991
0.34128658853473803,0.68588116934431875,0.71860531386382687
-1.7547136421793403,0.24257313503008948,-2.1450809174228529
-0.83254589321187589,1.7892003635458771,3.6377638295091175
-0.009119810294478059,0.57262108020846014,0.62424776538728954
1.0776015019856948,0.81136498377546973,2.246963884257422
-1.3939974671218049,0.27958035448776242,-3.0017753299701071
1.7129988749332288,-1.2345111411664489,0.28708415903433182
-1.1214880693452605,-0.60841860434176787,0.57334749787538841
-0.12203598179589892,0.73543141992138938,1.4569980074242204
-0.91644278224383968,-1.6852761705146624,-0.62151643434055448
-1.5175410356711945,0.86189229271863166,-1.3535097191991288
0.43485245330889866,-0.95285814066542285,-1.8640948814107621
-0.89653012230246731,-1.2624165352772709,1.0333735870116298
0.31420165588355742,-1.210953639862852,-4.301416043805661
1.256276971232114,-0.93174735718863477,0.93094943551280684
-0.062952853903214034,1.8715888677227102,6.8879681521317497
-0.71676242105730292,-1.0537200352706841,2.169431471049037
1.3321706146331884,-0.44509854969122142,2.9330526655139826
1.9564809686162516,-0.50422607635541983,1.2387396179239794
1.9066076244891721,0.79054291423782796,0.971033222307505
-1.7600985860958491,-1.6300124021937938,0.1545722427436533
1.8119396420904756,-0.96027027354053907,0.78555590925996432
0.2345831048685727,0.29686977016303118,-0.031756775546575439
-0.57347374767613046,-0.88058070693931723,3.1422657148659954
-0.84556632335728077,-1.8278048906207096,-1.1013242598150059
0.57024922399607725,1.6434399331106584,5.8482288817743715
-1.1884265433251939,-0.024487323996277288,-2.4775346936483871
1.8715043285079322,-1.6837399382409917,-0.087032089653017272
1.0054891083064379,-0.90457316878294347,0.33421735648272266
-1.9602368152115501,0.31948397875075951,-1.4025093656349492
-0.56579696205510155,-0.0046876026184039521,1.2135156258348154
0.80019740390423388,1.3632905062816834,4.1575915291675019
-1.2314611316415744,-0.7801756310962622,0.67099049446408254
1.4496766650555264,-0.86865571080196213,1.373000775325216
-1.2925076081726012,0.48430291322433439,-2.703095786172216
1.9817234015519798,0.10652245141569461,1.4552573313079751
0.95592600580352149,-1.5029923489617394,-2.9257806324827462
-1.4009512968737508,-0.033171983497700674,-2.7948038748925268
0.38655990690599751,-0.15893484188105678,0.26670482629646203
-1.720698283175158,-0.74010965597654588,-0.52873897183067176
-1.316630813999456,-0.093689865991667176,-2.5837023926837985
-1.2234388749925436,0.94019320722401112,-0.84187941876402417
-0.58222375963520023,1.9176891181383477,4.6518205691288141
-1.9741395274902991,-0.08565833443758164,-1.3653396581481965
-1.4389329090694509,-0.22693303984045388,-2.2479353683719721
1.039151274297843,0.40972447330734374,2.6544338236874907
1.1538666949219745,-1.1600654881235202,-0.52948509569652569
1.9250829191542138,-0.47794028247730469,1.3631309727504517
0.22368663210990514,1.671073940185523,7.5715204449019504
-1.5719510079208474,-0.71937962720747373,-0.48826793794538415
-1.6077949969758718,1.0599849113039976,-0.66476327431260152
-1.5842075130086541,-1.6261910751807125,0.21542809497858131
0.20647375509449395,-0.49459990598987735,0.87539972669520372
1.4335414724985132,0.36878839392113205,2.991005172645913
-1.752562025067284,0.088956947345570914,-2.1801277133194503
-1.7456008942660068,-1.2872160045565972,0.18226834317110743
-1.3378023854994421,-0.76765110716639784,0.2121560161225213
-0.72244248414846646,-0.88767261211997894,2.9598918895457542
-0.8501702554668884,0.46269445906749995,-1.3348539234729795
0.92345546325638983,-0.12179975792676845,2.5267416574039339
-1.3794601365604136,1.5074955864226509,0.81042785340051215
-0.81309141396192808,0.014653643151768314,-0.43852524782431457
-1.0512781900458548,-0.86450033865551679,1.6968888153059858
1.3722317439870495,0.38812842338359932,3.0417943452222125
1.7370548772497822,0.59001055601016095,1.7215677326175345
-0.41190620563525848,1.3289552668615654,5.9819938979574925
0.94775496275995685,1.15679000701072,2.9182749373678663
-0.079560086618536641,1.0461118690157032,4.2236920309033685
0.10212062413530809,-0.84972968623187817,0.069313506824986937
0.9638562021615984,1.0581535163832263,2.6134923709904858
0.67784537942836032,1.6181222805068209,5.1893741653250585
0.82434656020140862,1.1337535707409914,3.176876089994356
0.45001793769672593,0.75526480112181327,1.150759081134185
-0.1698638897066107,1.1265330862228606,5.0306082102183911
-1.3820098825231621,1.3399622064568639,0.44384170517369703
-1.2512886437632036,0.07966043213012064,-2.8686385045972784
0.16406646978674777,1.3122825879268021,6.7144268930180981
1.2671699321897236,0.14506972808832996,3.5111741655155502
-0.81736984263600232,-1.5469484735684784,-0.59112243090979677
0.14463645745934528,-0.24247408369373225,0.87923369762170289
-1.4176139594038952,-1.2133142108303234,0.58394428541758026
1.2243071889456911,0.82970852926463534,2.2257680463078611
-0.1871149145315627,-1.646154103054172,-5.0702832363779509
1.9318426190525568,-1.7147238836714691,-0.063828947119916671
1.1006052126353452,1.3413519625091896,2.6868888979899941
0.40992243549091478,1.925550728878215,5.4859746966822165
0.2365560606172461,0.46509212767849739,0.041301778770854926
-1.191142136027342,-1.5048526221033967,0.36311236820322501
-1.710372987976744,-0.744754227717074,-0.51449106829394431
-1.6757553801499367,-0.45098948225430902,-1.3740882545792428
1.3831954244850038,0.9474447623585327,1.8856599972283163
1.2360322912293471,-0.89188689292551016,1.0896473728920941
-1.041771659520708,-1.2487876734786214,1.0892632990270632
-0.91358172452293096,1.1450049610155628,1.5828289399750681
1.3839511387665073,1.0152626349345342,1.814897055018309
1.3662285511327825,-1.3220370256262286,-0.41857577269421758
0.80399328557170069,0.12172368291669011,1.8573667995590744
1.550841698681638,1.5629918436774273,0.99995213279257911
1.1353103937285587,0.88000215906637136,2.2396538664714489
-1.6924589981784548,0.75448124058621735,-1.4359387923528457
0.074671919367513606,-1.6201600007307331,-6.3215194148591172
-0.28708106332297456,0.11387993154830056,1.4325187982981797
-1.3658551927135489,-1.036875486574834,0.66148954006570171
-1.1731774135405288,-0.59466086125246487,0.22973156955888271
-0.88852599578752778,-1.7722419157373743,-0.87416503790364541
0.71238192427115576,-0.64578649941760768,0.54350746352326129
-0.64080867341127457,0.48765114750800187,-0.2067167358730039
0.66651699543326126,1.28315265458254,4.4977098050814703
-1.4458459194131656,0.71942279113826002,-1.9193537667879075
0.59067153848134524,-0.93955058776585743,-1.5375319761284669
0.27909047273851417,1.4543398638866396,7.2174155074542554
1.8249546750469832,1.8133385947166274,0.33809033830683705
1.0681714001566665,-1.7574307047603557,-2.2920930506645112
1.5642424307840046,0.81219819489548106,1.7340636859785457
-1.8854505683875562,-1.3084577789974174,0.097466634633499166
-1.023793113381644,-0.73519933693366246,1.6102514904572565
1.9591162196405656,-1.2506140157929457,0.23914631152402349
0.49068144839089056,-1.7628512852981189,-5.6352403874518044
-1.0517507943024966,-0.85671756799879883,1.6871791295212373
-0.63360029056824008,0.48001786640123978,-0.17505604423073151
0.46694447467757616,-0.72981214482400159,-0.3231437868004422
1.7667202248061034,0.73783258900539783,1.380194185997301
-0.61890214886883177,1.2192539290998137,3.9534439484441348
1.8914207577740503,-1.0046352811349948,0.61303967641756929
-1.5341257896088374,1.7787777095601705,0.57262810195933089
-1.8785749973693351,0.93742720821381953,-0.72053325096989052
-1.2974373919453783,-1.409193738037446,0.53830753094226558
-0.23334450721978839,1.4686508973954342,7.5106828441660518
-1.1425560612041665,-1.4875220913895453,0.37319567624277289
-0.68278870158213034,0.058648341969504525,0.30094123088737129
-0.048409169973532284,-1.8917296798909591,-5.2625035544118974
-1.4986148409476177,-1.0156857912303958,0.32476271380973015
-0.88881022196084247,0.01364874781199088,-0.97013045653249885
-0.97308312880731651,-1.0180141163485916,1.9063020467274359
1.7254750167670894,-0.70762833582392948,1.4982137914060747
-1.9092669670397251,0.63617009296496274,-1.1795660853435823
-1.7791220314280343,1.3463832108594436,-0.084307357951528078
-1.4656287534261767,1.8884009260550885,0.69097067137255064
1.8640124447005006,-0.59997200306416199,1.3613963478170037
0.88287688657492103,-1.3745240322488805,-3.0322263773174543
-1.8618922908821878,1.6170152377503291,0.10284519284585635
0.59291665864781518,1.3226526636047464,5.059082891094878
1.2911888457491854,1.8985732721786057,1.3638499007188447
0.79998149883180414,-1.9137138266098679,-3.4000444910707039
1.0818739143913416,1.7146383117657527,2.602617601921561
1.1930826872148166,-1.1353325190243,-0.25748633869848669
0.71133665762449949,0.11779425136099508,1.3200087359439241
-0.74759649759990765,1.9389014572862129,3.6087203395497709
-1.8733855753821531,-1.6255624766807379,0.11617179670208275
-0.31328331396105935,-1.5739067647983198,-3.9716280183522032
1.0088976360507518,1.4788692619396686,3.2032697004704369
0.62046925083966187,1.3529609057403627,5.0685012934102867
-0.84404441256797536,-0.98250153349650371,2.3599123072212551
-1.0535560022484702,1.9092065855673899,2.0932687051304608
-0.6061343954469518,0.17441913652603258,0.39190778869339082
1.4832871219683055,0.19190207631794109,3.1863423335203258
-1.7642713504330554,0.28546439278383673,-2.0821387766764161
-1.6944538750015319,-0.37190608238490541,-1.5835161647330689
0.46069408963110092,0.74615819422348828,1.1089451191218787
0.86331971860053081,0.60780211424933039,1.8110975852686322
0.044080072734913323,1.0288622029509797,3.9677383949399085
0.13751008616658167,1.7241537834763068,7.6337190621534132
-0.87722200751006718,1.4874027724044967,3.411703525585811
-1.2206092642366835,0.59520541132884475,-2.3330192870840949
1.8468623281386294,0.56944717056809058,1.4357277477264556
0.48524215374252266,-0.51726522776884476,0.3496060543704651
0.76009894187152582,1.6596210684794066,4.5988100812116093
-0.20650844624522624,0.27512804358840048,0.96126517011520307
0.73791788983486484,1.8792635415808969,4.0209084169601619
-1.255633382672189,1.9066073362513816,1.2718133083592569
1.419893999684247,0.94899509900350365,1.8130732509216068
-1.2434717157749995,1.8977974971944294,1.3256147652705765
0.79582319415936231,1.8633263834512683,3.7592274037663058
-1.1762504961456868,-0.91639847966727084,1.190882168266113
-1.5440148178687745,1.2404601060208673,-0.12747629301864449
0.23904708530553664,-1.8548943298241669,-5.868201111131798
-1.5434173289556321,-0.018432107507483586,-2.6734896389568021
-1.2818756008323544,-0.070454328306811975,-2.5928421956686849
1.1594033188854582,0.43481290982192711,2.8966542468278003
0.72110636900337877,1.2733985081971588,4.2018137323245641
1.04114116205406,-1.6949242691479314,-2.498435883487971
-1.791999309521155,0.58919953816253612,-1.5671982713193704
1.576671901552166,1.6285675332872094,0.88387431849653686
-1.8408001960345757,-0.92783987712958305,-0.19230810008252747
-1.5882047652916234,0.85479073430249697,-1.3112531079928353
-1.1827438224760993,-1.8234867074428569,-0.13676648704966088
1.6348552325781878,-1.5944976421887767,-0.28174130778786621
1.392344989739875,-1.5782219607194605,-0.83120236099569578
0.35997809473271136,0.32498800065079037,-0.032333801069800681
-1.3124123469293605,-0.46582602383607807,-0.99362751670836913
1.234268933381788,-1.0994070450614886,0.052613659635326292
1.3144536948675873,-1.9565410346308372,-1.0093964331611454
1.1247267396528127,0.45834797818303041,2.7850482381286858
-0.23365303446559804,-0.2072143165315119,2.433113803593649
1.76282605953695,0.56609298508595529,1.6887585072690541
-1.3356733257881506,-1.156280809964608,0.75926146362234559
1.290030410208566,1.570191210450596,1.8393487409906586
0.54911691732385304,0.71907778596256655,1.0992840744422705
1.6542649836672041,-0.44374268877667933,2.2844826693722733
-0.22208781683855627,1.488248620386897,7.6101942030842666
-0.9213210436661885,-1.2049496797966834,1.3227585557017563
1.3037390593083336,-0.97484166519663229,0.80928319017648742
0.23435005814588061,-0.64204339942601529,0.51944452291711418
-1.1264907851545136,1.872650662267406,1.8313135237971554
0.0058520337878649187,0.74400516314654741,1.3757822876134551
-1.8682680409159071,-0.87835640544992066,-0.2712625842926415
-0.50895155019976834,-0.487583961534368,3.4975528910371136
0.92929425323599446,-0.94689818677239979,-0.24564400629853528
-0.026119157929372472,-1.0087317695004658,-0.64435658350764102
0.78573020958979489,1.3898788678532648,4.3078448531583646
-0.1598278168607139,-1.0425906559626053,-0.086625511550290524
1.3252247216306801,-0.031166465962296996,3.5780719570992692
0.90161498386372951,-0.75973130393622235,0.75304066365280675
-0.62774562457043559,-1.0712414288814722,1.9604954824075125
1.9032967131396719,-0.45949529267621436,1.4533378391577079
-0.44755185414564713,-0.66316228434173641,3.7580739622660015
-1.7781837931393052,-1.8570254535316126,0.096391261439895848
1.0266741373287362,-1.542667717597948,-2.5357491336912155
-0.27414817304032035,-0.08960503896688099,2.0919207103956481
-0.075205767961729064,0.44244541619030198,0.57214592546664989
0.8384602027357615,-1.1230232261694568,-1.8789999754654794
0.73274899469900134,-1.8043904372072506,-4.1894939167558256
-1.6640787132918791,0.80718305520592892,-1.3463821882166012
-1.2530022776306073,0.30292536754015575,-2.9584575171495437
-0.99170571432603416,1.2501893683581184,1.7426215957934248
1.4441513496012512,0.016203539398101707,3.4074519628082007
0.18225106425910775,0.21393932172423069,0.089127360812397305
-1.8127746350647038,-1.2687589750191988,0.12721489623764018
-1.3133987248886394,-1.6478708479666697,0.19127037034289185
-0.034437550099358116,-1.4073906481355991,-4.9016730951603602
1.2131026827031981,0.91853644194655892,2.1683671632544308
-1.3285318421213228,1.836377768166908,1.0951459627215376
0.88659665618856165,0.77182611226025388,1.9882710278958813
-1.8389190796216317,1.4586945469267447,0.01281159196862907
-1.3120884932230752,1.4545773905875126,0.94349430420335234
-1.3188040834072376,-1.2062062399632618,0.76598156565151443
0.029885826605197341,0.39102158580764357,0.33573575636297653
1.5748564877956945,-1.1046828801917399,0.5628187581751789
0.87494704731223738,-1.6875399018903119,-3.5435420360403227
1.5033558098573265,-1.8331760852822128,-0.59814825056311927
-1.1651696706727259,-0.43047757596970904,-0.56828760508695875
-0.25904223696854567,0.99775001417853604,3.5468408247636352
0.17408266941531858,-1.4508726924591908,-6.0244749051831974
-1.5029295424619713,0.77379434221270005,-1.6748846085806544
1.4534627860082989,-1.1449123561851717,0.33774499119055357
-1.9033118369546245,1.8915291835135903,0.12812019847401321
1.0434624719108569,-0.18165716014175404,3.0159573993558286
-1.7555541866488131,-0.4272017915118449,-1.3433404730824476
0.44301939333768736,0.48913276288448726,0.22099606260393206
1.1157958834474977,-0.045290465528802004,3.3514024568373655
-0.62696411468366797,-1.0233377582280609,2.3104081561356486
1.6953534362930625,-1.1787212249744425,0.39705012123852029
0.89932755779098761,0.34349015786007131,2.1802848610660099
1.5520841668324867,1.4060060486588677,1.1113493314634812
0.40445401452265495,-1.0743207675458817,-2.9871641995868865
1.9300924850901588,1.0776219482995879,0.62404279661927675
-1.9164914335036984,1.3749457068534308,-0.086243162579933405
0.50692600382584807,1.8169637406510439,5.6483123978745082
1.8087433756044047,-1.5307026642527608,-0.047607207450565445
0.31521314363106478,0.20095055220007252,-0.028682690002033967
0.096349057027622198,0.83552060400017059,1.9502388931173062
0.19565080203274965,0.77985619094675185,1.3806200374920781
-1.1288884598358848,0.54179538362942781,-2.3228003162790447
0.44774974940367285,1.5884708422010774,6.6352049180216977
-0.83181240352667452,0.34658415724461067,-1.2596943022908813
1.5605503504478548,0.24154576176950338,2.8995020537108798
0.29479575344019571,1.5646680210072459,7.4025946228102741
-0.58052139768033184,-0.44227036132560538,3.1237040530573252
1.6382128684981874,1.5165775576142573,0.82819358037902291
-0.86031130454527038,-0.85561795649306838,2.5753917753784052
0.89113001960299387,0.53041907356839868,1.9438475616608193
0.63774768134782178,0.69394166819696901,1.2050837731768353
1.2182638458746458,0.16419005764701655,3.4583992892561644
-0.62902236060328587,-0.39544403526365124,2.7060904223348614
0.44502317740042807,1.0484322499150607,3.4571437579148157
-0.066987121561518093,0.41436816779451391,0.55463242297261472
1.3565170677695693,1.9052471820466352,1.1507733416318129
1.1731149387332125,-1.9011411349905227,-1.5854552147164336
0.81271548919429204,1.063197872086548,2.887229351495145
0.5798634263775293,1.9918602627128936,4.2485889584327134
-0.85129308729091591,-0.98116032250086405,2.3463948435280946
-0.7064012330090228,-0.68876346928747201,3.2400657055912991
-1.5691049410916982,1.7721701824813869,0.50408001909881406
-0.71274002180310458,1.6500038138255841,4.7331512571705288
1.9512104596499054,1.1736877212218633,0.5195143872417527
0.76823987722588694,0.034535024190227137,1.6753806277455068
-0.99245557123153638,0.0050800296628765729,-1.6229626728053237
0.43542433992585217,1.9480309384313572,5.2171046274317101
-1.3566403694234332,-0.95033684773078431,0.58880402877160865
-0.70181039816332658,1.4449731279779021,4.5911511901681408
-1.6414121025159378,0.29202178425073511,-2.4761529470187433
0.55405993886780491,0.13201520495625019,0.5213960485079171
0.35336409825611703,1.3005587398318612,6.0036291900255332
0.06002513457425751,0.80307686720205984,1.7301510835086888
-1.9577602741950826,0.39125152810511121,-1.3517190721232202
-1.3247232498785793,0.026342773036319489,-2.8814333570124555
-0.87610765839172311,0.14330641195345351,-1.2561582939041009
0.58359951274821364,-1.3542935417045734,-4.7620332696149497
0.99711278274994308,-0.91734246636220695,0.22434408734355465
1.148856426079881,0.81770573162728777,2.2607426914565751
1.5213143276180396,0.510900742718714,2.4828604347130248
0.59178713095404456,1.6159998120433769,5.7456785030991835
1.9424318922184836,-1.9940721456508304,-0.083184589845339996
-1.2937877530112192,-0.93223929318800525,0.76493446272336918
1.018724972604613,-0.02108623427194134,3.016475688606711
-1.2330554822609727,-1.3687772965119924,0.64629713306455938
1.1702104076275632,0.31639797722269858,3.1564389165822822
1.0507909146780605,-1.6729651529829177,-2.4517369418473645
0.7885915117812563,-1.3502818753312229,-3.5423830218226278
0.40689609822930706,-0.75401595149801315,-0.4212736095229701
0.11145089928924268,-1.9341902277433431,-5.3738304569670987
-1.1002170760275467,1.5736597892600819,2.1164846772626142
1.630502878916289,1.8391322081414669,0.59602098937895764
0.15708978257757833,-0.95664367857311827,-1.197231436875732
-0.099825352195710426,-1.9744418179027095,-4.6323026426676481
-1.599433658823735,-0.28615416154421069,-1.9640570979922398
0.22410953346701001,-1.6691245396997618,-6.5245879013435362
1.3424465782118902,1.5719827894498519,1.6374346273668983
-0.75933824126085314,-1.9130543017276462,-1.48810632545027
-0.18774406089786977,0.76906819314038133,1.6862067758943875
-1.300172467531155,1.3890089982481832,0.83142818477447578
-1.6817870897863854,-0.5865503119451787,-0.95483479001707228
-1.968777805258958,-1.9819100474243545,0.052135100726541657
-0.49441578869480685,0.029578339649072749,1.3878922131223996
-1.0266557839144201,0.27976358274013746,-2.2934207612743851
-1.4325494905226148,-0.38881071785454302,-1.6081197423520839
-0.073282424916833344,-1.372791518459993,-4.3747001649837856
-0.26466179632256726,-1.9683546578225755,-3.9666875266286481
-0.69788732006112197,1.5398194376987844,4.8320581287946647
1.378769997336931,-1.765244090930463,-0.94424408329037435
1.573186409223017,1.1056600781471122,1.2975682702946805
1.8510027362148436,-0.94996561565764637,0.75580282580719349
1.8759266226147915,-1.0681376703456884,0.52563806899710319
-0.45800580748139463,0.2070785014084997,0.9345021814713762
-1.8292357123672482,-1.4292661878409105,0.14650833417009207
1.6266591550004361,0.52939084704788275,2.1626014464115459
-1.2549106404497543,1.0044989713486969,-0.58739072910971701
1.859336464137805,-0.29815847979849019,1.788416406872483
0.87935427320261494,-1.8885599667973971,-3.0576023101019927
0.26630841666469207,1.8148478335124447,6.793503014728886
0.44051196228911937,0.80564337911369455,1.4572153084763251
-1.678394356124308,-0.39240806089350722,-1.5468530090624555
1.8465605415378019,-0.36643272311846076,1.758237403758746
0.46361003226191944,-0.30895520603412407,0.4264126887285874
0.36997730551824937,0.95919357753842638,2.7425646876232803
-1.1717185379006254,-0.60534850983482902,0.28696927590686194
1.7516226582423724,-0.34254212318820931,2.1268107672037697
0.28920685960123338,0.52591775931014473,0.13379242111994546
0.35226176364047479,-1.2580648849242129,-4.7374805310618635
1.5441775821979551,-1.7323081674649945,-0.51251695705747524
-1.0628955527445765,1.0619271127436325,0.330188542831576
1.3545515338625562,-0.0016930849221437061,3.5561174629593646
-1.3968851654688659,-1.8597418951158537,0.056199695182795217
0.51702729507020573,-1.7311957554875279,-5.6180024655294218
-1.6085829235029563,0.52260151394051935,-2.1997209003466187
-1.9200482125145808,-0.53835155954819758,-0.85293376529951459
-1.3381511640509847,-0.49676248683742852,-0.92229082589418521
1.5966233522833799,-1.9634681723219876,-0.38772461586713575
1.7711978920476774,0.68253807490004981,1.4620147946787545
-1.8500074641145592,0.31269162031330255,-1.7680488204506912
-1.2694601859072767,1.992266668292896,1.1102725234717428
1.9129755352889535,-0.1562716996097373,1.6942401233311013
1.2531570178696776,-0.37407643032828441,3.116990034923703
0.88204303966749631,0.57586709946273862,1.8842564497556578
1.821027288149867,-1.7839219444458743,-0.14689166735411324
1.6752442522507693,1.2131105614350357,0.9705289527446882
0.015262428397894823,-0.76015670764152898,1.2381889333377869
1.0939499343941419,0.43554779475637151,2.7623178954932697
-0.11854761453761964,0.2162799898679042,0.90867639222358676
1.9460220382461433,-1.6170812019062928,-0.026037379699523147
-0.82440397443539393,1.285414821204244,2.9891396404566106
1.2683078919860198,0.91206928881508587,2.1065617385750994
1.7400787853441382,0.041896797760657023,2.4050459037143335
-0.53610003959012298,-0.7930555002912878,3.5024829835471358
0.45315185937784674,-1.5930516231506731,-6.0917149918810498
-1.1399305725517084,1.3497794684907354,1.3851959371608729
-1.0306183132508495,-1.494053746271558,0.22367852527384771
0.42379286669136285,1.2755513564955314,5.5265892643207
-0.59868975355998111,-0.82175502976912695,3.3756058926465706
-0.00107255639607029,-0.64450006044675878,1.8357730142076589
-0.038766558851730304,-0.89436115833285168,0.60384384014047332
1.9288436433490124,0.47627423520581269,1.3228072539242066
1.3897193763075544,-0.73151551492438638,1.9254194916116367
-0.86223484476076417,1.8896912476280501,3.1521610506389606
-1.5229499764625078,1.1582641597002334,-0.34233422669112634
0.9762985122563661,0.45756526949864007,2.3566294808011881
-0.95861251929070779,-0.2514869352377882,-0.2752371297898249
0.58009994575556423,0.38317159979195026,0.57140539360895293
1.4173543383952909,1.1242812518290828,1.6528227137747427
-0.4843912103261121,0.92888068609787444,2.2705186881341151
-0.54061268491243619,0.49058950408968505,0.23816522049816799
-0.49423908282121243,0.17265454631825605,0.91067379273970506
0.59084530734341989,1.2952863835324373,4.9165961146619308
0.14941503797062561,-0.081677588703604531,0.56702779100050815
0.8637184490909986,-1.8164618955056178,-3.365065601601049
1.5357815353273798,-0.67192722453830056,1.9860032668927992
-1.4463840248980326,1.5003471958873642,0.60792184647057135
-1.543905467503331,-0.6594456489379843,-0.65324622265721088
1.2168119286649666,-0.87048627887241969,1.1590641517602023
1.6988760177369819,-0.84113419032554693,1.2186349092905788
-0.15463087965159605,-0.038547054794766167,1.6519857516504994
0.79689232740212557,-1.0420162538992803,-1.5167042685187371
-0.42478115961120011,1.0918330866014925,3.945070513286292
0.74843829714497812,1.7151465985115348,4.5540718404472056
-1.9620048926305411,-1.3190536468471747,0.066116614902196127
0.38998691733301438,0.98619068573955593,2.969113289229401
-1.0597346924158644,1.6511751317336123,2.3869283255253726
1.5913010749807026,-1.911120820484673,-0.41258177726448009
-0.53232983356700703,1.1792065564056999,4.1715063967678487
1.7755370188092465,-1.0707671815012358,0.59749392631066089
0.72937511459697291,-0.97703021986095617,-1.3432423752905118
0.088710190680158618,-1.3100443108586923,-4.6847143241580635
0.70145038285404082,0.94103944363896463,2.3738276508630234
-0.73455995653768991,-1.9219021936959009,-1.5978928181432788
-1.5259987243191637,-1.2767148135521447,0.41035907656322312
-1.8543856290118692,-0.065679541407600572,-1.7520413073214136
-1.3018631618900072,-1.3069327375069202,0.68492836650047761
-0.95881032220536322,0.34985374497137922,-1.9672982758788307
1.2837505259035935,-0.022544324543161132,3.5913411392671741
-0.93921995024668803,0.23051899583486479,-1.7996339219761359
-0.78247229284964281,1.0735165956757604,1.8587690181445644
0.79152124572674465,0.65406241189185721,1.589099015220327
0.37020385596443495,0.43720029224973711,0.036590072531419326
0.50129161436256142,0.0095942029543580887,0.37439782009699735
1.4537039684179303,1.4205402379652705,1.3760996040019349
-1.6448647010961384,0.59494600697300815,-1.9425034450201524
-0.1459365239135022,-1.2880820372454016,-3.0381494896929633
-1.4660424422887002,-1.1089472254422539,0.47769268259230135
1.3716986681150498,1.7715168448412353,1.3048460632327514
1.5782190712083057,0.63149184753350562,2.0715101466944272
-1.0660112910430852,1.8610647860870557,2.1346934664526831
1.6422544405893902,1.6933002205601535,0.69070376577984627
1.9876929331064828,1.3811321431897574,0.35660781879444464
1.154698783632147,0.98429061215334723,2.2326422297712059
0.79448068303420083,-1.4398558472395366,-3.8578112983196355
0.48077423811647924,0.53398395999521675,0.38147318957821075
-0.15575542849245494,-1.3562713537682838,-3.6559419427995183
1.8266955445582753,1.446135235590746,0.52953439445479267
-0.50108814611906993,-0.67316189087253409,3.7507073473929062
-1.0765682282339049,-0.99474730403875866,1.5954979029492029
1.5044446174684518,0.29016825374605171,2.9841247373507001
1.6245388311755278,0.88340034499920073,1.4751655500336163
-1.4192573736527772,1.8002063486764679,0.84267729361731492
-1.2085883220011366,1.9971603030854732,1.2950032037981103
-0.65425295156121854,0.95660601811762191,1.6994249082431432
-0.097125639063029956,-1.716347774019835,-5.6114888833454017
-0.89174716522034569,-0.38991554346968504,0.96442207186541329
1.498702139441253,-1.8978142978377894,-0.58680913317482142
-0.4264890466357143,0.54656932570557704,0.63691083206754784
-0.74413451245036222,0.41552364180713219,-0.76859517219302431
1.5463878611217776,1.7463322272541015,0.85103423431030267
1.2736746359247784,-0.60994027812981999,2.387543473616804
1.9708386103813571,0.90163979657750115,0.71817783706846361
1.1233631756447768,-0.071569971573251623,3.3618212880910097
-0.46967953504795013,-0.77633701397711619,3.5253942562427945
-0.12561345915701461,-1.0293089486554376,-0.17884666314734113
0.35293440489445471,0.77813635873516596,1.264227609412182
-1.8102388072083047,-0.80806980995648381,-0.39002772028967336
-0.27976808454530477,-0.65656897378051249,3.3805730819698718
-1.3261683420716914,0.86232151546493974,-1.3576908952553874
0.19146492502326096,0.8230691830068797,1.7235248525553057
0.042027964970523524,-0.9078287044922031,-0.060589003625126599
-1.2263446035358951,1.0897855207926552,-0.09662666738105502
1.7598285331284198,0.22320465556522384,2.2092702372551822
0.56787074065867937,-1.1966980670721208,-3.7415837133017513
-0.60415558531159985,0.42832731961607262,-0.033185110789292233
-1.966980476506343,-1.7140392802205953,0.080762609040358452
-1.1727490157091038,1.0874027822915888,0.05671273224636865
0.30974927395463947,-0.93746407085181316,-1.5846750880957496
1.4887342446548049,-1.5479402221163081,-0.52649389907818311
0.014154047671766978,-0.85156256245270834,0.61214041025828914
1.8029249596799288,1.5633393152529154,0.49927753100749717
1.4997386414055849,0.2821921101569469,3.0100410755595655
-1.3853210018034163,-0.80615019602002791,0.17689882374749508
1.4473994742260206,1.4014287679034183,1.407103998708586
0.51013492104653801,1.8181991672651305,5.6242643714368246
-0.49524448732741577,0.32556174635122126,0.54115127737302737
0.023604914710896541,-0.37127084243832931,1.7208294468369869
-0.37268957828869498,0.11927947649351678,1.3794935058469204
0.7731545311124024,1.0924535104076574,3.1043016713553642
0.65828642070731114,1.6209271449102838,5.3133334184502106
-1.9824829948347056,-1.1719745808639765,-0.0010410813048973497
-1.258564725546389,-1.6503338135792447,0.15324803574114201
1.4840096988806146,1.8728044360641136,0.86191116163326664
-1.5941730291585805,-0.27449707743985496,-2.0053057942927826
-0.64221016247586826,-1.6337583518317034,-1.839376098872149
-1.4582262741846463,-0.60814920059512478,-0.71539827092093455
-0.13404449427911813,1.8930375189008091,6.6353810246317595
-0.047844905457532505,-1.9421690015245128,-4.9909003771768941
1.6773109734550862,-0.15535026646882755,2.6076045341851093
0.86532790536028337,1.6535004960553654,3.9422009198666856
-0.20759761675429189,1.4187105760042993,7.3857940208325248
-1.2246622177890993,-1.5996767135482184,0.2041556093847601
0.40165327614645152,0.38211778067278734,0.040606633287519199
0.79806655495997258,-0.16629521624261767,1.8128165797399669
-1.8092435229910304,0.69314377544233929,-1.3213286593788371
0.79768925335676011,1.0016953999822453,2.6285655778601855
-1.5534491812551079,1.8589564171694946,0.5229334605227749
0.2226906707008367,0.42486319778454762,0.0079660054508232936
0.43802751146179997,1.0277422646812551,3.2792345293295337
0.62353699641834259,0.045745969410114995,0.86906112953412051
-0.044011122578788919,-1.9072200028381932,-5.1968301535037602
1.4783478182606347,1.0608090844588225,1.5619658559631238
0.38164002216632964,-1.0112719780955488,-2.3788521609044175
1.1542595710086676,1.3365281411819065,2.4632397339276149
0.81998220543012978,-0.51939253266473351,1.3925917529437621
-1.0789418204409693,-0.34819055015192313,-0.53754678003729683
0.8053518586421009,-1.1333428625155477,-2.1281548239013492
-0.089232706877426349,1.9218693434529022,6.4736098987822608
0.69767216047485281,1.1937180664115705,3.8757573844763282
0.97743882330290655,-0.79522519034314954,0.85608310736411075
0.99317049333719742,-0.51457203556420517,2.127015484979744
1.8316935018331271,-1.2997249047246973,0.19962229520079014
-1.740546418608681,0.1777041749431465,-2.221114082187384
0.67055363742245744,1.6545136678207841,5.1875123013110978
-0.4037281940376849,-0.4841911843530371,3.5858005975397944
1.7521307313880987,-0.85290593541118787,1.1036267306301324
-0.53557625577893986,1.8817752131203829,5.116680408150919
1.9742053055097144,-0.25853511192307388,1.4186012665186463
0.67010788105988706,-1.4857457478986857,-4.8024235578182006
1.9642737629773479,1.6952522072050837,0.25256018731399615
-0.93217863702099613,-1.4850388780292461,0.049231923995648443
1.6644242219987615,-1.9225243069443696,-0.30642029347649424
1.3754347158573159,-1.046548955660219,0.60365674057766294
1.4808369626920883,1.8378793677562424,0.91086725479688324
-0.7912016920210363,-0.60101977921213212,2.6189705254698836
0.72501517604641785,-0.95555499135406907,-1.2028134837296398
0.55671555933424388,-0.45886293961151359,0.54149258267302436
-0.47033105121778762,1.9007110613237819,5.3567471658872305
-0.71899214445513215,1.43478962945394,4.4292322325226197
0.60836649684386446,1.7431490569299712,5.3579979057289338
1.5163226454456411,-1.3470694218575425,-0.13367289484387071
0.34950374032482978,-0.60363910452844571,0.26269422243418633
1.5552776057642927,1.7239540455049021,0.8513601062976367
1.1027365046731461,-1.829271402805932,-2.016557807583383
-0.24468667392200216,-1.0168162639907155,0.78352232296985125
0.73980086115124832,-0.093560183978619538,1.5090530508819382
0.85185703265959001,-0.72776179505532723,0.71757859930807255
-0.58890632090430595,0.42373640371532417,0.040016431536002511
-0.22123845571784484,-1.8273913733949367,-4.7272965206480642
-1.1008109600950631,1.4237924450006605,1.8248228682909464
1.2818090340195014,0.97430350412957223,2.041805484315935
-0.55445165047457223,-1.0982999929912503,1.5489243984829797
-0.099497378945609949,0.16531452866788987,0.9628062391473502
1.0562630119735075,-1.5156627725982217,-2.3145660576734817
1.7625674394447639,-0.1615685884287279,2.272031462798842
-0.63755820666213814,-1.0061253807153445,2.4375874280427303
-1.2697516012022771,-1.8392606344809403,-0.033074479890471881
0.17447136002193142,-1.5878349735803905,-6.493865542382534
0.158381915431141,1.4714731559809007,7.6818672571277684
-0.62667849822050559,0.77721886561403331,0.67018982133703209
-1.9845156924301861,1.7084516545084618,0.068581657522870251
-1.7495559805119258,-1.6835494974286929,0.14465816445435403
-1.3492955766831698,1.4963335239400002,0.89092401525260967
1.4060210982366343,-1.4706327331297024,-0.64298386418126541
0.83163038535635181,0.24171626788981282,1.9331734736662596
0.81622939003975281,-0.26113596199996536,1.8386387560381106
1.2616425379561513,-0.93771837972833483,0.91182786352986378
0.94870937480045336,0.034375490475822001,2.690517494681774
0.1637772946710081,-1.9070997992267382,-5.5791929957932593
-1.8310137439422953,-1.9768393554695669,0.067941786342221547
0.32187771397582488,0.98722195917276601,3.0866591695055088
1.87099075642623,0.69334497197826161,1.1861262556902423
-1.3703563506762069,-1.6769765828884071,0.18298580228337755
0.71907491291891779,0.84896555261649276,1.9364284204282975
1.6178810578616716,1.8783640924756373,0.5847841963924657
0.13283597461335628,1.1634529070412061,5.3453780705398586
-1.7574340267888713,-0.43145409772149335,-1.3295448838499624
0.10614621448610473,1.2075038366591211,5.85557644803015
-1.284281834772,-0.58331168051644799,-0.3278250590586983
0.34275044530852705,0.24605473726572669,-0.036956842766222305
1.6429032133341215,1.9404653174113213,0.49252970433335014
0.23105798699440916,-1.9412381865162358,-5.3498002259226638
1.6549964829453687,1.463682283031901,0.82860636669555843
1.3091279134168579,1.2461031805861902,1.9015674469432562
-0.23519371302909597,-0.98326473300557327,1.0742930215137576
-0.38265895862542454,-0.74886796719582738,3.4612189821343877
-0.96420005774028605,-1.5012527324597094,0.066436397511179551
-0.18291504911797318,-0.030304008450758868,1.7088723000749404
1.4515823727406656,0.62823111026462941,2.3532340400385401
-1.7078195102412386,-1.3937414138020132,0.22261927439555723
-1.7072092976850266,1.5766715988626374,0.21537612955912
-1.4217169652190238,-0.36137585188758825,-1.7122690647107597
-0.47401317063541781,0.5822731105400103,0.56005536351878538
-0.41045991729073394,1.3629448544657046,6.2003789781651566
0.17964163065683225,-1.9107713765421375,-5.5601193444672212
1.0942947176914251,-0.47980940561959606,2.5600204997870986
-1.1876857650017509,1.0710961237186862,-0.075871680882206902
1.4540221608140813,-0.69664742786118738,2.0139337445503798
0.66032313467641535,-0.57281735179739579,0.60987468348644713
-1.7810584660013768,1.4849305475102561,0.071066710840042152
-1.5893332448804327,0.066946353027007355,-2.6625811444279108
1.4108989454104068,-1.0736012469727507,0.54310878914040106
-0.50984936627242905,-1.4866793423781888,-2.0352802425767016
1.8079805969061491,-0.40717928400164172,1.8374312482556587
-0.33502417219518965,-0.42905040228564184,3.3820107464308213
-1.3682889677056105,-1.1924496228668819,0.67996609536760777
-1.7693551139949202,-0.59495081593990262,-0.88932611653966664
-1.6457650088249294,-1.3955836464190328,0.26992790511715453
-1.9852163969798851,0.36324779015883868,-1.2930865575653596
1.253593148786095,0.55127989340077566,2.7156921348892933
-0.11270070472485028,-0.33535736142225181,2.3710997400046252
-0.88099855303260455,0.73890249506793459,-0.71884397700694935
1.8406854847012029,0.038490736151146177,2.0031694586350732
0.5165811769678923,1.6200070571342309,6.2105496498303383
-1.0773186612390704,0.65816227809896333,-1.8069716198781816
-0.62485640625298844,1.2485692458027797,4.1236041263056755
-1.7440679077725758,-0.31596706682548392,-1.6409442363593947
1.3120577028676164,-1.6224634582202229,-1.1534638446504599
0.96352143190418049,-1.2126437566839814,-1.7442147898806428
1.7152639479208518,1.0363466817293965,1.0643289989455618
0.17498962290530429,-1.437281464154835,-5.9493396378451333
-1.5687625655084443,-1.1219435931487598,0.30540432458425804
-1.9420930816808724,0.033863394473320874,-1.5263084564830769
0.44754936409216439,0.55555728353092615,0.35548149340158469
0.36864725696865586,-0.93994836601694765,-1.7135908247248919
-1.9811128251157133,1.7058750651874646,0.069423351064220262
-1.0753443987637517,1.1002377626871831,0.49804925882552936
0.068482336264561461,1.1559820680505632,5.3616038680996754
-0.35151014577319395,-0.044774208671695348,1.9631011257503741
-0.33278513617917049,1.8122181140347609,6.5602505383503207
1.1028622275266176,0.53870162644677322,2.5831853945363403
-1.6493922932929386,1.4876083471961503,0.20419041648306469
-0.33621057147773681,-1.7700363967970716,-4.1173230134368817
-1.5679971382867866,0.95691008542263312,-0.9978174791783595
-1.4230544801325833,-0.35515435466416534,-1.7400715257230668
0.70507395195269362,0.074955428761290577,1.2990732810691619
-1.7014422340394586,-1.8727509494450501,0.10120742039623695
-0.49184312295697841,0.30834505837341641,0.58506490580438575
0.4140132647056971,1.4570935472773292,6.6059280896913046
-1.0383357839766418,-0.53935524526094425,0.74585027110249635
1.3890485858004045,-1.9081486634347189,-0.84307767128359046
-0.99067401389026832,1.3231490128645533,2.0977627674177954
1.6599690155366624,-1.0822889058854499,0.6257299012614671
0.52671342175557889,-0.12557637218378215,0.50908855220963845
0.98458744148447197,-0.33900431553633759,2.5407354821317583
-0.098991176319898955,-0.25886133216108576,2.0967546812159688
1.4776556444786992,-1.9533536258207007,-0.60180812557923025
-1.1329644749848518,-0.45251369464960001,-0.2791821508279258
-1.0708963085861232,-0.58561171761315545,0.76561696022409576
-0.55803879288105129,-1.3349147813110456,-0.58027168566038123
1.2159611630750815,0.10896218857363937,3.5092371227850871
1.9576136030029492,0.56071831984137699,1.1386343794630767
1.7440967670772478,0.042941629223779199,2.3886862998675853
-1.1110920248501712,0.49954381362046307,-2.3813688022868997
0.71548679396533021,-0.22432508302204113,1.3317410162157364
1.0546912742027117,0.57319424913993533,2.4209705453310373
-1.597900561609124,0.10494355886827167,-2.6602223458441614
-1.5248541701492893,-1.1436209338061982,0.38934536177022244
0.50554552326452162,-1.0161710853115267,-2.354958908955767
-0.39704674733266487,1.0161848380204406,3.3500529150084088
1.3860048361394575,1.0613205023213736,1.7725450842773189
-1.6321424489545502,-1.1726026699739087,0.25015510947864189
1.4123431479105033,-0.89703863699543418,1.2571216380097332
-0.31656513937211495,-0.9491952224432243,1.8920692823509762
-1.3587015135077538,-1.2697639542331434,0.64812137747561416
0.98238192345822695,-0.98466837925809281,-0.25360520412573789
-1.6810157177496237,0.93489395949455512,-0.97211304663815767
0.16250865752864208,-1.7046833935510435,-6.4410544000528427
1.7847480863757781,-0.43037179036688356,1.8813508588299863
1.4920176788067101,-0.20862298492476139,3.1651119506132512
1.6098401595002594,-1.5069318975030481,-0.23854906522263497
0.14147788056498811,-1.3655161459324336,-5.3673267973266716
-0.12336906798036873,1.5507103289630964,7.9862213923394494
-0.6939527570364461,1.0726470086044921,2.3706076130939873
1.2997827179730193,1.2092171165937735,1.934286119477395
0.79249890534961454,0.17420089298490771,1.761318537837288
0.23986352631823626,-0.36939981542440314,0.69892025801614055
-1.1312637251793953,0.90323311081342261,-0.80661860557019605
-1.2046868195698728,0.41039477610050534,-2.7637391257600079
-1.0882587019111232,1.3125082668590906,1.502936890934953
-0.20381850503861232,-1.6410458439316977,-4.9524479169840578
-1.9548677915694206,-0.44987824025590828,-0.9549937646783293
-1.2485550370805865,-1.6349704344846003,0.16735930085183626
1.8246661011458527,0.42031307998138789,1.7274343430573778
-0.88764831253167586,0.81621280355167158,-0.36236938562724297
-0.54974613542579509,-0.81529675599595075,3.4237711950454943
1.8092999462332271,-1.9329049811940957,-0.16227609391290065
-0.98749309455799694,0.60747956290744698,-1.6733520628202307
-1.1875936676250842,-0.53022334066446297,-0.15859139759770305
-0.14305843252734962,-1.1608104500331176,-1.600657539892653
0.59390200263576576,0.28914902118421004,0.64117586767313917
-0.3919150574150112,1.3614158133395855,6.2921948822911169
0.52970946881551972,1.6395336766191488,6.1061617794789349
0.69807776601836835,1.0832384933370682,3.2113722316582476
-1.0053964498346977,1.0787397879295249,0.68801357272186547
-1.0542541114338062,-0.85511764994554817,1.6734091071635058
0.539481298472126,1.6689993533190077,5.993263177238358
-0.1549739027754935,-0.55087553392975397,2.9036842076008025
-1.7211022971072523,0.78184134160562957,-1.3114660689477071
-1.6394687234933063,1.6003398837019724,0.32169257657414763
1.3852961414387841,-1.6657110184977308,-0.91389012885802323
-0.70019018610245909,-0.73414279464863186,3.2830001253177992
-1.4831535393485535,-0.47042712813805565,-1.3177986998775819
-1.6976476294549558,1.9136237205413456,0.29869266546167716
-0.54939260599412187,-0.37105138333779819,2.9427209750396202
1.773405886143772,-0.72546723100874688,1.3493041558154963
-1.5802343949870616,-1.44819547074859,0.3049001759518935
-0.42722391638179569,1.7690649546162307,6.3083504566604169
-0.94584827721965148,1.1444005052557187,1.3977776637632986
-0.92117410331768723,0.032536634402440257,-1.2534516824474113
1.2913805301532868,0.80841518387794187,2.2001894333863139
1.7731109963783043,1.0489880256229731,0.93215887944552567
-1.8417682050535058,-0.34346056461521579,-1.3752572381415382
0.80044948494820156,0.26990701513459125,1.7356597480060323
1.323732736569867,-0.88811682602721587,1.236724653048787
0.53026978508135203,0.15774875294966773,0.41724067913148222
-1.9517823249812318,1.9527748077306417,0.1015668906785735
-1.9139852919028089,-1.490100644476259,0.10900421909122805
1.3833575927346669,-0.80547088606567008,1.6286923789834695
-1.2954766694992577,-0.13731006574057036,-2.4063040895027914
-1.3722639253099005,0.70515085077899098,-2.0118236752845751
-1.3761796164708229,-1.9273246215422475,0.011107486677550141
-0.68463443182241246,0.20653384780080142,-0.14750765687488676
1.6981405884775573,-0.13134271994859015,2.5434252077822821
-0.66185383256243857,-1.0940753027804848,1.8464407713422957
-1.4666668349133811,-1.0328832749824972,0.41294641262123027
0.046783398203130044,-1.7663484720161193,-6.0731591960372544
-1.7434344159189119,-0.65756417234439724,-0.73913061904706279
0.018634290398254816,0.036087986165187047,0.83216084084005737
0.026963919623762767,1.8289902349087548,7.2049918381214386
-1.6198482979207169,-1.084575245213359,0.19874815076686125
-1.1324963726776462,-1.7779651483294825,-0.18039737050031163
0.83396013409568326,-1.8009297616719764,-3.586929856750054
-1.8067211847684395,1.1406252988035606,-0.41332588050393565
-0.47741802986352533,-1.4084580853410862,-1.7071434062442752
0.24626058714979449,1.8996273883821506,6.2966045999895046
-0.88440970917513062,0.21583508904812465,-1.4486628624077327
0.58714763006700244,1.2023986092760897,4.3324029463911575
0.3884600998728458,0.68220289157081604,0.72135117684318018
1.396583827009322,0.87491542971479319,1.9575749884928841
0.94938842178448013,-0.91475700987607733,0.044408498002038228
0.32518478285217878,-1.6315375649906954,-6.4596217318829821
1.9730733429967544,-0.58479505127052533,1.0938771014693569
-1.0036023870080037,-0.20295188112925389,-0.83022724245293533
-1.818370178122461,0.025062492322192931,-1.9338453616200633
-1.9263570786750648,-0.1771002642343511,-1.420748778244437
-1.6480342175416649,-0.089481682680913943,-2.330548822668232
-0.51071821414454788,-0.63719060022823371,3.7507853126440356
-0.99917943160830447,0.85295761407548998,-0.63476272336107165
0.51430065638936329,-0.65033089236461672,0.040534287738332744
1.4380352160978371,1.1116739517083327,1.6114614595805519
0.45491892627225949,1.0275502940830918,3.2471483679591038
0.8594330664077332,0.51460811181494881,1.8242064996994085
-0.55648707005678544,-0.88940942440891302,3.089136315212182
0.80418664569301379,1.5356474506619948,4.4077644884822531
0.86009747879232412,-0.87874946887813521,-0.10893975272425185
-1.3783487357875805,1.8016343244346253,0.95881282950392988
-0.15284948116026609,-1.1606173528723822,-1.5270093825591426
-1.0353917435063715,-0.46285331640537852,0.36598583394318718
1.2045218693341289,0.68017617238913486,2.4382527803555956
1.5265762098656488,-0.062109767838120389,3.1837740934124525
1.30933339768454,-1.4355743648903736,-0.900948175363953
-0.96153224834363349,1.4552549684299163,2.7533553056374003
1.9655149484590737,0.19412694535051678,1.4702097556500697
0.12683828667747532,1.3778044934964755,7.2794535061121453
-0.73203993479031171,0.80443613520801049,0.31929808928780745
-0.78031258780544288,-1.1127821551902239,1.821165377888502
-0.22305907528840141,1.6639556888327092,7.6267224514545697
0.83924840111153554,-0.19524191846568129,2.0223122815452426
-0.84691712525174179,-0.33997524983952387,1.0162143953614
-1.8449268507740086,1.0982048520674996,-0.46831616855060809
-0.21053376856751882,1.5798314630115931,7.7765368117500788
-0.34065867301306851,-1.690621053623969,-4.0733229102993898
-1.7663646733107623,-1.3932642566770359,0.1822467119695805
0.35679181599410104,1.9511798446392166,5.5248466347735228
-0.63663480969376085,-1.3959523385038994,-0.62058709516439103
0.86049590690528399,0.49629200199300127,1.840684580675165
0.83693893239464057,-1.215399644723363,-2.4952418786677337
-0.95500118542572165,0.42556887490084927,-1.9062586584692085
-1.4619677554358597,-0.70915337435220427,-0.34039698938172636
-0.49107787887638099,-0.97262490085720299,2.4196742346430757
-1.0768784062280559,-0.56594039629842041,0.63577064006665185
-1.2870983634807154,1.4459456190494211,1.01790790749378
0.61253496365616256,0.49906513439688949,0.75409101774815701
-0.756396328775363,0.73759411659032903,-0.13413465908395919
-0.80571514328112892,0.59563456429894446,-0.87589103360031706
0.20228095714336902,-0.57355440865874607,0.82021238523953943
-1.9665910991024547,0.43955119849810886,-1.2788344553897786
1.8946575050882029,-1.2010161567867861,0.31963978483835848
-1.3130176108993843,-1.5202516969865525,0.36405476050381697
-1.7829015648345976,0.62119297819193564,-1.530106052431714
-0.19576170520141867,-1.0930434852390225,-0.41440973174228235
1.6049581410738241,1.4443318071891698,0.95425317951201516
1.8129918589815563,0.32723179031022465,1.8928478697737636
1.4954138426458083,1.5022822026294729,1.196593207666907
-1.2769293503772225,-0.43791062166318651,-1.0131889235081015
1.725953446248262,0.96070687878333194,1.1360291640398925
-1.8512223460989388,-1.9965156377452817,0.063056009227056231
0.055143948379202445,1.763551126101659,7.5758655951089171
0.10006913321446831,0.18352597051915964,0.31664540342996328
0.93068822000754547,-0.50176483281452811,1.9216182176597953
-1.1014277871782179,0.053089129236410404,-2.3376634326819379
1.5980495384059208,0.10161925252525128,2.9203206148255907
-0.2119830307216064,-1.9563132347794792,-4.2731909287041026
0.85096803619505712,-1.8667674690923726,-3.2879528699036511
1.4295375042357983,0.65485813426928408,2.3294863088743925
0.4762620691951156,-0.56739904436223942,0.25071661094281772
-0.1205035050902723,-1.6895819147480817,-5.50171433745074
1.1441198977437637,0.63489693832700889,2.4751824115630874
0.14704022987068655,1.5620266984877089,7.9052583593431809
-1.3796506530950197,-0.88702134330260152,0.40110374799665971
-1.8570082725517394,-0.51768791483235899,-0.9814590345748655
-1.7200894043207784,-1.526896603346138,0.19562278745835657
1.9244739093779279,-0.063266520581359842,1.6805804829964708
0.47006057959151226,1.9866234384291901,4.7937837093262505
0.16653419027450322,0.38868021759700744,0.055450056665704919
-0.25198380840091694,0.84667492326224281,2.2041825517006721
0.90739561398218394,1.8670563536007556,3.1257530614444113
1.4322204281387365,-1.472508501323772,-0.57060835287326306
-0.21025138263282606,0.87363638738358551,2.4582184203292008
0.63430122644951714,0.36053641570355932,0.81134647125430792
-1.0935838054369815,-1.5482285504517124,0.16674412150193063
1.6459609063346354,-1.625172511748179,-0.28570026426618761
1.8877706677295794,-0.35248933847360719,1.6315945956986431
1.2172459742771529,1.5787141069302089,2.1365078047316248
0.66945728455368192,-0.13379890965067687,1.1209064225667171
0.2352267471058207,0.53191831311247428,0.16519699154438727
0.57636601086887174,0.57759719268488796,0.73403209831523686
0.2523894522187855,0.75727502720219109,1.1675743888848615
-1.2730971812314762,0.87982303555922892,-1.2217828055691706
1.4545027148925276,1.6227870671000426,1.2159330742254735
1.9814993071913145,-0.21193403749581408,1.4223113136757091
-0.34430301466465418,1.2153186231234883,5.4196375408106672
-0.81380680163841879,-0.88559390625392687,2.7087171974195692
-1.4472472214002186,-0.22163628663172052,-2.2675840445157558
1.5013170731797181,0.56757939904575228,2.3968501456100171
0.49246950908755949,-0.10459971732366058,0.39887167815408436
1.7701228064471159,0.97200960822604632,1.028034190565476
-1.3241560516459316,1.4418694889912791,0.87394021496131191
-0.8531927790792464,1.0450541187562248,1.2562395228406014
-1.3614748456133592,-1.1746487425780909,0.69952253070363235
-0.62805895743236295,-0.33218026603624096,2.4097599383429626
0.82222230975615807,-0.33143740751484518,1.7855550775908531
1.5369071391230995,-0.18340386829591915,3.0685380357363949
-0.94871226584217272,-0.95116302265382502,2.1126051879657477
0.66083002154126502,1.5350930374223442,5.3132658942707582
-1.2777891307078078,0.50557483597449648,-2.6440778091765962
-0.58527143173075302,-1.0550150373363676,2.0007652761524763
0.46358681542730018,-0.19353220674616645,0.37725552122792944
1.9841156187797337,0.9824232573295606,0.62018021516796862
1.4929038338271821,1.7434065002833101,0.98598342076894163
0.9922549927525024,-1.5114951876237401,-2.7053171395057047
1.724847298133013,0.74541403116879446,1.4727785321890723
-0.61001045933292963,1.9116940594332705,4.5282608514591729
1.2440084409824275,-0.95371020273152562,0.79735485505735582
0.30646080031807488,-1.3847857176355625,-5.7320495124144628
0.27794635408063106,-0.053821382095856185,0.21162228336640665
-0.025298516722890074,-1.1092943121060963,-1.8125680792865508
0.88094664192214367,0.30154531884352043,2.1377331231522367
0.97434817214937608,1.3093539062284814,3.1893935795045567
-1.4128281922216472,-1.7239081728936578,0.15481944029130018
-1.6939756190601687,1.14111500049518,-0.44251268673470096
-1.1201893884588234,1.3923410212999143,1.6274889985234515
1.06120928442063,-0.059265751862614735,3.1727296468270945
-1.6213401612593885,-0.63858094069767057,-0.78633372033714899
-1.9371138484593202,-0.73440861549952507,-0.48560900519629746
1.583500257153756,-1.2861697222807256,0.097520048054644939
-1.8794860932950672,-1.9150655365404605,0.071738970510356062
-1.6029071994146342,1.9415454760778368,0.41513615527398506
0.38155886325170529,0.6083641226520764,0.41412242481994171
-1.0169254658710858,-1.0881107436214641,1.6205855992475366
-1.4015219385242479,0.15155022268599527,-3.0221777706034265
-1.3445069201718214,0.58975159943341104,-2.4144232552096239
1.8323868651664728,1.6341150077288731,0.42039223804322978
-1.804869768656276,-0.57505152906148904,-0.91017277196917312
0.53623284191628118,0.40372576505614077,0.40825327809395878
1.5714595558306916,0.15397168490052771,2.9690057043275071
-1.4779219699554011,-1.7297230683759988,0.1636333213232446
0.20869620535826128,-0.30196850982389112,0.72691795361745659
-1.5708743082049303,-0.24464935348767947,-2.1218672705894348
0.66837401754690928,1.7809892656885573,4.8490610369450984
-0.86419270017708105,-1.0691536411839784,1.9878241712473907
-1.1322361982232094,-0.27828455038189204,-1.2053105050463018
-1.457147930878538,1.7659380980410804,0.74942597091797503
0.056982044415019306,-0.49684130399524817,1.6561616586211412
-0.11526879433066317,0.56033417064889957,0.76470690784885931
-0.6385780524565503,1.1717173991258081,3.472123083618833
1.7803412488346932,-1.822617581021041,-0.18578115014524724
0.51767904232988826,1.1821586395744932,4.428704255933404
0.62313597921275665,1.170283234054704,3.9834713911161685
-0.45864826322998775,0.091663035398097836,1.2860395504147089
1.9109661196466456,-1.7809239574648279,-0.088045873463128879
0.22503955117808916,-0.86647001413555902,-0.69482354818274961
0.87860945451151329,-0.70053194986392331,0.95701862893067957
0.82011870578912616,-1.4871057818489892,-3.8115916214517962
-1.0645514174914026,1.4084186605381053,1.981443496163815
-1.7513761816293072,-1.4286833953617801,0.19157258249320469
-0.3745193458936722,1.1802790288499847,4.9779919440463507
1.3710067540299731,1.05752905139214,1.8091270603085257
1.6890116831504036,1.6121966995629555,0.65922477111969746
-1.8304916953425121,0.9880124796270362,-0.68425685358956767
0.4153774729390185,-1.6521289096904519,-6.2040050331563075
-0.71487885705896437,1.8271495708934977,4.2790689200638132
-1.964724920630915,-0.41400649211637153,-0.99507210922475053
1.5492077800220621,0.9482296131570993,1.5427412828427389
0.27097998400912582,1.6527309347696195,7.4379125046344834
-1.3030203206704178,1.5793415679591249,1.1687249880781385
-0.51691428142338625,-1.513286085746951,-2.1450977748454121
1.8331686379781096,1.0576918859735271,0.80829357462675178
-1.1496750237249422,-0.072000303508094277,-2.1830316205573217
-1.0447133008517202,0.2617816577009946,-2.3694208302446489
1.75562794128557,1.0325488632400228,0.98551471654767242
-0.5378950788847765,0.90297207145370528,1.8526633208295669
1.0284427814370249,-0.81387302780949566,0.93801672862725338
1.5142486528030705,1.2385055679647192,1.3252273894257931
-1.3735087492995093,-1.5173721310587487,0.36055731117871104
1.7234076183494689,0.89030775547026764,1.2405445511168145
1.6892983639349395,1.2897390630175569,0.87962993404139089
0.93244502297466747,0.86417863051165922,2.1937581540862592
1.6202408172458456,-1.7895175367333884,-0.37997997031499914
-0.48763279827648609,0.65578439870304805,0.69813570231302768
0.75945933188375969,0.65006079933145733,1.4771991362632544
1.0996351557345059,-1.2044905772082193,-0.98952942065465721
0.086216821980468428,1.3812414153832484,7.374517784669699
0.7444679755778707,1.6347928919671846,4.7375036602757969
1.7032036666748107,-1.0898431769610728,0.59418321772078697
-0.34179389683658523,-0.92942929166226085,2.196078772591731
-1.4631252797021412,-1.4807125949823747,0.36140965125339952
-1.6032680338102927,1.2993717232621247,-0.04859695367023005
-0.16109546211643933,0.90845171516444445,2.7920004489053247
-0.6132569347300405,0.788281104092039,0.78906001419089267
1.8836964281205297,0.17072268258262113,1.7797314233659831
1.2077233533173422,1.8099032594188547,1.8402752864227807
-0.8336730873979119,-0.90654286184030797,2.599028791967251
0.62902160521153494,0.53304089983741587,0.85056557587939186
1.8493029782860009,1.6049537009979371,0.41337011269752438
1.9858851634732826,-1.914568067810881,-0.066209145716588397
1.5591456260913823,-1.9308237056030422,-0.45917905404945336
0.70222218817515758,-1.2277347720227674,-3.3448367295043897
0.99346366890907856,-1.2190784876284784,-1.6124883467868143
-0.43208654149541759,0.13160719996285231,1.2284566289740659
1.5531005737821855,-1.5340284288079098,-0.36925381903056254
0.74628118363498563,1.2658263483023617,4.0556585554625748
1.2667188315656022,-1.4004232049631873,-0.98368121672026809
-0.25339404040139302,1.4034003046911554,7.155129636747267
-1.5598547561645899,-0.90612811232413404,0.022073793562657484
-1.6340218872081242,1.59477002452814,0.32601286655404382
0.013995822245811418,-0.58855969573109435,1.8584631872993365
-1.5785497338828722,1.3474695961033687,0.078888673074934801
0.96482694662033675,-1.3374954972825766,-2.3553911468254913
-0.077967908096509886,1.8198926333802627,7.2325563583980594
1.4414930532691064,0.29898860784260783,3.1146293978373052
-1.1445147043265766,-1.3305364212283095,0.78236136155121727
1.5598323286723956,-1.2822157582580478,0.079063616773180675
-1.6141265523989086,1.8449662635071857,0.42248320725635174
-0.75207057113499798,-1.1006446263131862,1.8878386021167557
-0.90285120129126772,-1.1459012620434179,1.6041536033511368
0.17528706387482496,-1.8639527156538216,-5.8335665824082277
1.3946712602355458,1.4100458220971617,1.5678464420828477
0.56109743982994909,1.2816204020551156,4.9710126289162924
1.2028778191119227,0.090285515788037785,3.5067902878875978
1.0294625932736134,-0.092768941994547216,3.0359150165351743
-0.58031694567507675,-1.3461381114273183,-0.54709311475863343
1.8724482556765185,1.1861854462536487,0.62812769016297632
-1.0891714719410082,0.55074556087265636,-2.1909432743463251
-0.42550459525431106,-0.46879290435631837,3.5459900324689673
1.8553068904912196,0.6642801167778174,1.2688934206468285
-1.8537810195523439,-1.5550802176410108,0.13074852773180809
1.3811574917963991,1.9124518705900422,1.0699539615912752
-0.074209173586423205,1.7858290340957144,7.4447944545445859
-0.68949951622332195,0.68502759927879131,-0.029919918675010621
0.18001613158353713,0.9202014077310956,2.6271535053914343
-0.44603273539261035,-0.74584361122980325,3.5967930889306716
-1.4903753787280236,1.6028580181221477,0.61102947096053029
-0.39734230250409475,-0.7082769040653325,3.6185848060934487
-0.4683265954909781,-1.5760596214769542,-2.8135684515235773
0.7788319671229309,0.73045977238582882,1.6733205681311123
1.8596682910140188,0.37682199922970838,1.6675570048430346
1.7967647306747496,0.55088382202851438,1.6131815449861433
1.1704577678989221,1.3669587117163027,2.4086571391338727
-0.2781438907584266,0.29081003817289508,0.98305621766684725
1.666691124139918,0.26344211794041339,2.5093769040111233
0.39447883734895095,-0.59433472196275727,0.21401364583436425
-0.59144588685179378,0.85758425249010539,1.3023595146496327
-1.9268478302217988,-1.4359578562273703,0.10104587556648278
1.7653423796619596,0.43978022512011217,1.8960109760662631
-0.77817662109003094,0.17322211002948862,-0.67157541467437198
1.0393007121384885,-1.3234093552951052,-1.8524034606742339
1.1011673152977308,1.6839052015838001,2.5576947829169248
1.5393149366340251,-0.94426102928374123,1.0738438242983712
0.40426613917408893,-0.79675578507801825,-0.66882927090301469
1.8929673828644367,-0.97436888068278371,0.66054013174998716
1.6288710663047437,-0.0051478338342663132,2.8447781026617798
0.1788566223754966,1.8193793393451343,7.0363545614183804
0.23779291460423346,-1.5955822628177072,-6.5383142365559586
-1.558547479025755,-1.9520757477836264,0.073013200728314354
0.42008721088993761,-0.53114813708358111,0.315605245225758
1.0954293343961128,1.9049748740731398,2.0932555323095325
-0.42040154372878846,-0.32307825408183555,3.0402707863192902
-1.4049866603140018,0.95477452766531323,-1.0093312436962614
0.095562155378974722,-0.41751577963641018,1.3903068114826671
1.4264353025539882,0.47658871468510267,2.7588349049378782
-0.37430655227367216,-1.7075753430677618,-3.8510997765399968
-0.37219052427950361,0.91883258348181363,2.5639565516419358
1.1002459374682378,-1.1573565030489341,-0.74551759561600217
-0.81205524398170414,-0.33702256383115814,1.2528434974366249
-0.18938607566227583,-1.1151662248208669,-0.72061175302111768
-1.8521936917309982,-0.34761400413875743,-1.3445422785721748
-1.672775112576492,-1.8258334496821089,0.11730009310199047
0.55096484742840346,-0.18446936211900855,0.60613371946783079
0.8035319450551639,0.019740678423531222,1.8854428390108682
0.61413211586839989,-0.20499471406177316,0.85227373958885511
-1.8987312478778025,-1.396900591966528,0.10908515027656426
-1.0150257404783565,-1.122516436765322,1.5308209214726702
-1.5384782557099568,1.1504094235845366,-0.37783475708752229
-0.70202614201102298,0.23839628719284134,-0.32477337894615493
0.96576957886659676,-1.0042303492659523,-0.45143334841704807
0.97548256142939405,-1.1179146291856439,-1.1220612797737952
-1.3664124017722978,-0.66373375564021786,-0.26308538708940243
0.2576640353767945,1.9766052026547127,5.6677055059628234
-1.6869189343679913,-0.2434839230551189,-1.9300588561338443
-1.3958762309465857,-1.4612714729101577,0.41648181962529651
-1.0779182183334131,-1.611999159391829,-0.012424792009800945
-0.24406738400550743,-1.7351190559734868,-4.7442450604135118
-1.6167040955858012,-1.781781600228705,0.13766318209094372
1.674361594442046,0.3981400134175459,2.2710176622040725
1.6334723338252859,1.8356635182629799,0.593679247219982
0.0081177209593419342,-0.68477872271644458,1.6444567377843808
-0.384549852195325,0.01506159044574007,1.714933774722152
1.311781197170387,-0.78734633719731706,1.6780972993948093
1.9449989755551802,0.90593993787408778,0.76058632632920609
-0.1840393608619364,-1.1037828618367893,-0.62475524514764436
1.8514288398236736,-0.33258599636002439,1.7805610976415194
-1.6111267547615107,1.6072120698287078,0.37114134661388387
0.54781547183007762,-0.48613217423254484,0.48687899792733841
1.3113091386182298,-0.35428178396932863,3.172726304288739
-0.11664060238004792,1.459394239962581,7.7781708180486619
0.30575402063496426,-1.8920559783275706,-5.5724511914517505
0.097048977145776316,1.3388675241309893,7.0603738279274193
-0.5911960673775789,-0.90298318325920213,3.0317115859843367
0.40805214578239557,-1.1363590191371538,-3.5810237255259008
1.116185830762995,-1.4297542686620397,-1.7815449775247385
0.7584927948027671,1.069589824100134,3.0149829307136442
0.71053382591683345,1.4271887352878032,4.8303830168749338
1.5645897911333413,1.5449512461846462,0.97921408279906064
-0.018054083391704667,1.6376547326269457,8.0547804418198172
1.4369262122576867,-1.9194435340384499,-0.71351926697097279
1.9135419749328002,1.9270097319363138,0.20805499063319113
1.7822912608642474,1.5219092314877969,0.55459536865027936
0.20405350111878162,-0.87603572865531953,-0.68228533749581943
0.74811580849425185,-1.1043009112110451,-2.214680677606049
-1.7506298406776326,-1.3565369406537946,0.1906592182466795
0.49712768923997253,1.8066957872144465,5.7535546918480973
-1.2259687125043768,-0.18057684384261052,-2.0569831332288344
-0.4812176233344676,-1.0254884746981923,1.9437790273262154
0.95824154014606799,1.9521105012745577,2.5653742635174526
-0.43629279928255804,-0.037290987702521594,1.8175234370571465
0.94561654481589041,-0.38288255780239622,2.2852629067873269
1.6876475898207755,1.2888991457373247,0.88366899311369762
-0.046441627598454494,0.2766342603222598,0.61792077435119952
0.77107767305473329,1.8544407315283054,3.9379291735335005
-0.20213296106367196,0.10065477879296347,1.3704524293872504
-0.93831041412232463,0.25945544374845397,-1.8240595242831803
-1.3573705148861608,1.7739334320620079,1.0331217020688381
0.83894188478235643,-1.5502323078886155,-3.7885946228460723
1.7908491531271045,1.2283136146042346,0.73288532590154976
0.18052300906737972,-0.10933698577558748,0.51117306145884345
-0.81569567278712385,1.7104118428248491,3.9178672816964379
-1.6211305101087459,1.3196859997651904,-0.024449335276082534
-0.79587960532983404,-0.29666767605495803,1.1508440439833008
1.1767025803127393,0.86977694002584016,2.22252524203344
-0.1355922040974411,1.1397325740265267,5.2128241519373164
-0.16022089088296121,-1.0308360498905871,0.049220462887590355
0.56513657200691325,0.13332912339522363,0.56770480807216994
-0.97578785201382656,-0.79079684590433375,1.9935551361029913
-0.93420836014165132,0.67183772299529831,-1.2326431701246103
0.2784061254470247,1.3566966281533301,6.6963401664503701
0.20049768629118292,0.28061538490133753,0.015404526620081543
1.4848793028338978,-1.6293081869242343,-0.60720777809283744
0.11530727561618459,-0.23386529396189282,0.98966111695328007
1.8356376232752352,-0.79810349899050848,1.0689100175709818
1.8456353053780448,-1.8376872646147508,-0.13504822497801139
1.7165975720108815,-0.013719406247426846,2.5058604510021936
-0.40821493202387193,-1.3005459344255534,-1.2243675970955148
1.984787251166404,-1.5079247929494275,0.03623626557134689
0.57597619461853178,-1.2958528975867005,-4.4401981745962793
0.99129188496191922,-1.6603599544817653,-2.8150214850539257
-1.1901976880551948,-0.70866699990106286,0.62408092420166716
-1.0044466580499507,1.6736719706878413,2.7116427922731208
0.70271686129516553,-0.2763935485666047,1.2371060661535647
0.38928954906190061,-1.5749565970658197,-6.297241254939725
1.284813431443069,-1.6056541666939763,-1.2510582633579117
-0.10768754715988327,0.402083541800907,0.64061202706708065
-0.76594014424235235,-0.41484173937158197,1.984745793363216
-0.018514396514244691,-0.44137883584687465,2.0650024999632248
-1.002549210142599,0.90892166726924239,-0.33007631750280486
-0.58770830203775626,0.75001365277422538,0.70274822033560747
-0.60060404731652217,1.5527943696582116,5.5681820807374853
1.4995913341495202,-1.3226617537858718,-0.10793552647499433
1.6643174325545109,0.56783542480465909,1.9752723311069467
0.34005159822813091,1.2653406806789151,5.7715688275460115
1.2450118049445975,-0.041724675887298446,3.5742402200808838
-0.28297758938924567,-0.31474419291452538,2.9273605498110302
0.065212539950213255,0.73171035463110101,1.2156788100037232
1.7794041331238857,0.30670171513464162,2.0403601829887386
1.359662650713064,1.717169842250085,1.416916240251058
-0.86177803316988433,0.84496191950011257,-0.081733876775337513
-0.54316812351237154,-1.8656279873486123,-2.6868664553353709
-1.7769820950247317,-0.26374678470207802,-1.6831942894671645
0.12175030862258707,-1.6155550925309907,-6.4360510290188913
-1.4861627298555231,-0.56216811422317936,-0.94587795775595296
1.448898593147975,0.44472408903185867,2.7930765849511774
0.59713907874055749,0.56701209270784503,0.78247269332810676
1.3818175794110736,-0.54008115255067302,2.6151234736397995
-0.054968175657873486,1.3944571331600599,7.5267881539465504
1.4154760754048277,-1.6193435878604812,-0.79314293718869788
-1.6674316921655792,-1.1369507178115028,0.1845612304484579
1.8537293371044345,-0.1078806470134448,1.9400558901485643
0.046996155763229908,0.40578836762884851,0.29675277690456292
0.40079520546675873,1.8507425919162479,6.0116522896422584
-0.53828483025947693,0.107746240847304,0.93398844945388415
-1.018062793350835,-0.48229814157413631,0.58376459976603101
1.9745562583415057,0.8656888520182795,0.74786188839582401
0.94919876675038628,-0.097578991997830267,2.6708940253106519
1.1790746612940937,1.3673142684633399,2.3735265498786124
1.2828205852890227,-0.74735669378001557,1.8313922492825403
1.6676920501377572,0.29792613886909303,2.4572486853924191
0.1757084858502922,-1.4448943990401117,-5.9944498225446257
-1.7318127906286698,0.022960872787900044,-2.2174626843832899
1.4449990378308102,0.8509280296230175,1.9090752213390318
-0.72286118018809531,-0.59102949203089294,2.9731496116847729
-0.88195245171723946,-0.32965867491384659,0.70335832637637274
0.60426047371597091,-0.90877191413157465,-1.2682494560959237
-1.7235620677673915,0.60083026362455616,-1.7281206573702408
1.1786533492814066,-1.1320508694916169,-0.29395830727514571
-1.9436822293307261,0.083966391873093738,-1.5315614511098441
-1.1765550168477692,1.9329679220383986,1.5213267904623611
-1.7381503130227516,-0.63786798150403134,-0.79257139312747882
-0.82246251498621015,0.8077256832246853,-0.10247661200543787
1.3762419575699774,1.9332763334463539,1.0511173779829821
1.3179723234390943,1.2506855773283658,1.8734917925859917
0.94146646724113792,-1.6414309739334749,-3.1370631558149116
-0.11431978732112769,0.28616238558676743,0.77477793949968254
-0.88601626624143615,0.55017871981135658,-1.3797493404059957
-1.6424513917641415,-0.78245771249948581,-0.37898273615630562
-0.25285891817081074,-1.5832614443290176,-4.4549926621247726
-1.375859888936426,-1.4024447348311706,0.49474115294347593
-0.24600314416723457,1.8277817905105773,6.805371879792415
-0.33931529207337729,1.2604398817517959,5.8268734333447689
1.7142353557875527,-1.7609099211601382,-0.2461938490769898
-1.5742220455750031,-1.9993455229335284,0.062515806955792994
-1.9934900626585912,0.45921299557209982,-1.1827758040637963
-1.8689647333216179,-1.8308236087475493,0.086466075309888202
-1.6500964677615886,0.020365073956976065,-2.4631694417710031
1.1610405614150796,-1.1578676884606858,-0.48967596002055908
-1.2884949708053988,-1.1115147672795378,0.88337917305703673
0.85708148986498189,-1.6864021725898386,-3.6620782390133901
0.64105425017992657,-1.615744269630669,-5.1258282416848138
1.1581348226343846,0.82100050241067635,2.2578407516045793
-1.8779975187231264,0.86662230590390044,-0.84923039381620347
-0.81640822312966455,-0.71678535135421773,2.7467784231160279
1.0992476628569903,-1.1424006647374705,-0.67062751768715567
0.43334698954203876,-1.6587990546694511,-6.1318429599519746
-0.45766683846030287,-1.0622958138683289,1.5084891999925703
0.39574500617562158,-1.3593890722336432,-5.4614449404014715
-1.1675119594260059,-1.9721661168552731,-0.23777497723184834
0.38600033631533881,0.11024113787404577,0.068403399501719087
-1.2718974305413902,1.5381482153552657,1.24308332380591
0.21860595122749471,0.9574390264791619,2.9476459857932928
-0.83343788236796623,-1.0094251493386213,2.2856220628435291
0.58632150033306774,-1.0377119397540122,-2.3488284062362506
1.4628034970605572,1.4929444139640875,1.2990896589092202
0.25103653025429917,0.75682478015677024,1.165541127800759
0.80249444847332585,-0.40434769707480434,1.5729421752438142
1.4015060471613019,1.2749844145060738,1.6127176809661459
1.1520220712088545,-0.83124244019140514,1.2145803434935238
1.7714256636619137,-1.6212912198625538,-0.13514512178856936
-1.8903093679171599,-1.3032926481119538,0.09348216845152213
-0.53022690099817904,-1.6599342353542039,-2.6562210413973912
-0.61666328131799975,1.1807815360230034,3.6783329100075397
-1.546719858903123,1.7586650174223721,0.54678195776202931
-0.32902183953896702,0.23758360784954258,1.0896218821755494
-0.31434630754130777,-1.0613039274220286,0.74850842245491844
1.6710956764357068,1.0903663140749615,1.0968910370370302
1.3226302826134191,0.27275197567404774,3.3196304575095534
-0.77220669268443354,0.75899188724771438,-0.11036076548575188
0.43174387355439281,1.1846177963222453,4.7429276641635081
0.50924061370837936,-0.67077004305400267,-0.041027507729930232
0.91747859256036612,0.59363497328811077,2.0019339802583875
0.84497711080285187,-1.745319076250853,-3.6494309245988772
-0.54814357716576789,0.37160769582041153,0.26517841186583135
-0.75438596410677605,-0.45537526990100896,2.2590040816981536
-1.3893613766685795,-1.3585986191785422,0.52875435158709116
-0.79330772754937695,-1.1999274915763625,1.2928925335697965
-0.36556579527285549,0.29872381018338334,0.91544109884758407
1.0417573469662593,0.89265808277429004,2.2650610945035932
1.1553276956955019,0.92452020383372924,2.2233766622311122
-0.43034691998097707,1.3131292138264645,5.7749530441579688
1.4561882898148135,1.2519475275360925,1.4698531344535621
-1.0526550649747586,1.0641338862040093,0.38659575548904129
-0.028581519089633467,0.78511328026731952,1.7008668563696949
1.8071873765687685,1.4043260562185287,0.58450992199229213
0.87898301290424419,-1.0559186519933046,-1.2086351016636929
0.63143842220079138,0.91243205546121642,2.209432531703905
0.1942617135272946,-1.492737024224243,-6.2579447482007584
-0.68876045835470756,-1.9266763942839882,-1.815723690302637
-0.4156738537164395,-1.7998876102046428,-3.5644208522297962
-0.29791409033103711,1.5807917327147605,7.4369303325000358
-0.57443985628510497,1.8539876784310416,5.0386965055284039
-0.86591253255649048,-0.91764887422124786,2.4669027804396433
0.63653400246971703,-1.7694531328659393,-4.8688276928358265
0.92368118309652614,1.8625061859041847,3.054342330529574
1.4608224959587535,-0.99090324427984844,0.90419975044905887
-0.98416653871755866,-1.2364884008631878,1.1665142058271323
-0.22844168433272505,-0.4092626525666514,3.0546171292874917
-0.60177836397175644,-1.6624010533839431,-2.1798148212433004
1.6766903523964443,-1.9390839773658428,-0.2883011860081488
-0.068540154918847129,-1.1488542343387682,-1.989221704824448
0.52162763158626113,-1.7177992968664462,-5.6331693654982313
1.3053984359925295,1.0270663966817932,1.9683779275195803
-1.9562969571922733,1.2083772650352311,-0.25513815744318685
-0.061909424952385272,-0.43586462439492935,2.3075385951291514
1.6910252225446349,0.9452474657844685,1.2331503360658078
0.93621927196419552,-1.4994409844693322,-3.0493598780785951
-1.000580708543048,-0.68973994670640004,1.6130145574922521
1.8751721534526005,1.975451290772813,0.21780061680043214
1.7992054170045471,-0.13178470759093952,2.1445351068119249
0.5021672848445462,1.7355887237036312,6.0273631963383387
-1.6318293267468549,-0.90218164855570482,-0.090389793195118792
-0.49944960310532127,-1.8358706585929501,-2.9883150176510425
-0.80741812343306973,1.1730516532331663,2.4072228237039646
-1.0299609734591177,0.14793047058440045,-2.1825727294428727
-1.1747017913008837,0.15730173109751844,-2.7819257036933704
-0.31141282986188568,0.61242019075687715,0.94268352079092743
1.866345848394007,-0.87599223632013623,0.86804608599438271
-1.5498245680212737,-0.18590759630577969,-2.3128167477977279
0.75978317750980118,1.1428710597047402,3.3978027808133593
-1.1938027702829699,0.18509487396507662,-2.8560074025139097
0.91416617666952593,-1.5257874409142178,-3.243202536087205
0.46012570582021617,1.455752916620674,6.3573641918602322
0.46578775487666046,0.40296997998435469,0.18998074021402056
-0.8824193560299165,-1.1325986817813569,1.6815776545874521
1.6873302081461401,1.0063757419967003,1.1600092197074758
-0.62728777839813321,0.14094113450197154,0.37137540769343041
0.3174927011729678,1.2413203334816698,5.6422633504322848
-0.76034175490441247,0.0024363780150129521,-0.018357925358361282
-1.6600306059743697,1.0508962516884659,-0.6750793883779016
-1.8743105746806519,-1.8386691160153392,0.084254507343273402
-1.2058380234485953,-0.7169958371495897,0.5791456021775051
1.193914565895533,-0.50643935863242073,2.6787445937995051
-1.6764239419080855,1.8530860380069041,0.3328426659928273
1.0015373799821035,0.13408678487293013,2.8914424666191509
1.2336117214429119,-1.8113801251543744,-1.4479847709169669
-1.3828867605090167,-0.33357195021041042,-1.7788689665469217
-0.97752682747167063,-1.1871277803146909,1.3659522335012242
-1.8870455179966901,0.82879260548092804,-0.90202225185351015
1.6961828019736211,0.062345697368700659,2.5728345895338762
1.971263782240523,-0.25029459701073242,1.4339609078674647
0.94380843880429666,1.0592833491042706,2.6505566582779112
-1.6216990623689096,-0.33660945734300829,-1.7840718334155836
-1.9411698752712088,-1.0626404945930403,-0.065755689589187066
-1.680157067194668,-0.018325785383943805,-2.339460335457638
-1.9490343593488653,-1.7419964969911337,0.08209139446859795
0.59908233494628638,1.0962711821508853,3.5212107516752895
-0.089903509875246534,-0.24637599311427372,2.0187973481875869
1.0886546536092387,1.9945303898729443,1.8676467055344772
0.92826588663128096,-0.879971137044399,0.17128947455835755
1.5086139573502368,1.8649441200370123,0.81448908092978778
0.94436758521335529,0.87186884009746146,2.2144362372875794
-0.079142817468520921,1.7604516243001975,7.5781221073496647
1.4192448242659528,0.68709914604937428,2.27353022047736
-1.950515934277089,1.5291241817845447,0.016508572128066411
-0.57276034891562921,-0.8460751789143679,3.2997320253905293
0.036557725325783164,0.39670504170588172,0.3199566364079281
0.47288262529930369,1.0894096720870863,3.7687722885175328
-0.023429562967196782,1.8892894423571605,6.7760582293968987
-1.4851076161564438,0.55164935424328698,-2.3898645121504005
0.71808447904299522,0.75145787394932162,1.5796608602739743
0.10689769742714939,1.1840747425169083,5.6098057335759117
1.7818426162032921,1.876576931642123,0.35295313932011618
0.72343483795457919,1.5544037595556701,4.9219211591609637
1.2526174666400789,1.5169747505876265,2.0326336381403771
0.22089925055106852,1.1817921534820428,5.3496158309357646
0.41055143978082942,1.593677449153525,6.8402057424305962
0.96064550562100193,1.676571565695141,3.3319962578904843
1.8940758045559911,-1.7151418045068842,-0.083249697258599403
-0.55097789388649887,-0.30950439937472485,2.6575271119923576
-1.4371271536700829,-0.32043642157186958,-1.8957312955072463
-0.64159823561061358,-1.0850356744863268,1.8802782189562142
-0.0012754228063269757,0.22688028403036276,0.55895522304594347
0.033033507215187274,-1.494758382206725,-5.8062898584164815
0.96313502830529663,-1.1909009947353693,-1.6229598827744134
0.35272032665042374,-1.8017678315768366,-5.9527132304255348
-0.53368784615321507,0.38880300462037853,0.30550212058664783
0.18443541188917356,0.61976016034930304,0.48447376632723321
-1.9513843569553426,-1.7014212500919124,0.085705851959394688
-0.5265850640112304,1.376774745324056,5.5645023011573205
0.43864302216141748,-0.33812105277715054,0.40869109557042749
-1.5338870087730621,1.5733378292422415,0.48849145331619626
-1.6732196491960907,-1.4150671524534857,0.24590020689453876
-1.8664171904890212,-1.6000950157635776,0.12147589780238334
-1.6446811439021061,0.66102227095923061,-1.7784579465573793
-0.92549938171538426,0.048565309876173135,-1.3318635349798038
0.27188575215200705,-1.1828810440125523,-3.9743809774055623
-0.39886349687962364,1.8533935580130092,6.0090122161691104
-0.80086466959240998,1.9352914355312705,3.3268862613510768
-0.91919549285428337,-1.2043174160709551,1.3261519366533971
0.054486629727287017,-0.13664073278845024,1.0558272522835102
-1.3074047948926182,-1.3265337481816617,0.65219634064405985
-0.014468733326546079,-1.8525709224934857,-5.5623550141800449
1.1145343157690033,0.9884306367487774,2.2869080102076773
-0.74157860484347826,1.4656770365187004,4.3549870091334713
0.74167046410408277,-1.6464091530171878,-4.4659548619797356
-0.38387999397816164,-0.2001946559862513,2.5609758759432961
1.5515349027064178,1.1935107019767934,1.2675894661423142
-1.1521216410655752,-0.025870583648955003,-2.3409580706599291
1.0767651465051893,-0.38581515998834726,2.7690974233192591
-0.093869531410366802,-1.1538001985583013,-1.8706585248911443
-1.4930439748890043,-0.44684176552492327,-1.4224200914130001
-0.51646131835223064,0.11715115599543413,0.99638064659841485
1.6017978300073779,0.14993403767416913,2.8698129507960095
-0.19615295086445794,-0.17527368645912245,2.2168422757146375
-0.23037964248257925,-1.7675594234945735,-4.7985745308345518
-1.7476124928302221,1.6469713772976391,0.21150019083504989
0.76924223026490512,-1.9591955229884781,-3.3678238251676489
-0.88952107942105152,-0.11519755154886702,-0.45835401638613099
-1.0263374170248065,1.6040749318912093,2.5724833232823912
0.29155601323813229,-1.950040187020275,-5.2261124530023597
1.8364744514905773,-1.9352072591060216,-0.14277209526607992
-0.5968988764424088,1.3822345579281778,5.1088241836837067
1.1212048822594762,0.35154354661019616,2.9919799638464206
1.067333957627655,0.27384220552302585,2.9778767939461237
-1.0877137228103164,1.2795491362979505,1.364360201554724
1.3257064507214475,0.47577963518774036,2.8783975048285617
-1.0570748277028863,-1.8930685893413686,-0.43567017512245793
0.19169695214300475,1.3742833761215114,7.0969972628152727
-1.0428049024136121,-0.12328175541673114,-1.4436107264403109
0.69941414449950612,1.6811578958059719,4.9494632740355948
0.37731545263994537,0.62388583008921694,0.46599580763207332
-0.053100452762406603,-1.4878431585648029,-5.3348662087355683
1.0045942108646173,1.2590227638778537,2.9689475692707625
-0.15177337217486531,-0.21440465738378811,2.1894880855337355
1.7718924945839696,1.3551865240351182,0.67513012781822224
-1.3215898646512161,1.6237933525982693,1.1355128534105983
-1.3912263838940904,-0.043860359239449531,-2.7715660409058493
1.1739924446524577,1.7832875934399826,2.0347057227952616
1.7500009614901733,1.2593419752582857,0.78350206486508556
1.8416229383337761,1.581973846291346,0.43503741177686284
-1.7329249275665264,1.3046035830249347,-0.12760920383336846
-1.3641934971597531,-1.0924236191282075,0.69501702492234674
1.1057367147955937,0.39840268208625007,2.8641351138239939
0.26091134540963523,0.84078828469796107,1.7953547486593717
-0.7998465809428994,1.0885135289555352,1.8647799852434903
-0.60335320163162498,1.0797725013704178,2.9462575322626319
-1.4453934407794602,-0.051517983395764633,-2.7406306807214631
-1.3900389260878705,-1.2218761736315757,0.62843024738829278
1.1148242620160604,0.99959069949805057,2.2942475280334431
-1.6949336188809538,0.60066137133376118,-1.8031308544546467
0.82496353328383698,0.08604999256546364,1.9950263847360146
-1.7395467012798251,0.04650806329272017,-2.2066887700919038
1.723899067667495,1.4191888009610318,0.72013736404366413
0.53732074103418892,0.96360254339631579,2.5984079533043869
0.10945320099585132,-0.73765229850240033,0.76762583611877244
1.0259051531491901,-1.240598652937476,-1.5466146926032935
-1.9908447852008619,1.6884818589562753,0.061564493121136779
1.5403738981390429,-0.2682761420211901,2.949510061879153
0.69588820760491421,-0.76136556398822242,-0.049273496681009103
-1.9158386311113103,1.3942893398743763,-0.068791561232127749
1.7912433011554159,-1.8967140517772589,-0.1781263548653737
1.0622897111760028,1.1197180202253922,2.534857516504037
0.75436952072473229,-0.92565063246826362,-0.86856552042567547
1.3272033256879374,1.4575607903969345,1.7758522822289613
1.0657047464661829,1.2241974290016491,2.6877526541008852
0.016325666238523606,0.01037565198732926,0.8943355480495484
-0.17880229851769336,-1.7404341880641749,-5.1401567283951808
1.0282395167387008,1.5601432294792925,3.0835567456475164
-0.65337030171780741,0.85404187268241838,0.99267737426697955
1.5098891784268504,-0.62268583813559042,2.1839055403412351
0.15677657350771357,-1.251531676414964,-4.3764440505444897
-1.1421676895623512,1.2940130142838657,1.1614014415195133
-1.829648543904342,0.90056993929915707,-0.85911024561926574
0.77776506210429375,-0.26500330262876481,1.630573648492746
-1.5469540563554656,-1.1699727989616331,0.36636749689987691
0.95148849984625672,-0.68836692587683346,1.2985893235072667
1.8254859334372369,-1.4750979877853629,0.0069294178115805712
0.90837403939422057,0.4385877794092532,2.1056625942133556
-1.4031218745993106,1.866338610130422,0.85647622824146419
0.54456026036969352,-0.35300193737283592,0.5863544986725493
-1.9336470266472003,-0.51111975234396723,-0.88341373007612944
1.3658287629933374,0.89824389272685812,1.9768153139611426
-1.2029273820985551,0.45653652444086879,-2.6765464234095857
1.9343932035797518,-0.20668676059228774,1.5894517637877827
1.5186463487802264,0.93891800405846126,1.6224990429699744
-1.304503524192393,1.1758019035192153,0.081256239350872117
-1.1085314980016703,-0.81296669098490804,1.3387467682745542
-0.67239990258450577,-1.149498647650453,1.4465081741103443
1.728620028127724,1.2324958024016519,0.84577051053421781
0.55628771650690068,-1.5287550730047341,-5.5517836672279426
-1.3935047114324925,-0.53742452828909615,-0.87998534515943627
-0.46516803900180581,-1.280962194717012,-0.65088486973380844
-1.0309416127015072,0.43387291679389683,-2.2306267068693368
0.21674328955951161,-0.52009157198939748,0.81843044675084686
-1.6740696612851897,1.9256411128858484,0.32412351476812357
0.24789941903410373,-0.46362544610717649,0.7172022393855696
-1.6730315402569769,0.53494071274945965,-2.0035392065908271
-1.5821198458799024,1.5464249053547801,0.37012051862261908
-0.42960779896328649,-1.7486247613074652,-3.4863606244337095
-0.88007255777746241,1.7755787481597394,3.3650040297160935
-1.2691262352851309,1.6523431232223871,1.353538250568274
1.910601881543005,-0.26751749049384022,1.631846307315602
-1.1377535466805595,-1.2734391559866829,0.93443019644371372
-1.2399318226643317,-1.2343500704509189,0.87481881391791272
-1.4962834725754612,-0.033809027960918003,-2.7246379216594092
1.3283104235907515,-0.32892221640830432,3.2224731495022243
-0.22637942396553234,0.47486370997715621,0.77908213110952707
1.1599529884459798,1.9327784268837416,1.7582203860159404
1.1642844959223408,-0.16594599755081174,3.3813687965863424
-1.8848123301596373,-1.2295696120943309,0.068245821254614314
0.83664869938296116,-1.1314008737645074,-1.9460951922501009
1.4327077209792711,-1.0483182446135897,0.66556799893768004
-1.6263174610847493,-0.70255952025176316,-0.59023909406785102
-0.68074641590380769,1.7213012868211672,4.8414586963153061
-1.9237471527066763,1.9635791974673955,0.11447592053259897
-0.98605445195910679,-1.1905257980553832,1.3449127304263546
-0.85798057972540742,1.4484967777797553,3.4489350319587673
1.6378279882099531,1.0649693581910196,1.1970272699342179
-1.5909579521737587,-1.6492476543329988,0.20183821371055555
0.094998739734046378,-1.2455472976067687,-4.0637149858499511
-0.15608680419598642,1.4105388234223146,7.4777871338918187
0.77380587963134184,-1.3818159186174195,-3.7796369167720942
1.5057744265796953,0.59417910219222447,2.3251323529688563
-1.3153650089557856,-0.050487977302171139,-2.7023784786516889
1.1216635674273978,1.0879936596318891,2.3579014588310696
0.48281963768184699,-0.40519094964409152,0.44885536430953271
-1.8354524568914443,-0.31354218047844706,-1.4478804478331426
1.7491791219669017,0.73840093272088536,1.423535656487003
0.95082074471005429,-1.3324468042037769,-2.4205651902991296
0.49422048584699141,-1.0589858032589095,-2.7556476230412739
1.2751534745212161,0.74706535658132722,2.3100749214624652
1.1112200984513687,-1.2328668085432297,-1.0711819000088831
1.19185909533154,0.7658804787014506,2.3085542633994733
1.3549453354665566,-1.4474210642857721,-0.76262927191613672
-0.81766878757895611,-1.021562516582277,2.2638549294007153
1.6262244471504861,-1.4777836667431785,-0.1792784383593965
0.31654438738947288,-1.0834318764826762,-3.0231163700872532
-0.5827064674537008,0.40244524781097946,0.081920273699488344
-1.4821358232371598,1.82646900974972,0.67820363856802734
-0.59899267253703736,0.49368933598313181,-0.0070872540508411241
-1.6547571890323098,-0.41347522099902712,-1.5099544318142093
-0.19672247680605071,-1.3742901035361963,-3.521441292591188
-1.8283357197769252,-1.7821429955390842,0.10297219873049994
-1.9397092775949953,-1.1143609803688594,-0.024395126424188569
1.7493802509007672,1.245581974068652,0.79538221991312474
1.4926747657969601,-1.4974823867240472,-0.45401532512543252
0.19091437819895507,0.14825952222047034,0.13379603967166415
0.30774030973371902,0.11976886877334492,0.023470753655861966
1.4879603151701604,0.37562415962486728,2.8616847306447983
-1.8973795018797808,-1.7240837809858953,0.096501546450039902
-0.074486524237830531,0.78799868030097953,1.766027087763876
1.6483048084900389,1.5114582918162385,0.81001358794455081
-1.9917663253941083,-1.9203358779298945,0.055493350559557626
-1.3180196614065371,0.93341675515836853,-1.0288337106718262
1.7317391878087443,1.6223585017300275,0.57677470728514191
1.5677866754426368,-0.01007839863182225,3.0608935666691499
-0.75323698498505176,-1.8431354793944341,-1.5312115452717241
-1.9864594381632061,0.4584436151575173,-1.2031090638254494
-1.0483119530112925,-1.2544867895638188,1.065494663290808
0.67412928623967217,-1.0579269846521284,-2.1964111555722403
-0.77576440089253662,-0.50268991428000698,2.3377903771756827
-1.6013782079037819,0.63570912200767138,-1.9393878876588506
1.6069498114365115,1.4758264328245483,0.92742481213038086
-0.4871131524945127,-0.76375005174144306,3.5822419767517606
1.3584619666272477,-0.72475557854503414,1.9569670507054415
1.5939806830934833,1.6800116945468369,0.80199002733569669
1.7028341452163986,-0.36397796228268553,2.2675341351204401
1.126873157797692,1.6313574844419905,2.5033482112020122
1.1660990101106736,-1.4862680373527952,-1.6467975006237643
1.0899335179220735,1.4097440259858418,2.7756656147203875
1.7019383365316143,-0.69697378250055531,1.5773395955532259
-0.98677787308246745,-0.059094889320921329,-1.3603493379027614
1.8232650698035666,0.32867888069980999,1.8542719434599899
1.3174525286665513,-1.7786578659512129,-1.1467796943036552
1.3391505923518658,0.71643919692531544,2.3153060264354681
-1.8278157055925508,0.75190156153174481,-1.1624670818471221
-0.14926345265125684,-1.1279926923690091,-1.1639485531887923
0.48796127460015848,1.7117352279154687,6.1903645045876337
-0.78558984485642269,1.584672011457215,4.2131310938925877
-0.26144552289551859,0.1437969518597737,1.3312186252165015
-0.32806674472623309,-1.2272745912144509,-1.0186414059019102
-0.080638717161828133,1.4969342118397968,7.9516828462307059
-1.1709388247706416,0.22398480037827539,-2.814646750628107
1.2717177860979265,-0.38139886277577895,3.1068916681774703
0.56973453869574264,-0.32190331891813795,0.66797861590498364
-1.3144400806676191,0.9100621084911702,-1.131704924331028
-0.64926716086172043,-0.90751573253936013,2.9920788120906883
1.2202522632538084,1.4471049108178033,2.2003463712025901
-0.23526060819066852,-1.9034192945464221,-4.3937166885467569
-0.86384192770815615,-1.7413770558242523,-0.93116754386595801
-0.77506765585428439,0.80390867796269649,0.10646620423575845
-0.17663491813152943,-0.5114119793210492,3.0020535116923233
-1.8319308126116811,-1.4016964660979636,0.14344001352348629
1.8326180476885323,0.43064880567820341,1.6862976481699474
-1.3503037780039433,-0.14540777414890504,-2.4652675152863277
1.8921629488474863,0.29444058083690994,1.6473723616240941
0.26030398250338838,0.78972311711791843,1.3919137644636228
0.41738803513544065,1.8109946524481799,6.155076588969683
-1.8611236165925467,-1.703980354667594,0.10884370715133936
-1.4825071439805624,1.2041813181817136,-0.15796129047994484
-0.85627497532433638,-1.6805319040764659,-0.84647180803169719
0.76650929947806823,0.88698967809753437,2.1366257264428947
1.6251556657714965,-1.6628699240207006,-0.33876378452699418
0.44590815178066512,1.5224462811773201,6.5996688729483148
1.940007628175854,-0.39017942285148211,1.417932049709236
1.9985709944257222,-0.62781300012193419,0.97767270801233863
-0.036764292129359832,-1.564906320123864,-5.7611151028167971
-0.75875028091271979,1.9965498085333775,3.2777885397775801
0.81407819255927505,1.3589422408680663,4.0730254989173504
-1.5818064827413103,-0.2181056742518459,-2.1824019215849364
1.0502769072653382,-1.6486208569426548,-2.4586932311566905
-0.90590118974341882,-1.0100230715295742,2.116518341018562
-1.8958384193700366,0.44693103311260929,-1.4813884958902981
-0.74280115572396377,1.1412880998391959,2.5912255306168595
1.3221082706331004,-0.13625194216184422,3.5222417924679159
1.5342554042370802,-1.7748437902391756,-0.53775238602878461
0.24333427053501921,1.2667153741163877,6.1080050005638551
-0.60101373768494715,1.0317056616131701,2.5649524573462252
-1.2597965029372205,-1.0400270551432143,0.967214435219929
-1.1634095416135266,-0.51045708828830683,-0.13643013192045245
1.6789688556424824,1.0197966917640051,1.1613156563261429
-0.068196497584729121,-1.7017772745460258,-5.7661913748117382
-1.0999058972300986,0.79855907019060979,-1.2579832833752189
1.0342067283458163,-0.45285911930502132,2.4571674198917068
1.2406138138201173,-1.5221198983194846,-1.3487112060441182
-0.29356728336730553,-1.0869888331861077,0.33139435971290021
-1.6589912193344705,1.2757859582794833,-0.14181041795440452
0.6249244548460644,-1.2307220312416165,-3.7585279239414096
-1.8469752458241193,1.5882320691595115,0.098491091130336841
0.3387882797100521,-1.0000045190160241,-2.2256710339672807
-0.094882802434405056,1.4859148088550094,7.9025231836568759
0.63752207701095598,1.9830083397702407,4.0192057660684917
-0.37627038328008688,0.18560352250905865,1.1773420044595335
0.1266145380797048,-0.71093797999690111,0.79852140682110728
-1.0493378895198826,-1.7365024294633669,-0.30890343920489616
-0.41282447176579495,-1.8862067656720243,-3.4399184321045828
-1.7926724395312663,-0.093055769868721105,-1.9165620776126171
1.8719805283877853,-1.7478073811588968,-0.1042770828242469
0.13700672970924099,0.37425284685781524,0.10299832877099195
-1.0929570947900449,-0.63601203171827936,0.8583899372395839
0.5769755462007331,0.99006428326030793,2.7619625676483737
0.34543133465206832,-1.2462620592460025,-4.6355717993525172
1.3625965870401795,-1.3393273721819337,-0.47844222355815963
-1.6288608935762421,-0.55927782111519564,-1.0482774146852007
0.68353062224580707,-1.7256522759532813,-4.7133398432543503
0.33215053003955219,-1.146125328260059,-3.6755677442839438
1.0364725270934634,-1.7393166019330888,-2.4886088613249506
-0.61524077396292265,0.80549193343933023,0.87619216834565539
1.6600513931440566,1.7983974035145307,0.57722498278706502
0.77263589858723414,1.5366759828495327,4.6055302833358072
0.62020786608349798,-0.64501537707918222,0.25667278147018074
1.8442152542462376,-0.46148207740712754,1.6381087100320877
1.3665132520671932,-1.9623181918383135,-0.85664189696692539
0.47263081812736685,1.8515289030284388,5.6487153029488804
1.2428508698961824,-0.26848091723912115,3.3353951877921095
-1.9434343095835924,0.94504149387266789,-0.62334402074272488
-0.34287337777319227,1.1538182284303931,4.8580811290228114
1.4020942270854322,1.9023183895608353,1.0284022582677883
0.17716774378061251,1.910560573070291,6.4012305510805847
-1.8647059132947068,-0.28160146738744696,-1.4363820269170602
0.41654695583726298,-0.25327581725762038,0.35435954530751385
-0.50717089237558044,0.24115752344659169,0.67661293950632551
0.64749708082459989,-0.3080464360308488,0.96415019615534381
-0.24156871592311324,-1.1839696567192708,-1.1517625677716763
0.67809121948864215,-1.6298801772034146,-4.8890717821937724
0.76392543447719019,0.41804541305912624,1.4324971654439582
1.7973951519634168,-0.537753737073281,1.660149235327985
1.6803415231393983,0.83498456139886024,1.4266693348902781
1.1394634944604665,1.2228525645704207,2.43845085673706
-1.0718005562716855,0.11050388555085355,-2.3228023716800821
0.030936512004886563,0.26824595006084673,0.41197065174512093
-1.3709389008122961,0.72639950466949532,-1.9323997708987009
-1.2129226592688496,1.9700889305793265,1.3266121327464544
-0.6296023651068654,-1.5845099822687791,-1.7396176342361938
-0.18019619681502408,-1.8603187699271566,-4.8403246201064984
-1.8173273131951437,-1.4171828037130787,0.15250962208642421
1.6546680104889107,1.8994550057254309,0.50735430781727553
0.1043859128682243,-0.69325950752866849,1.005382875632965
-1.2547673711147231,0.5179958315415969,-2.5958664179764268
0.79423113569223869,1.8939579794945458,3.6396761622045792
0.95708605136301195,1.0242020010506305,2.537535301586975
-1.7167046193392912,-1.8616756053238941,0.10277670397599964
-0.86143240253247222,-1.3831999086241691,0.33864612229250118
-1.0195874649613503,0.4011608430126361,-2.2218762671173002
1.0368264405447483,1.0081762265846197,2.4050795706107224
1.2151609083466042,-0.56776889298134936,2.4937978673334849
0.85667159841128759,-1.0036734752022953,-0.95797496316163133
-1.9374384458887308,0.59047810252981714,-1.1758484238298732
1.8861374429867275,-0.22620139541581707,1.752048906060075
0.67752147782029404,1.4653892473858234,5.1144086254511416
1.5124207988869829,-0.6270422511952205,2.1660397243859837
-1.4620258877548653,0.6323593687847735,-2.1910905045763096
0.15361836207174173,0.81344954111418177,1.6911585984751039
-1.7796513331708779,0.94853820372317577,-0.82495272747199899
0.77603550193430326,-1.0443452989547164,-1.6338748239725955
-1.8099851105329494,1.2007042596531026,-0.30834806860837016
0.12075574101730879,0.89166852531562002,2.4296668654734823
0.74912144701622907,-0.28340426172123445,1.464961516849411
-1.2976256654112057,1.1269811580409335,-0.10982623512885896
-1.9790890956727187,0.32959664686426748,-1.3369376201645471
-0.06633786724233004,-1.6560712417765224,-5.7796153774902592
1.7391946633642008,-0.77167667266578377,1.3176278638281222
1.5743761737692994,-0.59571881964264262,2.1356359632412802
0.74261019415677998,0.031257869852400422,1.5257369959382647
-0.21812702206472978,-1.2423027993757603,-1.9969323632387723
-0.52513413355354599,0.76512354236038194,1.0268570797691983
-1.1029977534784219,0.7585291736285904,-1.4571471671669123
1.4255428925632083,-0.30239007733478185,3.1636207672003156
1.5626771699947066,-1.9924400687229962,-0.42723766321896567
1.7314276506158253,0.73987368006923271,1.4658728794317828
-1.6003165253315834,0.52792235794443432,-2.208400834762986
-1.8253151010216897,1.2916106887463337,-0.17028734805264167
-1.0268193536784445,-1.2715813172597603,1.0163735280272348
0.39735945178314847,1.3621575576160962,6.236191967507847
-0.48993061604948207,-1.4281390161269201,-1.7713007101776135
1.8994336005072787,-0.42126038871542515,1.5134814759677473
1.0459132333982608,-0.94956190497152049,0.22159545236155034
1.129171318079524,1.2056368542099456,2.4557679674612811
0.52807735729740424,0.20577636561717316,0.39192221159813889
-1.3916826990199045,-0.60738464088033406,-0.56910021977411296
-1.4155391665119677,-0.73600112737959944,-0.13408866737814765
1.8693367046792306,-0.57404630355625752,1.3888205571260359
-1.6738723448439452,0.61620782501240923,-1.8206745461118101
1.7417207361127063,1.5779287416268244,0.58761961398277784
-1.651692352073707,0.26443299127775921,-2.4680988148409324
0.29333132439558574,-0.7106049657528839,0.037918112396480755
0.41716431460855441,-1.8334466765790274,-5.614869897351503
-0.16205234365769461,-1.5072766309551995,-4.7523368076946761
1.8172964440576842,-1.9613740103891992,-0.1543988515468824
-0.61144775570735144,1.9843447729331163,4.1078196148995012
-0.89775869735534797,0.37005465995664277,-1.6409668646641551
-1.8216207667331969,0.6599551077939898,-1.3562327650529085
-1.2254053689958515,-0.34441638550944331,-1.293240383103258
0.98900965558372222,0.30067373091717498,2.6462358682355305
-0.78603826993145343,0.45913324834880198,-0.98927941738939495
0.0045758179736048454,0.89424238540960532,2.5937099520493279
-0.67845034259835857,-0.43262046747642779,2.6128248428638292
1.2774194942797656,0.55742739799268426,2.7015021377918913
-1.7423703081873039,0.41100906402401938,-2.0139805300166986
1.3515081711802623,-1.0005843838174302,0.7662143814281428
0.6422306179149575,-1.8892911395520624,-4.3492781836267422
-1.9737630868058793,0.42185837919986602,-1.2755008624534221
-1.6954657383233904,0.5664431180559224,-1.8763128121837824
1.0291833374103043,0.47814228489652466,2.5041914579658866
0.44982760924590748,-1.9848743017017259,-4.6148252886203673
0.51750948856000401,0.97978505249799586,2.745677139261566
1.9042792470512824,-1.8303102366994557,-0.098112324209813792
-0.14963257048548728,-0.016376360724817962,1.5715354479065897
-1.4790984488160981,0.52195656191347695,-2.4760974100481876
-0.40104207187397756,-1.2034630201359597,-0.26300968365371025
1.0025204189648966,-0.32542092514886889,2.639829298739393
-1.0497922545399361,0.40958928191450328,-2.3345319319031379
-0.26862205115067339,1.9464713137269465,5.8848125668078897
-1.4107476205273803,0.059194117164050208,-2.9441011541199424
1.8566722151969874,0.97904936672949816,0.84711174624485286
0.77000643163718285,-0.80934482309431566,-0.05137628207333534
1.6587498739419164,1.1351039392001918,1.0772612517168252
-0.86783349524865527,-1.8489108265667038,-1.0206838315148892
1.0235207892539901,0.2656212717729356,2.8350849645383662
-0.36151466842127622,1.4500436679751458,6.882314057532704
0.42570988521825281,-0.99795727453020389,-2.265551405349425
-1.7062803722224027,-0.0043356858901311135,-2.2755821471848261
-1.2794214667131243,-0.5139991705503768,-0.64206838290745649
-0.34988112410701144,0.045413400885477628,1.6431745177674277
-1.3955118990997752,-1.8717234234975839,0.049051040703919226
-0.84172681667221494,-1.0901515534485657,1.9186682287524155
-0.7736024965213173,0.97764817471794752,1.2181888492459674
-1.9901690034964912,-1.2469976158390774,0.031903873905195446
1.4731875767978293,-0.45396885417459187,2.7345374018524882
-1.8820245822032664,-1.7590615680042341,0.095119196571164813
0.73493985102333292,-1.7106355737500958,-4.4232075120440468
0.87260383403169106,1.956542991002467,2.9619668513931456
-1.4058847429292491,0.60337186573073076,-2.3399380301745731
1.5466654613735531,-0.6895616505647304,1.9124163000732777
0.35622559560566058,1.5918477106443083,7.1223043870753084
-1.7995549710944232,-0.77542291981395683,-0.45532433889641027
-1.5214883982609713,-1.6541942575314903,0.21275519973798185
1.4169202442486597,-1.3795462999773276,-0.42716948642776281
0.12439597008199543,-1.5627276610450958,-6.3595621914894132
0.65648750522895094,-0.28496627444501432,1.0155100307294673
-0.96880755730438506,1.3744184483684236,2.4437637555315943
-0.30282475699464162,-0.44012746782157874,3.3492020331660513
0.010394064550101945,-1.9452698307078691,-5.1317675996587955
1.2094942696561253,1.4056273328417133,2.251972226975107
1.3530712914328564,-1.7930004680941849,-1.0189437927277631
-1.7344956694260789,0.4903775240943804,-1.9124704816219074
0.12799394984124035,1.8178276314103541,7.1589569750000788
-1.33270187973764,1.5952038066621643,1.073475623260651
1.6276812546540924,1.7225863808960589,0.69662450870361559
1.4978263584054679,1.8033997046941868,0.90850310970083625
-1.9442729054041192,0.75583824085217399,-0.91529198808546208
0.37342015550579477,0.50757282022625239,0.14094740730320932
0.39365730676499444,-0.91503800133758051,-1.52686419338138
0.84146980883845357,0.8373246041711071,2.0460320311459346
-1.2879371735955281,-1.1637742077701625,0.85914298084260554
1.5568637737677076,1.8890612072623472,0.687342580881809
1.3652722716647974,1.7542390817267171,1.3493059352563186
1.6199837760304217,1.9987524710122115,0.47804835338950818
0.41605646781183392,0.9076766274893906,2.2350072196977355
-0.99099233637210316,-1.0228195758676302,1.8421418451987612
-1.2791560372160915,1.0781729370144322,-0.28754185184586983
0.43883398365755877,0.012283452041779164,0.21075022684924646
-1.9776542229468796,0.24817600824884289,-1.3896464116133125
0.83438730721398802,-1.6430380721580573,-3.8479101667206166
0.77402083125941967,0.6419400673025546,1.5165521807395215
-1.6175643641901352,1.7284734655020193,0.41361256201447916
0.9091419112476733,0.28978688038471745,2.2939158900560046
1.0793322485342411,-1.3941313363867782,-1.8826711879613087
-1.5219503735475035,-1.3060539693497726,0.4097826318345178
1.3108073811218302,-1.3782829303091002,-0.75600873943522184
1.6001317590881889,-0.85602091028541683,1.3134891350267441
-0.90371025381918946,-1.9234315653650771,-0.89852002669918496
-0.58720020648516003,1.2974148675333148,4.7005441542923414
0.88376352116930157,-1.4446669976996596,-3.2689462888702465
-1.0119285872174499,-0.40058247399471902,0.17880370077648006
-1.9121596523072422,1.0351821444421634,-0.51863918611101811
1.6849488771945449,-1.6782236998210962,-0.25819248064120481
0.084025007359237236,-1.1821039197325713,-3.3143057311865314
-0.01070518033893797,0.52523240377383384,0.52372134629739842
-0.8328079966310129,-0.94818881265047739,2.4963624665259863
-0.87201652486756021,-1.9863999051168644,-0.98847417671887905
-1.826597438892152,-0.24755758885315116,-1.5910134362679493
-0.23077784172849092,-1.9442226732677272,-4.2414933406226769
-1.51294027152465,0.69527893069159896,-1.9236757626315206
1.3616397399581763,1.865226222054547,1.1989410446838018
0.6785299195873189,-1.1701145905284529,-3.0516671780641573
0.19820487213011262,-0.11200605072926439,0.46186272269647022
-0.60881315811669867,1.6702960022467654,5.4553239092980128
-0.26280270390109584,0.21077405147112049,1.1564314137397067
0.33809057943332554,-0.83213600021049361,-0.79805868137113389
-1.7886886510657281,-0.52867861531939031,-1.0406684695491879
-0.15746537674432304,0.4407494346407157,0.71215506001661044
0.39688801320443279,-1.4367604419475233,-5.8915099209962385
0.075079919136100681,-0.69363044736622914,1.181985002951166
-1.1970480764413836,1.2410263032740882,0.70481840577463661
0.72024169073386979,-0.41532551048342548,1.172908416137632
-1.2090813226812833,-0.29023945725212141,-1.4979896905030099
0.30633317757336265,-1.9196352479391332,-5.4009601103759692
1.7150873905201602,-0.58973063023048189,1.7945646895053426
-0.35049192401011564,1.3684708135641124,6.5449469767975161
-0.53147449366129074,0.95000298120102489,2.2417393231565557
0.32709140981182561,-1.9221185265352347,-5.3469553033964115
-1.1713877108056339,-1.6813146925157199,0.012636097880318227
-1.7090739667761077,0.36451054952478534,-2.1831224634002382
-1.6638644618203224,-0.23891068585037001,-1.9877280542640485
-1.8164524726148281,-0.42645036287343951,-1.2471762621114535
1.4634703253160106,-1.9982880281658659,-0.60066586890531348
0.86430712077673677,-0.21411242919964502,2.1418461925939494
0.85422608907247799,-1.0277030676352994,-1.1363748863713812
0.22615334049005664,1.2051919507679485,5.5737801834848826
1.03595591349398,-0.79094746121631476,1.0867985903270654
-1.7765387347922688,0.53276048524084541,-1.7135910876596572
-0.57070735448306431,0.85366553581568505,1.3677346604996323
1.0362211324264843,-1.4908025994542369,-2.3905254683034327
-0.34257712700171949,0.3502007894906134,0.84952132706766859
1.8334836829214489,-1.5218828485571891,-0.025955289998838491
-1.9857249729062827,-1.9300408597352914,0.055337679400310161
1.6181989754158002,0.96698738824924524,1.3637149926579919
-0.57929252924180785,1.8618052803358784,4.9701352724320715
-0.44106597773759604,0.91814219215726611,2.3448549702836816
1.7367560350440034,1.9309398133108981,0.37350805382717117
1.0573449252732727,1.0093014371884577,2.3805100280039695
-1.8366212901441008,-1.7980742599242585,0.098281268261502866
-0.49074719638080322,1.0588504237781744,3.3497369998973743
1.0511075285217069,-1.3192602520818801,-1.7683317770938012
1.2974678037902669,-1.2639258335303611,-0.44340150843035592
0.63813828637251335,0.34538830189934933,0.83266131838256763
-1.7915886211762366,-1.1612871724861187,0.086833198939757716
-1.2862082047430587,-0.73197864437990767,0.2824440630399796
1.055590578144177,1.8464572689612169,2.4331112358928499
1.5173698162369869,0.33082232915040777,2.8766097337235226
-0.067962528654954779,-0.84654327113615091,1.2093231152743482
1.6317359809705865,0.46632937412181752,2.2774233761403346
0.62239626508176826,-0.45707331096687986,0.72931398939604175
1.9656616689347373,0.48985319662959004,1.2000284094077498
-1.5420590682747346,-0.92157406833640376,0.084702315666964623
-1.1785953552242368,1.1145352837723927,0.17649768035616642
1.8896099552777792,0.9758925568075294,0.78887919756475611
-1.1051213583859192,0.56200901907520517,-2.2046667977069898
0.51083239091625998,1.0910492933666012,3.6912830619297528
0.58955724979352375,0.81753117061878644,1.6367121426015072
-1.0128832029919765,1.1231978542007566,0.91915456744488189
-0.89944079629055507,0.062726069312953214,-1.2003626224804806
0.7653330673012011,-0.31100360341320443,1.5210366995151319
-1.5564016249852624,-1.5407519124827758,0.27253147583713455
0.14336364167794891,-0.87190677455377785,-0.34656276722170165
-0.85708417535623838,0.36088937153976408,-1.411661634249469
1.8163905752240943,-0.63835407525725518,1.421060821553267
-1.4811917449480627,-1.4963812501277114,0.33913413333596887
1.3887643698492362,-1.1198542880345568,0.32986246991491613
-0.38145258460981579,1.1251241472434002,4.4364386912400917
-1.6091032419557099,-1.5822487707460486,0.22848836321491364
-0.81920956917437926,1.8834748778411026,3.4240756948071294
0.35495718601118664,-0.19080062822869737,0.29502797332021141
0.37890377771758832,-0.6138432261452007,0.18444195555173643
1.8489104436093968,-0.39237591724114673,1.7176620393454844
-0.80063702063907272,-1.4335976046669452,-0.11860023511394963
1.5870946025624666,-1.1346868506143108,0.4816377961058439
0.074198077327455536,1.2668766787772818,6.4850561236020408
1.9677552945856158,-0.66686753775181074,0.99882952937758063
1.0514235652419832,-0.41693319834282527,2.6115062402877633
-1.7690507136495175,-0.083226895115427135,-2.0001718833082935
1.650700322536133,0.066455867473995234,2.74665857231407
-0.17769380377744937,-1.8866270179095681,-4.7500503119394706
1.4033566939568956,-0.61125940753973018,2.3605375789862575
0.38114720468776708,-0.84291759447754555,-0.9518585857599785
-0.35821625623451037,1.5838445260289262,7.1413053833069586
-0.79182626105967202,-0.83594862160964878,2.8678595666882427
-0.88424888173793081,0.68288886842602325,-0.96989102688508588
-0.94656898379012122,1.4627469127804673,2.8724398491358962
-0.82335727998731589,1.4145071362621158,3.5884682305762081
-0.59995705516520181,-0.31418922747460809,2.4644284166315371
-0.26748805861287694,1.3783604308326569,6.9627853516991403
-0.68404827355584152,0.25662489621180118,-0.25204614992083901
-0.64767181948983099,1.5686402927987309,5.2332729993096869
-1.2369965990353982,-1.5044998750761032,0.38131325220982887
1.0768310049454679,1.6066431499720455,2.7856379565877885
0.12284856106528608,-1.6567314012230596,-6.4441895651437626
1.3364970499950162,-0.96694261990490049,0.89500557294890748
0.83835084206745192,1.3107564784150525,3.8099769659580938
-1.15918322173161,-0.73827992760920913,0.88159546336223471
-1.1306471255198736,0.61847301799303978,-2.0915955132360131
-1.7883048644751569,-1.6975866537680788,0.13018893580827731
1.1185084278390498,0.82671239798316698,2.2552288080244325
-0.019932293719511662,-0.49275680991168769,2.1151848109630951
1.136368128664182,0.10712347632977792,3.371447680037194
0.81115428536643908,-1.2459982409035844,-2.8361353346273299
1.2135212941251439,-1.9794176739644727,-1.3028643154692552
-0.98074320452663688,0.68167631817575547,-1.384198844955878
-0.74947038833922175,1.7872252502889729,4.1892259448677942
-1.4427929719678103,0.19727817350131938,-2.9875014404582685
1.239565395188269,0.23457491721846235,3.3806453070941793
1.9037187887532787,-1.7601873722940036,-0.088248190036408242
-1.906839386322364,-0.98612366853004363,-0.13337659365869806
0.3416691784378334,-0.066864246213135248,0.17747345336247508
-1.1541441282839435,-1.2552860729683264,0.96010891117003827
-0.071650459589114757,-0.54921026877316947,2.4282609267341679
-0.52909369259180816,-0.63135123497814449,3.725199497757651
-0.88982325026632547,-0.93098574087252328,2.3579772182504777
1.1695152656579668,0.48340682560335857,2.806617648195501
-1.5659220066926132,0.72827221449029622,-1.7396032758677971
0.98423684952794055,0.052754531190244425,2.8574581778479224
1.0200183277529074,-0.21985022563080059,2.8789324624631529
-1.8338358743782119,0.21690022660301489,-1.8852383261313539
0.025625762478488134,1.0378179484875005,4.085566946444521
0.27644312479861721,0.94128807204514509,2.6986220487904342
-1.136948130998245,-0.78640823620612887,1.1346512859160536
-0.9407772493669786,0.91561989588362458,-0.026477459187707608
0.8239742694324792,1.8747571937807357,3.55420773187176
1.9025905265537926,0.61312016096034005,1.2175141994277949
-1.2823547184543234,-1.8216196247054723,-0.0069662267039714339
1.7188009856500801,-0.78185805554463372,1.3331071850919336
-1.1083224985432261,1.405378171173818,1.7302777991478195
-1.3059947508242065,1.8644300888704572,1.1466481766110199
-1.6963707966421944,0.38186038414244505,-2.200623511700682
-0.16643017484876577,0.19700887569924941,1.0584464628446923
-0.22954139870982937,1.3846213465464725,7.1329711761349621
-0.51098007108696453,0.55490033029366481,0.39835701043377114
0.084683037236487291,-0.45203160689957178,1.4794776993689893
-1.5121290212326146,-0.17055793386844709,-2.396534763570545
1.1375812051162653,0.7114870363902015,2.356742423804369
1.823174592127311,-0.49350564092223514,1.6559048337930133
0.55864222070533121,1.9439049581226588,4.6522751333483292
-0.82802410142173266,-1.5893785825406614,-0.70550405360139246
0.090315182612734635,0.29996852601358315,0.22655638650742504
1.5831721672800807,-1.5614256321217841,-0.34030717038271618
-1.210226699797984,0.65737907259231543,-2.1020789682883669
-0.20847917408867001,-0.22999617978839781,2.4401593482785877
1.2695670245812138,1.6561643088043589,1.8308470377752899
1.0297247955000852,0.096029390505242063,3.0350253743863576
1.1801524002645807,-1.3412686543637307,-1.1845000365950098
-1.8750609511866929,-0.67887336052040625,-0.62553896726303704
-0.7571360684637336,1.3973501498360297,4.0075542252336858
0.58043990308706528,-0.53688625984932115,0.47027105755142212
0.78339831940330606,-1.5721608419702471,-4.1885718690111151
1.1431797486637518,-1.3950797841250513,-1.5397623923911812
-1.5946107759540422,-1.5321110657011907,0.25849003899475775
0.17852516640466565,-0.37361332307680262,0.93807840014899735
0.066926870026081886,0.58569323916568772,0.52904952702592067
0.4211046111571064,-1.6423624704029358,-6.1945548455319956
1.7347850711034094,1.5876795293490615,0.59335510583973483
-0.18752832934393737,-0.1152574771916508,1.9914746030688084
0.7570204519131023,1.5610407137365452,4.7076126008558683
1.4836364384000476,1.6857503263703837,1.0703777943760957
-0.51843274841219267,0.39791050498791503,0.35588735526692428
-0.39207930708577909,-0.75282052335204996,3.47093594522855
-0.59190870602018375,-0.47446924409825453,3.2019742744735122
-1.5006206601176038,1.7361815192029004,0.64390798243573166
-0.91602824550215267,1.438968793170408,3.013483399263714
-0.31583351101963197,0.31345215093080281,0.93285120665037524
0.6886620006303863,0.42714549893644049,1.0606948286581135
0.24117028170249233,0.068342840332285437,0.12823944649500119
-1.3523082313414485,0.46039142879031258,-2.7572874810784009
-0.060201431996121491,1.8244261639863764,7.2197322140847833
-0.079751301489480841,1.5907849046478937,8.0638748547700452
0.81123940871752653,1.7036294959345519,4.1842960255002186
-1.2893249956211716,1.4670806936719512,1.0537235712148247
0.75440709782621207,1.7867246596082098,4.2974916749392795
1.7872390563044864,-0.88619175784370174,0.97338981626907994
1.1664345491608139,-1.1890467955877178,-0.61844245986421964
-0.52063497366253531,0.380103650930117,0.36643948542996418
0.038786807513895294,1.2288708233793857,6.157976387885518
0.42721617210712193,0.6396731421876134,0.57821112719499446
-1.1889544715031624,0.21989458545483709,-2.8601450001970687
-1.0504629218483288,-1.9750315684056523,-0.46972573360207459
-0.90687382416102102,-1.9601964564378582,-0.88049955175471972
0.36945395891920718,-1.6529281633159898,-6.3424852099658615
1.1125362277199624,-1.1628080521912383,-0.71908532098592859
1.2354839688468253,-1.7213906876278529,-1.4913042056254155
-0.8925878886664016,-1.2081800442362955,1.3084961837352718
-1.9057492459136767,1.669956779040723,0.096448671482205248
1.1477858530963747,1.3914850692129273,2.5104349026051982
0.73849589020608208,-0.48196679702617229,1.1304993674275319
0.025564035998498991,0.54939600229360108,0.50420325490720441
0.66413864843630011,-1.0546459260265288,-2.2111770248918665
-0.52987224789242604,-0.5317492051468955,3.5716768406932666
0.23215060552178413,-1.7617307510656515,-6.2968363321050447
-1.4183128113591232,0.65539757615110794,-2.1622835281497896
0.98996266574985592,-0.28030047862205976,2.667273232768486
-1.4593457449277332,-0.9222849052354043,0.2599169560088867
0.58251754510801446,-1.9509413923791703,-4.3126138390835589
0.1377537719481321,1.7649158616933107,7.4434537653458897
-0.76056836683884432,1.9627288967901113,3.4275641808120332
1.9626202813665086,-1.5616713153501041,0.0037475652899322419
-0.080039103199791795,-0.63986396838640625,2.3537425855636438
0.48749531782760025,1.449098813751172,6.1851494672092917
-0.47237655003598711,-0.6181249349632989,3.7724215439233633
0.56151040012474729,0.27284188550688304,0.50493031251476295
0.68103288410734164,-0.42629885263377054,0.98992392799457574
0.069938122235411182,0.42962487622604151,0.25448640570762926
1.364627702825584,1.6414502121842989,1.4890688401764529
-1.8435969545724238,1.7004836964094001,0.14573921650684118
0.0026111189826143466,-0.76841634070579667,1.2736348348678714
1.9234908241972692,1.6398423919364364,0.31238365387754291
0.11876580082006649,1.8872313539483874,6.6935685907352926
-1.1006534616849906,0.84001682799317257,-1.0513809410835662
0.46884072733933246,0.54639977715697796,0.37890905310257061
-0.89804697462022642,-0.011538439114881838,-0.94483476864649063
-1.7084759964759628,-0.4837531053521904,-1.2455049741077784
0.51213667983677214,-1.4078958230050116,-5.368462827581058
1.7574404514619864,0.23346500796766501,2.2077299230650862
-0.69155879032851941,-1.7561373689591349,-1.8038946493837871
0.47092669954296174,-0.35945372596406844,0.44259629574495046
-0.44918634816561243,-1.4251249000868329,-2.0389584330097232
-0.81503367961799911,0.76651946199499266,-0.27994803097412252
0.72522474961298622,0.58858687010201249,1.2819488911271031
-1.6507867225855331,-1.5694204220868766,0.21621814988421217
-0.31929557490644145,-0.91814231379498557,2.1793266976933037
0.94346211867175267,0.98079682302741533,2.4429244380864037
-1.3138180718576764,0.39726666765741037,-2.884665553196248
-0.95962777179834946,0.82339242855610628,-0.63717342084945983
0.54657240554813669,0.69749670262207442,1.0058143859984328
0.0014711364432802299,-1.4469787892686869,-5.3823502887572241
-0.28116138384963452,-0.11352326286318859,2.1872725274878202
0.76110370059135946,-0.53970808222644528,1.0833782621032584
1.3166023153840927,-1.9325745172038129,-1.0297991626965191
1.7546826955905228,0.88378781182184118,1.1800550793109654
1.5572732437649961,-1.9316454295525314,-0.46207122908900944
1.646935417522049,0.40444122084762002,2.3495371192576369
-0.040973514885355389,-1.92305926175576,-5.1204328481520074
0.33655063001988195,0.38257419181549102,-0.035854934930505677
0.15731112033776151,0.32099214395435061,0.071539321806311285
-1.3209950896914004,0.015551154301622017,-2.8578710849831102
-1.9719432369101679,-1.8102262348419866,0.070072892580704482
1.9192616918899823,1.0119495394666922,0.70036580136430882
1.129341548938815,-0.54367672795094069,2.4342025822598052
0.72827628648333853,0.048992366549472255,1.4389096348189561
0.43141485045234917,-0.66779803795409487,-0.044161101694570395
1.0159597762205066,1.1329278419303228,2.6749667475210082
-0.0071277876555491115,-1.7597966258566529,-5.9233104027039287
1.075790937463883,-0.55327754040449406,2.2646873668513372
0.96477935538344228,-0.33773033941473596,2.4592106953459645
1.7409897510040797,-1.6752148702969505,-0.1906452645315673
0.071213189711857083,-1.646821510975103,-6.3239503474037377
-1.6203689200002065,-0.61617026947070075,-0.85870574482619644
1.6119935073705265,0.74167623124336401,1.7592662097511764
0.71272856495605996,0.50965957920955285,1.1798042833482458
-1.8825118640107834,1.0969792003222314,-0.44536622003470183
-1.2708679319579619,0.77587679031866807,-1.690979702750518
1.6271292730022324,0.44515137631164237,2.3337747757354865
1.834842867371056,-0.20274240705712065,1.9621047849285393
-0.87775791198073372,-0.92162631508657378,2.4179007746362386
-0.3875641362081621,1.9849286173009641,5.1564316892184481
1.4487020008697624,0.53789758380911579,2.5730038113263736
-1.4758254957307335,-0.72506838344758329,-0.31464787689327317
1.8935170511809396,-1.0700378248592413,0.50787258093501864
-1.2380734745779023,1.123433247387895,0.031759353615727542
0.12824581381552358,-1.5452834580720967,-6.3227481722016234
0.24055454756748418,0.020707258455296529,0.18207504219889248
0.38286680154781916,-0.31519457660359285,0.3885485248891577
-1.9226595089899434,-1.7472276164267377,0.087469989853387331
1.1797384616417879,-1.1647754856076951,-0.44975522494075137
-0.069269378893276778,0.64815396206778875,0.96992048522276408
-0.053908978632948523,0.73489713749174523,1.391598615221538
-0.56778976428443606,-1.2335188885497765,0.37036150809396162
-1.0346256666298026,1.787621643573083,2.4242229839296066
-0.13836265989652063,1.8338839466211008,7.0504652920878303
1.357508865225892,-1.0190166845500048,0.6945713455642345
1.6315623130193098,-0.4634425690039321,2.3124948781347019
-0.93683847925559571,0.5853543450501375,-1.5276264269623994
-1.6137019978215683,1.2168907723629681,-0.24464653110270684
-1.9494312973121977,-1.270619690740407,0.055761819478866242
-0.85867209402111722,1.320300698235171,2.9375011347923272
1.3460435965999373,1.4513738845860038,1.7111220048117732
-1.9502696908387396,1.068246144191082,-0.43648525065814997
0.67935023933791028,1.2988435489451606,4.5167519953733386
-0.31055713645194438,-1.1816097339565321,-0.62939473953466685
0.043852833357315379,1.7843080658615835,7.471649245150374
-0.83561764770442326,-0.60439586098409182,2.3590445815438006
-0.093231853212520477,1.0938345177772084,4.7455384395862836
-1.4578417823939742,0.86319652909194389,-1.3802296407716852
0.14889954745198164,-0.52634135283082539,1.1350052053485109
0.6511979482457142,-1.8098623244035072,-4.6434841373159204
0.84791044070065835,-1.2300173432800148,-2.519824129101671
-0.70402344486179236,0.84270171106728942,0.67710060147118778
-1.0224981371098112,-0.6140354666033323,1.1932518228166207
-0.55688151253451923,-0.98965834915304107,2.4459443581727354
-1.4927123027355451,1.3903121732907966,0.30664358891951277
-1.4893126528596499,0.51291918376802448,-2.4809407588236234
0.54743605917390248,1.509573821693432,5.9881344266210093
1.8924516065968477,-0.71430568058038313,1.0996159357441224
1.6374849793095274,0.85625900825551104,1.4903522795008919
-1.2147152768275571,1.9583476747457076,1.3396593401006891
1.1279325383756054,1.0663174942552405,2.3251555148006893
-1.7939067126261732,-0.13001131184535186,-1.8657705533166933
1.2323591542765118,1.5863392176324638,2.0635506584415211
-1.9405262930057217,-0.17274098449070263,-1.3855663222270382
0.33069788704953229,-0.36863942783749581,0.47129181941174064
-0.76839964337532507,-0.20435561004025882,0.86089172617461629
0.61616896900840556,-0.47523658825501758,0.68196324818911658
-0.42085723940237529,1.5790479705974509,6.7884936696715288
-1.9604263418715417,-1.686162424583858,0.084852765691492388
-1.8114208077660432,-0.41305266239116256,-1.2864399379095666
-1.2670497419686746,0.88930344851997356,-1.1685187054755242
0.69335144151790118,1.7526830429107219,4.7933310025562337
0.073570263267421332,-0.88887311283731885,-0.087362917363018322
-0.092881689801701528,1.5297127612300478,8.0079419726800243
-0.94247927252598029,1.5990562895121934,3.1075306647019589
0.21229856208631892,-0.8682572147518548,-0.65480747476909573
1.9822854029758297,0.064205431589588358,1.4653262168015402
0.54408871729565922,1.9794093902695566,4.5000131640975365
-0.20318846926418299,-0.80004263830981226,2.415733685839307
1.7299847014328669,-0.85334236428902721,1.1384861674210878
1.6812825153692073,0.75633369958817775,1.5620156311648132
0.80468442412269381,0.26727794596974874,1.76139225877795
-1.7020958714353469,1.8676639437184201,0.29986643296065718
1.2631055714353385,-1.9488718220465016,-1.1808074921524994
-1.7724260393568603,1.188929248422268,-0.33476357178540656
-1.7560763051707893,1.96952204618061,0.22880760612789244
1.0838758967742219,-1.2551185373866947,-1.3104114014667765
1.4313938231625083,1.2934050661022409,1.5160426479028257
-1.0501286544360253,-0.75216792507707519,1.5062658901242398
-0.097357582801838705,-1.1547714949861836,-1.8575177650377361
-0.32714948169962521,1.8490752998134323,6.3626539719282365
-1.5316139502880899,-1.1318911520790327,0.37159156838764285
0.40320917135821199,-1.3198071029770924,-5.1735842735140851
1.486765695529912,-0.31382384313514855,3.0151384913270327
-0.50737944690863324,1.002590596814489,2.7833180196032514
0.98527702463214517,-1.3280109453989153,-2.1898988313287009
-1.9690681094736888,1.0012442685950149,-0.51161194629125628
-0.96808215659601826,-1.2497003888756089,1.1157879519025191
0.59240982546444299,1.4027316552637656,5.4300061761172378
-1.6278795126063637,1.0030868643043571,-0.82358307053538349
-1.0956598981429408,0.24940195389909681,-2.5760345581366653
-0.56210951161839517,-1.4691889763321293,-1.5681137765999669
1.1644290582758305,-0.65835986746331576,2.0586760852670851
1.0310605423006969,1.7548310151431483,2.7841340423410461
-1.4450990359244946,1.1695165597518944,-0.22022377682685901
1.4286852517034951,0.76439342410098332,2.0962623627915544
1.5121960564367538,-0.10269528625696211,3.2074634950707273
-0.84264679720326296,1.3595909581936119,3.2316889246938381
-0.73375108321514282,-1.4246338062660955,-0.33664669772516836
-1.4671245893984528,0.50658807144133799,-2.5331921100827071
1.1343028583602068,1.7995390278143124,2.1781235374524228
1.7428872845204872,0.56547336087232303,1.749200981853102
-0.22768325368063591,0.30274994909703112,0.93329965452911312
1.3872186435887057,0.16398012355865754,3.415035738809729
0.17744308123178643,-0.27436021025408763,0.801720988245477
0.093364036609172363,1.9814923074804791,5.9652210043744978
-1.638703558499564,-1.0967950775240749,0.18551921667944421
-0.2035736117084177,-1.610643986737357,-4.887439706824817
-1.890410765511878,1.3932626281446714,-0.064765175302190336
1.9544081510646247,-1.8588523333940496,-0.076052003376500851
-1.6711559861832144,-0.85830572867271004,-0.22368404878720799
1.1190908326904885,1.1531665441285242,2.4314444999476659
1.7056867432679317,-0.06636028538583405,2.541869321341145
-0.27558991428639201,-1.1034407558181121,0.024469965718246604
-0.64032748687123142,1.8457715174586724,4.6746592361350432
-0.63985205302116022,0.85195680651596639,1.0435935134173
1.221533854737809,1.8870121634929151,1.6297825631254965
-1.3159109460764666,0.92532060315831099,-1.0634846710942554
1.8866570854142779,-1.804912714274332,-0.1052134528532802
-0.0056171750169766721,-1.8703714824677757,-5.5048592011179069
1.0116641203938128,0.15674481645399529,2.9156486123463052
-1.3772745107199666,-0.063606373631543756,-2.7217771793794459
-0.7867312112252387,-1.8241145365648208,-1.3629872959295821
-0.63233914013135273,-1.7247469707283916,-2.1133885565390913
1.5017764085317031,-1.6438472844811189,-0.57458211192124198
0.50759034879676568,1.371426159179197,5.747927626191963
-1.2010747113660063,-1.9686246051828198,-0.18521955991048042
-0.22357388411726675,0.38996430197156284,0.80992587342820332
1.77884357213641,-0.87471351796215924,1.0113848043994245
0.7010697157057395,-0.13990740470871899,1.2856993742968879
0.49860495369917368,0.79660821344024679,1.4311708402588208
-1.8699987410301313,1.7302571511874061,0.13437610289509216
0.49767726584134087,1.0410930630033701,3.2895449560649683
-0.34233438530290305,-0.070000750580729409,2.060186230823267
0.7557730930187887,0.16884838588677908,1.551767418963159
0.33280770254337533,-1.2067898294599724,-4.2701435502934206
-1.983347766694,1.1096371185123752,-0.35786140073242267
-1.834728543711927,-1.199189477522917,0.081117200676372375
-1.1359543046249625,1.7590927819023428,1.9322987533745866
-0.45014137956855405,0.16332049923954894,1.0827267264432896
-0.31190678051439868,1.935029050778041,5.8244052461596594
0.36722055478295434,-0.82409432478143851,-0.79850033325038094
1.8385152362387598,-0.98034267666257535,0.71512493067512695
0.78904882979168622,-0.70382758910236332,0.58285138683391802
-0.63478019800341556,-0.15368398906033942,1.4916879912685204
-1.2813797073865514,0.33715980413162594,-2.9544078867351087
1.6720312832805213,1.9236473622155712,0.46307512126828115
-1.6379883511248114,0.73925042138720665,-1.5814510987748134
-1.5773467907372849,0.23000708667685421,-2.7050343989975723
-0.12969920390561773,1.0526226226750461,4.2774182064600588
-0.15860608563842171,-0.8353801832398009,1.9005957716348554
1.7454812500361832,0.09349287598614664,2.3642130273242472
-0.98538813689496885,-1.7112205357476027,-0.4436295033724531
0.0043095858925656927,-0.060840054676760014,1.1014152140445632
-0.53414772781333264,0.44892492853845933,0.26308749580830582
0.64409015288552496,-0.98669541342266309,-1.7453733108433882
0.56646413017544139,-1.239951508254042,-4.0835183494113965
0.66770395207477762,1.9172339054919068,4.2274153759352426
-0.30112373917417168,1.2553686497083958,5.9376542253574183
0.10450440913213299,-1.4834749933420226,-6.017709296772332
-0.72767330692639853,1.9445093182199935,3.6938987309807305
-1.7340455091439688,-0.095659553435088363,-2.0879832843547437
-0.63186934960099772,0.86367023653511499,1.1565145188602231
-1.0734295106548206,-0.47194206335255195,0.17401335544082247
0.23028650965771646,-0.89773972980981753,-0.97815559976685285
-0.50059445891789078,-0.96505304822612081,2.5043349552542646
-1.1068393949758553,0.5450271152123296,-2.2566674753474469
-1.9076363427068406,1.7743436866002504,0.11839439002503067
-1.431149855184215,-1.9754523043809975,0.025127706864581146
-1.2156504747826129,-1.9213742500129072,-0.14798639278986911
-1.7429404597062477,-0.63439776856222951,-0.80014140423986557
-1.2076154971375126,-1.9996156016438278,-0.18273010641233076
-1.0385886464901608,-0.42230627283724576,0.12358989072788579
-1.1844883273118929,0.18474013625199381,-2.8318250702144745
-1.9264642292259639,1.272032014966189,-0.19087192878369053
0.53193887163873566,0.56394664840896569,0.57439325216615467
-0.48114726982063449,-1.0302955261530204,1.9006867577715458
-0.11209193333719525,-1.1934742692095877,-2.2117327891784879
-0.84381211511229548,0.48656312171661975,-1.275074195769367
0.73831934798493526,1.6243146134868387,4.7901866925642507
-1.1929489248842806,1.5855947666501633,1.6483117054863965
0.016883442748469868,-0.14346315665994447,1.2421018950677774
1.2706108910624572,-1.2749359913640914,-0.57528726513716755
1.3277317441114116,0.082440898667702545,3.5513753286273926
1.5519418333463646,-1.5318320013710567,-0.36910414285739973
1.2420547467429,-1.995388439354973,-1.1813222820284544
0.44193896157786972,-1.2937768618011254,-4.8975124801557035
1.0605254015724106,-0.31884559374247412,2.8651318566343886
1.9873855098470652,1.8145791343983588,0.19412709828570113
0.47909661152783389,1.9528835479610245,4.983767807371021
1.1561969417441227,-1.1530307801904591,-0.48507597462831931
-1.3525908502636579,1.9835149043912237,0.88919564132764595
-0.30721679633570975,0.20373138680950342,1.1837626546157498
-0.53182222336860385,-0.91975960649991562,2.8849710521342438
1.9553411052496377,-0.12135300179467778,1.553310194962267
-1.8721375405805909,1.0677539267255072,-0.5006751607173916
-1.6264346683824504,-1.6882334748006473,0.17543319091928827
-0.90860652034730416,-1.0766192924061717,1.8857975668377815
-0.61942304854473784,-1.8427674985035141,-2.2531280063915764
1.5897186109278265,-1.2778854490243727,0.12261999489874066
0.93675099970866116,0.44189368334929036,2.222697550996485
-0.91039182717555933,-0.098938532567119264,-0.68003501138014544
1.8448303170437708,0.57416393630751772,1.4344028141887593
-0.58317969639926259,-1.343573029158647,-0.51013133108873132
0.24562989038460525,0.92495542504598349,2.5814329911325804
-0.69684476612240642,0.82703888789165791,0.6187498935698712
-0.014192651956173252,1.223453489437341,6.1346316487326611
1.030242048336472,-1.5671423217054539,-2.5417216868982848
-0.94227730999900916,0.71277220182470824,-1.1014797567645647
0.77642784259778708,1.9056591058160426,3.6862854848485651
1.9170683718133428,-0.54428569276207162,1.2985138590179219
-0.58429711503579518,-1.8943502144729321,-2.4110353250818437
0.92426974668309736,-1.0125158007686139,-0.69706194506444297
-0.38665397079138408,-1.5655947818050404,-3.3797149277243297
-0.57383806048754238,-0.78785691398232616,3.5004657649123017
1.4566269550954836,1.282431580645353,1.4503859470423588
1.5618725684919403,-0.10818951198769611,3.0516530651945963
1.3004411729897254,-0.33060374487926558,3.2278181709475047
-0.14451139727347617,0.1762300805050816,1.0567231186159116
1.1080533379624651,1.6080555992082264,2.6238784353224824
-0.28727518899868953,1.692196851843613,7.3007278401239111
-1.0985699740347763,-1.5657562823969369,0.13077170165663321
0.70315600531931333,0.7221721105896628,1.4581606918800574
-1.7502260018033207,-0.48489706759934426,-1.1979701797269908
0.70352552135580648,-1.8150836017616307,-4.3248844511709894
1.5858349549222099,-0.76906110920792936,1.6016082431515721
-0.30709365466016125,-1.8496700217413498,-4.1679994158373912
1.4678400895430821,-1.9434532717966728,-0.62851157042327321
-1.2580253864098494,-1.4655556989463805,0.45510239728351232
1.9312997498466795,-1.1652743730378528,0.34887910920576309
-1.4691530572796458,0.084065426455933068,-2.9133008592057696
1.7775590155908176,1.8076639341999345,0.39712587271919075
-0.9176266690684094,-1.9882133565948594,-0.83470240259481687
-0.048084497268753745,-0.35170287984305215,2.0769759451897833
-0.73632396536111955,-1.0386271026105653,2.2577946893469329
1.3026526414441788,-1.7254687189841444,-1.215848103978252
-0.9942155428371704,-1.3697589759676849,0.62622851216915698
0.58168331427472042,-1.1881942369549026,-3.6204108202152798
-1.8641050880615722,-1.226867530142596,0.078077128133305029
-0.69308402639143396,1.0866923737848251,2.4839827693908347
-1.4588134087964568,-0.74333806010775105,-0.21638288167303607
0.069537158573758528,-0.26136800019290796,1.2612294616661035
1.8136787160374306,0.51232014084264721,1.6239944031365734
-1.6116755126105742,-0.17640542614893628,-2.238142397388017
1.1758823030025276,-1.1898262951120979,-0.58361669502789859
1.0951205594900419,-1.7536082058149733,-2.1515698080766539
-1.2801942153999204,0.37809181966174821,-2.9013589684458752
0.38519976327323668,0.09886257178438651,0.074109957228091411
-0.33347547757208096,1.7259442761460217,6.9737020870008246
-1.5236529040486451,-0.46437156611214214,-1.3706797723479354
-1.9185603225811858,-0.31075244622319187,-1.2584369013544858
-0.47967534019428215,-0.0071467251725743086,1.5783216869096517
-1.771376243283471,0.10985554877077597,-2.1203384230769515
1.1959752710233102,-1.7121807254329839,-1.6725554120168356
-1.4567277698491774,-1.2225087017232363,0.51713023304465022
1.2016790536745563,-1.0282698402729806,0.31096085284810093
-0.96840461400904898,0.46902467627567868,-1.9149037778461624
0.86702636367449015,-1.505218627390891,-3.528133989270497
-1.6249776959506652,0.5091771245867398,-2.1865847999215537
-0.21715786100649903,-1.2663483838293241,-2.272636046187031
-1.4315545232539173,-0.14753824959576844,-2.5030258265582681
-1.561057163396907,-1.7832170038273505,0.13879723969468136
-0.65253754211308213,-0.4960409923597584,3.0144855416090257
0.35948329271907609,0.36500551948306326,-0.023980946867739113
-1.0575994928925629,-0.3500299969909888,-0.39711237267380289
1.3588828472291854,-0.65585190214308553,2.2249449618273864
-0.89885714713075293,-1.0908515603988662,1.8459662583720964
0.62184327268343687,0.82797498604110098,1.727274342156877
0.99881029011209987,-0.56480154687576567,1.9768813490399215
1.6138684943795814,-1.3020557595810471,0.09499352391111586
-0.63788288117008496,-0.58019194396511065,3.3431192780999091
0.6716866748925403,1.6648648821323042,5.1616486120764007
1.1565801125386699,0.73568005739840103,2.3382947056968639
0.0031031553106255494,0.18199195658740352,0.61536232621495279
1.9891286018060543,-1.8318127932518811,-0.059675722124015305
-1.780216335842878,-1.994593772138082,0.069142139573590278
-0.378598139005907,1.0540846639973931,3.7710802522608726
-1.4915249878988057,-1.6945382239124891,0.18799933395448915
0.140391435960038,1.2109012340203202,5.829105423624557
1.4518993881170301,-1.7791804419538502,-0.73128494308714809
-0.22829939038379665,1.8334476679930094,6.8265886807387739
1.1828291303775234,1.8213733974390918,1.920088577444742
1.3013713274468888,1.4539720940685146,1.8740901691261567
1.200330677443191,-0.36499197695518393,3.0894565928003419
1.5747976619684647,-1.5824016493085573,-0.37438308637972495
-1.3997893336961278,0.94389369882366836,-1.0517736028220157
-1.3179566322895759,-0.1595020352608747,-2.3704025567821194
0.30256745362085624,-0.35615863383164714,0.51606092887023536
1.9336286942534295,0.42111762323222246,1.3736440392959421
1.2285176015198682,-0.7150512012454473,1.9152071761822034
-1.8962241759446636,-1.3674010406780579,0.10572342515937837
-1.2272768124702613,1.892284284980656,1.3915747064569874
-0.63712787094788137,-1.2640242833560633,0.41009421025741477
-1.1162279293974069,-1.1187975443727283,1.3137849922233997
-0.97068209844676012,-0.13540217845863256,-0.93391180917768368
-1.3851792626609269,1.1776536086188711,-0.092368103185038589
0.7783930808745283,-0.52220554117363061,1.2042704338689856
-0.057373836330372852,0.47009045490943402,0.54881852423849231
1.5238487251803052,1.1787846018647752,1.3469956228974636
1.6237923426377971,0.14866834716055921,2.7930083960445717
1.7893684570138872,-0.62208586113261366,1.5242489820267886
-1.6943466588766012,0.48865916556876421,-2.0342735251070554
-0.56033754287284454,-1.8822230182685262,-2.5647380745230826
1.2653431840224747,-1.1514049281631142,-0.093240571351881824
-0.66637813314952066,0.59465295465111945,-0.18680244717680708
-1.4516187868676786,1.5896600910820444,0.69810420188110789
1.6511951763296473,-1.7676229895820768,-0.330294412392385
-0.54451405184418378,1.1942905406433764,4.2227208081210934
1.9068829746377771,1.8582822354927426,0.23943988999222487
-1.1691138868284991,-1.3388824440409408,0.7483971502245379
-0.92404439347632361,0.47556859397883766,-1.6975292076152937
1.9374266187518114,0.222995558348972,1.548961173002013
0.4894458046908281,-0.99428251343945662,-2.1869659968205699
-1.7307217585980461,0.39274399183298359,-2.076598924724383
-1.4917886718612894,-1.9339636879641731,0.063264126153804917
-1.8943444720837077,-1.0840197432229144,-0.03212190053338581
-0.38766634006240208,0.66136879120931003,0.97675719320867027
1.2647871608134476,-0.031485392454904337,3.5864180865088664
-1.7058894035800085,0.97385796559812521,-0.84479608579891063
1.2662061284939092,1.3936523730545507,2.0294439892872855
1.615604588171863,-1.8698139775893616,-0.38336537690476802
-1.6971850809723499,-0.4991588518847736,-1.2100669119392216
-0.039447816648560563,0.55837857505272481,0.64234551324144262
0.8968748777035076,0.098495119775715789,2.3968277466884693
-1.6931458331613833,-1.2572055242472371,0.21955710138554957
-1.3300313408630453,1.6618537531332875,1.1241225686188634
0.68890825367917863,-1.3263403351792955,-4.0353164382036848
0.049759360746760795,-1.5198022881113156,-5.9885609876465953
-1.4157087534149957,0.61525820206657489,-2.294472309591931
-1.5904977900236139,1.04788044916367,-0.70320705510568782
-0.69651695370760192,0.16044955918913928,-0.10455622611429705
1.5148194522592426,-1.8264452797512867,-0.57469947237265528
0.34441796507980937,1.5713137594231528,7.1788128684909669
-1.8131518260105681,-0.72374189711707304,-0.56257710009377282
1.7291248586482033,0.43030999132123293,2.0324584110161616
-1.1145645097335022,-0.40996308353293087,-0.40714864920044114
1.9484188594392879,-1.8288156151922499,-0.07604917869235274
-1.2854789425721562,0.4232303675881397,-2.829438957094041
-0.87595945913371565,1.5890926256420173,3.5605779523489254
0.18833264424890084,-1.1851537179376901,-3.7895079966226017
1.3412817807039676,-0.27961916199665726,3.312297780005466
0.73440251226889686,-0.96828084033442252,-1.2576267401772916
0.52414174029793159,-0.54157963798557507,0.35187575053306713
-1.9008701091744185,-0.49877766623733932,-0.9565715058373887
1.8558625397305941,0.081225483416750066,1.9314837153944702
-1.580666362615599,1.4172125991547064,0.20272405493793003
1.9960977871463039,1.2860219749677375,0.39433478284923357
1.2521014131832331,-1.2995182114283463,-0.73198651305580964
1.3060208006809693,1.3510795974460352,1.8934184859133645
-0.85586095035601817,-0.37493764942582919,1.1424702081673122
1.5481825208714008,-0.51024868410959456,2.4255582690757551
-0.31009371500955596,0.23928830283252545,1.094208437158708
-1.4339263325053921,1.4710946712838342,0.5946741556345484
-0.94903548199099319,0.90473824151987969,-0.12892560364913191
-0.64446474362389328,-1.41403706288727,-0.70514217445693084
-0.72106880889883462,1.3585307699971052,4.1000960598284166
0.15256814789718209,0.11104787605024713,0.26527011468639994
-1.8455273110480879,0.97830071554918963,-0.68613573803715755
-1.652869969035027,1.3316446789400396,-0.030709321896835225
0.31314959813459131,1.7654641765262307,6.8727894265432186
0.6386484051466339,1.0658364019585833,3.2171969825785274
1.1629654111671357,-0.35115351395167371,3.0624669336349917
-0.89217111545176331,-1.5604962065610943,-0.35605228838399045
-0.3939447998472474,0.57498693585885041,0.74710411306740454
0.55898344274437273,-1.1509629439103517,-3.3972898393533542
-0.66144533136603978,1.4077091282868177,4.7551539456868293
1.4244658816627891,-0.55827435537216541,2.5134474092479007
1.8292570187265564,0.332673649624879,1.8280254166613881
-0.0555263254831595,0.043727124047499011,1.0934740449886802
-0.80209702570741426,-1.8980370778590656,-1.3021223148733889
0.47169759661723765,-1.8116092879177703,-5.5177321186107671
-0.34358097039306879,-0.63570898502099782,3.6210173224648381
-1.7759004338973341,-1.2924365210403437,0.16053076500904304
0.59613612853471531,-0.50987069536501717,0.56398011389861802
-1.3787848040338289,-1.9368288662769968,0.0089754958920547356
-0.76160071858258327,1.2449700666256041,3.1772349056800477
1.2074868912356074,-0.5231877437173944,2.6409548309997808
1.1753888837701019,-1.4679052397488379,-1.5620184366783747
1.8884813756165406,-0.89287860677100461,0.80331327547407216
1.0103150077062053,0.40873602714149682,2.5580032935709451
-0.015564614488301265,0.31826255418360727,0.48743605979512628
0.1875376166771674,0.32380058085856245,0.020369453587222294
1.1534021795482561,-1.7227801910084795,-1.8745120882693409
-0.10362576179229221,-1.1193618525205169,-1.3896785252559818
0.55722551232831297,1.6740713235930227,5.8725441766219495
-1.3639044553569857,-1.7003955000077826,0.15780960139150987
0.092079434531538773,1.5245610544007118,7.9684706103866203
-1.6067035512809742,-1.7551838286596684,0.14954891203971671
1.1229637858653403,0.31311378311867832,3.0676396848443335
1.5811261053575669,0.041570134221446065,3.0076888543269322
1.9055757087615537,1.0293744522131414,0.70729092274515271
1.8066844712286874,-0.14904692387818397,2.1059514792853053
-0.65831764550664329,-1.0884491979573685,1.8825391293899376
-0.93171535592173704,-1.5939725134811693,-0.33383629266866827
0.11211413452031627,0.038109631376052278,0.49112870006542936
-0.60750944619823954,0.13602286107547901,0.49728564916296764
-1.514250047925682,0.99693252082533146,-0.87560177190214716
-0.60656762088873717,-1.7607062401819069,-2.3157113892497749
1.7342660770759242,-0.91127878416486063,0.99243685364268786
-1.1232496676857373,1.73223118990171,2.0153362494603164
1.7536150685226581,-0.25085534859323055,2.2307538562483602
-1.6773555753626219,0.69936563835510546,-1.6084119959247454
0.59519955902137944,1.7667448825381049,5.3535718102916201
0.66219389313192023,-0.65243527636985554,0.34929797726533607
0.047934922234562194,1.7162266817575729,7.8015728856664843
-1.2463923904370313,0.54860237450829308,-2.5041399678008451
0.048070385219449285,0.83442517504267766,2.0027154748296874
-0.78886677161329777,0.93103448933321253,0.81629391749364077
0.014884739012390735,0.34756828700069375,0.38666077808573879
0.32350304596157375,0.049861088336716985,0.075904406287506998
1.4696479423745812,1.8717818066362977,0.89736576722278549
1.9085360889524554,-0.95929627540079165,0.66543157024853605
-1.8746839858427373,1.0418866152790218,-0.54215122262732907
-0.7804134868872008,-0.58154619930789475,2.6187861235313639
-1.4173451153243759,0.72591750870953931,-1.9165439334776602
1.4717831817120102,-0.90506286772357281,1.2307556134887701
0.92440960200534583,0.07111171816649442,2.5555717116197765
1.8531342385160219,1.8056245882103692,0.31178558144225893
-1.0279744260205348,1.9242622772609264,2.1780857987369049
1.8011110042536513,1.1362372352726848,0.79198164547127059
-1.0657340009425922,1.7229528991595195,2.3262117115961809
-0.41523752234463118,-0.79844902734152234,3.3378000643798842
-1.5027032021411966,1.350790350836709,0.20286865335318313
-0.5519366865390869,0.057107265613255187,1.046550344262521
0.52453915540694274,-1.214334487715548,-4.0367298797660265
1.1153877441037348,0.34491151859276226,2.9908729321081
0.98483616812110908,-0.91034224803718655,0.2176127038152792
-0.29614531003396038,-0.96201253049957347,1.6588722951291202
-0.33197424394148145,0.67123156732256684,1.1038310375956799
-1.36612279310555,0.8033716821644501,-1.6276794423434182
-1.3037020967821431,1.7314477392865775,1.2270702175192592
-1.0973339032063349,0.83792809432796655,-1.0523715351267007
1.033688062431029,1.4718123309712299,3.0719852893639548
1.1413131962962599,1.7636076804102552,2.2201729701711348
0.50771099491449112,-1.7515957919146767,-5.5977744319028462
0.15100076926775863,-1.1974851165334612,-3.7876296877864544
0.11075486840484139,1.2245747650758823,6.0211985834856812
1.5962392522745898,-0.396941844470446,2.5559779495273984
1.665342336505423,0.73378650964619174,1.6435752959698953
-1.54133966561664,1.9474851514609703,0.51121499286118532
1.9298825150539982,1.824140573837993,0.23375807296729034
1.1023949284211976,0.50508347394777209,2.6458262544987599
0.77175844552781703,-0.50592679663417095,1.2177738819581803
0.82544048230983647,-0.85683507939514136,-0.11702497908672389
-1.4482676309027591,-1.7108033294636753,0.17289817598454177
-1.80090783628245,-0.41146794261085429,-1.3085070308682794
-0.21109028106596717,-0.056279843332215806,1.8616755111674022
-1.5361584392880474,-1.1778915269838679,0.38597587163435931
-1.7680601981297219,1.3734979124125557,-0.043391396331186993
-1.519885481025586,0.1730248382619739,-2.858440509500634
0.042963294549144493,-1.1676344313582494,-2.9252954583454516
-1.5193015861863317,-0.19740070498797935,-2.3141592327985872
-1.1372058066733448,-1.100223910620624,1.2896376139706787
-0.35565998070037708,-1.370806931998362,-2.2783692499899528
-1.1984247673806188,-0.90394571885399166,1.0847338492852479
-0.9742324663156563,-0.75032162171573846,1.9296710824397305
-0.16411127618980981,-0.79952440083952214,2.1817688763287655
0.035985743451863783,1.1217835005837307,5.0186319738634229
-0.20565063421299246,-0.32567468708921599,2.7413931782417893
0.50589249402999892,-0.71156673480741195,-0.21821266158138294
0.74772688865042714,-0.15024056646421702,1.5380816026217388
0.1109023880599036,1.8210713890200836,7.168475571444624
0.32664267514227951,-1.2077199564994165,-4.2768802234879413
-0.59216248990527265,0.57645656815708612,0.11460995972848989
0.086803631122009506,1.3964474626934171,7.4678579680089516
-0.57184032856164513,-1.3228648487847818,-0.4000588885095992
-0.16751256039663742,0.91644568831316953,2.8638725229817279
-0.94522604245798725,1.1541845758667604,1.4613500513882216
-1.6352966681186294,-1.9253939476058182,0.088316522398503128
-0.47853883317675616,-0.73978130238630446,3.6441785548208827
1.5724796614587633,-0.32448525596833089,2.7628699366479887
1.9444436665543652,-0.9297207678044781,0.66288733343473927
1.113341894399376,-1.5804980701347158,-2.0652531318968022
-1.090046090232889,0.98887762996429318,-0.19870291049392738
-0.0027833976337483524,-1.5677598278234781,-5.9334130048410278
-0.028122111507967951,0.80421335109459813,1.844127173099531
0.087341694989101271,-0.37541018268691539,1.3809559141383279
-0.90340521915217598,-0.88029841743261761,2.3742298186103277
-1.9333209296299942,1.9226210023486585,0.11143750040467923
-0.24828839483333942,1.6538342538430575,7.5602740052320829
-0.16175503349144749,0.0067137946462159093,1.5404967690101459
0.11000460397762835,-1.6398715663494994,-6.4212807624160115
1.3843011556562561,-0.18418417827095324,3.411628377651386
-1.8802616874728637,0.10834024025689049,-1.7460515120230493
-0.04552797081386406,-0.23343300794888644,1.7700794163019524
-1.1858222466953121,-0.19147080886446344,-1.8631886121123251
-1.0960715339883558,0.58026130781968321,-2.1257549100087361
-1.3668617458533618,0.028495954859499406,-2.9078760890967201
1.9733150730050171,0.18692615482347463,1.4476018168192002
1.4917538736759415,-1.1876641174450395,0.24902290171295127
1.9099899918505652,-1.4009082309079328,0.098620712711881081
1.2804689469974946,-0.49393799890055412,2.792057724195351
1.2139248762976922,-0.0128867843412801,3.5507939973585185
-0.79953141761605684,1.5051216689849833,4.0145341527243374
-0.30928002181995695,-1.9142785065765475,-3.9563984503803846
0.31148780198043546,-1.2156134938564966,-4.3443903840731135
1.4158125546105582,-1.5056152827221163,-0.66951601647518721
-0.24084757030797155,-0.91302703672473307,1.7834675751997564
-1.8233894106996915,-0.21625995267548559,-1.6525086417281281
-1.2438152763146175,0.31544882877036562,-2.9373845716525557
0.97062944150000785,1.5660950876056834,3.4015854904451741
1.0247582218518496,0.64620932491299499,2.2637256644670076
-1.0474763204271469,-1.8651264905448954,-0.44500522816417765
-0.15129909991082613,1.2164484634859938,5.9789072654240094
1.0021205397645079,0.14191086992587643,2.8877798509055914
-1.4316880057101007,0.37524335898459071,-2.8495819102971747
-1.8134704477994548,0.79717732085627846,-1.0991612428199362
-0.74974968766257688,0.49961097510898878,-0.75895985677759537
1.4227795623415287,0.82144624999739202,1.9996678874341605
-0.02740129652240797,-1.0586698152883531,-1.2033896534535615
0.37313387486908889,-0.37225456049946115,0.42167537982934689
0.13109094878340111,0.059989746520709986,0.39671861573483069
-0.55599714905132291,0.51494416046743385,0.18948969926742698
-0.43861317023611002,-0.048887060591315867,1.85780783054237
1.3290389099456594,1.1292584632438514,1.8714807773977535
1.4568824034821772,1.8807970205241529,0.91722609671379063
0.15431050142038583,1.2071615451032054,5.7630248289971142
1.8276888577193744,-1.7218433672150528,-0.12839471487074938
1.8223509620784024,-0.30697824600470347,1.9137986165397203
-0.46421443003250351,0.16016861965082585,1.0500327026284413
1.025567183529112,-0.47209063030595377,2.3724136031829821
1.3230333070693514,0.66343415629274638,2.4406117793439468
-0.3930593632535393,-0.95634323400425369,2.2014947462962389
-1.1099116497552193,-1.1525572074755268,1.2624128417977754
1.3304476074314668,-1.4785963347731972,-0.90829053877142063
-0.33318349589921636,1.5139723522400992,7.2070800762674176
-1.6594487889141294,-1.168825086490797,0.2154353495086592
1.1590270165039147,-1.8855847286077012,-1.6693849536519727
-0.89002865587227697,-0.96944778148289634,2.2724733214019031
-1.9830237062614209,1.2633011720487768,-0.18880018552808944
1.4667770052634013,0.17870387740771498,3.2431446124935466
-0.92852241265484547,0.45433445561126051,-1.7469053538354065
1.0216458459602062,-1.5098571786793411,-2.5166551010209708
-1.3006450821248996,-1.0257605331479376,0.83841361746636411
-0.23728902197750457,0.80218464133190048,1.8900122265156591
-0.66342959487947928,-1.5546813873937135,-1.404512551895456
-1.5595011623371153,1.1609675985011569,-0.36024395780289753
0.083195797200277255,-0.52132248830567374,1.4998553674134949
0.90707624812510534,1.2236180382040431,3.2488539412195201
-0.33437356797948303,-0.073407702677653397,2.0735592545571468
-0.37140902397430864,-1.4820630226874512,-3.0327577552769953
-1.970951632613531,-0.46181438755345905,-0.90703781635469094
0.305355854316812,-0.22738521038814241,0.38108844258223085
-0.38414805433251931,-0.81210652634620928,3.1829366495668272
1.8785643916319721,-0.86313483421175552,0.8708024159918073
-1.383441310782676,-0.27274939074137072,-2.0346083540413753
0.3092395637325982,-1.7203229465163266,-6.3433912794497553
-0.21795220073917987,0.69991918947301901,1.3007371627481392
-0.021673395941992579,1.7442064306820293,7.6986907274062961
-1.31056862923338,0.18663197011342936,-3.0365515278022803
-0.72658086237300168,0.091544607578714299,-0.097896961589214349
-0.070773978730231057,-0.48150232899223577,2.4088735041915674
0.39420943631272953,-0.98488253537566761,-2.1401207913603075
-1.3941200866995129,-0.40864433335825612,-1.4650000631452373
0.54483426018702463,-0.75883796261007519,-0.41231606591822212
0.18386867483110692,0.89579036962395397,2.3834015950396537
-0.49703658324863431,1.9264667878582094,5.0569802602517582
-0.6882372300943389,1.3478646648388661,4.2848450897901893
-1.5508264719700844,1.907772387167741,0.5119097382105422
0.022456752988642581,1.156072866227932,5.4082631626731654
1.1286107899776678,0.93219834087035425,2.2466652631545987
-0.091330193253557734,-0.82664529957730548,1.5195015267247884
1.8178946173671231,1.8693492356676629,0.31737333105396837
-0.58928605808964796,-0.67950705359990726,3.6227595167800417
1.7101250398071599,-0.66082054582615513,1.6449945348919437
1.8313230737877313,0.5816579682168701,1.461733571688782
0.5118678129369707,-0.6239122146941789,0.1271104664079333
1.090657264932426,-0.12060936270836908,3.236612158723295
1.550375792674759,-0.76524101828580804,1.6647435687756011
1.9520407711512067,0.095573176107282443,1.564116753342923
-1.2701622471038556,-0.75679309490007318,0.43260939683253208
-1.8324887459977219,0.33163289712962074,-1.8102125973768517
0.56949280310001393,-0.71888732271481204,-0.16812028661821177
-0.98197288527784554,-1.9969115618931315,-0.64103324364058878
1.5181593137817506,-0.89984157503249929,1.2361220356203841
1.6714389287929894,0.57689573959161411,1.936605338546121
0.12758374514120208,0.23298630839478207,0.19063332415286949
-1.1251982016346704,-1.1902024631014367,1.1512839377344088
-0.38990103426743872,0.22276234109518267,1.0549483946960023
-1.2650254851970462,-1.8323349518780747,-0.033306915861025473
-0.43714514857794584,0.37636665983734963,0.64115336540782197
-1.1915668705337112,-0.73060177264323789,0.69553472127388871
1.2456393374611685,-1.4722090043354379,-1.2387841175150149
0.96221512214673588,0.54249826083653119,2.1952214367161416
0.13831936727199645,0.78918872467359291,1.5194218382528146
-0.0062717763285811134,0.054923026094508831,0.88692868123574842
-1.5178971564576433,-0.38819257414027297,-1.6636002731443644
-1.1040202373575174,-0.50725904964667889,0.17709565388890958
1.4305799120097586,0.60198501815401206,2.4510772288458726
0.74759706452809249,1.7601090366764156,4.4290682393283607
-0.53344298661077794,-0.81043265067457582,3.4411465099129068
-0.98840135551848807,-0.83976276917615866,1.9826320865640981
-0.32288371410291683,-0.44068403078505924,3.3921096360819813
-0.64432499234537599,0.51830317048730512,-0.20128766305966486
-1.3626332643084382,-1.94595508206503,-0.0056344490775735888
1.8241193065559664,-1.1395502125421815,0.44219839964423041
-0.75394489477401372,1.8849840674466933,3.8069131200898605
-0.60847769179515643,0.54023775687273901,-0.010637883580611074
1.8649500451147718,-1.2791751091192767,0.22564515547724348
-1.9350003951248618,-1.7712050570296631,0.081817432362315853
0.39775624555614852,-1.8532132492740949,-5.5745107490739398
0.16968048611380748,0.7077041365577732,0.93160784628947724
0.012775565156927904,-1.1474817133592881,-2.5095053568252323
-0.18323446962822998,-1.7801441121863939,-5.053599380993349
1.1748494565948855,0.30488548233604318,3.1855303737249065
0.8379602458623725,-0.15248171614947559,2.0447108630299371
-0.96778555537181088,1.3752925604447483,2.4535970370785543
-0.51471263394097577,-0.00077629741000673214,1.4260185570235828
0.5546716168276995,-1.9100342844702165,-4.6644025130203088
-0.78406358059767634,-1.3011814405185556,0.6235277547624325
-1.5888865173750772,1.7817040761901679,0.4684869309580148
1.8373654804010613,-0.30305636162880467,1.8632068602675615
0.72989337406131449,-0.96081196688673476,-1.2214382881532106
-0.34138311348020367,1.7281895398566043,6.9271961121059054
-0.64968124023342333,1.7016363591538299,5.1051026860596131
0.032078458913246344,1.3816352026403802,7.4388765997377044
-0.15238088174430819,-1.0307947829977828,-0.0057532715840159024
0.50814981738514886,1.49175175901228,6.1865732621406835
0.58897418118529776,0.026415497892318118,0.70938910125982901
-0.5036027840219639,-1.5982966241231751,-2.6480105361783961
-0.97712327054736225,-1.4060463246664212,0.4591201291042396
-1.0087713810761771,1.1209659058176848,0.92620306169345046
0.56459434166847799,0.76384652009644727,1.3292244008431593
-1.3962378060437279,0.15447998717153588,-3.0264981024162263
-0.33771294070404734,0.071588079291133422,1.5629951759228786
-1.8834982961777751,-1.8502425398973252,0.08086242503773941
-1.5202719257113047,-0.029638252188380232,-2.6965230190328389
-0.57309608251084154,-0.37860350185911562,2.8847956305966127
-0.59026134717256551,1.4974113230287718,5.5590436196853998
0.24479409918915396,0.75486764152580044,1.1571302581883434
-1.2140206560505948,-1.4369334526738036,0.51332944604571751
1.7896994958247516,1.2335301002804004,0.73086427207166305
-0.12157201957578989,1.9606475313155176,6.1127264083735398
-0.87834677123103666,0.099323028732074992,-1.1617055632640625
0.86654934613784107,-1.0599808217076081,-1.2988555030362912
0.48426397915337516,-0.84897229762000492,-1.0333867293774777
1.1568258244439953,0.5315553393956165,2.68713013023629
1.9277050664714741,1.430089501536008,0.40174525669227418
0.56257650013389071,-0.97784107511102358,-1.9134851889148736
-1.1136553854734093,-1.1847355506577726,1.1839021516901049
-1.7670863784199224,0.61418125438949822,-1.585623487641922
0.62536237324471244,-1.2538108322355939,-3.9211198604483877
-0.33367139504904597,-1.2722125049667559,-1.4662576000127472
-1.6659878037271341,-0.42843877256656437,-1.4525735095651848
0.45414819036473375,-0.42250866776200779,0.41505853172961404
1.3968988811228709,1.6555013733431245,1.3643574630917146
-1.9048585156483289,1.480084499580304,0.0019843677711993413
-1.8193846280216546,1.2252278082507102,-0.26756863306351852
-1.9678826726057745,-1.5958696946433,0.088757105104348075
0.48494640037625514,-0.18261734942605945,0.41580994373366487
-0.8770972460904316,1.6626767939440716,3.5472626992884648
-0.50239705050486738,-0.87147327836057253,3.1300494916475632
1.7529442332380829,-1.0173635736432283,0.72749464661247154
0.2819534470883811,-0.43707823898931264,0.60642897190370437
-1.835827505592672,-1.3252050493862066,0.12932919636822282
-0.6178840556038232,-0.96145897107172051,2.7088204673971257
0.54636063757571662,-0.32084248534759818,0.59876746542261183
-1.6690029692565478,0.52046453687555294,-2.0444428797050866
-1.8951091834451601,0.32616087672302374,-1.6066927747957742
0.76358578853212711,-0.83334794047769134,-0.22134715973882815
-0.081315319671610986,-0.65472000665734198,2.3229123719301201
-0.71866919767022908,-0.8096688521705302,3.1566584379735882
1.2880412094301055,0.61796871878809867,2.5606861569885941
-1.8535929109329607,-1.2392739735673008,0.089801079285896437
0.014738380138370477,-1.5726137468067432,-6.0236743347167243
1.6623523438957482,-1.0775825293228976,0.63707995988347377
0.29742879317779858,1.6006199288966623,7.3927165187003299
0.21417721735020701,-0.56535857087789632,0.77964525376673921
-0.28557118945814319,-0.28093403160730857,2.8131479106669168
-0.14516395161169959,-0.94033051512221411,0.90392095667114369
0.46741198179532661,-0.085539052506839575,0.32682180711326231
1.1418502227491869,0.55253473439894574,2.6236110295860255
-0.064316728124819589,0.42857493567680027,0.54834334351153813
-0.7354829946250121,0.59669099778643142,-0.5208202214880191
1.1047683168819731,-1.2402179223917775,-1.1367595359340774
-1.8897204591040255,0.048015987276145644,-1.7033811151821008
-1.1558611200021973,0.76104314658758376,-1.5756173170601016
0.028548278849895414,-0.22678200564624862,1.3862338664764466
0.91763621280032615,-1.9399530730166767,-2.6844536198092386
0.036182254141508885,-0.29547569481318137,1.5034543892066006
-0.86702545013587384,-1.0824034341831879,1.9263404556477413
1.1474207698237908,-1.1735993452923217,-0.62298428033649522
-0.53851360953463057,-1.2321478462935098,0.2400525610998227
0.17214354785523645,-1.8517109463857033,-5.8985272907757933
0.23376134237456236,0.43599129682709714,0.0092794911363152308
1.2359789660121243,-1.6289373692069948,-1.4776521942541603
1.3361791735320221,-1.3298900091657422,-0.53332341243286319
-0.92450299540635505,-1.4462476396774737,0.19060177143378373
-1.3803103140129283,-1.9840846946900741,-0.0064886463502252288
-0.76429503791993603,-1.1029329714704219,1.877293125752451
1.5827393081949297,-0.28233148481650305,2.7992739295446007
-1.6861652750350484,1.9317322109914232,0.30835124289924792
0.91296891595195673,-0.47561130716648736,1.9207007435365406
-1.1117563754172579,-0.57091347352576727,0.45295869528558874
-1.6624011008129902,0.1094334316778931,-2.4763839918338553
-1.4753623669043963,-0.0093573106554609708,-2.7918034759799739
-0.58090598511686076,0.88488076579736719,1.5343969504263411
1.3397249485953653,-0.79177881268986194,1.6747159051944933
-0.51737502443564054,0.591483966456543,0.43529844296938125
-0.77249740926958488,0.99141982401236506,1.3219577613603899
0.095856169904135591,0.2130006766273862,0.29305299303977855
-0.14919817990448792,-1.935110245986857,-4.6560408112817298
-1.8302087841448453,-1.596697849177467,0.13504584736335828
-1.3087577455288404,-1.0272861658474872,0.81521577834412928
-0.3855266415027232,-0.44300549981298265,3.4713237679037472
1.9381467258429423,1.9114911408230664,0.196116138247313
0.20338220619512848,1.7790067901755595,7.2028199591237589
1.7751831818915913,0.48206096445131896,1.7945414896608098
-0.28125388613905855,0.1901674239854243,1.2171581139464911
-0.064923780657929475,-1.3341732855755297,-4.0708893796249868
-1.5090497717611355,-0.47650781192786118,-1.3143534543243116
-1.5744685525283975,1.9710574091941293,0.44595197243785506
-0.77151714853102349,1.6230602704114498,4.3194564833248981
0.57400207175176998,-0.46491957728390942,0.57636156052914667
-0.96985917687036882,-0.067794470413471863,-1.2169855547752402
1.7198726050226827,0.27908148722529491,2.2947578642781057
1.3484185740963714,0.67020987947778954,2.4030065204171192
0.33124165287535989,0.24499877087134081,-0.043080621554062497
-1.0172729099259359,1.7140688043552053,2.609739718391709
-0.084702700926402086,-0.44959907040425695,2.4542179511794533
0.0071468933316891636,0.63383037568978917,0.79895388857407268
-1.2501481884599372,1.6254328224192016,1.4197746161305413
0.36490571004751127,-0.4896583501793228,0.41374750351421352
-0.45327884259592421,-1.6361887259614449,-3.142054023865223
0.77145816578439552,-0.13564234771602268,1.6769827816940459
0.2029236674852255,0.058289104815673731,0.21042582560025824
1.8773854667716301,-0.56926476642656243,1.3737091941056903
1.0871666856814941,1.4200046512661553,2.7926750199334909
-0.46256089399133882,-1.1532627043797801,0.62491068403179484
1.5383826731106187,0.25068289434313051,2.9533661576539987
-1.4697827872398053,-1.5177481118171796,0.3275107168444984
0.11351024797838871,1.6130236544520353,7.9715563720646445
-1.4767079506472083,0.12767058185208713,-2.929088479693172
-0.4325902845130063,-1.3979381739746568,-1.9420747859991778
-0.65390035053879481,-1.8336010152270226,-2.0577703087383705
-0.25659805473793562,-1.102355269595114,-0.093556156201020813
1.6517317074384197,-1.4592230159829875,-0.12220567058752267
-1.15783096839068,0.91062478702850447,-0.83993096266124256
1.2021525339654362,-1.7496031454104388,-1.628257557083564
0.55032947721658054,1.0065181481672338,2.9196698843735676
1.7041925924648429,-0.022926732781388681,2.5548158765850308
1.2167444804436873,-0.89594913338187299,1.0305100116091923
1.8636265865091861,-0.63209948760245727,1.3085259928302866
-1.3607315846604795,0.77053474664557697,-1.7603845806519764
1.1406516122734822,0.6424529948615465,2.4589340020102917
-0.70388726945338775,-0.8504353084828713,3.1114007993911685
0.13923017334796395,-0.52057008895023471,1.1889460592096162
0.57119827816995983,-1.1753126089509447,-3.5562072095676061
-1.4260256085355651,1.5567460042679233,0.73580240054022727
0.42803268700788433,-1.0504170930858956,-2.7514182079524989
0.70550814070201096,1.6151237788887127,5.0127026200133358
1.1383804149299506,-1.3731685318023579,-1.496082273525347
1.4747681160128452,1.5337912697252594,1.2323000043864536
0.82967741460318445,0.74863161047755655,1.8321239220827086
-1.8479968474315827,1.0328202603608583,-0.58225379528425669
1.421789345098575,-0.66073712889079439,2.1714642735138963
0.73177908453680596,-1.9403585551984752,-3.645090520787047
-0.92664473749827714,-0.017838608256982802,-1.1185027262180647
-1.6349401415031282,-1.5195158872462895,0.24262078224940617
0.78117560522273699,0.67317750489257477,1.5797005773050707
0.84387074428518494,-1.9256574805920716,-3.1186726622260648
-0.5220773303148929,1.8368695267189192,5.4361566314537262
1.2090748791049033,1.6441712724215454,2.1023986076573671
1.4112984466859904,-0.39666022994637196,2.9840163929893535
-0.92711427397203772,-0.48296893364620286,1.2095215741640886
1.5471547222484237,-1.0249292085655046,0.80435674234637355
-0.1437580467080799,1.9800670261687001,5.9139089555427091
1.1971068516669225,1.3699387958126841,2.3011182490579052
0.74704580866710213,1.0098133498595696,2.7160318419596567
-1.6485355882258834,-1.5868959808570686,0.21052923408348045
0.97955051350053912,-0.59884793813330117,1.7808179849515215
0.49524936241749495,0.79412973784272856,1.4137180014291741
1.8194471874664591,-0.98727716139324362,0.72368911877256459
-1.6182063840320051,1.1491591730843198,-0.41766672403045235
1.1980580920960859,-1.4028513203361186,-1.2914815112758797
0.327368892178594,1.9721398315474747,5.4765450762976942
-1.8702939647438366,0.45574098126219464,-1.5486453229692314
-1.7162295220280985,-0.49807884112783918,-1.196815312799554
1.8789353830467226,-0.14372231494554288,1.828091834555279
-0.44319159246713924,1.9656592280976444,5.0565377241282334
0.54021563272876705,-0.70234505324075669,-0.13864386975797879
1.4476982181012121,0.61195143259808393,2.3982718724167924
0.86743095719470587,0.30693661644291481,2.0619615124341024
-1.7634600103263871,-1.993972112065785,0.070269701308453114
0.040625771494346985,0.66300544517502535,0.87301195400539267
-0.58591753113605538,1.4386621293627466,5.4218599450284719
-1.7249748444702453,1.3582983458439108,-0.04001256395607046
1.410260168670344,1.7597727221260278,1.1998253109667842
-0.250867700288532,0.10331245727433735,1.4362109384813593
-0.75981669092773707,1.6332421475879388,4.4010273993647004
-0.94110664202585914,-0.69134103164564276,1.9782988592036626
0.40288246440221842,1.7581048518285423,6.4841400378685599
0.59858664975024434,-0.28703040902990473,0.77669262789752347
-0.84633846538702118,1.2514148335432576,2.6494023199994547
-0.9969689287122554,-0.85269243612873491,1.9494738779063603
0.70433232161309478,0.27865191350713259,1.1986724620409672
0.35582444931563639,1.7937175608633091,6.542630453085132
0.68142433227844901,0.89386905038230546,2.1189315811110001
0.89459073576703263,-1.2869025410099868,-2.553892023402947
-1.5628807380061627,1.1900869126433409,-0.28049405773974545
1.2798687043213168,0.7801498869953325,2.2528477274746126
0.87610270712159322,0.91176445955266239,2.2748937103143216
-1.9418262007333367,-1.427415329689913,0.094182448837653476
-1.3807660450391548,-1.7195937099596899,0.14727023492018607
1.6699352927488866,1.489741504595647,0.77954947473511416
1.9443662596994016,-1.4782408714029924,0.046061318673901286
0.29859158420148235,1.6325559500966085,7.3570651644560181
0.27732273623558923,1.3195316744932919,6.4339591345969511
-1.1882648982499628,-0.36811684970045633,-1.0116798987023361
0.22474468063274999,0.3799799484169295,-0.02038057532513779
1.5095014338084694,0.50053792473322245,2.534548656858842
1.1364735562696469,-0.57269854504407758,2.3444282547190283
-0.86550531262078745,0.64507645921806223,-1.0200018917743743
-1.0583761435081174,-1.8900566531747713,-0.43114195194604793
0.54103225892263129,1.668125551189283,5.9855516602351084
-0.70979589463533976,0.30464397287217126,-0.48624320639430435
1.9861560211990001,-1.8987049060352732,-0.065527648266433994
1.0403879132661946,-0.88143283359313429,0.60055385715572296
-0.96063113636072561,1.9533604623999454,2.4217205808320501
1.0464306210011554,-1.482912185711184,-2.3120187685057023
-1.5042681465041201,1.3878243833368273,0.27901595300058873
0.99863791162570736,1.7326795814537954,3.0074694800599371
-1.3484387214801941,0.59242118485906126,-2.4051923516631426
1.6883861719338529,-0.53418149272481497,1.9918768366006405
1.0846583640681513,0.39469899534062147,2.8173878995422248
1.1425973215335623,-0.008135462872047361,3.4261442477585442
0.75073503526276886,0.93611178559469455,2.3461372279236357
0.20903598579396698,1.2701464659809645,6.2372644031539455
1.7113225221873161,-1.7354882073296449,-0.24407397832605818
1.1331185501572265,1.2663735135350422,2.4979164405493748
-0.37103413735181712,-1.5758132557502136,-3.5427505769565046
1.4989347604886549,-0.65382598024989558,2.1028081357581399
-1.4224256398355901,1.0566317568040895,-0.61001770880934547
-0.30237661371357349,-1.7517233131025349,-4.3543645757553753
1.597552051155485,0.62497908578300221,2.037003561750907
-1.865585617893242,-0.39165461519449685,-1.2302396316559716
1.0601102302351881,-1.4116627610284846,-2.0475842724937361
-1.8496326642188654,-1.0953153120686556,-0.0017010105813330956
-0.1052718058275226,0.9960984380491662,3.6805718718621141
-1.0970138087267984,1.9955987875650227,1.7035921578960249
-1.5221941399547863,0.6653145451426048,-2.003214717824394
1.0344535880503134,0.94961711562622542,2.3256512805722234
1.0272314062983128,-0.49292111307448638,2.3154014980460667
0.9390888020897914,1.6264259229251774,3.5322897355624847
1.6010399872502741,0.027513341016792037,2.9417846038041353
0.12995998483121118,-0.68105847715306744,0.90526513889347016
1.8496298618012719,1.0302108808714787,0.80588014466658098
0.1865796854194488,-0.31856661781339746,0.83370283491878139
0.65229390991618308,0.63924951951371956,1.1039538210863931
-1.1246934061355267,-0.55699229913273052,0.31086723269478256
0.50472767973999089,-0.069364879409625768,0.41858553907613877
-0.042531048889810297,-0.10521765515862058,1.4127925573170201
0.92027162850766286,1.6153824468307967,3.656938976262174
0.65055566165243528,-0.59879840895719472,0.50121079733261298
0.059442146752128,0.76328448251514036,1.4341767103544911
0.96830409204300105,-0.81613760130418456,0.70592792954907668
-1.1809521097605304,-1.68596670399346,0.018968886597451412
-1.6193827319232299,0.18087976948437134,-2.60634238385581
1.9964821241156185,0.76970955086460435,0.80651025384437536
-0.65476176825553134,1.1459319817471036,3.1734280019115526
1.6491054665714588,1.4933138879117265,0.82084594698465307
1.3317391347713476,0.96552208768769177,1.9615041288412276
-0.3479347078643058,-0.23988591381319391,2.7273400274293569
-1.249400517907139,0.14929473287480644,-2.946651682767321
1.3348897750753226,-0.59709229802613351,2.4460867153998502
0.48691461353800136,0.080948970893156336,0.29894248048383876
1.8040528814201782,1.4729989581613663,0.54873254659062087
-1.1384283438416616,1.9982065766208716,1.5394483076935088
0.74089798294714582,1.4887407377016424,4.7654006097518824
-1.2736123585124635,-1.1950006327633069,0.86254043921655277
0.7933914450533246,-1.0754717443928785,-1.7767949468690669
1.8263068549561301,1.9730284514243452,0.25858047620201968
0.41930261690775383,0.76232282278549413,1.1732551166053529
-1.4421640128168121,-1.9207443402593545,0.049868417189429734
-1.0720543602407795,0.44558721440690485,-2.365298420949864
0.50188862387421107,-0.19251117834194842,0.46087959462429728
-0.44245087478772893,-0.32948975939388792,3.0398471756227483
1.1097223699112648,0.49794681712371514,2.674962382296695
-0.10651150982244206,0.52013706001122939,0.68449251990101712
-1.5334604178312845,0.49284814168472124,-2.4417619136297124
0.47963769792683708,-1.7896149480911736,-5.579638958131774
1.0773024723262834,0.17128490538828567,3.145992525618964
-1.0954536875372387,-0.096360709253261234,-1.8428075042634013
-0.837919814012001,-0.55883390047668424,2.1727136013099693
-0.11104812015937671,0.41562372402507375,0.64207869550427266
0.67663079583392882,0.98537114068431819,2.6400523117832231
1.6401852726325741,1.4913556465476527,0.84149047255523013
-0.82168917440494926,1.3265939761662544,3.2239409955670126
-0.81894255397539228,-1.8060082062203939,-1.20262308969539
-1.0017625732746045,0.53934537511956115,-1.9180041170478579
-0.87911756047167366,-1.4500932459289024,0.054864104422536031
-0.74006252802035233,-1.3383314882993473,0.24378474499513383
0.35137001631257903,0.91533662577242492,2.3594630779181132
-1.4614582589418186,-0.80588579898216639,-0.028362174650404498
1.6113938112263706,1.8301060678171459,0.63824350322329115
-1.6026242482554456,0.77444412384188066,-1.5404251837062617
1.7661251014028903,-0.40782789860671742,1.9797497329383604
-1.7044365998044366,-0.32617672713221046,-1.6907471705010881
-1.3674203631217825,0.26640646460922257,-3.0266834862961525
0.3616528930904539,1.9463111952762637,5.5415128226797998
-0.76621192681793882,1.7767297418107693,4.10833002082747
0.66751937059347322,1.4028397193512734,5.0069077053074302
-0.67666627338278906,1.100721427819968,2.6899250668079335
1.8630325940193777,-1.4773290814581754,0.022238783339780504
0.4662703360980136,-1.3121847734386365,-4.9661833239507107
-0.23837801617519139,-1.4819516883047799,-4.0503158871138956
-0.065211492282739814,-1.1720699141827688,-2.2881773759541253
-0.89447712431699467,1.7453820739169625,3.3313674907510622
-1.1507948049088288,-1.3149249879621188,0.81872436067607923
-0.25272326369296461,-1.9807775468222464,-3.9653466652315807
1.8794997743612663,-1.1061566408064269,0.46323974725120742
0.9696323913036542,0.7629080163314339,2.1264308575800657
-0.9526934627553596,1.2978664933708606,2.2140070613991107
1.1511464325853189,-1.8055346563881745,-1.8161691750299471
0.58576527342030849,1.694114239873767,5.6463305175916503
-1.3817420772971154,-0.81937887373724028,0.22566487048458475
-0.72809510151991952,-0.34078004249396732,1.8550310453555157
-1.8248033078750394,0.61670883379192931,-1.4284987972585275
1.0570116900564455,1.5721559916201113,2.9209536827056044
0.69844093849571598,0.56423634125109778,1.1540295348662051
0.00064479207244350079,-1.6230516917048414,-6.060191999978441
-1.9528717998079395,1.0824428952075626,-0.4150084681751226
1.6785664202919537,-1.375788506952762,0.023452075112509168
1.6205784318810874,1.8863341441039099,0.57330049234890601
-0.75144043524640547,-1.4663011552539922,-0.49713507394222317
1.5474042689279894,-0.76560772995712512,1.6675324426705271
0.73061400316706404,-0.27010818072906595,1.3810040224400559
-1.340875832069484,0.83616780236900246,-1.4813545156484844
-0.64336832965259627,-0.97818890677034931,2.6170668265782564
1.4727532501206029,1.9488104321989006,0.79452913992469631
-1.0457662446423353,1.5753257900357966,2.4332331306766948
-0.063404387046987809,-1.9856022981642487,-4.6841393743114113
-0.6674453180195401,-0.11913410447690009,1.1300336168891587
-1.7385866958693099,0.97158391526176446,-0.81807252191082758
1.3140955541685058,-1.61667916493393,-1.1417051436325787
0.53594359163267491,0.63086640457911791,0.75199599994026867
1.0542375046760046,1.8224446651901482,2.5027139677884001
1.8516479075294994,-1.2803561923700346,0.22496441502821518
0.56912903949477123,-0.10684457541141601,0.65752089260500457
1.1617115152014614,1.6819943319425446,2.2666792277699264
-1.3743353243408598,-0.52666418962245132,-0.88159859666192708
1.2537318255919141,-0.18555809357099529,3.4689590571240871
-0.022087487844482112,-1.3872369362051824,-4.81104152555322
-0.25140148907017679,-0.6528064495592838,3.2692098874143336
1.2378192366700516,0.70115501805949165,2.4037939723674335
-1.6558834438926757,-1.6456853452749356,0.18507838849526947
0.13501966339199623,1.3867717475650316,7.3191265677836999
0.97294526144383253,0.67885487431482305,2.1266567689750406
-0.89740339518079981,1.3053082864769467,2.6040047766696444
-1.8864932316976524,1.7801790551579755,0.13208398836163612
1.4641831296059369,0.12099013068868292,3.3081567504821541
-1.7942653647822688,1.1826982181610304,-0.34215514299449534
0.69638530524498554,0.07784791266290414,1.2491074079631233
-1.2932403455643273,-1.237600881362324,0.78225053456727045
-1.1638648508531877,-0.91239153022073749,1.2379290799755203
-1.0083611996940611,-0.94318810551392351,1.8930393466704816
1.7504178712694256,-1.399390052410715,0.043952767973612597
1.643251554989595,1.0074489104278088,1.2545088810664913
-0.66642321610932131,-1.9815166134537066,-1.8501282467271143
-1.9767473905208537,-0.63025716053097014,-0.62362126918466476
-1.6186960906663157,-0.85731927959575494,-0.17069175341659071
1.5648272725411343,-1.0490521708895293,0.72867447808204322
-1.3600787952839308,0.24404163636691756,-3.0403355415233349
-0.039662743588284144,-0.68789200966952535,1.9453713102189787
-0.36068045280672556,1.6926294081873334,6.9546703552255265
0.079399244964231563,0.77695593145101149,1.5054659239232815
-1.9731315659437016,-0.66836769189207068,-0.56600909986973802
-0.71928501570163439,-0.40141576379525823,2.2208247278372117
-0.40235637692699489,-0.19881749732734644,2.5395886142550816
0.98944103563646824,1.2820800026031685,3.0734067404253085
-0.88054893975876469,-1.8215952183092621,-0.95407029740872362
-1.8773798183021768,0.77289022613294422,-1.0206050072161532
0.99506912125741431,-0.82963189962940787,0.73092116589245859
-0.94132639412125618,-0.01641094869848847,-1.2224604465619566
0.50343824982835139,0.92734113084633041,2.3400697276889053
-0.10639099938407304,-1.9293145154403166,-4.8585451717210537
-0.32579932063160744,-1.1116110262970067,0.26564317189794229
1.938639309408857,0.1461178327535273,1.5914246179694331
0.11643822747616017,0.62419081161212597,0.58836441932710404
-1.5165993462491738,-1.7719032070821903,0.14225284061194099
-1.4686429328533828,-0.74083480358628973,-0.24653320373292889
-0.54263161443856878,-1.4743831187598344,-1.7310511221028273
-0.9746838875815429,1.7111233431765425,2.8693338659186329
-0.25989675865846684,1.5324473631376074,7.5652924279539144
-1.4433802857566378,-0.27882200515400579,-2.061183719353171
0.32052940599134239,-1.9918643829356257,-4.8922446014365413
-1.7786514148925991,0.83182373969677625,-1.088076111532464
-0.38815429424186454,-0.088033950352437662,2.1004843487138087
-0.16848719080419605,-0.77644159291212866,2.3487330997986162
-1.9588770514200993,-0.85013006013035231,-0.30290680108349222
0.5096396780506689,0.62600430921203642,0.67621518232895528
0.38754378172603499,1.2312954870454429,5.3070793829682135
1.0453601443540292,1.700214076962439,2.8189710612401861
-1.0218712594947439,-1.1796298449469849,1.3420407568739037
-0.23617057880156933,-0.89818611068706677,1.8842664495312988
0.89598264920635096,-1.7962763591805362,-3.2225947009761269
-1.9001846148381725,0.5477554309122068,-1.3356403587728898
0.59211962642037452,1.1160352954495232,3.6862204252000708
-0.32550804865128558,-1.6800745583184762,-4.1683302522366272
-1.3306723412467689,-1.5161879054315668,0.36895514801908758
0.33196036717367239,1.6750848937126821,7.1219795672107944
-1.2117697879008138,-1.7198062673018262,0.013214582955509604
1.1944642932451903,0.42586929988140243,2.963868567252347
0.83037743203070402,-1.5836772088366318,-3.8745698667775201
-0.16302943203732134,1.2226166931681681,6.0195414906355431
0.44379170745508212,0.98303271950262117,2.8632267444987392
-0.47335920100600259,-1.0321358979144031,1.8548773344124081
-0.51023880386484244,-0.79151143974978289,3.502948726918663
0.64045214970597275,1.3011553102496918,4.7138887312482085
-0.6869870834451115,-0.86916185529299961,3.0922152526399582
0.2279505517492324,0.6220959665158059,0.45523106738651126
1.5476626292036149,-1.5526669733758809,-0.39986245731097314
0.26443501489831078,-0.71177135932502988,0.13264725315147441
-1.7391019306937621,-0.80399972351373772,-0.38464765812047458
1.75407373086456,0.26794016655383679,2.1816458378425194
1.8808622058648927,-1.3175980671028586,0.17938434020017516
0.47507103021904085,1.1496532327154507,4.2961269659688082
0.74522973052099584,-1.002322427359057,-1.4634048538920226
0.8452215645093637,-1.6038019921890601,-3.7804099469831107
-0.1772512639503574,1.9072892210183134,6.4395235567787807
1.068466395082285,0.56580667362020209,2.4638675207366258
-1.4744395446418013,-1.5280848309099095,0.31712433453092925
1.5660421683605956,0.25413473854972324,2.8641148924851829
1.8395840824584755,-0.23071742321969024,1.9225914710960246
0.98298241835579026,0.0089208514653673632,2.8593822555792614
-1.3374651942070914,-0.5320631100663622,-0.75301982901809106
0.1141334605027815,-0.81487952878137504,0.2618159081695417
-0.5357155332207495,-0.39493251393463047,3.0913538641632896
0.40668214021529758,1.0837641248200636,3.8756917207835859
1.0634040371401885,-0.6996609216873384,1.6271792292552836
-0.59297820190197204,1.8778639943286448,4.8064587366128615
-0.37336651460146264,0.22767673787385867,1.0686130312783264
-1.9629956389479553,-1.7957798674988348,0.073319917399842366
1.5203839766775977,-1.2144108563679175,0.205807273377794
0.16939765232877235,-0.68302741202016537,0.68282295040097118
1.2770034358813915,-1.8371345661916838,-1.2571943606274596
-1.6527614691257067,-0.9542366686329713,-0.019098486151373162
1.7463961262413963,0.67599327040288149,1.539649457164513
-1.4867062295611126,0.17193931779299909,-2.9222045871365108
0.91508981349611007,0.25123643805339091,2.3682175258442526
-1.0669387748007655,0.38795344791178543,-2.4222293101711307
-0.56907706503206512,-1.6821986160790239,-2.4432473008833329
0.20186008546497769,-1.3162414030708356,-5.1159661464004946
1.5585444430737474,0.091073554853088101,3.0606756290885508
1.1678248496084023,-0.32028581682690316,3.1393633603400812
1.639623909221394,-1.6593941885444445,-0.31421516703763025
-1.8163154035823184,-0.16519342857617958,-1.7512147702101735
-1.6466129309210971,0.52408931604567943,-2.0977448857862138
0.098008673773716914,-1.8531636774423073,-5.8230353488722875
-1.6858308067884966,-1.6964610977192758,0.15822867566900872
-0.28184813446012336,1.4332871608645386,7.1882034378362247
-0.28426082039080613,-0.09793461655593827,2.134396670000088
-0.16717989896172702,-1.5809254576319984,-5.0429377398088802
-1.7667234563060947,-0.64299527314974725,-0.76829628092465585
-1.8075238067480461,1.7270153635946315,0.18134186453663251
-1.6832669629074188,-1.0105097019089579,0.032716231985815677
-0.86278562845534834,1.4067985771102549,3.2786882333903695
0.37173458105765711,0.93198676423610616,2.4886712205803558
0.027405922122509363,-0.042254080718294507,0.96289548724969942
1.6729560568332542,-0.21212698144323139,2.5745222114139912
1.4871074237901412,-0.061320602215688913,3.2959168474456542
-0.41335852693446662,1.5148628179802492,6.772472636334486
-0.78849975547464446,1.2140813057563538,2.8003100989248888
1.4027758568016697,-0.57135001806956298,2.4950882835088937
-0.42265001147598702,-1.9800948061731947,-3.1073796085906245
-1.9943393946590129,-0.15184214810476737,-1.2549415467328271
1.8835206371849638,1.1600091970417545,0.63078376166135275
-0.54170178839315786,-1.3328148918361258,-0.65793177164383132
-1.7398373036433155,1.6355820690442284,0.21433683264439163
0.42154323844427832,-1.8737397244546783,-5.3877280747397824
-0.64686263959757162,-0.9365483229435978,2.8513100662569295
-1.8121270188430989,0.22757648698945188,-1.9554315597738645
-0.36020908077225111,-0.22208750030968338,2.6580970164513666
-0.075191872192970965,-1.5418270933081708,-5.4693494121395529
0.90125108126503095,1.4706428000986183,3.7921471416066947
1.7923552317571159,0.075264872951345652,2.1849938260592854
1.9662143559646212,0.39974420642438702,1.2966448236848682
0.87448854309182078,0.64872089768241681,1.8550800518897164
0.87207708251705052,1.7758490668298954,3.6219241527046133
-1.4624217994499138,-1.557916317509902,0.29652596596535208
0.565889978777951,-1.162255225754945,-3.4678725752870059
1.7527766850919564,-1.2290434350890853,0.30272957664722711
0.72433897485395882,-0.55267270999395302,0.898397662572886
0.88789246528169352,0.91924091205186587,2.298177552572942
1.5229670267364237,-1.4408936869587006,-0.30151243942209321
1.0916842424909894,-0.17214568151857668,3.191311582813269
0.14995357597740799,1.0136651774401657,3.6568953668798923
0.52897351268423209,-0.16784397004527829,0.52975011499805746
0.11752805196884974,-1.6082223001426661,-6.420536947227693
-1.8426215615928419,-0.3421164716545082,-1.3760674403352908
0.053157222192110609,1.5995919550921549,8.0698764193723083
0.75358264367713934,1.1186353660500279,3.2865639433990896
-0.46656196096014124,1.8426796341372151,5.7199738843811101
-1.9639243863858347,1.6474128293527008,0.061131947223837441
-1.8000173342644996,-0.55044744345692131,-0.97470436880789268
0.39824236419536652,-1.3647373565255141,-5.4908551717823313
1.7126628172638636,1.7917694703956202,0.49704297959313459
1.5224648459053118,-1.3400888481597049,-0.10764564733502109
-0.18503941055538897,-1.979095171791331,-4.2765364226019811
1.9356166523882252,1.8687657341028934,0.21297865018002854
0.82619936932904192,1.6356603595232695,4.2128298519849734
1.6339156203146397,-0.37329979782185729,2.4835097224714251
-0.56807610327485536,0.58657421564158696,0.23355833956529737
-1.4537244790770405,-1.3973697774021381,0.43481112700044028
-1.0642610414537961,-0.44609364513964267,0.09086307307743352
-1.9004973846788071,1.6974641412643039,0.10733039626371724
1.858507904021161,1.4413977552096711,0.48596015566156137
-1.2136942171202589,1.9759052504232275,1.3142826198753259
-1.6712007977731727,-1.411445053805124,0.24791415465193931
-0.17467925319155797,0.26098028393530059,0.94039872976420402
0.11593424957403942,0.32570526747965989,0.15332125877379632
-0.36961451635821874,-1.0332941322219329,1.3641369673517703
-1.5406964322608458,1.6792073638467189,0.54192359469392648
1.172563063723862,0.43271166154367036,2.9209852002838441
-1.0449085829573994,-1.9963345025344053,-0.48188437920384508
0.52011787826169176,-0.63488892380037965,0.10030263923925976
-1.2000353303342624,-0.90526223797799021,1.0799495042725773
0.58960017758540362,1.3570060804169168,5.2492891668334885
-0.91380187746665498,1.2398065162923335,2.1516301135209597
-1.4675583406969397,1.2648761520059257,0.045278544192072272
1.5309839321115586,1.3353742144345677,1.2145488227400294
0.11600348232710989,1.1259746872557908,4.9637507204270941
-0.68990804166324438,0.68159658991506866,-0.044453673686128292
-1.1647647326121211,-1.1470565754010007,1.1532146635102432
-0.73307386066757929,0.78130725993877492,0.19088301591465551
0.12919713016230361,-1.5310649698260108,-6.2809633797265345
0.54534255794177255,1.7552380625647319,5.6991997123009082
0.37243954200607554,-1.607305174243763,-6.359083539939073
1.764279658733213,1.6420362556494044,0.51244135692786685
-1.0291550604774709,0.51740671693034024,-2.0739669318681049
-0.85461404245313566,0.53724186998861256,-1.2511641307539449
-1.3421772398872074,0.16799608745865724,-3.0428765773667719
1.9609753332219326,-1.2027312003298554,0.28988905102575518
-1.6824577180014706,1.4090429032487775,0.066478693950696249
-0.56426597532892786,0.78584575016385338,0.98475272763903798
1.1861684339136982,0.74570968486058042,2.3338875328307318
-1.7355668259761219,1.9165234901689279,0.25732402700546964
1.4378829260266737,-1.4934566264879421,-0.58812782687398724
1.3525243070323101,-1.9395479577422925,-0.91703742190268789
-1.5431085792370451,1.9745168100257207,0.49447906578977541
1.4587274173972467,0.733087097665992,2.1073076767793131
-1.5614292364610955,-1.4639475593852422,0.31084855534927269
0.88433046875468424,0.48526687698865167,1.9523766584760196
-1.9480976985466576,-1.2910511740255621,0.063317726043140107
-0.44559956226724018,1.017917445271761,3.1818102702874245
1.8656938683270359,1.1282263596333393,0.68590022359506286
0.96938144322631326,1.9684470851932319,2.4552778997041265
-1.2250995140599326,1.6916069886338891,1.5468381645245757
1.5760440568538412,1.1683591801805959,1.2311588335747425
1.4220189345448699,0.87048504276111194,1.9194865334876239
-0.31292862438716118,1.3334436261179659,6.4926567462862304
0.51120421519139736,-1.2091459782143683,-4.0362200896107661
-1.7263443158161029,0.6861323578113927,-1.5307540690549435
0.40363216100103694,0.35193345597092396,0.032865622760580852
0.35717277839034001,-0.041528570782705998,0.15538178070970174
-0.16497112495117117,0.31721924026011195,0.82789182560852426
-0.68150134827248698,0.96143559049809868,1.5934095863089401
0.39030831622745188,1.7944522713054525,6.3753767140906881
-1.5553529332366642,1.8823007795274949,0.51277503730797103
1.8801243079776708,0.92051537917472803,0.86785726246940231
1.2236067850313099,-1.2210806174894293,-0.53651533115536731
-0.13097659964301123,0.0060404101703057655,1.4497184611886109
0.84307798319915506,-0.2235902194070496,2.0189805857222907
-1.0329833716430614,1.9822784646970213,2.0030418224964803
-0.12532883670595218,1.5333367041368402,7.9615219935102006
-1.2734030435197934,0.38723090473170441,-2.8830245676300468
0.3553108655501811,-1.3491412984093274,-5.4552615349284519
-1.5125029263527772,1.3997107585782729,0.28688991894202587
0.17808058012210548,-0.97159289349844302,-1.4469817600321051
1.9210345949431678,-1.1260608333591589,0.40631561246106673
-1.8565290666445333,-0.11997556814094468,-1.6907579915849467
-0.85073026051440293,0.29161202806283004,-1.3348986790167565
0.19768349508020044,1.6084012350763706,7.7623964401459382
1.8347383069589216,1.605353819966894,0.43212900681217203
0.28558702909014277,1.4998050816342627,7.3395153805192823
1.5354446181243473,0.94709665389566311,1.5744003541391158
-0.072341192572709101,1.2927767538628241,6.7711064700941073
0.66579764132522268,-1.8869104349708292,-4.2378803701037011
1.0429088987934962,-0.074501423798785549,3.0982204476542305
-1.4343012727272622,0.61880803820022079,-2.2652849740310592
-0.62345414095896023,-1.6934612050524933,-2.1131024153873996
0.81845160002947326,1.1990611281038657,3.4770444210010121
0.82947739120545094,-1.1740416951541353,-2.2725749334570038
0.78208503796967888,1.504346050748147,4.5281494301196368
1.1932080616098029,-0.61241062053344475,2.2953596834547936
-0.52739760663567403,-0.89048966356266024,3.0558737497058517
0.4363085302809897,1.7041995746774607,6.5067048277409736
-0.36419257551769757,-0.060165916054910396,2.0138345405145599
0.26664773677714715,-1.9899526896853472,-4.9841422369825654
1.5798031599722511,1.7499249495877827,0.77271307077664664
-1.4215733356776588,-1.8014874335740636,0.10238924820355655
0.55384149771645719,-0.52914873213061364,0.42758064331903145
1.379113689545103,-1.7753330876452873,-0.94099455126901543
-1.65844765178495,1.7232738160758463,0.34939110505027426
0.93289104063839901,-0.8662474934382558,0.27381095931723093
-0.35293904401763565,0.90922658921179833,2.5336405628437633
0.25061774331849529,1.9905168874697754,5.5749773784843999
1.5887235709122849,-1.3558396698708868,-0.040061886576540459
1.6535268592980574,-0.79726465284391868,1.41025311888371
0.013162468851684928,0.63691989074049005,0.80175476873026053
-0.76892132656674428,-0.56708912230176312,2.6369671520563798
-0.26704107825463796,-0.095210716052322786,2.1018908006766561
-1.5290574531311629,-0.99130402352719771,0.23069422990027055
-0.27343930780009895,1.9783748689151421,5.6168507348033208
-1.5797715075918148,0.12734791151609626,-2.7142262499041547
0.30396543522720743,-1.8461968271845937,-5.8356822934276549
-1.3897198947767002,0.62875776889566826,-2.27078592570565
-1.7482233630103032,0.74385699291539042,-1.3482603329900649
1.6570066760023088,-1.4056693471004005,-0.042540946109456045
-0.19533660939588549,0.39061744723128333,0.78322573095580805
1.3554552811962202,-1.4155356152576224,-0.69320209798446719
0.39244885963992049,0.91985480573909806,2.3592020504375562
1.5611158144071662,0.11474014004565891,3.0363047620767674
-0.35616121534672174,-0.35358188392612755,3.1654492539903152
-0.26933987934203896,0.0028397947795153478,1.7682206518053758
1.9793147196564242,-1.7704835611661818,-0.055269673562525316
-0.4032672716582042,-0.60664056690359969,3.744852467432187
-0.4220526714136521,1.9683648605517527,5.1320577061651527
-1.7455009248955662,-1.4442716288059154,0.19420161959005644
-0.85366139222725224,1.3238943120564626,2.9893623153684814
-1.5417548809467516,1.2369196516334937,-0.13441548758678987
-1.3279293086305783,-1.8642602834389563,0.0064831127356218959
-1.3873350667108593,0.97242730039093495,-0.92382412197937602
1.1457677657753433,1.194892527013784,2.3940969848633933
-1.0781223401539997,0.1511744624066278,-2.4183456220880064
0.042519958895649079,-0.91094558654233282,-0.09286898569396565
1.7241607503196077,-1.4495175192954894,-0.035548081836980008
1.2126826266469557,0.29432763355668845,3.2550431108127111
1.3804343093960592,-1.1540359079045919,0.18352920973899667
-0.53950017677590112,-0.67334086632643442,3.7146008973152895
-1.0856181040585406,-0.41933686550006422,-0.18667085543297074
0.60011810880953176,-1.900139049345382,-4.5055679672100135
0.53973249326419515,-0.92381720390650091,-1.5259773515697796
0.73946545426693877,0.94431387006945311,2.3862495440383467
0.08171807998162528,0.99204332866491907,3.517515591328789
-1.8712215965974366,0.33319753187203771,-1.6794972749387593
-0.12879676421754338,1.9600342476488288,6.1070051677230257
-0.062061034340560983,-1.5883055397907173,-5.6963753059001325
0.051187510070510367,-0.51889586934574217,1.6891247077441274
1.0278231137332123,0.44947037438994109,2.5485040024855095
0.48440185919210865,-0.60883060301560032,0.15077964382334347
1.4187588552771819,-1.7595962279981665,-0.82430689933482304
1.4456242727789546,-1.727552724909341,-0.7482955494542306
-1.0014960489446261,-1.7756525798795324,-0.4913347133416619
1.6371767033884694,0.65176072821256259,1.8779213304101268
-1.4700259931041386,-1.551294330427138,0.29975128223795933
0.68553892992286825,-0.37920473000232513,1.0686347662985201
-0.15433670899671337,-0.87328572886223355,1.575707819117816
1.5041361321497062,-1.6952700908316563,-0.59190032028263972
1.8910827564721768,0.67714164216365669,1.1586304591351622
0.38477354188145885,-0.31178009541004692,0.38589158199451723
1.4348066094124543,-1.8858098895608628,-0.7387023875002533
-1.8923006686833972,0.65204869895222561,-1.1959609625664132
-1.2074618707010099,-0.60299430128888698,0.097683254087651328
0.62089514152476832,-1.2115079503158526,-3.6350635022837077
-1.3489524057482654,-0.92704170399305741,0.5743771435269569
1.6992375118567513,0.33429726914862945,2.2911072295725994
1.1462231806560488,-0.38046659229344648,2.9594787964404388
-0.024620228038923164,-0.65350748180891483,1.962389763798706
-0.11356853177261006,1.2951347320327629,6.7517509451204747
-0.54001541190734059,0.26203747859435378,0.49262908511077075
0.5513048033526462,0.19821354507396372,0.48587194706967674
0.64280073168921792,1.8159150763172285,4.8625196582626726
1.1876802103620183,-1.5733375448757143,-1.6655553552908016
0.10144482947538691,-1.1242587571591003,-2.7437798819444326
1.3726148452440206,1.8137237032154538,1.2425340955687962
-1.6677901752089783,1.9425824819559159,0.32765014699685358
1.0145984277967361,-1.3638305249506621,-2.1565633511646656
-0.97127883850557017,-1.41995751207567,0.39370526451983906
-1.0563527767247096,-1.5167574431260729,0.19587198398091965
-1.0079301967220637,1.7275165079318024,2.6524078339993746
-1.2986947581350159,1.2894825479965322,0.53153107213536277
-1.7520907819546443,-1.0357663290725936,0.0010204779648092799
1.36081637219276,-0.92611520212504628,1.1032691743807626
-1.4354085038804023,-0.57028844776508936,-0.82760816398359038
-1.2092660480958604,0.083008481367960574,-2.7794817505142269
-0.27468106746214827,-1.9642539864782558,-3.936112179734506
-0.15264414465811216,-1.3631888834264072,-3.7431356129070292
-0.97269666607974647,-0.95835117989394214,2.0143427618057741
0.56317094043538551,-0.2325356425148104,0.65439362023923153
-1.0624471936117343,0.98008845205431916,-0.14729829779894649
-0.88365181034245377,-1.4362414449242267,0.13225145853933162
-1.1286485155995809,0.10416307166378225,-2.5546710168309441
0.67689817574696809,0.5159230134048487,1.0286821496603633
-1.1539453807866837,0.88827399582866873,-0.94695744078962762
1.9630342637413518,0.9578496032012267,0.67717856915897667
0.6199130604004166,1.3084041930906931,4.8509137488691154
-0.93477685554709988,0.18016953029922655,-1.7012192899064815
-0.27302485272919541,-1.5793286468154641,-4.2929901828294517
0.49517739820089046,-0.35201728961163314,0.47902892023781679
-1.8916607508563337,-1.1502296019561626,0.019742359102152905
-1.6763229241448274,0.92864743764393642,-0.99413206207577187
0.8456319288732792,-1.6681574481823911,-3.7557217531229838
1.5532893963743066,0.2387082156282534,2.9259897352596238
1.292637663497743,-0.2036920346046267,3.4539792410611927
0.79038607589668208,-0.73281945101230184,0.44693864442649001
-0.22160208861186259,1.7187994536573807,7.4532043226356546
-1.314143613967707,-1.0019534798582086,0.78058562408050181
1.8020211810084823,1.1854580969215984,0.74756754988940322
0.23357783305880186,-0.32736501744073676,0.67502550998446365
-0.2471160377855417,-1.2139168177858846,-1.4575054917623067
1.0589951388572301,0.61691600828553694,2.36884406459491
-0.14438741794784504,-0.18760608690532998,2.0763945453161976
-1.2019054937640459,1.0949395226348737,0.0015241822913766856
0.29512235125706665,1.8020639354868275,6.7576973888400449
0.2814296397153484,-1.960574994379229,-5.1693445785744654
1.2160902205395172,-1.9542211593291152,-1.3351488425554685
1.8196138449855739,1.8009956698653085,0.35035043066685889
-0.75240176464834896,0.11201526486446634,-0.33510854299957255
1.3170415211959705,0.09515887358357622,3.5490697293207591
-0.15065971823210322,-0.79504395074753154,2.1254734690268187
-1.5069475292924415,-1.6046607095648457,0.24885085726116093
-0.82087151697508109,-0.79790998009733838,2.7754874837332753
1.2642178159566453,-1.8024219102923982,-1.3327477263362495
-0.12191933324475723,-0.3855468404277913,2.5369146495851571
1.9978489272171331,1.1261910339573733,0.4883754655834282
1.9586192770958792,-0.54357023535375082,1.184147059416411
-1.6777014247419153,0.6751508026338211,-1.6686582610743228
1.4946920479436208,1.36501535748042,1.2928335097742454
-1.584497074238207,-1.0939550298785488,0.25857723753517331
-0.5647471584151269,-1.709601603383301,-2.5239351065027953
1.8967052694569486,-1.8383652582324099,-0.10306698531608618
0.29370351249649884,-1.5439312632657787,-6.4333439672764143
-1.9107881822794137,0.51982938402325063,-1.3445969005827336
-0.55627400762476675,-0.34505789881308924,2.8007651373260818
0.57799854929218242,1.7517558987524957,5.5148104821023027
1.205898809756496,-0.0086592633474071867,3.5411538827660785
1.8815619241229915,0.78639774959994568,1.0319420384445017
0.30286674881439923,0.9687572020568509,2.9321367267946123
-1.0453534962480728,1.450689085288706,2.2145014732729611
1.5737087055475167,-1.1917967101971618,0.31909638745437902
-1.3035520841157391,0.75225293416465666,-1.8164231220098508
-0.15550657346773522,0.20993174498214229,1.0073094593417784
1.4939747227315054,1.0745329478922883,1.5121854376584349
1.8732270660822499,-0.57784277408978824,1.3718570177455498
-1.1574818100130027,-0.35582264187163304,-0.92882220374918556
-1.5539140760284269,0.62943608024293241,-2.0527736846258904
0.75550006997724228,-1.0516218885726183,-1.785211317227503
-1.4299270241115383,-0.5500363080109969,-0.90317368731479453
1.1633587722335794,-0.91663121637489375,0.79390649926787327
-0.056422060392803841,0.5273533094210503,0.61186782409527285
0.95673729806710162,-1.2164717193755259,-1.8039550169203873
-1.4189860526231561,-1.8554037835790267,0.069747771226390254
0.44899281882363606,0.075768082265175174,0.19927436061848147
0.027917518878489478,1.477857886879959,7.9172554774945789
-1.292347082343225,-0.50842355963456631,-0.71695593031016736
-0.93300511094491623,0.75341843619598636,-0.87987292009344353
-1.2062436711711506,1.8383474189259643,1.5390935286034921
1.8340177980624284,-0.50071231051676901,1.6105224419397517
-1.6957019054469402,-0.68734927341976038,-0.66220465856742061
1.1262109926291362,1.6841751530024776,2.4330789880739698
-0.5674866022265439,-1.6017645799710358,-2.2143850786145554
-1.8858174453132448,1.6499766601397257,0.10130412462616258
-0.36099889379751771,-1.3482401581552028,-2.0296250710628208
0.76306318892845715,0.065665767562728572,1.637876546479244
0.68623922395353665,0.42915072936643162,1.0490293271415314
-0.19056593579185055,1.6011741955956249,7.8307473042130882
-1.663285515748931,-0.8009983235632494,-0.34921627525583454
1.9774603130936694,-1.4456664561095003,0.072410872605778609
0.36256373186024282,0.84294381481928715,1.7367757017080816
-1.2966049716935819,0.30193945373404896,-2.9972036610012989
-1.2898329531701107,1.9435709314255147,1.1137859373517762
-1.579575312252453,-1.8953220517054203,0.09427857551401389
-1.5764718368619073,1.2783221106349862,-0.068159570424631929
-0.93112199661486184,0.10467903809767387,-1.5218732981110279
-0.0082361780219664116,-0.64667460634325025,1.8759580749572713
-0.4621413435778654,1.4425751237294544,6.273205650900656
1.2684579744025495,-1.8312443553964348,-1.2940477759768267
-1.1465450384478286,0.097147002860118459,-2.6091604043845864
1.5431762780962823,1.6071986158577261,0.98375999673240322
-1.0702517358817989,-1.0238763271709785,1.5885075264346744
0.78542338334400386,-0.13246532189460303,1.7575568103433425
-1.9387462123513279,0.37478793125663667,-1.4249511222072089
1.1719727984676376,-0.72183780664233743,1.7925806162382807
-1.5731892339394298,-0.036911090984840911,-2.5865959842041684
0.88008522747131135,1.3705885369769066,3.7613730653302477
0.14784293635543877,-1.1825733969920766,-3.6126531357676148
1.4788690647916818,-0.64089357763794119,2.1743255391922403
-1.73035725546856,0.93072427289822235,-0.92642514589022451
1.2489733238755316,0.72847784891111234,2.3538800382627163
-0.073155371600285068,0.016871303680719318,1.2223862737732514
-1.1564701391769057,-0.15346746871412553,-1.9019820292257494
-0.99298454443417383,1.1725700191251986,1.3100708217459898
0.48886775608055677,0.12694443291280511,0.2855277609530264
0.097461801343957433,-0.80070106977275812,0.45976624553784107
0.24744862147465119,-0.99987409387185866,-2.005624230562439
0.99779251929190904,1.3326196831028252,3.1253178485445896
-1.596750594791871,1.000702069566568,-0.84552265223305589
0.12476127700486739,0.9586721174499786,3.1010895779068153
0.38201456985219373,-1.148375977184481,-3.708809115117139
-0.41761391231614398,-1.1853638548043111,0.033997953443919267
1.2463968602460511,-1.2815126174233962,-0.68909140559026583
-1.6994529580637674,-0.35891202727338234,-1.6117843285708466
1.4639719080152784,1.9380622729064663,0.82754074819040557
-0.0092467867650656288,-1.8906991152842909,-5.3908243212042928
0.55228319790698643,1.9539988977633249,4.6216595308316304
0.72224900223755162,1.1155244241539961,3.3479122644466393
-1.3770427806462753,1.5183524712651919,0.83408204027085364
0.28211055017895736,0.72738894241191288,0.95733850334337789
0.2050072489010506,-1.8252364457943464,-6.0359753768130533
-1.6053324547229142,-0.74231981533996949,-0.45521930505707819
-0.004980469199266313,0.3587036416902416,0.43035662493333804
-0.10909995219640667,1.4737213994085812,7.8425378004043331
1.8453900198365614,1.569982026179535,0.43619137497145172
1.0164813070151903,-1.0082432813447033,-0.25277941099459966
-0.4145903357207108,0.50401729467879486,0.63146503033402168
-0.44400029904824634,1.6868428724484001,6.5064270682664418
-0.61387045904937287,1.3655720584567583,4.9072076037983106
-1.7846254161056005,0.65665536318059781,-1.4545937792221217
-1.6784484296594717,0.040791847302760864,-2.3959398833979022
1.1249123616719299,-0.46105932174568398,2.6931257625554235
-0.75092692205703804,-0.35844436217494402,1.7949909369933661
0.82265977485113373,1.4761318631907665,4.2551673552742066
1.4068455399021715,-1.0073170804829359,0.80256304647633869
-0.93606660862756907,0.81308225519404465,-0.5932645352710556
1.9581616584427675,-0.87750444130945282,0.71876517475657675
-1.4415952523682996,1.8413918156866829,0.76981392455737119
-1.6389082284693757,1.2028271137324249,-0.29067345150865415
-1.8071675547017536,0.030306723039410066,-1.9740456848927994
-0.71281283000465656,0.057493103677505708,0.10776596429647817
-1.572560250455294,0.35462324447737537,-2.5985896618412601
-1.9877060847850867,1.9223507345123907,0.086779952040126451
1.5452058875981542,1.0190865569377143,1.4575171206829807
0.26833911325625026,0.72555865631811001,0.95314917537368471
0.95186028526851985,1.2363518688940429,3.1188362340955402
0.15503330244544777,-1.3472411360119805,-5.2594908928212556
1.7194215194740012,0.1671719649048593,2.4173706759306133
-1.8612689876570574,-1.7947379417651639,0.093892408553630777
1.6704112464519043,1.6360850624532972,0.67794386382156324
-0.47819143074771264,1.4845221288456263,6.3025632006301038
0.18549648190173373,-0.11400837831480848,0.50327531202317499
-0.62421853166319674,-0.91383140693356646,2.9746630762856316
-1.2171354399393213,-0.12490983292155899,-2.2448959981667636
0.1584352640226081,0.30852281202610143,0.073812163767454281
-0.21410277338764816,-0.4894132308297412,3.1502331455747243
-1.2747037737049776,-1.362590706866222,0.62858788863289949
1.1587939931653857,-0.46777401596213553,2.7436418538051717
-0.34935239989441391,-1.4668066120188754,-3.0991279208148756
-0.89427669141453969,0.53112448010925783,-1.4593164936050109
0.72053141971521306,1.2765727044459281,4.2193921673733037
1.7796677392349984,-1.7569006886566918,-0.17703071076984012
-1.5949833996172456,0.74655766233296994,-1.6365233109231736
0.71671571758769703,1.5802621308665388,4.9626164818309952
-1.2835537074333474,-1.4202847157330809,0.52728235815425428
1.2898492388809792,1.0912886315594581,1.978263949120155
0.91951559536394223,1.1651182167934362,3.0255186049359066
0.37857739790858824,0.40668169038174007,0.02064626006574475
-1.5312514644590351,1.1551867224186352,-0.3582100101379963
-0.012624832038290235,0.89683122419843109,2.6344870319168714
1.1607472461334032,-1.9559052349797512,-1.5389744900997375
-0.7455371480530697,1.7156852868755363,4.3984400991969679
0.80965834791658331,-1.6705617827087675,-3.99291909230576
-0.066571079955323409,0.81427087210023918,1.9576940533352301
0.9767573095144404,0.31699649991787338,2.5709168854351705
-0.12672422134310901,1.9688725517775114,6.0358601229171223
-0.99531389856678887,0.13381087869078012,-1.9712556250837896
-1.9119168911578264,1.5657946625491284,0.05088075475846926
-1.4101988548056621,-0.035665470820268164,-2.7883180662947971
-1.1095005564099876,-1.0142639541268834,1.4653336664126124
-1.6814382868956403,0.49216315251248366,-2.0650802016306602
-0.73028620670868061,-0.73878221502869379,3.1666122660943676
0.45673668763163144,-0.12456738935681022,0.32584218599480408
1.8239458350837769,-0.069002483352121224,2.0687910278621868
-1.3351181449902771,1.3166919923650551,0.50828717483392516
0.30023238987430112,-0.87019733819536405,-0.98853320852501392
-0.51788977366541311,1.4319823905779674,5.8700467114980173
-1.1753142804221188,-0.84853144407906878,1.0924232683567063
-0.70150707861344563,-1.5590462886242551,-1.2066554786425712
0.17310423459702928,-1.9787578305167723,-5.1114133719629971
-0.3320186226735351,-0.68199843262850313,3.5124403603202148
0.020873573476451135,0.211054370129105,0.51494883610886577
1.939692356516423,1.4868417015798099,0.36109856834981768
-0.051127012887561385,-0.88756591351197089,0.74972193324538816
0.68488953329042435,1.3552345430438857,4.7385943563009603
1.1549616609822237,1.8331032888611278,2.0132144205962827
-0.69728753197435633,0.19317032176778914,-0.19379058949304906
-0.58133523695876432,-1.063859903610235,1.9200014638416323
-0.58449463571556048,0.7963034412874852,0.95842762731616093
1.4607695254572119,0.74028274791970272,2.0885783557086404
-0.39043662864392825,1.9859529512700478,5.1371275216061951
-1.4554205527137847,-1.0222289982931556,0.4257756583897066
-1.4375025276444999,-0.54227374951137364,-0.9508779447087331
1.2581265200224552,-1.4809945856578615,-1.2012706972327687
-0.64675797895288167,1.0828780621793621,2.7248695896512478
1.3443704416721856,-1.8201215411061433,-1.0346879972844638
-0.54088043160279331,1.6988894761672628,5.8602543177122994
-1.946081349565713,-0.95975836888259014,-0.1682934475802724
0.39861632707901551,0.21495424541741848,0.036782764037598469
-1.8684383041223871,-0.74994605672038284,-0.49164450384679576
-0.3006454027636476,1.9471256255471672,5.7729558047627556
0.61942655579742434,-1.5863361393883968,-5.2560128227383149
-0.59516258071720851,-1.0245376071507182,2.2560486135295896
-1.4978411663565698,-0.98530450251166202,0.28361712664934757
1.6174103538250963,-1.3418876494257523,0.020792958833623948
-1.1268572968194794,-0.64903878451150687,0.72042208740304881
-0.24239036482898002,-0.18361095068753519,2.3708582378026355
0.28769617749807175,1.6835115113041286,7.2947043562721889
1.4688134921919431,-1.7488663812950123,-0.68865811226709184
0.97340640841184811,-0.72344844545330789,1.2130373126435725
0.52566669297393442,0.42207830062521978,0.38028026861164071
1.1808433273828762,0.79204477383351479,2.2799664089539169
-1.7170233326540161,-1.9524047712194299,0.080857793762119101
-1.9575757523774979,0.54570757285668181,-1.1826377049612384
-1.6452040236092331,0.039344598064985803,-2.4925395578108267
-1.8762552844570544,1.5911326407745854,0.081974966109326766
1.6749547965308063,0.90000915161612882,1.3350847933973009
-0.72696485643464803,-1.2737949541498212,0.6522677078361222
-0.90487037053548192,-0.027786288068119669,-0.93188907121219944
1.6341548014233167,-1.7282372440071994,-0.34828971831742322
1.7321501476266019,0.12564076476815877,2.3987093998194466
-0.69070163684294483,-0.59814039548243914,3.1537714402180859
1.9127738477539671,-1.0495330094238096,0.52171629495540273
1.3381675288899526,1.4634115987228613,1.7325986800718469
-1.4118236837694733,1.5162132003162885,0.72559926871596747
0.21119498766915434,-0.36884724056429752,0.80060407769270481
1.7806565723992165,1.1046205804722766,0.86000366873320944
1.7273396127677958,-0.94364762264106838,0.9233320326697948
1.4961295198081794,1.3252985274329352,1.3144479211523268
-0.47373542915998468,-0.98567862025275543,2.2605486267893826
1.8856455164937209,-0.3359557199777079,1.6565048195856074
0.064016058875493886,0.59857168853901932,0.57569762475404751
1.1825440089049812,0.90691806266240693,2.2029281122459468
-1.2410199705332601,0.34443166336754905,-2.9064220166857222
-1.9021895352699658,-1.1558407724508983,0.018672488092983504
1.2964437980282035,-1.6818080944047988,-1.2389120363654109
-1.3825825490731671,1.3259375239319597,0.40305359326170564
-1.718657882126807,0.53338868809811268,-1.8793020142594461
-0.82975159864662729,1.9212818740815485,3.2217879896743207
-0.17578313999125883,-1.3886691080973796,-3.8044033462464757
-1.722330274394952,1.8786899477725636,0.27585882436860354
-0.10241285029788716,1.5868490011842931,8.0345332779401613
-1.2283904726264403,0.47225959613476975,-2.6794341774340369
-1.3319646521167434,1.0236384580802795,-0.63730416563434678
1.5680943147869293,-0.64429923181267723,2.0102550886651103
1.1300398208636646,1.662809057092665,2.4462247489411331
1.5989260049041274,0.8108414490824063,1.6583338159245573
0.29613833325936767,-0.2787618693530225,0.45565720856495956
1.4124837085619117,0.78249892896596851,2.0879883674057846
-1.6851330217874796,-1.9933531783059253,0.072487432892766213
1.6756786631227305,1.9698764151915267,0.42383094434450574
-0.90534438568257491,1.8910492387499742,2.9045129854409333
0.97226271486760929,1.5044662383550071,3.4065833388605351
-0.21921515937470071,1.6827274351589048,7.5876102002827723
1.5240910851435934,0.40553369027186914,2.7095432615883399
0.65338761731170036,-1.5918903776662716,-5.0511341165055805
1.0136174718712629,-0.22118865793081244,2.85137522369478
1.5366114570115466,-0.34089398778539426,2.8367243758100504
0.86898818700324298,-0.11005038623666885,2.2406431988660707
-1.4283830298115201,1.3375421398825935,0.32233413713647541
-0.55137059931527199,1.9714648062914808,4.4942043660524984
0.36774294077803704,0.38117808256964558,-0.0080304199892703848
0.98099397528393695,-0.84275701588215046,0.60314431982517414
0.8279874152422928,-0.58503978212848273,1.2224800709043866
0.10163264547594464,1.0084073755771716,3.6706711084454429
-1.9744507556000599,1.345788095745168,-0.11459421081727028
-1.3973117076214192,1.711336270346242,0.91436306825436153
1.7433309605865195,-0.21661535307903979,2.3035104626196938
0.087950620139610525,0.31498848120540046,0.22286011098746922
-1.4908485260954005,-1.9085773519174176,0.072486031630644196
-1.8106028769716509,0.13477479683337457,-1.9862267394946089
-1.9253627256777828,-0.2284495131067561,-1.3604052261363253
0.2691340649309395,-1.1505591034381417,-3.6364322879318753
-0.47318311952535108,1.3346032457013304,5.6658439360605017
1.8268684744102268,0.052267976411416228,2.0547446306153749
-0.77767143632914459,-1.1801618939166629,1.4010698728169297
0.3800689106040771,-0.64531311163801464,0.088044823514786014
1.3516015159760864,-1.2529422132776111,-0.24197110875607547
-0.24959072944745198,-0.77013828403094564,2.8418541963355097
-1.9557773344497644,0.18988164083561632,-1.4821326527483603
0.15525101060167446,-1.8304859745487012,-5.9975973507215441
-1.7326158532413682,1.4982104565487382,0.12335924994511804
1.1714437286007886,0.55293580833644596,2.6608025717845663
-1.3049307344674148,-1.2418280376831459,0.75835432842397799
0.82733245147091239,1.4519374595109023,4.1972390241008846
-1.539053585885453,-1.5854670057029072,0.25256812159051784
-0.48367128620660016,0.43090268524435649,0.45220238061669293
-1.0845045261727742,-0.098222952020999177,-1.7789339111037361
0.044702564356241759,-0.94103087399919305,-0.39762517913003864
1.2792004084227608,-0.96040717084247462,0.83444676830408837
0.73533841251723153,1.1809791623804533,3.6750447707129377
0.6297380377382229,-1.5950545340993894,-5.1963352258625388
1.1094283497303636,0.64920026709527745,2.4104136874208377
-0.52447559465658555,-1.6137321212292377,-2.5563780023130702
-0.19842467859875468,-0.14713100891011788,2.1290891047943612
-1.1560823921926717,-0.14192737331260319,-1.9476845163646628
-1.1456486155669929,-1.1169582763077011,1.2440186219688887
-0.32970481048114819,-0.16070688304061553,2.4072416919906141
1.3059232176740303,0.87303660152268625,2.097653507414273
1.0980127677915821,1.5956726901021154,2.6873676945848617
0.18959490428731751,1.8437676137591699,6.8513469295703251
-0.82874121857329874,-0.23187631623616189,0.56467272196656504
-1.1629262201798434,0.46313868840334305,-2.5875454476983091
1.584316047278155,0.23661214029374378,2.8304128239316122
1.124158511658587,1.372160704689382,2.6053510997123057
0.73753915842503037,1.9358520890941704,3.7547704964917705
0.6647842738005898,0.3935956407229817,0.9506854294559699
0.69412755758798506,0.047422020208784499,1.2445422767002463
0.13354354898977627,-1.7826899750050023,-6.1845588564979295
1.1747015731686732,-1.3766802608287299,-1.326097684828458
-0.25015947048696074,1.8796001770148534,6.4441853234526043
-1.5067900569838493,1.9088221905843201,0.59393981209232327
1.0206980470247378,-0.36431354544170635,2.6302755759794825
1.9435937334557338,0.21877751640499987,1.5303580063016855
-1.8043956011655473,0.81844811618201785,-1.0713589410896485
1.8968640972196895,-1.5729685037037742,-0.025842737151646034
-1.0376134892153064,-0.72693268983683779,1.5079700712835735
-0.8962571600207021,1.1836917871685486,1.926831740637337
-1.0400927304543965,1.906039169466081,2.1644531167299514
-1.3815011171735909,1.7365125482312318,0.96361736590776315
1.8978955680577374,-0.026441076385226081,1.7849175685199714
0.99756691724408864,0.16824618904582866,2.8449098007157567
-0.090050904586232772,-0.11092338299598015,1.6292752248944327
0.16521612955714682,-1.9250178154422986,-5.4678394100141157
-0.79883339946746657,1.3791531107561923,3.6284054664182239
0.52757150412075582,0.81026227097280312,1.5359053500678335
-1.9213890218408323,1.2999445972152359,-0.16097082110709429
0.69449809351668401,-1.9022107482543682,-4.0159077382629258
1.4453409915118458,0.71105495857415812,2.1779940491946239
1.58734240840234,1.1568460100066584,1.2154352432173259
0.23694745667448958,-0.44435142692723417,0.75453359475754322
-1.1664434160638126,-0.40357717756437972,-0.71877935809504434
1.345068713918999,-0.078903506290900705,3.5467743220522006
-1.638132126133891,-0.53575695726982553,-1.1252085980737414
-0.76369129912915401,-1.3701568286068531,0.11975030012022425
1.017712202330697,-1.5441722004801135,-2.5935556029239772
1.6036735436005016,1.6541818448639378,0.8016351628549071
1.4018009823678907,-1.4242917499617764,-0.56775423858468232
-1.7225319793657574,-0.14867338480124093,-2.0380223157962534
-1.3870754331496742,-1.7862284817787348,0.097249985501502351
1.3335151911704699,0.19613158353229876,3.4337900654749727
1.4965943390405925,1.2287589380602761,1.3775948976000119
-1.8007135540774459,1.0251347612531738,-0.63980492081687612
1.6717402920282627,-1.6067636094061271,-0.23740161589910821
1.769696138022081,-1.8573639118453706,-0.19720949605946861
-0.32645957219293131,-1.5814528985464178,-3.9028571117658268
1.3066223632034619,1.974888241381672,1.1748910511710955
0.82172644429289887,1.6507187282909821,4.2195134088267405
1.3932891309718443,-1.6335020423636981,-0.87188124931158406
0.72798497020240482,0.89679643663740372,2.156350434016121
-0.21234826706839094,1.744606151143091,7.3718420801534421
0.59137138111994547,1.1774891653182289,4.140522353878068
0.13392275655286534,-0.42028373267371033,1.1935117425114714
0.84434672113490139,1.8162835816876628,3.6557639277225165
-0.40282779521377576,-1.8825593036570198,-3.5087710715643108
-1.855007752442082,-0.33372173972684838,-1.3650692567060343
1.0849924654249685,0.74483253985524556,2.2794014446392801
1.9214272159775412,-0.073156744593686707,1.6902187706617744
-1.1791041710687116,1.3143051574132101,1.0739458370280535
1.4425867578044467,-1.0286135828126552,0.74970617027369157
1.1962332174625656,-1.3881546828405043,-1.2582148638861259
-1.7582890813114476,1.5230962923261888,0.122327492325415
-1.1347683929044301,1.3036516052168299,1.2352503061453313
1.755043178317556,-1.0064557420112568,0.74969532228416214
-1.2467614191111251,1.1072747137516497,-0.069292154097131617
0.7656765540833339,-0.42169826051456338,1.3686190753146976
-0.74917024108857988,1.1011376413878997,2.2580744519304941
0.28036040222114877,0.48836966413809879,0.060205511644081423
-1.6693472767026827,-0.62827502805859337,-0.83001613349678993
-1.7125729768180518,1.5558615890988041,0.19378877409411385
-0.71996557937933559,-1.9756961499745418,-1.610223307656961
-0.45615059503689315,1.1078340314692081,3.9512323333733801
-0.26589147876680808,-0.36980301647690594,3.0647243654765148
-1.4087572690414931,-1.9450196565077227,0.02391687550042303
1.6235493827374849,0.28415407628418876,2.6309329406438988
0.28408294598460682,1.7868176603888437,6.8839200272268588
-1.3692595751335972,0.9519492572294701,-0.99706910700832918
1.6231281836866014,0.54897326729306251,2.1313794489864271
-0.25834476245206606,1.9085710431706007,6.2069701063438725
0.49567248672782682,0.4144073300672364,0.28045269099939646
-0.78774051741876749,0.52355646368219055,-0.92955017859444677
-1.4784137503317774,1.712313113553769,0.69304707191012105
1.8799705608398778,-0.16393058482463974,1.8141580302497589
-0.63946264390462271,-1.9382283300604031,-2.0514224144457329
-0.11686610175481427,-1.7847109959667202,-5.3924260652555276
-0.40537347861525386,-1.3128753080334745,-1.3658358350258977
1.8825727892354975,-0.62024331437502234,1.2785143304664013
-0.62098527865308051,-0.29245082759145324,2.2512530479266446
-0.2776360849969024,-0.75170111583043409,3.0669881416795168
-0.07036392294852778,-1.9004160673854298,-5.141784154814208
0.39190244248990558,-1.278227898644041,-4.8709141483456531
-1.993189286290177,-0.91422863088709594,-0.21741326673699854
-1.6620246013365756,0.5194650372550389,-2.0656755254631816
0.16767720784288853,-1.2250190439250739,-4.1415474924948663
0.58295461885729294,-1.4053966289590782,-5.0232906462849973
-1.4732222268523532,-1.0471869448378186,0.41411617656779937
-0.99623288320461478,0.3060987121218961,-2.1542871968857877
1.7374179341477567,-0.40530975928087232,2.0818904246728112
1.6693661742052974,1.0957187123878223,1.0948611782544944
-1.8719167221256188,1.7292286480238159,0.13286733554768926
-1.5156129187445164,0.62702365963397622,-2.1284139181331594
1.3951917122585975,-1.7842804658282188,-0.88951319092568093
-1.0648714511779702,-1.8000703908880717,-0.34935602657433784
-1.0619788237281154,-1.1288383854155004,1.417228195158919
-0.3626886689851716,-1.7772305607777759,-3.9353162345573818
1.8588974343903812,0.61122668401281022,1.3386568061748874
-0.31840407308924656,0.29543694937542408,0.96647652053916222
-0.86337212896170246,1.0457871338508498,1.2055252744718312
-1.39824881099586,-0.92412072314886751,0.42237428549859157
1.1668421411729089,1.7630721671788465,2.1052263716082384
1.3701680445129218,1.6196893709199789,1.492487934815425
-1.8811925197174348,0.62160631984667569,-1.2733920221577815
0.90369607285877063,-1.690380820702365,-3.3533575541942113
0.48972296037275242,-0.01078718140367263,0.34820939932607647
0.5638873001474467,-1.7007101128552109,-5.4605109569448418
-1.5635714549577291,-1.4122650483959915,0.33242039987219785
-1.7243574246627245,0.18066485364708118,-2.275012527415583
-0.82159423795494035,1.97988941020443,3.0283530141012438
-1.3992249835457207,0.092562986138492231,-2.9853675352444005
1.5348169084829593,-1.1983341134306724,0.26701773659113559
-0.91298225451813697,-0.13347359534300374,-0.54265925940594362
1.3962365201500719,-1.9779255297910323,-0.76643309660154191
-0.96470675847611642,-0.630463903005968,1.6278397926199146
1.3795908322447263,0.717473451979322,2.265668609445163
0.8614408984220705,0.75669906795295239,1.9157622381763626
-0.55424903744125564,-0.17181600487899695,1.9939094972151044
0.75185755209216021,0.56242823927320496,1.3682473780269484
1.8547412812685251,-0.030720054585603895,1.9523466131983245
-1.6568520657768238,-1.4801307784991624,0.24280167610501013
1.9240696763630303,0.52909549346437323,1.2703566604279888
-1.6577446909706159,1.5497477571587726,0.25595114297720029
-1.4682114183383042,-0.11810231299857477,-2.5711551677595814
0.78433804443228894,0.76761794990312104,1.7713460499613516
1.9703891372761571,1.9546374511382019,0.16157295003123831
1.4844639530522947,0.13255177669997265,3.2474162115781993
-0.66453614106116388,-1.6758112446812208,-1.8200925347396708
0.70389532603235949,1.1797569687613714,3.7738390025209196
-0.18390534962523275,-0.67412866609366207,2.8799529724471653
-1.0060152262539137,-1.8485081129648984,-0.5464034219170022
1.8152211308389314,1.5127486963448886,0.50918006962795692
0.70447013462632802,1.9080647015443821,4.07207648370869
0.23595226080199883,1.1733286328128232,5.2243213447034211
1.3430257595784418,-0.36684628076189263,3.1285965437345173
-1.2989573277648179,1.0423106638130917,-0.49564774830229136
-0.59747042643144721,-0.2973689982492127,2.3948759898797771
-0.89707527810094123,1.8463149605972999,3.0840751058858844
-0.68496500654136483,0.66997162194125348,-0.062280575164428309
1.533887492293367,1.9135180677912502,0.70753081651772376
-0.22747671096381739,1.3491557550640385,6.9152016213604215
-0.72382762333176154,1.8881962613448668,3.9740532942915472
0.95902183323137669,-0.17154128483103093,2.665137879326775
-0.81068694226666405,-0.10432687104242788,0.06701631199510466
-1.8191738250708143,1.5439140633787893,0.090615369649443278
0.60360108835956972,1.647650906483217,5.6301644078619058
0.055474545208874293,-1.243505992767663,-3.84662145504196
1.2385705436718308,0.96781281191326984,2.1141982826710142
-1.0285736232002951,-1.3748314042289393,0.63531820195731903
1.0011301559806793,1.8802735278824598,2.6000134001865742
-0.75649588707516369,1.281540162613509,3.4348300129758216
1.7335176011794187,1.1138425844361217,0.94304918530296267
-1.4563258503455834,-1.5451842727105187,0.30930236060801886
0.77996196986822142,0.4313432206010881,1.5051241184116972
-0.63432968784013877,-0.31773691792475334,2.3050895864302023
-1.0807675548102296,-0.51227586440496031,0.34238673332678743
1.0148663269973253,1.0413444800184766,2.4929597347992969
-1.9331745679042536,-1.8505949346860537,0.072306269435792631
1.0443664579001215,1.0954209417054508,2.5360837720682228
-0.35510410888850386,-0.68140801787211047,3.580723395855653
1.7645967026263198,-1.9618010647945765,-0.19554128879279997
1.5159373241928851,1.8013287315095821,0.86710349642313889
1.7535203043814813,1.5571757508607682,0.58050055049221871
-1.5853432777850542,-0.81701044302165404,-0.22579802515554259
1.0725686313163734,-0.07751513018860523,3.2046900024657008
-0.087780552925552202,-1.31363120921193,-3.7152373565420711
-0.31453603692330501,-1.743457680948262,-4.2765585042344521
1.0653175238876491,0.61490731682241684,2.3842901946096844
0.85037391953396746,-0.69503891715373434,0.86908496273230196
-1.562688043800756,-0.93590512021377603,0.076240030086955568
-0.50351803544596363,0.97609557549396664,2.5768715233955506
1.709244665966549,-1.8757089995064038,-0.25871458762951388
-0.055888671774654286,-0.77997168646671899,1.5958495770501806
1.9926185194789388,0.84412916715342678,0.73649243070850678
-0.25681199125867638,0.42654362169371618,0.79863027048149271
0.8899572451319,1.0056906650096336,2.5595435053796054
0.4446974339271339,1.3056751960955983,5.6559629025851805
0.81226013726858337,-0.43617397135182645,1.5581357448795126
1.2302409130884033,0.042298968199959042,3.560419247173948
-1.4443723611632131,-0.1632756237781261,-2.455047771316714
-1.1353493044397149,0.16754119765196274,-2.6660515757151035
-0.085071608546320121,-1.6432849987031148,-5.672479921679626
0.6881511487604266,-1.5709286719045426,-4.8219201769977635
0.78486492863683033,-0.24717885410643725,1.6838566906610657
1.998257662305289,-1.7449223149733193,-0.043832143384494544
-1.4279498026791659,0.063040076565709757,-2.9372998098671483
-1.9609088618153119,1.1068224143871261,-0.37687309183041656
0.36600339033596629,-1.7582060959119159,-6.0963385004170645
1.2411935555726679,-0.40598805710431485,3.0277042988016944
-0.92583776269059337,-0.25642145576540787,-0.016223682187621546
0.6918431486237564,-1.5601401734259448,-4.7897047646275421
-1.4858712391807396,0.82607587226616275,-1.5043557293767367
-0.34689398874941291,-1.3832187332820911,-2.4558091987159836
0.814440495053673,1.7998869723506643,3.8882439328021068
-0.31989757437466393,-1.7420190981931138,-4.2407187847680117
0.058574435345878584,-1.2472069872318867,-3.9026459913064397
-0.23110297872664054,1.7335911541968607,7.3600477571867717
1.149733642041642,-0.52992655561166657,2.5249153527991979
-0.30028019696199548,-0.2734602758581226,2.8110558771780094
-0.33120921500633238,-0.67636594547896012,3.5222383782000435
1.3371679010345128,1.626958574467309,1.6030815403103895
1.6624355443290844,0.27344786382645303,2.5109468852343308
-1.0995697509109419,-1.6482480569820195,-0.047506429161885855
1.4072014829920243,-0.61746619569893491,2.3358458529170996
0.53138875832827104,-0.97946963292712996,-1.9934869884038242
-1.5753101007886794,-1.2824137493377077,0.34956076056861807
-1.4607329939213773,-0.82495772172619342,0.026941919805245573
-1.5837130023287482,-1.8912274450199931,0.096071964740834195
-0.28032928083372455,1.5542646520519412,7.5048321460588046
-0.72588124310836788,0.37210778802786759,-0.64951016466533007
-1.5053982336455689,-1.0571365251582159,0.3591323593613191
1.4896110514296068,-1.3736839586922978,-0.24247633777437352
1.8411067032646984,0.023948769075393006,2.0040403695841773
1.7397495376772909,0.97340001588263458,1.0900190472540006
0.84026624283806761,1.69774691585366,4.015870042834881
0.019361257900387674,0.75992905565772517,1.464387067901527
1.0984972492033478,-1.187256401137105,-0.90829951723644975
-1.2809930959064735,-1.3771242941999131,0.60001569005701783
-1.3697000781162052,-1.8945985407245136,0.021536663782066146
-1.5873474197267483,1.2331247626055619,-0.18674097054348576
1.7263875050145425,-1.3512953090980901,0.095085792663839694
-1.5831616773993769,-0.090221083211190045,-2.4757272472957275
-0.15959986627274492,1.6888821070109516,7.7391466258402586
0.32907125693551675,1.9100733440464697,5.9312222408565853
0.13844144029296457,0.32410139656996906,0.10675946180471148
-0.70834912353873825,0.020874057040451088,0.26996200769110329
1.6702757230968062,-1.1294842313292133,0.50803664526972769
-0.037575292613087452,1.0568475248615514,4.3370559776119295
1.2383222024100813,-0.27064156527395178,3.3281745855943758
1.2791285919792381,-1.7081859587019006,-1.3098243175453683
0.88833326617715347,-0.17917454692097157,2.3008630034321356
-1.1821523845764879,-0.26238657686615996,-1.5210134517484328
1.6557697078528757,0.97028474503564954,1.2761041718724753
1.0427461083711567,-0.85206475564052653,0.77593309125224641
0.53650661664656196,0.0055198638075175666,0.49776843559370931
-0.45735440791406989,-0.74664238449693099,3.6079831907987137
1.4813628854005461,1.4944909065554066,1.2429119426548045
-0.55484159313203696,0.079019611952098501,0.95522168258501183
-0.87424465349978919,-0.32269709572590477,0.72136954272011389
0.50502627382939203,0.5087190582751786,0.40188190308243665
-1.094961461041182,0.34193353870377674,-2.5597008395109997
-0.4012893198837042,-0.95911246685983409,2.2128685138396817
1.0679213746400573,1.7567737695821188,2.5895327385243387
1.2080854685987901,1.8238518350749779,1.8113545733513245
1.3246376215385665,1.8942448088700332,1.2647821396475267
0.76451718129517321,0.61593619104012376,1.4559579172218631
-1.3223647781708969,-1.7184115382219667,0.1180366125478762
-0.063720028740958057,-1.8172378364148505,-5.5296565584156241
-0.9542314717269953,0.018475876231129007,-1.4257809690716408
1.2258750143154926,0.91326256354321256,2.1570607800275901
-0.27496077110846318,1.9392381663478,5.9204966667528556
0.50403785875576013,1.2887982116957755,5.2753261263268483
1.1237804821674016,-1.6183578722053136,-2.0332233794904773
-0.023028517731807696,-1.937984535108155,-5.0886460498081627
-1.3386294105198644,-0.66923429735119688,-0.15115667749194436
-1.784051663248954,-1.94251829118783,0.078290765571105606
-0.035670996803662369,-0.0024122071882182183,1.1272549772931839
0.043443434232270928,0.20723931278140073,0.45179554176308911
-0.4287462430761495,-1.7686932332224168,-3.493063579068437
1.5418193013185979,-0.012523008549090386,3.1453007124397612
-0.26642001992611153,-1.6926830780297157,-4.5933876974133492
-0.43828449060751984,1.3204483570826588,5.7796342738956668
1.0209152522855587,1.2498489038687972,2.8900518140868141
-0.7753120410444565,0.89948647073536403,0.6775381840009933
0.58428362522154886,-1.8457430196416342,-4.8484433324971627
-1.7296344552377454,-0.67843474332916553,-0.687010587440539
-1.0489065833668707,-1.7769984204829494,-0.36356225168190542
-0.69598849076381675,0.078721694788273844,0.14656048829634055
-0.98967351845426399,1.2688920478198678,1.8492098546653448
0.78449822890392973,-0.12608054870924068,1.7547834712788579
-0.90655383497039033,-1.5185873583096074,-0.15425342130748929
-0.12920468016445152,-0.4666789358136576,2.7173240813697306
1.0902750877536627,-0.59159717881489859,2.1617407230328176
-1.3610690391878653,0.77673224101107241,-1.7354792814773645
-1.2161342590169479,-1.2477364490084273,0.89063164313392051
1.4511890321087528,1.1442646761700539,1.5543375661987651
1.6058768035366722,1.4667417921722268,0.93634539508577586
-1.2166062149598151,1.1037526729703786,0.00043805604410496191
-0.54717026120675283,-0.7624699948848277,3.5858405029646163
-1.3923912162170615,0.41865084489135596,-2.8175367407226553
0.28731535672407871,0.025567186593216107,0.11606624792348103
1.9090517658411641,1.1227086554443675,0.62011268645200746
-1.4654391230811608,1.0934621980645289,-0.51054428312598421
0.81510485313688852,-0.2224287049957745,1.8682379570620937
0.6424863191253154,-0.33195590881223103,0.92877930395887642
0.5277773527923002,1.7940048442169072,5.6399255843647857
-0.45154352077786997,0.98983507268129456,2.9093961442749388
-0.17497312527404651,-1.8355520219817463,-4.9524162733467154
1.1575139156741083,-1.1893618497172689,-0.65698244161021691
0.62121820109902393,-1.9095050113912735,-4.3549201920779534
1.5388720165511431,-1.5246711085362765,-0.38725151820000131
0.54337539242270161,1.3081164013228661,5.2168372825276732
0.10279685809572126,-0.56084560670880435,1.3567160487933339
0.88245830885879428,-0.92477977183984783,-0.30850461301931875
-0.75049018012057322,-0.87792698086427512,2.9196520275748759
-0.67072112522904637,-1.5190361239810488,-1.189770856408416
-1.1685912343747407,-1.0600654259022031,1.241873087162884
-1.8837133818846479,-0.86384180358896701,-0.2938750455429634
1.8761210773252261,0.47268262217349033,1.4879992300379716
-0.20001264747122183,0.10082879024318414,1.3659251074398555
0.21593168376966521,-1.7552319904688027,-6.3247266866781233
0.55063973517977072,0.10306434659550856,0.51800846437989423
-0.24172996030880323,-0.90418082749289108,1.8661763873432202
1.6835911209542673,1.3357193254012301,0.85742149514809418
-0.59070744995456459,-1.4323066129833197,-1.1400036277565357
1.4331195633858407,1.3523313297344086,1.4789011605356113
1.8569241938683159,-1.6616571956723312,-0.088220946720386537
-0.70737415232791467,-0.35362303209723467,2.0551109797206371
1.4968609814221834,-1.0397020910628463,0.74246394819085137
-1.6541006497837998,0.022423685217505263,-2.4535672822344994
0.94472352108434388,1.8046708086238259,3.1225493119594634
-0.37020152937507533,-1.6687609252056583,-3.8282157363737337
-1.8558811730589237,1.1014410725084987,-0.45576526943822865
-0.84935508669128867,0.72990531817025195,-0.61355927237592311
-1.5578709215457474,0.35318037284979331,-2.637838299894828
1.2255448261046893,0.85786605239434666,2.1978627389297229
-1.7861301636741609,-1.2577330729124636,0.14170645197798429
-0.86934000499832065,0.81191258928138099,-0.30140039490570647
1.6476971097441777,0.54469092169215783,2.0703344097425176
1.8840531842414778,1.3241295066207122,0.51695117956622316
-0.88218991452215989,-0.73274822355907143,2.4154543826404486
-0.75800361705847918,0.48693319041807204,-0.81536257944919655
-1.0763187573167237,0.33233871220191036,-2.497465412223026
1.4445963297928399,0.87219003430706055,1.875000104736896
-1.0579957673052856,-0.30531451792803788,-0.64324692186424948
0.96143924754343679,1.7914689913453907,3.0678983918787757
-0.88641341516029137,-0.3646794081392406,0.86426753756049779
-1.4800377120510002,-1.3910194835761598,0.41575364949830595
-0.29978984760255289,-1.4928585632753304,-3.6534726124738262
-0.81131687148474785,0.6364313231664096,-0.78765145645258405
1.2764415674398313,-0.059709045580355058,3.5810445325699245
-1.0301601315335476,-1.6324820598458394,-0.16125381880297765
-1.8155764311810121,-0.50517296626939023,-1.0653646633872307
-0.030116274523691811,0.93848149094481137,3.059729808933688
1.3748403422679534,1.4814746060373074,1.5915470700589018
0.61511617163593746,0.7171698985570627,1.2276116984825765
1.2014817011071153,-1.6609996594213365,-1.6492831883559862
1.6445263613501333,1.404702271670502,0.89195891400528782
1.1272388217387075,1.1192037248865483,2.3753088480765117
1.1304843899197081,-1.0099797130870329,0.18145843994626049
0.93219231186686935,1.3575303839755346,3.4748642161115866
0.34968666797424541,0.83134635642014532,1.6522816346544911
1.6126218629199922,1.5330502208249359,0.87344586062549401
1.5335250716026501,0.99419334710792739,1.5146484977412336
-1.9454458913232484,-0.34840531399803543,-1.1381527922112533
-0.31095323539783903,0.52989808560219931,0.8006973437093754
-0.89982643109362015,-1.9877379618302087,-0.89285723260661132
-1.9067027346453456,-1.3555158480039147,0.098511676761410094
1.9866913178884182,-1.533834344995211,0.023207275713884472
1.8988701161481512,-1.5034019614578624,0.016715325996146415
-1.5953898684675087,0.22462529027565781,-2.6590024366643696
0.10563017377830608,-1.0131774928668389,-1.5155738822870104
-0.37483973611348675,-0.95698672830531684,2.1143740947040039
-0.017425444750651442,1.0718572195369727,4.496564413245137
-0.93150066776343787,-0.078533127492034227,-0.91484506991512338
0.27608716962935675,0.0940922425474362,0.061442943105248962
0.49198983039813626,1.7750868760734453,5.9286963725897328
1.5321310870302951,-1.2850931200721021,0.035403595035950447
1.6825249862445344,1.1555336512492143,1.0069435517078993
0.1622008917643627,-1.5364722391698118,-6.3652796916301382
-1.8440873245963851,-0.53912041434567803,-0.95115120361238836
-1.9081355143519503,1.2220861870107225,-0.25422395969519312
-1.1775761832898128,-0.62648383097148552,0.35250788112850251
0.25829577208768795,-1.3849762037548961,-5.727651819287594
0.066400026794717792,1.1525461682977913,5.3265797364963854
1.0966751521005196,-1.3144471283384813,-1.5004598015450454
-1.5514739274539742,-1.4884571106869968,0.30448202451966178
0.71923514046630288,-0.67749825160865851,0.43807201535757528
-0.97782503498092344,1.2365772470890044,1.7508191161212296
-0.90915358836641724,1.9069450375027497,2.8335780411767337
1.4190208922165097,1.5742592702990841,1.3710819643800545
-0.20157954238125053,-1.2647199944188523,-2.3715639926849805
-1.1608150965862651,0.98459835024982389,-0.45321601898116837
-0.15330231224170321,0.5355700119322222,0.76805326973937138
-1.1818832572705451,0.76863782363524669,-1.5944120328064892
-1.5276629808205884,1.672470090277415,0.56690776865442938
-1.8032384837950262,-0.39462009353624228,-1.3432202591417772
1.6531566111902887,0.19238706106051096,2.6439847375574113
-0.81011863760453351,0.89744239630624856,0.48825631272080205
-0.272764168925407,0.20145493675689963,1.1848589086744736
-1.9759850382183939,-0.46693025999303206,-0.89012532766872787
0.41108386661629259,1.2531414402273922,5.4012421472179462
-1.4969781555343213,-0.59940304557545754,-0.81353273981253815
0.40225774859750985,-1.6270350389106145,-6.2683354744434228
1.5788095732533445,-0.75855642192458017,1.6449080312467304
-0.76694239112108087,1.9196724559694669,3.5844627438977699
0.20788692477986981,1.9976184605653944,5.6261615325513894
0.54827259035092846,-0.15575877439102848,0.59054327325745404
0.84742535843936917,0.0021547200611164996,2.1426986666861745
-0.56661924483382942,0.067477605155092935,0.93866872055452388
-1.3090404675542224,-0.0061213935435120437,-2.8001046465202979
1.7694646313202096,0.67804565731427235,1.4743285160213606
-0.41972148622001759,-0.73743506708495565,3.5813402003980763
1.7901499802709688,-1.0917025503978819,0.54697261583373513
-1.2237356043576921,0.45143451311633331,-2.717620417594385
-1.1062733282268682,-1.6026681926042452,0.058069194345124364
1.7328146200186523,0.18258741723138394,2.3521021588037896
-1.8149867090724607,-0.37883745451028261,-1.3564055667481216
1.7052215167398543,0.2662717931092593,2.3652505698098358
-0.69935552650882915,-0.81031523869716793,3.2126781566681402
1.4432811975908284,-0.42961393061805797,2.8516364507085266
-1.6049567506736548,-1.5875613871858771,0.2276340216204151
0.47148202830172492,0.6410000324823244,0.65038672434862821
0.59678076064761321,1.8354500462692771,5.0445934055811312
0.28396693041289911,1.9211836214659526,6.0146209176867726
-1.2209433184092247,-1.8741945672784943,-0.11625131596107101
1.760257827880102,-1.871124169355403,-0.20607404459044645
1.2186675170808803,1.9590559129409275,1.4838945369996006
0.14869843567185637,-0.87409793884525033,-0.39360344219436261
0.69135534347417327,0.27575136743128326,1.1306155838607757
1.3632239102811239,-0.044885787555348777,3.5415070026769535
0.75231006853245974,1.6675784411390864,4.6348179791634072
0.6877502328105578,-0.61494834267600362,0.57004737363046032
0.079645268755827558,1.9868002116020151,5.9340929188393048
0.59838522980628372,1.0555104831062754,3.2192364035058461
1.2518070933817729,0.95234334188707015,2.1017229127929231
1.6657400245961611,1.898978606491343,0.49091564118749731
-1.0051747472600017,-1.5100259241759155,0.12520197532695082
-1.2299793133886312,0.3679470701553389,-2.8639713010364618
0.18439965740468267,1.7192139196145568,7.5366101121017381
-1.2450925089091012,-0.50703888629872607,-0.53996203455730796
1.8400292930447728,-1.0374155992413474,0.60931425852851229
-0.16785931195314552,-0.49568941818539702,2.9460001898833355
0.00092953394012917911,-0.37982105688729839,1.8623333659931494
0.72600954460330636,1.9515634720502719,3.7370944822941845
-1.0143039273141039,1.38858097526782,2.2123170551479547
-0.85973687351255568,-0.78057817390909867,2.5881587544950517
0.52924715742929962,-0.24104943909008947,0.54857302056484203
1.5949429242149438,-0.52765056687227663,2.2653377205047112
1.6797530628085791,1.4701827976677908,0.77267330399493472
-1.3651705061628712,0.31012245266044358,-2.9928022023931957
-1.6619138487710732,-1.868629479656079,0.10481018924372094
1.791882586831806,0.9010417280813714,1.074264819019328
1.1975127500062182,1.6258715492416553,2.1760591858029388
-1.0206040793380144,-1.80058266712313,-0.46467224122416195
-1.0926436229233012,0.68917064801571781,-1.7296563880821545
-0.6649469109412629,1.1766999503649385,3.3435797190585661
-0.63358910118001943,-1.6613166104873571,-1.9734970464638188
-0.49383577689753921,-1.9321527770457403,-2.8564630948579603
0.30913390506163685,-1.1635177849302216,-3.8294921475677146
-0.047503519847886144,0.90256773057145701,2.7161560031180199
-1.3590310524064786,-0.75487562627426197,0.098429620097526233
-1.7245171871660057,-0.18953926184002268,-1.958607356068583
-1.9733267326797388,0.82220625546377413,-0.76232011058761062
0.34284891855215394,-0.40399450756804622,0.46606081774623037
-0.36357720976588626,0.20232971106412156,1.148287917305816
1.9574346684523944,-0.18030348319299416,1.5219094059978793
-1.2400935636913215,0.88671602903340396,-1.1385496502252794
-1.8025944046853168,1.5406824895802456,0.10019966436162776
-0.31808288067834001,1.8770514069256889,6.2161110914246969
0.20360096985159482,-0.97192447401820603,-1.5620636801535035
0.2677593641742102,-0.63648319994468161,0.4056578853580961
-0.14854281572215156,-0.9355824431014943,0.97349882284842648
-0.29243100856425008,-1.8094048531406741,-4.3470495034938752
-0.26005537471455109,0.93153549200916874,2.9135888532918255
-0.17847359199381208,-0.43197382870611167,2.9022799276301647
-0.31904750607458143,-0.34199899928196165,3.0854026383370114
-0.46935328673493215,0.74920168224418582,1.1369559493586416
0.82044688271442334,-0.70548964976450868,0.69967873946479975
1.0385461713345334,-0.24990515686995596,2.9080038172895444
-0.66564930085322627,1.5531408336969741,5.0880070887278794
1.7270638407186687,0.49403216872180877,1.9273322049527131
0.057660599430838566,-0.52431635222330653,1.6488946797592023
1.8540339036645332,-0.048715635597989859,1.9533444543695477
1.2111799132132086,1.1135975005136629,2.1664841477605448
-0.29074601741654837,-0.59385604557756122,3.4926481495478785
1.9483730766830778,0.95080117359721106,0.70914712666435942
-1.5939984726369654,-1.4978124372623123,0.27452595767929955
1.4854789723412862,-0.6931471239635123,1.9907707778122405
-1.9176263250284054,-1.3016217100040541,0.079830322139927953
1.6040938384219747,0.35326151417070362,2.5804172394493814
0.39626338492866431,1.7839866299131661,6.3982038091861062
-0.30813945976336155,0.10009294404510394,1.4789586137728685
-1.5516089642460664,-0.20773826354129521,-2.2507806162039605
0.35883541384795148,1.7097826412147215,6.8911462430859158
1.9416866730185554,1.3980219571283437,0.40083575741733773
1.9999961381819062,1.0156679794345127,0.56766244735753169
1.3557021577686399,-1.2944015358089034,-0.36589514914056248
-1.5265856934469575,-1.4157194158511086,0.36125547134270225
1.0624734712163582,1.5584788373088041,2.9015594079874152
-1.409076275658508,0.23779112975680761,-3.0136245553200842
-1.9821225891970558,0.98152882745790082,-0.52444790880654946
-0.80523080994934926,1.7465775009173252,3.9208245041734
1.329733520091315,1.6272572552589097,1.6302432901681534
-1.9714878445867225,-0.76640749460017799,-0.41635138975827063
0.40528164263824928,-0.56354252468684063,0.26996879005867497
0.019776418216550073,0.40765688531567967,0.35934089369735622
1.282317208450324,-0.17104907315268236,3.4951942117610755
0.090654614037323,1.3297355255697192,7.0002891799506921
-0.51989175139769306,1.8612009178051792,5.319721615020244
-1.8138018941389313,-1.3333469268780016,0.14458187408690595
-1.7364370943561451,-0.71245223413740311,-0.59961047124701805
1.7622981158288922,0.57926406261575769,1.6671181928653387
-1.5983148141572809,-0.52496751651306917,-1.1646940707949778
-0.58491508552364091,-0.26402381610496661,2.2930613406822196
-0.21869293289117553,-1.6653671434331225,-4.8891385262566791
1.0414786133825236,0.16203060510975709,3.0294301486133661
1.8390672700191359,-0.23954841154952233,1.9172300879929585
0.44809843122621462,-1.9362582079215342,-4.9306115583525836
-0.92306383760325605,0.56289895753519614,-1.5245027728784655
0.87103625425993725,1.5940323388812119,3.9760384322447271
-1.6398976423111487,1.8027600423119474,0.38600142647911284
-0.61589995807393794,-1.4898272990591264,-1.3537129263152388
1.3480311308373851,-1.6670191775656058,-1.041310772195029
-1.2230272442749992,-0.89337314394094558,0.9690076819822091
0.32035056122546646,-0.69440722968934576,0.029615263666372148
0.81348468305714228,-0.75576855139470855,0.41982972823424347
-1.8798601771513264,-1.8542646389188628,0.080863797267709328
-0.5347314406956909,-1.9714110736577648,-2.5365659818800621
0.84665597166373407,1.8119205496273416,3.6571649427371913
1.5850517720248471,-0.64322968602392505,1.9787220890598878
-0.26164645564915379,-0.54042218340765169,3.3845057183190632
-1.1802137104073467,1.1026465044900791,0.11043160222579999
-1.7594271933828507,-1.7831525573639804,0.11671572723925985
0.13551509491297775,0.43451717189951644,0.13096796458883209
1.5279977483853457,-1.718260638377292,-0.5440231483262794
1.8683837402800227,0.21720880709199974,1.8031379217350834
-0.90460501518856562,0.3952197042491794,-1.6715545720260643
-0.3062512724408204,-0.64278708184419964,3.5009840417869889
0.21050598121580322,1.577419442581701,7.7298113488724622
-0.92974950329608363,-0.55673904780680616,1.5495149421590761
-0.40517880310061227,-0.48271787816840139,3.582644390861677
-1.4404459848644404,-1.7502009249038282,0.14283654565875537
-0.27732974209618577,-1.2237290048436604,-1.3465493625301876
-0.14606202567622595,-1.5412925148093757,-5.0287559903355845
0.067346865774847497,0.38367906142766239,0.249167750674196
0.66863112520010048,-1.7526350454677073,-4.7331987943269178
-0.50260530455938324,1.8600429150219693,5.4237463022578218
-1.7105619982776106,-0.89937128034649017,-0.17369530492170782
0.009946020257016297,-0.18512918042252924,1.3761636249882374
1.0161545202192324,-1.3309732621687844,-2.017983830923388
1.5299575783749488,-1.5628648518679564,-0.44714674860198766
-0.50287813662803749,1.75296041281648,5.9308848132526526
-0.069762771621735054,0.18387703969096636,0.838533115337602
1.922752694009406,-1.8890455657594476,-0.092459089971216699
-0.46625373333983888,-0.88238637109857354,2.9974174009784358
0.71435328690997002,0.70730899818221848,1.4485372231741112
-1.1130327064708809,0.47750096314029244,-2.4343215040519564
0.15005254290055836,0.22584776851368993,0.14515466362997576
1.6857785316713207,-1.1138270443221141,0.5431513028524283
-1.7720171157972437,-1.962969301671782,0.075433472968773452
1.5263212213616804,0.40717604080856429,2.70029420371915
0.4345300255691682,0.98092146157888038,2.8567428899429768
-0.53281109586583919,1.6879240074974589,5.9410164195788164
1.1985950650726216,-1.8039526918414621,-1.6028113234508683
1.9351743804498809,-1.7743032166181196,-0.074788273815600048
0.7893146970818874,-1.1374170497759037,-2.2426084845777434
1.62401471238213,1.5066340301732337,0.86656868210476767
0.49115211380793999,0.25550580063979211,0.24943390009020736
-1.5138254977462622,0.76141942901774895,-1.7051070701511286
-0.18126671611695411,1.5562326216073314,7.8565230847010312
1.9621310201206112,0.18864872190543513,1.4851552432479136
-1.8157014434231609,-1.3617695685672917,0.14833313516007218
-0.31686544674794903,1.1645690598938976,5.0545113256879377
-0.84644032571148209,-0.9342397841787955,2.4940791661396964
-0.24977206596204771,0.93709123043951914,2.9798585952348313
-0.3553618288702689,-1.2524597885499527,-1.0991292937870696
0.33726108711951008,-1.1254507616900327,-3.472099812790777
-1.7894848562256453,-0.48049360812418596,-1.159865861912637
-1.1793181273159825,1.3024612290890487,1.0280067769102723
-0.0317682331078879,-0.70030430963129042,1.8446860571905295
-1.7096116698367041,-1.6942817900474088,0.15277325766342284
1.3075400140537043,0.99847203367462622,1.980752878216669
-1.2481278868905852,-1.4591165200155891,0.46757330003420394
1.9910480674478888,-1.0563097022994632,0.44009032136704845
0.17368319790774356,0.18957185455398129,0.12786994933793455
0.63103307551314014,-0.96856566452103299,-1.6466383539735137
-1.4896812430388273,-1.3047370295293321,0.44930117739055175
-0.72909377114688279,0.57053827513807898,-0.54572770406368709
0.16460926995329839,-0.64877960435851412,0.82860968038145377
-0.84341620344877022,1.9366156880357499,3.0873778519464516
1.6107622576113187,-0.02183897683886582,2.910780140149094
0.98157541906751566,0.35213817900260302,2.538522279291719
-0.50005029891936581,0.64889238442619712,0.6364145597162445
-1.6574814700088578,1.1971519391206926,-0.31034659322185726
-1.5899910764463614,-0.50457805949481527,-1.2363875021297113
-0.10296054700510493,-1.8030880370553406,-5.4071653488603877
1.5907727146949515,-0.64634672506627222,1.9578462460789623
0.70060341175011942,1.517928850099437,5.0481878068275563
0.90035062299851276,-1.3803461223316953,-2.9406329683425065
-0.70853398900225018,1.3250624823583284,4.0190674212380051
-1.1135175724988742,-0.68228555353162679,0.92674307775582909
-0.91411288315449091,-0.00092665989893681022,-1.0936433473542027
-1.2185139883633878,0.63311195638354567,-2.2016257813613729
0.60484543236056298,-1.2695533152114173,-4.1285821049328266
-1.9553818497702504,-0.55758078785433307,-0.77042134979863441
0.99361794426364991,-0.035454009942591735,2.9046949921867493
-1.4109403341453075,-0.040032979699968552,-2.7790014250411885
0.65248248400379927,0.38493247596666613,0.89334220444994938
-0.76873345099543933,0.25036788143416855,-0.76644138975678111
-0.020903756616882596,0.32236142622815134,0.49759885643681329
1.8936426398049755,1.945739015901045,0.21566959354341625
1.727891495626575,0.89844007005184956,1.2185331206315919
-0.14550555494236694,-1.0450815041477384,-0.21685594360700658
-1.2561333974599567,-1.4021915640052538,0.5710514711012441
-0.58834608636076235,0.71280920048227436,0.53277528243428973
0.44038652213798102,0.92398650203797139,2.3541401504119963
0.28961953023959541,0.8180024531696386,1.5851690574936359
-1.2048626342844813,-0.5148864089665397,-0.3202993213287807
-1.7678537418198241,1.8253940665897943,0.2305726696519628
1.9836746074761127,1.5315988485916225,0.29655353611833046
-0.5372193906048035,1.3869187746000207,5.5437541108695303
1.1013017578794622,0.8065095120848027,2.2584086432774968
-1.2132057653194841,-0.14153511914762085,-2.1693934479392487
0.89330414931165691,-1.5989421639708155,-3.4532783168861148
-0.70520494355661079,-0.080385764460440212,0.70672859571061664
1.7615115290410999,-0.8026960316731333,1.2023944986496722
0.2828418469646139,-1.5335506143127826,-6.4183865917887069
-0.52627048273065902,0.28579347205481298,0.49906344454773777
-1.3173790125555611,0.90652741138405357,-1.1509824020296411
0.61051174445178491,1.400239092791816,5.3192538686256308
1.2311993611832688,1.8757408771424662,1.617295820268599
1.2674797269220375,0.50160687454809727,2.8329673096555634
1.9004323424833651,-0.7505148218689961,1.0220198940693508
1.800046545980063,0.056769293787775066,2.1604502762081044
1.1743056775513385,-1.5621100592731925,-1.7209914212222281
1.6151934988775247,0.53011467276956248,2.1936560595204364
1.0749757084947751,1.6608273977066434,2.7272576226146263
-0.37169108345926638,0.50952289710249099,0.71542210785344962
1.5940140545456387,-0.19832220935526568,2.8700764393566955
-1.6274550389870082,0.63724983246050382,-1.8782796001882034
-1.1362290733316085,1.8501212270084455,1.8235080439630271
-0.14032307973933755,-1.0474010829079572,-0.28035821233739627
1.9179859414966951,-1.3580192007795322,0.13817136591156881
-0.036336870016525413,-0.16405946964530416,1.5406319320000623
-0.82917897736905433,-1.3219909355992956,0.60327381214964027
-0.077584138220749166,0.078227162121042859,1.089934258140435
0.74220671428284613,-0.010927881966013686,1.5281880916981607
0.29672360335503978,-1.892498618533577,-5.5847427176155877
-0.35098101781947588,-0.89024671050562287,2.5537613485782495
-1.7973246331942074,0.30996995617391132,-1.9488496860292714
-0.67005001284218113,0.60665142335140754,-0.17672000945222052
-1.4695301046004177,-0.74600310372276724,-0.23142405411274614
-0.69253573623938269,1.2598541823881781,3.7428476820261745
-1.5876830073275314,0.97451269455706013,-0.93125008044796709
-0.12605054200000376,-1.8815349996622015,-5.0092306713042305
0.43956427749639904,1.6812386831722148,6.5531595330887198
1.2873720917703091,0.7180717171359694,2.3545363154649332
0.8530142806419212,1.8060768225796346,3.6395654286909958
-0.15710800270960279,-1.7641319041961225,-5.2286818318191326
-0.27958218789771561,1.4678847779942386,7.3309016659398845
-0.02480660018529024,1.1317405807412824,5.1661591908453062
-0.05909409092663509,-1.1051872870361603,-1.5339554845932302
-1.9191634597696154,1.0722426181986533,-0.45605999023821381
0.64014446412476023,0.6377248232963395,1.0623348733772746
-1.8589120560017349,1.1365489352732334,-0.39622241881951453
0.26216822384504468,-0.033501746409647204,0.21049112868658454
-0.30490959448753086,-1.6188499587219871,-4.1902620833961528
0.91244841269570509,1.5006613236932238,3.7450440591178147
-1.8081132354575944,0.39917418808004612,-1.8174520319298477
0.065000569779968931,-0.68496491879035593,1.279358090250976
-0.44339912247084512,0.80033971207853138,1.500185960083708
1.2948920549776051,1.0771093582075033,1.9704604263414438
0.48122253667508641,1.1715664992127293,4.464631806577537
-0.12371728759705469,-0.57897844930395048,2.7167715223638931
0.7309199660517427,0.79544360179853113,1.7481318652648421
1.8369505715379293,1.5411073419123356,0.46265067274026889
-0.41896016450473628,0.30553479583261156,0.80382054276125148
0.021571686582726013,0.75955796436732603,1.4589457193284294
-0.80280180985802407,-0.62585717763128113,2.6261557368060715
-0.14345426654080362,1.4550677173544755,7.7113167711786925
-1.7569491980361935,-1.2020799456787494,0.13897557933685192
-1.1278469574208576,-0.16710839340695882,-1.712199230811803
1.122284048052407,1.1472300181690689,2.4164458772339672
-0.74661365575144933,-1.8409144888867033,-1.5636818538364701
-1.5403688694048729,-0.82939397772542622,-0.12417111953397184
-1.9228340791355385,-0.15452649895424653,-1.4558003088437357
1.4362111584086232,-0.49066463982018749,2.6997813893587472
-0.73812150031093804,1.0633356464591124,2.0424612176099766
-0.73185664607662915,-1.2731683092598436,0.6711783393345141
1.8817437738423539,0.38699543621001364,1.5807787895041432
1.639405725595644,1.7704741493914122,0.63587542080261605
-0.4967853257280026,0.28169152600133884,0.62184616907568013
-0.1995050773013245,-0.5363838087231092,3.1243735792396476
0.51580345497859348,-0.47900460469939743,0.4382093415660494
1.8144617817807021,1.3269589651419076,0.62169379835318794
0.83312565513308412,-0.7790451020676108,0.37291521052189364
1.7068166723880007,1.8631060007554487,0.45703700781229512
-0.077028873706536327,-0.046459702457523511,1.3999291343018279
-0.71814996374973683,0.25197066353676956,-0.45089180336995799
0.046286340338359544,-0.3344006624060909,1.5295630768954673
-1.0674134014345751,0.44351746215597032,-2.3525558894495102
0.64349130290331225,-1.6053209022884869,-5.1129975665503347
0.75639168956685454,1.1320963980659537,3.3507129060201422
-1.3160061232943905,-0.87538830674245149,0.58286101356237607
0.69086896820740895,-1.8581966703059751,-4.2288886682419733
0.91529398192241462,0.91728057954295572,2.2967344236787595
0.63906721887402052,-1.1863238360944424,-3.3612190540543354
-1.9532087135060276,1.6712325040342484,0.072879879464056968
1.8103212751760855,0.72060601673791336,1.297957859381287
-0.47670046032387026,1.547919192880836,6.423878476798615
-1.7229282821910243,0.57440854272560671,-1.7852372853659371
-1.1019541531390327,-1.819137183519757,-0.28304021666455564
-1.7703771956990915,-1.8324772782021881,0.10303349280398996
-0.85658032621442626,-0.99483768812824569,2.2884119032921424
-1.8047236557579869,0.96744540041189619,-0.75464792742554188
-0.70595552262522476,0.57987687812347177,-0.41095308724315693
-1.4649392853887067,1.2379733110852364,-0.029383409953530379
1.0754381949181635,0.41186849249244162,2.759512752824258
1.2711841126608348,-0.30854441399562393,3.2721455391182221
-1.3196652780096101,-0.7294079558923845,0.14576542079271262
-0.72635009430160724,1.9410715868825528,3.717673355762233
0.55839590623581392,0.4686818122599723,0.52580655053390357
1.2276530097658624,0.90373635613522518,2.1609480942808803
-1.6670373744855158,-0.26979703794203269,-1.9043666893934741
-0.82057688008451435,-1.5638038073800198,-0.64391346371275093
-0.38117442992557526,1.1874107681639403,5.0138374685678944
1.1471416833861934,-1.5330352835525172,-1.8254159146609541
1.9157631666467196,0.78686222911731063,0.95570183099915551
1.5526853426664413,1.0861111120036386,1.3647563548597947
-0.45481635422039957,0.61040205369300526,0.67265016222076512
-0.5686401977731006,-1.4513798528399797,-1.4084185782659899
-0.24751838939298354,0.08230704416701462,1.4939682637145921
-1.0199587284897116,-0.7943411401925593,1.762835142601229
-0.30575208923017971,-1.8975773985377296,-4.033849881838365
-1.7018235175780447,-0.016921106693587262,-2.2770672127926153
-1.7451153701141997,-0.78317160184770174,-0.43268849961812089
1.1079738542625748,-1.3928186453407587,-1.7194785545276674
-0.3137272087236227,1.2015800704818727,5.4136811406859016
-1.9863203722891525,0.85848707214094766,-0.6894032599569162
-0.49004568555796801,0.51330595507272436,0.42945198208295787
0.43385973444423076,1.6179086973381507,6.696563142348106
0.37667170536319805,0.51399513463037794,0.15690477138663231
1.3957364689522409,0.58120355496871001,2.5531334807460779
-1.0057757383440582,0.15310347528593704,-2.0636560076337278
-1.711657241999726,-1.2521762588654413,0.20069109966674295
-0.21267148005882874,0.3165693777950489,0.89489221997727164
1.8955634676067552,1.0560064020131796,0.69955466221188367
-0.79723124513951271,-1.7188757253748548,-1.1920166351922366
1.4734953509670676,-0.96721819892802841,0.99727621716924653
-0.50819695844057833,1.9120298946662655,5.0886736481320867
0.60884723227769255,-0.47323067761706028,0.66251020360405244
-1.5019856410736767,-0.70670229444591492,-0.42738400076741129
1.009211736228933,0.97879416011396003,2.3868772135627156
-1.259468703989961,-0.99683063005945893,0.95061315504295663
0.23299890389912203,-1.8417390323401466,-5.9422604319701007
-0.56294577206825114,-1.3735661543379831,-0.86978415103940354
-1.6717258340450152,-0.80479276665078348,-0.3464077548010896
0.68711620703149068,-1.6637639343421506,-4.8017144584465719
-0.75756894209795145,0.25515097097295092,-0.70367371273647128
0.82149491676457487,0.83984451438926166,2.0278332073542193
-0.70052897097603917,-1.5691299974752275,-1.2552019781096206
1.7862041739930219,0.0083020611958284363,2.2254325490568201
-1.1079553709300649,-0.015154869843762242,-2.1837091776080717
0.088069806991377231,-1.3036801228386772,-4.6210330359349667
-1.3540067475158239,-1.1085092350672321,0.72281032030076653
1.6407863612072271,-1.76832205159024,-0.34587756022791694
1.854828568072048,1.0089843058438612,0.81833387734809249
1.4104282420666152,1.7255951345834712,1.2412580560698134
0.47454784103189951,0.13817259299804441,0.23791049459891697
0.99252454253416245,-0.021469120612849002,2.9020631771104615
1.1315454208179476,-0.66246797431053261,1.9726798585153831
0.29242705088598742,1.7716294697397963,6.9287437248168517
0.22847371042890385,-0.65960696377301886,0.48734690070543918
-1.1599210974383369,-1.8245280258967136,-0.17553650291425515
0.7961402643789679,0.29500963646767975,1.69086321053983
0.29220960364118964,0.79354468107946552,1.3972480875514333
-1.526835802641477,-0.87896133888567785,0.021883591300513858
1.5581213674148349,0.87593994125787988,1.6354369335288532
-1.7141873162673911,-0.97229933163776239,-0.052957913516384139
-1.6523026756974186,-0.4695337680526932,-1.3347790185154191
0.37975630450976183,-0.26595206907981228,0.35503086971775544
0.93154937056362996,-0.87278602983668252,0.22871742612344365
0.29189015883328651,0.60528511365519533,0.36535482648415296
0.45762546729425857,-0.48113916661363754,0.37706646218227657
-0.53644464235857225,0.59285655910437329,0.36885735510903717
0.24215645207050063,-0.28883607898985786,0.59990154239215276
-1.0726391413409613,-1.1110386582779492,1.4338612389370875
-1.5150021563443663,1.8585215059399074,0.5975695582090923
1.4492704336876008,-0.77127085353742375,1.7453768739521198
-0.23981830151403982,0.21202241770112806,1.1355227279503981
1.2306314713460362,1.8306016164832406,1.709082529230566
-1.6807789748125013,-1.4252417422502723,0.23894544062746892
-1.4070571383383479,-1.7666375745092044,0.12029464055193292
-1.8726670695558674,-1.7153827566055382,0.10402618965200866
0.10797155626611676,1.3435035324440667,7.07648092615021
1.8339699636331659,0.043476185615197505,2.0287023579279606
1.0124412978844197,-1.3479490873777726,-2.1085238353779379
0.63465917089757218,0.9146626638777442,2.2232439650283395
-0.28857956565660348,1.6290136433297886,7.4420069503398159
-0.48598379800734159,-1.983226950811646,-2.7621121495124878
-0.67102422160839126,-0.45141729679229048,2.7375544470608371
-0.72219067041993901,1.734624137554595,4.5197483685117117
1.7843870508904076,1.9561728677903316,0.3064836475572954
1.5438041386333885,-1.1478613566399085,0.42028316150306011
1.6161260975159704,1.0548805210345766,1.2564338624776519
-0.59777276320172268,0.58383810044869833,0.10398718227678908
0.45134301451969838,-0.01176986476030728,0.25051526590958761
0.40021180101634224,1.7291166025712585,6.6148491907660283
-1.733663662468178,-1.795494093666933,0.11815846527614554
-1.7597345429445421,-1.6029600529637289,0.16089664159045214
0.10759376894783568,1.4732111127851031,7.8005326954869867
1.7611995025605043,0.58069083308933234,1.6678256882036107
0.60735968133714069,1.2575741679503571,4.6159759645407927
-1.8472624762750993,-1.4194770484892134,0.13656591593280717
0.96420417366053801,-1.7614238035452996,-2.8815520367502452
1.6744158739347732,-1.9515952863692851,-0.28838759607349285
-0.078452415044958146,-1.61962068791295,-5.6755170915086204
0.80741930255336136,0.95536916227784197,2.4240706602384914
-1.7623692430721007,1.2705078508570811,-0.19261351532820956
0.94654552319209273,-1.5672169749887033,-3.0775695306654494
0.61383348615273237,0.96310443591675199,2.5397081448041514
-0.085382156208916093,0.62975137387081981,0.92048330578356297
1.086592633991462,-0.088752334410223233,3.2452044022013151
-0.61469844503863302,0.37350920498480145,-0.045646408795194132
1.2484950980328198,0.7365891450381894,2.3404767268195412
0.19335327407230407,0.076220594971033062,0.20963236013590042
-0.10940063803732558,0.20904111016846016,0.89976908005897571
-0.20630902379969918,-0.24582928990612629,2.4866427875783654
-0.72548741248544846,1.5512659664154476,4.6374824768541076
1.2288332139208427,-0.51851025973322895,2.6802594100673387
0.26929870512437359,1.3988782473769721,6.9898349874702221
-1.9890284408633654,0.51120615277671044,-1.1399515384763539
1.7724105670840058,-1.5985949514216848,-0.1213570510638468
-0.90187599473895563,1.0440748119562504,0.98743640405781208
-1.4497712009563404,1.4786124486534025,0.56597710480237684
-0.61225893575446855,-1.4631933386302443,-1.2138557735897935
-1.511307652576708,-1.5023310922556776,0.31889668396153614
1.6612434244961847,-1.876588292513059,-0.31735470065332516
1.3359660282959922,-0.9691969661620603,0.88415844204080662
0.41874964454814867,1.2617129354486893,5.4395969356086171
-1.3299114723734973,-0.63399382205132349,-0.26797598933145406
-0.87985066519586708,-0.50537695969479279,1.6509740965095347
-0.030502664635793986,0.31229451572941036,0.53256284431490575
-0.23842941864753819,0.41991640420853615,0.79611877870944048
1.8828905312619311,-0.87387082655126291,0.84491442861469535
0.0336378254206946,0.68769075007217939,1.0065299934139182
-1.3345266240867137,-1.4337252404785674,0.48240498277742755
-1.2459805872156671,0.16842350382911775,-2.9547117052570182
0.80795586211917447,-1.4646600858434922,-3.8391086196944175
-0.3759048011348971,1.2910932482667499,5.9008971212892947
0.53384251545759653,0.99467244903272833,2.8466465891955965
-1.0404517180408659,-1.2123169890945915,1.2124084076016324
0.59587684754020831,1.2510934115294026,4.6244586343199172
1.1868813956973141,-1.0411688986407939,0.19914282220064816
0.7745552958168993,1.3329489927677707,4.1929623625219241
1.7107664264085187,0.76829773549085134,1.4678109469676457
-0.88717105752240233,-0.89650366754394684,2.4227670173062501
-1.9150703062344654,1.7889178335864386,0.115969971583099
-0.99750432497542119,1.9026475252266124,2.382327785714462
1.3326102704470313,-0.53280646694389677,2.6665927028507954
0.9258338063869318,-0.49928705704038312,1.9087155476427702
1.0135952394991046,-0.79597768189982898,0.98318903276185154
-1.0319321994565451,-0.42360465228207733,0.17402440921491846
-0.87172628258225604,-0.60631065686231422,2.1369286756821424
-1.656667887210451,-0.31535310621109125,-1.7992917915164002
1.3438924741606839,-1.5487370629728803,-0.96478944365391694
-1.2419171217242493,1.5056910037402909,1.31899225721239
0.39054159602308802,-1.4586381271176356,-6.0022736845013753
-1.7773138634103034,-0.56817854767987619,-0.95183258379548585
-1.2356181153557841,-0.94164602862290803,0.98631125903411987
0.67144731774991584,0.3265581885765596,1.0029316272289373
-1.4271305836246433,-0.60131313602528325,-0.68017439643820565
1.0720441337264934,-1.9740666656278434,-1.8614083578041321
0.31687233946006144,-1.3294895585943043,-5.3376223938130787
-1.4328834015967766,-1.4893776207453917,0.36935640147894933
0.69201879684574363,1.9853607739196995,3.7329007265297021
-0.052509535857075296,-1.2817545009157514,-3.6181284236717928
1.6806433199560065,1.0134225680917162,1.1655977876720207
-0.83469062652830361,-1.4312575860189889,0.011208132857551824
1.3560368704447754,-1.2356467118188128,-0.17041912685988445
0.42256275339790106,0.084965983033685966,0.13889973002229766
-1.7952650432183253,0.81646098296955749,-1.0923029604271643
-0.039038932265100801,1.2218685762919903,6.1213273135621469
-0.29370972881628976,0.11822351800869058,1.421896700438571
-1.9706447635166959,0.18811276079406003,-1.4344677308999638
0.36347146709763711,-0.29516514070615663,0.38430122288566637
-1.4950772663585843,0.9219697247574179,-1.1483655899102934
-1.0865897224189127,0.50208418156258405,-2.3038955042808751
-0.44183353823515925,0.88291849045453041,2.0683552707320922
0.49912699952973671,0.936402566964881,2.4137838118018231
1.7989763874035196,1.8838478240910366,0.32995659477830303
1.0875201341646386,0.10604090474559547,3.2363226097564097
0.61222453449792447,-1.4130796934610248,-4.9004349421407349
0.7179015613534232,1.8826743847242864,4.1190373698074954
0.75649639341417796,-1.052620174390688,-1.7879771355756982
1.2720519377781963,1.4823729773415786,1.9737893756563227
1.5703788834527206,0.31908071468173205,2.7460052717809234
0.42781939387873225,0.50781584005611258,0.22124482633479275
1.4758902095368582,-0.29094912636099246,3.081570387657695
1.9079943763447651,-1.9122010813619075,-0.10051762550303099
1.8744127518775442,1.663362877214734,0.35487481844005253
-0.18855913815744252,-1.3962831341230815,-3.7763049770705415
-1.9276336762901678,0.2895141701688777,-1.5272628079781876
-1.9307315205670199,-1.0508850978677229,-0.073398183910544645
1.5021025913821244,1.0151929641136275,1.5583179220533108
0.99669309390884964,-1.6077756435948685,-2.7793321830106592
0.085997233162097508,-1.3599796499119405,-5.1210671743888785
1.9525646345346317,1.5346356117880213,0.32638204005034582
0.078975709122830917,-1.7033963559220755,-6.3016694859629752
-1.0614450928731913,0.86442712829994584,-0.79856967447630312
1.9934993698946504,-0.019885411223283134,1.4349238489028964
0.38912643627913512,1.0515623812776518,3.601965668752229
-1.8206027981952724,0.68388755077072005,-1.3126873165931296
-0.36700468910613782,1.8126673239664188,6.4001851078287846
1.4241996324109589,-1.4516191052784042,-0.55663604833788205
-1.1178217404378659,0.024035485481010088,-2.3379261707288332
-0.70295481194405696,1.9786275162818696,3.6589991880307675
-0.67743331306434662,0.82378104162524091,0.69322187962654191
0.045082418061080709,0.53883878914083549,0.44453267435832755
1.6573052217042759,-1.511656075335909,-0.17577613920847418
-1.8982215298389511,-0.54670127223720399,-0.8662386707968297
-0.643060064018941,1.2316900692070818,3.8853463496903395
-0.92171876209901793,0.068481599343135802,-1.3652732660637379
1.3218753958811393,-0.24481302970502994,3.3842308711182061
1.6629336864372641,-0.47107949778522018,2.2019669823861832
-1.5078041554245054,0.87948418014176744,-1.2972282994198385
1.5976639088001821,-1.5228991287295517,-0.27609324740048546
1.2067729979764628,-1.3186698681788889,-0.98562737572524406
1.6771913462289705,1.3481897626185622,0.86176521026471931
0.31944340743198429,-1.3377418148461095,-5.3993077991267207
0.74564368195907127,1.8519450336609165,4.0962688341320508
-0.18659336956539296,0.0035950915990827781,1.6156524843327142
0.94067047327068032,0.45778827021818058,2.2179919673353155
1.9698247549168211,0.94563290731385541,0.67719960609745411
0.42956198839924831,-1.6918394382426123,-6.0878577396787321
-1.0705926754802144,0.78870016926800002,-1.2190535468233479
1.6566740660433505,-1.0828578834155347,0.62503481598015509
1.1118231130241143,0.60493711184655607,2.4823762028263112
-1.0841623434869758,0.30913915928557234,-2.5350292870610911
-0.22033546256347614,0.5251513371010752,0.80800365634341398
1.4183199057900246,-0.96456241994608116,0.9848925244282849
-1.3027363731507515,1.4376554764042919,0.94113753840896675
1.1226863833100991,-0.39360717391272848,2.8738412196532002
1.4482421207325076,-0.69237201796116543,2.0347568072222555
-1.4855728572322784,-1.6424852491849029,0.22502404731159362
-0.37651654555683911,1.5037772202376698,6.9600281557069463
0.69997496656845026,0.44730127024958755,1.1130046760317309
-1.3054233608847161,0.11358545885936344,-2.9867768255632123
1.9186617102637582,0.66391754869103092,1.1076800848989237
-1.5047510671781674,-1.8844585310586697,0.085979999252885617
0.77696227806643892,0.040825633001468908,1.7255808594553095
-1.1403636531049575,0.77203997837798211,-1.4899105362617271
-1.9322937340553623,0.81941364364365166,-0.83777107508413295
0.39889117157294551,-1.5205509382039226,-6.1805770043147952
-1.7730674613601238,1.3636079693976644,-0.058743503381650866
1.4646463181358689,-0.15120112300400024,3.295326699598927
-0.60566169967870409,-0.26558877318149343,2.1983179718514672
-0.5253845326636799,0.41951857319543562,0.31147661099666157
0.45065826011495425,-1.7268104832291427,-5.9192348953371994
-0.087575225422995562,1.2730081070280752,6.5863650869746069
-0.75284499404760941,-0.88326352619035031,2.8990366233716198
-1.4429848911175702,-1.6696210596032752,0.20435982714712586
-1.8271438450095761,1.4315649924589526,-0.0066462917683857911
1.4613299033197107,-0.92548716753457749,1.1534219595099511
1.1723875142769282,1.3274838061804819,2.3877044450263814
-1.2327345444863049,-1.8372230403717398,-0.075687805341864228
1.9534879707936836,0.99559521197336176,0.65812191004092169
0.92211979476190775,-0.044022474276029344,2.5521365811763186
1.8691004345890811,1.4926578510808177,0.44434762446785636
0.85576123657769365,1.1979690154627987,3.3434753378089845
1.6898361635430059,-0.61086932649167824,1.8141396186370518
1.5069520254360751,0.26433502560924804,3.0205654894058753
1.4549583011265184,-0.09672530187050099,3.3590681936795219
-0.77405206939161508,-0.071883346131266901,0.18804562553372012
0.81398086035677508,-0.25205652625770791,1.835591099870622
-1.3336233021202597,0.49584669474276577,-2.6795340571775452
-1.9939597027330687,-0.053318212463687509,-1.3264774852294079
-1.4077510767230064,1.7620946658763774,0.88309653128515853
-1.9219439065502892,0.087165106171795514,-1.6037479703186244
1.1139699329592081,0.99507223883396057,2.2921831916389936
1.2037036768743397,0.36167297300311674,3.1123924196809449
1.3685293391800855,-0.57754066393365799,2.5012176886874826
1.0140262613695699,-0.34882737032763433,2.6381864126723338
1.0153290548737486,0.69149558551154522,2.2114719134062621
0.18918923602408366,-0.29182544484218886,0.78397351294522033
0.15198057028026035,-1.6322243298869823,-6.4965974167493474
1.1528605739680033,1.3994038717256663,2.4902883986601707
0.14408260912785531,0.33561139532398876,0.092429406075662843
0.43651581262663441,-0.27776854738366308,0.38388288674189319
-0.71163654967361256,-0.13426151018101451,0.91103885286906139
-1.7471301826972843,-1.2037422344104951,0.14811866365544224
0.88942304548262552,-0.0059716705747971943,2.3800876632813734
-1.7289020602158389,1.1668843858549875,-0.38283843607636248
1.5072443558146502,0.74474300236580016,1.9885017859542133
-0.090860619895608341,-1.6343797381802063,-5.6306545054057908
0.74337226000166723,0.8691745973901055,2.0456278846264961
-0.60482716049008478,0.36613834952065316,0.011206295944211825
1.1039036339234567,-1.2866127739120286,-1.3480001430813042
0.55764984712439558,0.085262830168597592,0.55341466142942131
1.9333985716140467,0.089933123259676506,1.6338749806636308
1.5639425212945097,0.93836281721412229,1.524782514044521
0.031772449455977458,0.39580368588176951,0.33109817306857525
-0.44022297174530189,1.5930739238445195,6.6694390343888941
-0.70717744575041697,0.18788480464294732,-0.24318631823805154
0.12352096104531984,1.2116439019523826,5.8682845796305916
-1.9313352280646885,1.6775006782051807,0.085099367286096864
0.24136140069294454,-1.3031955782625879,-5.0752977613685317
-1.9353750518639372,-0.54179392106308888,-0.82543167974835996
-0.25062023521093879,0.14424552743670338,1.3204263655191131
-1.0567743306787327,0.046047261183804089,-2.1052935022737298
1.8420800195498748,1.2489796045448505,0.63035876824811177
1.018216723300752,0.50356470186942737,2.4292621289401368
-1.0323070702541219,-1.8073680942887336,-0.43954216350767539
1.1109177464023214,1.6982958938728507,2.4854715687127991
-0.32382541462895831,-0.31239489264910802,2.9864945182626927
1.3206997916260073,0.49542557884363614,2.8341171730873578
1.8805757753341807,0.68076864305289941,1.1799766300823527
-0.17176860169383912,1.4211502588195595,7.495720412327703
-0.57150943235277674,-0.65614121490623556,3.6583250608165878
1.8308778857932819,-0.99536098116165639,0.69566946025299647
0.57397628810143253,1.1100113642843832,3.6878147875711904
1.0129564626264913,1.8840091653378228,2.5309739419972836
-1.5636301939682,-0.13937015680319487,-2.408587037795427
0.72463812750999557,-1.9991386034780696,-3.396358415317176
0.50251976681436306,0.14066493606421115,0.32427859231464201
0.35375246682201311,1.6144285032343171,7.1218449573372959
-0.45962818922843862,-1.9979339322965697,-2.8535115939463571
1.8669471870390946,0.49164395669029348,1.4901066479059468
0.791112162013619,-0.10391191830413771,1.8003731866039068
0.38248391052627317,1.8471173401461898,6.1190512841226123
-0.65483506372027622,-1.8755249022602878,-2.0362574274562109
0.31363726667785574,-0.55544281092882386,0.44342674026153855
0.64938944877238924,-1.9610644236790857,-3.9497596000012374
0.067851025391768349,-1.912737714528024,-5.4454468390464266
-1.4467454544399139,1.7385184919922643,0.77688368268560992
1.0960818660366547,1.1324478462697005,2.4683350530363657
-0.090545795530384554,-0.095142625345659981,1.5866596649576432
-0.13489337931444867,-0.93013527824748743,0.93274565018210487
1.8461384476295688,-0.83704676984451187,0.97458220111530836
0.53303462799092127,-0.14407173169395571,0.53565252169312916
1.9530968760192211,-0.57384281138234616,1.1599343914286089
0.65726743146478972,0.60856794792486824,1.0601800639667696
-1.6037119851780479,-1.6785621487969511,0.18465152153729317
-0.74360171634412375,1.474481621812997,4.3632164608411754
-1.6189114307864056,-0.43301308121568405,-1.4757470082912518
1.6454101005320552,-0.14218056146718849,2.7368233227658032
1.3505590351418499,-1.6709728303681581,-1.0336876638349792
-0.65229105379895569,1.7974093509105207,4.7984652211022691
-1.3424544855695091,-0.30391143885053307,-1.8363483091141495
-0.73326652987167917,1.3234513182673537,3.833831071446161
-1.276706155645406,-0.76041020235502521,0.41787950137551444
0.70562909127267126,1.3013709091879186,4.4035438104962941
-0.98139926110752373,0.044944348788363619,-1.6768718978413495
0.87675405281663643,-1.2758431104300914,-2.6060229494381009
-1.9498792890238772,0.15331252678215268,-1.509539981833792
0.90760361465530703,-0.23859516775046141,2.3413744058564463
-1.449434135560181,-1.8678940877869683,0.076273997126715717
1.895902130289322,1.607705605314333,0.35598759286763304
1.4686476552414902,0.48616632242800684,2.6574192293424552
-0.66111345985944459,-1.0815798446331693,1.9371486534968752
-0.071576580485836816,-0.34312810360305601,2.182296916800329
0.54193293984985713,-0.98769465234904197,-2.0415088664517125
-0.28375660186218621,0.94625632864465548,3.008500228349261
-1.4947403031779678,0.62075419267125875,-2.1804454123021331
0.32152211873164216,-1.5314956088954037,-6.3722303838939727
1.4116098400489565,1.9018445541651041,1.0039044906216144
-1.979283737593502,0.72454446359289681,-0.89079001978516559
0.90970632727188372,1.4621669342388239,3.7373900008011294
0.92277490534422268,1.8080445241659202,3.2343263941876899
-0.46193698787198612,0.96613277963667832,2.6645870995878727
1.5805812624724944,-1.1071362186611537,0.55737454056641789
1.6609569156509179,-1.4343973242083283,-0.078808271149136105
-1.8572225127710471,0.13751476192362011,-1.8247264693311955
1.2224697657121641,-0.15832424639594977,3.4765012735665062
1.910228989472142,-0.78619457962085448,0.94348481151900965
-1.4223248848359222,-0.9737673034686638,0.44122822055445576
-0.74344686394978443,-0.19856178212600306,1.0080467938252571
-1.8378040920521905,-1.9735009698944812,0.067799134600638647
-1.2053950656429206,0.8289798584205279,-1.3565578604104267
1.051834755763295,-0.59285206871507046,2.0471282313772194
1.7362244096382615,-1.6970097074523567,-0.2040446112096953
-1.0178756548379209,-1.885130237292993,-0.53341752264422526
1.4213787876139898,1.8673267492479164,1.0261457030961911
-0.63564119161499888,0.86944519065689363,1.1765359661042518
-0.82585244659788049,-0.14478631277541321,0.14547128690644651
1.3582402546879466,-0.057533424556458268,3.5431084262659569
1.5407429776796882,0.61008270154725563,2.2095850710399825
0.03800876474230952,-0.037676693457184607,0.90954365881184784
-0.37730047434246727,0.28251972335270636,0.93253621792850783
-0.43417695073530127,1.3068918890995795,5.7108694315196189
-0.16250219473322502,-0.026274780877571624,1.6392865113520969
1.8098318015401254,-1.2255580898053888,0.30643932399198276
-0.87269119619414637,1.8948533679871331,3.0752729122843139
-0.082150834042513887,1.4697167005404133,7.8642030680539321
1.0638377702388326,-1.5771922550181647,-2.3475934344060057
0.77041377488068408,-0.63169554691491125,0.81740912935926313
1.1815441604389725,-0.97981478130212185,0.5069164240397932
-1.9325033038850801,-0.56046291291955441,-0.79538965371004833
-1.4556660524535223,0.96268822657138031,-0.99635223861545019
0.99049323934911593,-1.0382125287043238,-0.55397197490732808
-1.3443456521240613,-1.7009299856709716,0.14820078729343444
0.47853474631455883,1.2937319032518242,5.4230005176676599
0.22289487091604876,-1.4617556552161921,-6.1495629217943319
0.8741022287500817,-1.1675504699501555,-1.9789067614074116
1.2920627696024889,-0.7855857071088419,1.6702996669876704
0.36157973258945209,1.6035557206616708,7.0909299427145864
0.27220227276456788,-1.0445555014134524,-2.5345374002445986
-1.8084641726433741,0.33392600713699627,-1.8887798524037593
0.94037210161936402,1.0051530893665404,2.5077977902830062
1.7671078484638127,-0.66521265742242464,1.4937353564450591
0.64671270656670199,0.2486643663908974,0.91017003708952948
1.0842980727178571,-0.23214825701586417,3.0911447149309348
-1.4586794601436939,-0.58081038486205405,-0.82721182288133499
0.13011319048442083,1.9653397605900653,6.0517139602105789
-0.69326434485702015,-0.28133118237973398,1.7715984803531328
0.48192147092236981,-1.863280822076774,-5.2245154181620794
1.0640683537878877,1.6730714112159752,2.7657803502412057
-1.111353826261293,0.094463828722065379,-2.4680007546033886
0.92149558998144876,1.5190468462658564,3.6968239723297827
-1.6204164107548815,-0.46024495180452329,-1.3834934543166115
-0.26336927695548651,-0.20974700905374188,2.5105979691804583
-1.753419149832093,0.3487297116941046,-2.0572750441184642
1.0354335426601353,0.16255197529417842,3.0058418927097161
0.078093558206449476,0.22092847464854559,0.3331237068605431
-0.35000436915909039,1.4722804935314531,7.0175534695150983
-1.3512836446590739,1.3832090829400623,0.64700014841832487
1.4052031492109243,-0.29700063829738355,3.2072137466341619
-1.4646026482699179,-1.6099765701154767,0.252632262940995
-0.69515582398264053,-1.172993294648264,1.3169409455404879
-1.7578706403131665,-0.02919826396049352,-2.092475762903403
0.62442395347976287,-0.34558856048515074,0.84851400095455376
0.70693252869416146,0.79896082221315012,1.7187801692640241
-1.1925221949285953,-0.62160931966225275,0.255468301607503
1.7476479139671035,-0.056891425828452302,2.3770305735274957
-1.977540383784778,-1.2104696592310831,0.020221549943659597
1.982474141664039,1.4602064165814945,0.32694027869406472
1.4309687711327692,-0.27685384302025273,3.1997475231013053
-1.4678569575891145,-0.64199193046735847,-0.60042594938065319
0.36102256913773711,1.5317055746435551,7.061019409437721
-1.8526257035489546,-1.7049196543663778,0.11099002782612868
-1.2227727003013378,-1.2446255526998318,0.88590372709022736
-1.8752643413345857,0.61754414164313509,-1.2952829438524549
-1.0922293388952067,0.22176095806302598,-2.5495819632763443
1.0040620435807139,1.9736657056848372,2.2824088606865529
-1.6490458665892853,-1.3677325834604477,0.27078846819085828
-1.5234546279278227,-1.7586541892562018,0.14998828457359953
-1.0244084763362569,-0.39132991084592783,0.044566650406362929
-1.557400933675303,0.0074587949080471283,-2.6804052681380437
0.61665281593987054,1.7901063484656623,5.1298630297626033
0.44428873038022676,0.47321808118115039,0.20182017125581686
1.5699259605472502,-1.0949005640679488,0.59019237117725587
0.70726062315184901,1.6686113512100018,4.9241071937211851
-1.2343400220920231,1.4116091762392631,1.1465926107734359
-0.73684088825921035,1.6754185207246772,4.5284226841187873
-0.36510908991721536,1.3050660434547448,6.0559909229235664
0.68586862751685596,1.809540058621923,4.6295872470008144
-1.0796172999170663,0.24554879286677478,-2.511562161262773
-1.5145890784703055,0.97514045524022475,-0.95255585929323372
0.63360767664955908,0.090480661829272613,0.90661305377575352
-1.0907447343142653,0.0046466749567275478,-2.1611772173606982
-0.42888573362861671,-1.3398482016360078,-1.4571968386050089
-1.7415480661945555,-1.8751107997058138,0.096841593762305195
1.2639139168610574,-1.9874691240270914,-1.1237562507356749
0.39965788268754565,-1.8407855037144345,-5.6336869855289464
-0.11009602813038866,-0.26910821674996543,2.1774714893237639
0.99590056680691674,0.10874441042705785,2.8843722235731932
-1.5357336101349395,-1.0011317515175837,0.2326700927522477
-1.0208108826775506,-1.9476719594902074,-0.54165787014382971
-0.75493199709432912,0.31145116619229674,-0.76747389263923949
